case,seed,config,oracle_kind,epsilon,steps,gap,core_proxy_work,costed_proxy_work
balanced_independent,0,g3_zero,g3,,0,28.767916123777322,19696,19696
balanced_independent,0,g3_zero,g3,,120,2.390371552099502,168344,168344
balanced_independent,0,g3_zero,g3,,240,0.1759237698563294,316992,316992
balanced_independent,0,g3_zero,g3,,360,0.030533905380639048,465640,465640
balanced_independent,0,g3_zero,g3,,480,0.0007312026409276307,614288,614288
balanced_independent,0,g3_zero,g3,,600,0.00014309614521756941,762936,762936
balanced_independent,0,g3_zero,g3,,720,1.0052526863812972e-05,911584,911584
balanced_independent,0,g3_zero,g3,,840,6.201451925313961e-07,1060232,1060232
balanced_independent,0,g3_zero,g3,,960,1.7525058293443863e-08,1208880,1208880
balanced_independent,0,g3_zero,g3,,1080,5.27774712821838e-10,1357528,1357528
balanced_independent,0,g3_zero,g3,,1200,3.240785417801817e-11,1506176,1506176
balanced_independent,0,g3_zero,g3,,1320,2.433608869978343e-12,1654824,1654824
balanced_independent,0,g3_zero,g3,,1440,5.679900993982301e-13,1803472,1803472
balanced_independent,0,g3_zero,g3,,1560,1.2745360322696797e-13,1952120,1952120
balanced_independent,0,g3_zero,g3,,1680,6.661338147750939e-15,2100768,2100768
balanced_independent,0,g3_zero,g3,,1800,2.220446049250313e-15,2249416,2249416
balanced_independent,0,g3_zero,g3,,1920,8.881784197001252e-16,2398064,2398064
balanced_independent,0,g3_zero,g3,,2040,8.881784197001252e-16,2546712,2546712
balanced_independent,0,g3_zero,g3,,2160,8.881784197001252e-16,2695360,2695360
balanced_independent,0,g3_zero,g3,,2280,8.881784197001252e-16,2844008,2844008
balanced_independent,0,g3_zero,g3,,2400,1.3322676295501878e-15,2992656,2992656
balanced_independent,1,g3_zero,g3,,0,24.162466066812307,19696,19696
balanced_independent,1,g3_zero,g3,,120,0.3925561920452969,168344,168344
balanced_independent,1,g3_zero,g3,,240,0.022986235553164036,316992,316992
balanced_independent,1,g3_zero,g3,,360,0.000543257760532434,465640,465640
balanced_independent,1,g3_zero,g3,,480,1.2158729796318823e-05,614288,614288
balanced_independent,1,g3_zero,g3,,600,6.764458264640894e-07,762936,762936
balanced_independent,1,g3_zero,g3,,720,2.5041170381712163e-07,911584,911584
balanced_independent,1,g3_zero,g3,,840,1.5783508544586766e-07,1060232,1060232
balanced_independent,1,g3_zero,g3,,960,1.0893694391000963e-08,1208880,1208880
balanced_independent,1,g3_zero,g3,,1080,3.7894931637083573e-10,1357528,1357528
balanced_independent,1,g3_zero,g3,,1200,6.313216616149475e-11,1506176,1506176
balanced_independent,1,g3_zero,g3,,1320,5.170086581074429e-12,1654824,1654824
balanced_independent,1,g3_zero,g3,,1440,1.567634910770721e-13,1803472,1803472
balanced_independent,1,g3_zero,g3,,1560,1.021405182655144e-14,1952120,1952120
balanced_independent,1,g3_zero,g3,,1680,0.0,2100768,2100768
balanced_independent,1,g3_zero,g3,,1800,0.0,2249416,2249416
balanced_independent,1,g3_zero,g3,,1920,0.0,2398064,2398064
balanced_independent,1,g3_zero,g3,,2040,0.0,2546712,2546712
balanced_independent,1,g3_zero,g3,,2160,0.0,2695360,2695360
balanced_independent,1,g3_zero,g3,,2280,0.0,2844008,2844008
balanced_independent,1,g3_zero,g3,,2400,0.0,2992656,2992656
balanced_independent,2,g3_zero,g3,,0,31.76498611637578,19696,19696
balanced_independent,2,g3_zero,g3,,120,2.126959596826442,168344,168344
balanced_independent,2,g3_zero,g3,,240,0.37567050801248136,316992,316992
balanced_independent,2,g3_zero,g3,,360,0.006176745657648475,465640,465640
balanced_independent,2,g3_zero,g3,,480,0.0011979815237279645,614288,614288
balanced_independent,2,g3_zero,g3,,600,5.5866837879392506e-05,762936,762936
balanced_independent,2,g3_zero,g3,,720,2.9707959035008003e-06,911584,911584
balanced_independent,2,g3_zero,g3,,840,1.3510479091038974e-07,1060232,1060232
balanced_independent,2,g3_zero,g3,,960,6.953411180177227e-09,1208880,1208880
balanced_independent,2,g3_zero,g3,,1080,3.6113587675856706e-09,1357528,1357528
balanced_independent,2,g3_zero,g3,,1200,4.2042502812478233e-10,1506176,1506176
balanced_independent,2,g3_zero,g3,,1320,1.5192735958180492e-11,1654824,1654824
balanced_independent,2,g3_zero,g3,,1440,5.683453707661101e-12,1803472,1803472
balanced_independent,2,g3_zero,g3,,1560,2.3092638912203256e-13,1952120,1952120
balanced_independent,2,g3_zero,g3,,1680,1.7763568394002505e-15,2100768,2100768
balanced_independent,2,g3_zero,g3,,1800,8.881784197001252e-16,2249416,2249416
balanced_independent,2,g3_zero,g3,,1920,0.0,2398064,2398064
balanced_independent,2,g3_zero,g3,,2040,0.0,2546712,2546712
balanced_independent,2,g3_zero,g3,,2160,4.440892098500626e-16,2695360,2695360
balanced_independent,2,g3_zero,g3,,2280,0.0,2844008,2844008
balanced_independent,2,g3_zero,g3,,2400,0.0,2992656,2992656
balanced_independent,3,g3_zero,g3,,0,27.202406399348924,19696,19696
balanced_independent,3,g3_zero,g3,,120,4.243089098415151,168344,168344
balanced_independent,3,g3_zero,g3,,240,0.43869730111052396,316992,316992
balanced_independent,3,g3_zero,g3,,360,0.0027769146326397376,465640,465640
balanced_independent,3,g3_zero,g3,,480,0.00023556577445571492,614288,614288
balanced_independent,3,g3_zero,g3,,600,1.0166545787893e-05,762936,762936
balanced_independent,3,g3_zero,g3,,720,2.939977350457923e-07,911584,911584
balanced_independent,3,g3_zero,g3,,840,1.2374052449359851e-08,1060232,1060232
balanced_independent,3,g3_zero,g3,,960,2.27995800017311e-09,1208880,1208880
balanced_independent,3,g3_zero,g3,,1080,1.478226430151608e-10,1357528,1357528
balanced_independent,3,g3_zero,g3,,1200,1.0625722524082448e-11,1506176,1506176
balanced_independent,3,g3_zero,g3,,1320,7.430056570001398e-12,1654824,1654824
balanced_independent,3,g3_zero,g3,,1440,3.206324095117452e-13,1803472,1803472
balanced_independent,3,g3_zero,g3,,1560,2.708944180085382e-14,1952120,1952120
balanced_independent,3,g3_zero,g3,,1680,8.881784197001252e-16,2100768,2100768
balanced_independent,3,g3_zero,g3,,1800,0.0,2249416,2249416
balanced_independent,3,g3_zero,g3,,1920,0.0,2398064,2398064
balanced_independent,3,g3_zero,g3,,2040,0.0,2546712,2546712
balanced_independent,3,g3_zero,g3,,2160,0.0,2695360,2695360
balanced_independent,3,g3_zero,g3,,2280,0.0,2844008,2844008
balanced_independent,3,g3_zero,g3,,2400,0.0,2992656,2992656
balanced_independent,4,g3_zero,g3,,0,32.6068226667799,19696,19696
balanced_independent,4,g3_zero,g3,,120,2.7262182735976843,168344,168344
balanced_independent,4,g3_zero,g3,,240,1.1472005717602305,316992,316992
balanced_independent,4,g3_zero,g3,,360,0.024260112191369476,465640,465640
balanced_independent,4,g3_zero,g3,,480,0.0012743827593260093,614288,614288
balanced_independent,4,g3_zero,g3,,600,0.0001027441765848458,762936,762936
balanced_independent,4,g3_zero,g3,,720,1.762471961663792e-05,911584,911584
balanced_independent,4,g3_zero,g3,,840,1.403689052992263e-06,1060232,1060232
balanced_independent,4,g3_zero,g3,,960,2.4211489879633064e-07,1208880,1208880
balanced_independent,4,g3_zero,g3,,1080,1.1806486455157028e-08,1357528,1357528
balanced_independent,4,g3_zero,g3,,1200,2.5750850340955367e-09,1506176,1506176
balanced_independent,4,g3_zero,g3,,1320,1.7490275894260776e-10,1654824,1654824
balanced_independent,4,g3_zero,g3,,1440,1.0981437981172348e-11,1803472,1803472
balanced_independent,4,g3_zero,g3,,1560,8.215650382226158e-13,1952120,1952120
balanced_independent,4,g3_zero,g3,,1680,6.039613253960852e-14,2100768,2100768
balanced_independent,4,g3_zero,g3,,1800,7.105427357601002e-15,2249416,2249416
balanced_independent,4,g3_zero,g3,,1920,8.881784197001252e-16,2398064,2398064
balanced_independent,4,g3_zero,g3,,2040,8.881784197001252e-16,2546712,2546712
balanced_independent,4,g3_zero,g3,,2160,8.881784197001252e-16,2695360,2695360
balanced_independent,4,g3_zero,g3,,2280,0.0,2844008,2844008
balanced_independent,4,g3_zero,g3,,2400,0.0,2992656,2992656
balanced_independent,5,g3_zero,g3,,0,24.247718561444692,19696,19696
balanced_independent,5,g3_zero,g3,,120,1.1137739093283847,168344,168344
balanced_independent,5,g3_zero,g3,,240,0.05751441973098759,316992,316992
balanced_independent,5,g3_zero,g3,,360,0.007135586126547189,465640,465640
balanced_independent,5,g3_zero,g3,,480,0.00026683087630363644,614288,614288
balanced_independent,5,g3_zero,g3,,600,6.9314813290422e-05,762936,762936
balanced_independent,5,g3_zero,g3,,720,7.276464887073786e-06,911584,911584
balanced_independent,5,g3_zero,g3,,840,4.7339956754655077e-07,1060232,1060232
balanced_independent,5,g3_zero,g3,,960,2.637966689533755e-08,1208880,1208880
balanced_independent,5,g3_zero,g3,,1080,2.778964613980861e-09,1357528,1357528
balanced_independent,5,g3_zero,g3,,1200,2.8041480248930384e-10,1506176,1506176
balanced_independent,5,g3_zero,g3,,1320,6.019007514623809e-11,1654824,1654824
balanced_independent,5,g3_zero,g3,,1440,2.043698543729988e-12,1803472,1803472
balanced_independent,5,g3_zero,g3,,1560,1.1590728377086634e-13,1952120,1952120
balanced_independent,5,g3_zero,g3,,1680,2.4868995751603507e-14,2100768,2100768
balanced_independent,5,g3_zero,g3,,1800,1.3322676295501878e-15,2249416,2249416
balanced_independent,5,g3_zero,g3,,1920,0.0,2398064,2398064
balanced_independent,5,g3_zero,g3,,2040,0.0,2546712,2546712
balanced_independent,5,g3_zero,g3,,2160,0.0,2695360,2695360
balanced_independent,5,g3_zero,g3,,2280,4.440892098500626e-16,2844008,2844008
balanced_independent,5,g3_zero,g3,,2400,4.440892098500626e-16,2992656,2992656
balanced_independent,6,g3_zero,g3,,0,22.521416477727392,19696,19696
balanced_independent,6,g3_zero,g3,,120,0.3640954207178444,168344,168344
balanced_independent,6,g3_zero,g3,,240,0.020589069764343382,316992,316992
balanced_independent,6,g3_zero,g3,,360,0.001996789476343963,465640,465640
balanced_independent,6,g3_zero,g3,,480,0.00012781943825013187,614288,614288
balanced_independent,6,g3_zero,g3,,600,4.6826256888454765e-05,762936,762936
balanced_independent,6,g3_zero,g3,,720,9.406656564792115e-07,911584,911584
balanced_independent,6,g3_zero,g3,,840,5.2151935658883986e-08,1060232,1060232
balanced_independent,6,g3_zero,g3,,960,3.6540028780507328e-09,1208880,1208880
balanced_independent,6,g3_zero,g3,,1080,1.0630429869706859e-09,1357528,1357528
balanced_independent,6,g3_zero,g3,,1200,3.4232616741292077e-11,1506176,1506176
balanced_independent,6,g3_zero,g3,,1320,2.0965451597021456e-12,1654824,1654824
balanced_independent,6,g3_zero,g3,,1440,4.649614027130156e-13,1803472,1803472
balanced_independent,6,g3_zero,g3,,1560,1.9984014443252818e-14,1952120,1952120
balanced_independent,6,g3_zero,g3,,1680,4.884981308350689e-15,2100768,2100768
balanced_independent,6,g3_zero,g3,,1800,4.440892098500626e-16,2249416,2249416
balanced_independent,6,g3_zero,g3,,1920,0.0,2398064,2398064
balanced_independent,6,g3_zero,g3,,2040,0.0,2546712,2546712
balanced_independent,6,g3_zero,g3,,2160,0.0,2695360,2695360
balanced_independent,6,g3_zero,g3,,2280,0.0,2844008,2844008
balanced_independent,6,g3_zero,g3,,2400,0.0,2992656,2992656
balanced_independent,7,g3_zero,g3,,0,21.535782521704903,19696,19696
balanced_independent,7,g3_zero,g3,,120,2.667264324813784,168344,168344
balanced_independent,7,g3_zero,g3,,240,0.06083607765236154,316992,316992
balanced_independent,7,g3_zero,g3,,360,0.003925725891560816,465640,465640
balanced_independent,7,g3_zero,g3,,480,0.0003422488025193182,614288,614288
balanced_independent,7,g3_zero,g3,,600,5.156044302490059e-05,762936,762936
balanced_independent,7,g3_zero,g3,,720,2.7655391030556586e-06,911584,911584
balanced_independent,7,g3_zero,g3,,840,1.1919846762964426e-06,1060232,1060232
balanced_independent,7,g3_zero,g3,,960,9.774143983065642e-07,1208880,1208880
balanced_independent,7,g3_zero,g3,,1080,2.3924150660548094e-08,1357528,1357528
balanced_independent,7,g3_zero,g3,,1200,7.747424923820745e-10,1506176,1506176
balanced_independent,7,g3_zero,g3,,1320,4.242739493065528e-11,1654824,1654824
balanced_independent,7,g3_zero,g3,,1440,8.775646875847087e-12,1803472,1803472
balanced_independent,7,g3_zero,g3,,1560,7.629452625224076e-13,1952120,1952120
balanced_independent,7,g3_zero,g3,,1680,1.7186252421197423e-13,2100768,2100768
balanced_independent,7,g3_zero,g3,,1800,2.353672812205332e-14,2249416,2249416
balanced_independent,7,g3_zero,g3,,1920,2.220446049250313e-15,2398064,2398064
balanced_independent,7,g3_zero,g3,,2040,0.0,2546712,2546712
balanced_independent,7,g3_zero,g3,,2160,0.0,2695360,2695360
balanced_independent,7,g3_zero,g3,,2280,0.0,2844008,2844008
balanced_independent,7,g3_zero,g3,,2400,0.0,2992656,2992656
balanced_independent,8,g3_zero,g3,,0,23.422822430530402,19696,19696
balanced_independent,8,g3_zero,g3,,120,0.8660628587715005,168344,168344
balanced_independent,8,g3_zero,g3,,240,0.06400296230619507,316992,316992
balanced_independent,8,g3_zero,g3,,360,0.007604485951125284,465640,465640
balanced_independent,8,g3_zero,g3,,480,0.00044521842785449905,614288,614288
balanced_independent,8,g3_zero,g3,,600,1.9870276723121805e-05,762936,762936
balanced_independent,8,g3_zero,g3,,720,8.785753031759214e-07,911584,911584
balanced_independent,8,g3_zero,g3,,840,2.3620295497295274e-07,1060232,1060232
balanced_independent,8,g3_zero,g3,,960,1.139120442417152e-08,1208880,1208880
balanced_independent,8,g3_zero,g3,,1080,4.1678660522848077e-10,1357528,1357528
balanced_independent,8,g3_zero,g3,,1200,3.149480676256644e-11,1506176,1506176
balanced_independent,8,g3_zero,g3,,1320,3.2853719744707632e-12,1654824,1654824
balanced_independent,8,g3_zero,g3,,1440,2.8688162956314045e-13,1803472,1803472
balanced_independent,8,g3_zero,g3,,1560,3.375077994860476e-14,1952120,1952120
balanced_independent,8,g3_zero,g3,,1680,9.325873406851315e-15,2100768,2100768
balanced_independent,8,g3_zero,g3,,1800,8.881784197001252e-16,2249416,2249416
balanced_independent,8,g3_zero,g3,,1920,0.0,2398064,2398064
balanced_independent,8,g3_zero,g3,,2040,4.440892098500626e-16,2546712,2546712
balanced_independent,8,g3_zero,g3,,2160,0.0,2695360,2695360
balanced_independent,8,g3_zero,g3,,2280,0.0,2844008,2844008
balanced_independent,8,g3_zero,g3,,2400,0.0,2992656,2992656
balanced_independent,9,g3_zero,g3,,0,17.51485017784784,19696,19696
balanced_independent,9,g3_zero,g3,,120,0.6549231199691303,168344,168344
balanced_independent,9,g3_zero,g3,,240,0.041154294256602775,316992,316992
balanced_independent,9,g3_zero,g3,,360,0.0009509929362918612,465640,465640
balanced_independent,9,g3_zero,g3,,480,0.0001214120202619462,614288,614288
balanced_independent,9,g3_zero,g3,,600,0.00010179100516927164,762936,762936
balanced_independent,9,g3_zero,g3,,720,2.540040860310455e-06,911584,911584
balanced_independent,9,g3_zero,g3,,840,4.482527637961198e-08,1060232,1060232
balanced_independent,9,g3_zero,g3,,960,3.852107077761957e-09,1208880,1208880
balanced_independent,9,g3_zero,g3,,1080,9.497069797248514e-11,1357528,1357528
balanced_independent,9,g3_zero,g3,,1200,8.269385176618016e-12,1506176,1506176
balanced_independent,9,g3_zero,g3,,1320,3.623767952376511e-13,1654824,1654824
balanced_independent,9,g3_zero,g3,,1440,1.9984014443252818e-14,1803472,1803472
balanced_independent,9,g3_zero,g3,,1560,1.7763568394002505e-15,1952120,1952120
balanced_independent,9,g3_zero,g3,,1680,4.440892098500626e-16,2100768,2100768
balanced_independent,9,g3_zero,g3,,1800,4.440892098500626e-16,2249416,2249416
balanced_independent,9,g3_zero,g3,,1920,0.0,2398064,2398064
balanced_independent,9,g3_zero,g3,,2040,0.0,2546712,2546712
balanced_independent,9,g3_zero,g3,,2160,0.0,2695360,2695360
balanced_independent,9,g3_zero,g3,,2280,0.0,2844008,2844008
balanced_independent,9,g3_zero,g3,,2400,0.0,2992656,2992656
balanced_independent,10,g3_zero,g3,,0,22.573340406858694,19696,19696
balanced_independent,10,g3_zero,g3,,120,2.536076809188768,168344,168344
balanced_independent,10,g3_zero,g3,,240,0.1581935442413278,316992,316992
balanced_independent,10,g3_zero,g3,,360,0.032075875870059445,465640,465640
balanced_independent,10,g3_zero,g3,,480,0.002054363463777964,614288,614288
balanced_independent,10,g3_zero,g3,,600,0.00011873732715628194,762936,762936
balanced_independent,10,g3_zero,g3,,720,5.30956624178458e-06,911584,911584
balanced_independent,10,g3_zero,g3,,840,1.6706440169045322e-06,1060232,1060232
balanced_independent,10,g3_zero,g3,,960,3.917184252522077e-07,1208880,1208880
balanced_independent,10,g3_zero,g3,,1080,1.5468353709024996e-08,1357528,1357528
balanced_independent,10,g3_zero,g3,,1200,1.4980270357511927e-09,1506176,1506176
balanced_independent,10,g3_zero,g3,,1320,4.707878531462484e-11,1654824,1654824
balanced_independent,10,g3_zero,g3,,1440,3.922195901395753e-12,1803472,1803472
balanced_independent,10,g3_zero,g3,,1560,1.6200374375330284e-12,1952120,1952120
balanced_independent,10,g3_zero,g3,,1680,1.8207657603852567e-14,2100768,2100768
balanced_independent,10,g3_zero,g3,,1800,4.884981308350689e-15,2249416,2249416
balanced_independent,10,g3_zero,g3,,1920,0.0,2398064,2398064
balanced_independent,10,g3_zero,g3,,2040,0.0,2546712,2546712
balanced_independent,10,g3_zero,g3,,2160,0.0,2695360,2695360
balanced_independent,10,g3_zero,g3,,2280,0.0,2844008,2844008
balanced_independent,10,g3_zero,g3,,2400,0.0,2992656,2992656
balanced_independent,11,g3_zero,g3,,0,18.90269119585936,19696,19696
balanced_independent,11,g3_zero,g3,,120,0.332515173846303,168344,168344
balanced_independent,11,g3_zero,g3,,240,0.00608847442200755,316992,316992
balanced_independent,11,g3_zero,g3,,360,8.792119640244067e-05,465640,465640
balanced_independent,11,g3_zero,g3,,480,6.674027688280404e-06,614288,614288
balanced_independent,11,g3_zero,g3,,600,1.132610098597553e-06,762936,762936
balanced_independent,11,g3_zero,g3,,720,8.976475247557403e-07,911584,911584
balanced_independent,11,g3_zero,g3,,840,1.9630157277461535e-07,1060232,1060232
balanced_independent,11,g3_zero,g3,,960,1.9957862029684748e-09,1208880,1208880
balanced_independent,11,g3_zero,g3,,1080,3.5817793175851875e-10,1357528,1357528
balanced_independent,11,g3_zero,g3,,1200,2.909721352750694e-10,1506176,1506176
balanced_independent,11,g3_zero,g3,,1320,1.0171419262405834e-11,1654824,1654824
balanced_independent,11,g3_zero,g3,,1440,2.857269976175303e-12,1803472,1803472
balanced_independent,11,g3_zero,g3,,1560,2.802647003363745e-12,1952120,1952120
balanced_independent,11,g3_zero,g3,,1680,1.723066134218243e-13,2100768,2100768
balanced_independent,11,g3_zero,g3,,1800,3.2862601528904634e-14,2249416,2249416
balanced_independent,11,g3_zero,g3,,1920,1.3322676295501878e-15,2398064,2398064
balanced_independent,11,g3_zero,g3,,2040,0.0,2546712,2546712
balanced_independent,11,g3_zero,g3,,2160,0.0,2695360,2695360
balanced_independent,11,g3_zero,g3,,2280,0.0,2844008,2844008
balanced_independent,11,g3_zero,g3,,2400,0.0,2992656,2992656
balanced_independent,0,g2_eps_1,g2,1.0,0,28.767916123777322,19696,
balanced_independent,0,g2_eps_1,g2,1.0,120,2.403046560707655,168344,
balanced_independent,0,g2_eps_1,g2,1.0,240,0.17271438412382745,316992,
balanced_independent,0,g2_eps_1,g2,1.0,360,0.03185674960075113,465640,
balanced_independent,0,g2_eps_1,g2,1.0,480,0.0006993705431703745,614288,
balanced_independent,0,g2_eps_1,g2,1.0,600,0.00013532412663952442,762936,
balanced_independent,0,g2_eps_1,g2,1.0,720,9.430530699461315e-06,911584,
balanced_independent,0,g2_eps_1,g2,1.0,840,5.909030731388043e-07,1060232,
balanced_independent,0,g2_eps_1,g2,1.0,960,1.579363662074229e-08,1208880,
balanced_independent,0,g2_eps_1,g2,1.0,1080,5.258100621574613e-10,1357528,
balanced_independent,0,g2_eps_1,g2,1.0,1200,3.033839846011688e-11,1506176,
balanced_independent,0,g2_eps_1,g2,1.0,1320,2.0974333381218457e-12,1654824,
balanced_independent,0,g2_eps_1,g2,1.0,1440,4.907185768843192e-13,1803472,
balanced_independent,0,g2_eps_1,g2,1.0,1560,1.1546319456101628e-13,1952120,
balanced_independent,0,g2_eps_1,g2,1.0,1680,5.329070518200751e-15,2100768,
balanced_independent,0,g2_eps_1,g2,1.0,1800,2.6645352591003757e-15,2249416,
balanced_independent,0,g2_eps_1,g2,1.0,1920,4.440892098500626e-16,2398064,
balanced_independent,0,g2_eps_1,g2,1.0,2040,4.440892098500626e-16,2546712,
balanced_independent,0,g2_eps_1,g2,1.0,2160,4.440892098500626e-16,2695360,
balanced_independent,0,g2_eps_1,g2,1.0,2280,8.881784197001252e-16,2844008,
balanced_independent,0,g2_eps_1,g2,1.0,2400,8.881784197001252e-16,2992656,
balanced_independent,1,g2_eps_1,g2,1.0,0,24.162466066812307,19696,
balanced_independent,1,g2_eps_1,g2,1.0,120,0.485916175859872,168344,
balanced_independent,1,g2_eps_1,g2,1.0,240,0.02077893719867374,316992,
balanced_independent,1,g2_eps_1,g2,1.0,360,0.00036534599817716895,465640,
balanced_independent,1,g2_eps_1,g2,1.0,480,1.4785273982020897e-05,614288,
balanced_independent,1,g2_eps_1,g2,1.0,600,7.972119036026015e-07,762936,
balanced_independent,1,g2_eps_1,g2,1.0,720,2.532139178335058e-07,911584,
balanced_independent,1,g2_eps_1,g2,1.0,840,1.2144209815545537e-07,1060232,
balanced_independent,1,g2_eps_1,g2,1.0,960,2.94823587765336e-09,1208880,
balanced_independent,1,g2_eps_1,g2,1.0,1080,9.582112880934801e-11,1357528,
balanced_independent,1,g2_eps_1,g2,1.0,1200,1.2400747095853148e-11,1506176,
balanced_independent,1,g2_eps_1,g2,1.0,1320,1.0911271886016038e-12,1654824,
balanced_independent,1,g2_eps_1,g2,1.0,1440,1.7763568394002505e-13,1803472,
balanced_independent,1,g2_eps_1,g2,1.0,1560,8.881784197001252e-15,1952120,
balanced_independent,1,g2_eps_1,g2,1.0,1680,4.440892098500626e-16,2100768,
balanced_independent,1,g2_eps_1,g2,1.0,1800,0.0,2249416,
balanced_independent,1,g2_eps_1,g2,1.0,1920,0.0,2398064,
balanced_independent,1,g2_eps_1,g2,1.0,2040,0.0,2546712,
balanced_independent,1,g2_eps_1,g2,1.0,2160,0.0,2695360,
balanced_independent,1,g2_eps_1,g2,1.0,2280,0.0,2844008,
balanced_independent,1,g2_eps_1,g2,1.0,2400,0.0,2992656,
balanced_independent,2,g2_eps_1,g2,1.0,0,31.76498611637578,19696,
balanced_independent,2,g2_eps_1,g2,1.0,120,2.239003069130068,168344,
balanced_independent,2,g2_eps_1,g2,1.0,240,0.3834186971441591,316992,
balanced_independent,2,g2_eps_1,g2,1.0,360,0.005868971065705608,465640,
balanced_independent,2,g2_eps_1,g2,1.0,480,0.0012443360601763764,614288,
balanced_independent,2,g2_eps_1,g2,1.0,600,5.701348053355204e-05,762936,
balanced_independent,2,g2_eps_1,g2,1.0,720,3.5747294786503403e-06,911584,
balanced_independent,2,g2_eps_1,g2,1.0,840,1.4581358476206674e-07,1060232,
balanced_independent,2,g2_eps_1,g2,1.0,960,6.313270795033077e-09,1208880,
balanced_independent,2,g2_eps_1,g2,1.0,1080,2.9512117194485654e-09,1357528,
balanced_independent,2,g2_eps_1,g2,1.0,1200,3.948779081497378e-10,1506176,
balanced_independent,2,g2_eps_1,g2,1.0,1320,1.1876721828230075e-11,1654824,
balanced_independent,2,g2_eps_1,g2,1.0,1440,4.577227485924595e-12,1803472,
balanced_independent,2,g2_eps_1,g2,1.0,1560,1.7630341631047486e-13,1952120,
balanced_independent,2,g2_eps_1,g2,1.0,1680,1.7763568394002505e-15,2100768,
balanced_independent,2,g2_eps_1,g2,1.0,1800,0.0,2249416,
balanced_independent,2,g2_eps_1,g2,1.0,1920,0.0,2398064,
balanced_independent,2,g2_eps_1,g2,1.0,2040,0.0,2546712,
balanced_independent,2,g2_eps_1,g2,1.0,2160,0.0,2695360,
balanced_independent,2,g2_eps_1,g2,1.0,2280,0.0,2844008,
balanced_independent,2,g2_eps_1,g2,1.0,2400,4.440892098500626e-16,2992656,
balanced_independent,3,g2_eps_1,g2,1.0,0,27.202406399348924,19696,
balanced_independent,3,g2_eps_1,g2,1.0,120,4.238080777864182,168344,
balanced_independent,3,g2_eps_1,g2,1.0,240,0.43713315761290383,316992,
balanced_independent,3,g2_eps_1,g2,1.0,360,0.002905862226563194,465640,
balanced_independent,3,g2_eps_1,g2,1.0,480,0.00024831518908152717,614288,
balanced_independent,3,g2_eps_1,g2,1.0,600,1.1074861334225972e-05,762936,
balanced_independent,3,g2_eps_1,g2,1.0,720,2.8359606307759577e-07,911584,
balanced_independent,3,g2_eps_1,g2,1.0,840,1.207550548443237e-08,1060232,
balanced_independent,3,g2_eps_1,g2,1.0,960,2.264005427576876e-09,1208880,
balanced_independent,3,g2_eps_1,g2,1.0,1080,1.5078516213407056e-10,1357528,
balanced_independent,3,g2_eps_1,g2,1.0,1200,1.1359357898754752e-11,1506176,
balanced_independent,3,g2_eps_1,g2,1.0,1320,7.37054861588149e-12,1654824,
balanced_independent,3,g2_eps_1,g2,1.0,1440,3.1663560662309465e-13,1803472,
balanced_independent,3,g2_eps_1,g2,1.0,1560,2.842170943040401e-14,1952120,
balanced_independent,3,g2_eps_1,g2,1.0,1680,2.6645352591003757e-15,2100768,
balanced_independent,3,g2_eps_1,g2,1.0,1800,1.3322676295501878e-15,2249416,
balanced_independent,3,g2_eps_1,g2,1.0,1920,4.440892098500626e-16,2398064,
balanced_independent,3,g2_eps_1,g2,1.0,2040,8.881784197001252e-16,2546712,
balanced_independent,3,g2_eps_1,g2,1.0,2160,4.440892098500626e-16,2695360,
balanced_independent,3,g2_eps_1,g2,1.0,2280,0.0,2844008,
balanced_independent,3,g2_eps_1,g2,1.0,2400,0.0,2992656,
balanced_independent,4,g2_eps_1,g2,1.0,0,32.6068226667799,19696,
balanced_independent,4,g2_eps_1,g2,1.0,120,2.687669787506409,168344,
balanced_independent,4,g2_eps_1,g2,1.0,240,1.1466228462748145,316992,
balanced_independent,4,g2_eps_1,g2,1.0,360,0.023800981812451383,465640,
balanced_independent,4,g2_eps_1,g2,1.0,480,0.0012390691518362473,614288,
balanced_independent,4,g2_eps_1,g2,1.0,600,0.00010056407736636075,762936,
balanced_independent,4,g2_eps_1,g2,1.0,720,1.728701086900486e-05,911584,
balanced_independent,4,g2_eps_1,g2,1.0,840,1.3637947429145925e-06,1060232,
balanced_independent,4,g2_eps_1,g2,1.0,960,2.3509891544648553e-07,1208880,
balanced_independent,4,g2_eps_1,g2,1.0,1080,1.3464030779175573e-08,1357528,
balanced_independent,4,g2_eps_1,g2,1.0,1200,2.5135320491642688e-09,1506176,
balanced_independent,4,g2_eps_1,g2,1.0,1320,1.7060575174809856e-10,1654824,
balanced_independent,4,g2_eps_1,g2,1.0,1440,1.0737633004964664e-11,1803472,
balanced_independent,4,g2_eps_1,g2,1.0,1560,8.024692021990631e-13,1952120,
balanced_independent,4,g2_eps_1,g2,1.0,1680,6.039613253960852e-14,2100768,
balanced_independent,4,g2_eps_1,g2,1.0,1800,7.993605777301127e-15,2249416,
balanced_independent,4,g2_eps_1,g2,1.0,1920,1.7763568394002505e-15,2398064,
balanced_independent,4,g2_eps_1,g2,1.0,2040,1.3322676295501878e-15,2546712,
balanced_independent,4,g2_eps_1,g2,1.0,2160,8.881784197001252e-16,2695360,
balanced_independent,4,g2_eps_1,g2,1.0,2280,8.881784197001252e-16,2844008,
balanced_independent,4,g2_eps_1,g2,1.0,2400,8.881784197001252e-16,2992656,
balanced_independent,5,g2_eps_1,g2,1.0,0,24.247718561444692,19696,
balanced_independent,5,g2_eps_1,g2,1.0,120,1.1137739093283847,168344,
balanced_independent,5,g2_eps_1,g2,1.0,240,0.05751441973098759,316992,
balanced_independent,5,g2_eps_1,g2,1.0,360,0.007135586126547189,465640,
balanced_independent,5,g2_eps_1,g2,1.0,480,0.00026683087630363644,614288,
balanced_independent,5,g2_eps_1,g2,1.0,600,6.9314813290422e-05,762936,
balanced_independent,5,g2_eps_1,g2,1.0,720,7.276464887073786e-06,911584,
balanced_independent,5,g2_eps_1,g2,1.0,840,4.7339956754655077e-07,1060232,
balanced_independent,5,g2_eps_1,g2,1.0,960,2.637966689533755e-08,1208880,
balanced_independent,5,g2_eps_1,g2,1.0,1080,2.778964613980861e-09,1357528,
balanced_independent,5,g2_eps_1,g2,1.0,1200,2.8041480248930384e-10,1506176,
balanced_independent,5,g2_eps_1,g2,1.0,1320,6.019007514623809e-11,1654824,
balanced_independent,5,g2_eps_1,g2,1.0,1440,2.043698543729988e-12,1803472,
balanced_independent,5,g2_eps_1,g2,1.0,1560,1.1590728377086634e-13,1952120,
balanced_independent,5,g2_eps_1,g2,1.0,1680,2.4868995751603507e-14,2100768,
balanced_independent,5,g2_eps_1,g2,1.0,1800,1.3322676295501878e-15,2249416,
balanced_independent,5,g2_eps_1,g2,1.0,1920,0.0,2398064,
balanced_independent,5,g2_eps_1,g2,1.0,2040,0.0,2546712,
balanced_independent,5,g2_eps_1,g2,1.0,2160,0.0,2695360,
balanced_independent,5,g2_eps_1,g2,1.0,2280,4.440892098500626e-16,2844008,
balanced_independent,5,g2_eps_1,g2,1.0,2400,4.440892098500626e-16,2992656,
balanced_independent,6,g2_eps_1,g2,1.0,0,22.521416477727392,19696,
balanced_independent,6,g2_eps_1,g2,1.0,120,0.37139884785678134,168344,
balanced_independent,6,g2_eps_1,g2,1.0,240,0.028106288603832574,316992,
balanced_independent,6,g2_eps_1,g2,1.0,360,0.002261489600068778,465640,
balanced_independent,6,g2_eps_1,g2,1.0,480,0.00015080235208397852,614288,
balanced_independent,6,g2_eps_1,g2,1.0,600,4.350386572937737e-05,762936,
balanced_independent,6,g2_eps_1,g2,1.0,720,1.0486145494148502e-06,911584,
balanced_independent,6,g2_eps_1,g2,1.0,840,6.917931827388202e-08,1060232,
balanced_independent,6,g2_eps_1,g2,1.0,960,4.494688177203443e-09,1208880,
balanced_independent,6,g2_eps_1,g2,1.0,1080,1.2964274098692385e-09,1357528,
balanced_independent,6,g2_eps_1,g2,1.0,1200,4.2163605940004345e-11,1506176,
balanced_independent,6,g2_eps_1,g2,1.0,1320,2.5712765250318625e-12,1654824,
balanced_independent,6,g2_eps_1,g2,1.0,1440,5.38680211548126e-13,1803472,
balanced_independent,6,g2_eps_1,g2,1.0,1560,2.398081733190338e-14,1952120,
balanced_independent,6,g2_eps_1,g2,1.0,1680,5.329070518200751e-15,2100768,
balanced_independent,6,g2_eps_1,g2,1.0,1800,4.440892098500626e-16,2249416,
balanced_independent,6,g2_eps_1,g2,1.0,1920,4.440892098500626e-16,2398064,
balanced_independent,6,g2_eps_1,g2,1.0,2040,4.440892098500626e-16,2546712,
balanced_independent,6,g2_eps_1,g2,1.0,2160,4.440892098500626e-16,2695360,
balanced_independent,6,g2_eps_1,g2,1.0,2280,4.440892098500626e-16,2844008,
balanced_independent,6,g2_eps_1,g2,1.0,2400,4.440892098500626e-16,2992656,
balanced_independent,7,g2_eps_1,g2,1.0,0,21.535782521704903,19696,
balanced_independent,7,g2_eps_1,g2,1.0,120,2.667264324813784,168344,
balanced_independent,7,g2_eps_1,g2,1.0,240,0.06083607765236154,316992,
balanced_independent,7,g2_eps_1,g2,1.0,360,0.003925725891560816,465640,
balanced_independent,7,g2_eps_1,g2,1.0,480,0.0003422488025193182,614288,
balanced_independent,7,g2_eps_1,g2,1.0,600,5.156044302490059e-05,762936,
balanced_independent,7,g2_eps_1,g2,1.0,720,2.7655391030556586e-06,911584,
balanced_independent,7,g2_eps_1,g2,1.0,840,1.1919846762964426e-06,1060232,
balanced_independent,7,g2_eps_1,g2,1.0,960,9.774143983065642e-07,1208880,
balanced_independent,7,g2_eps_1,g2,1.0,1080,2.3924150660548094e-08,1357528,
balanced_independent,7,g2_eps_1,g2,1.0,1200,7.747424923820745e-10,1506176,
balanced_independent,7,g2_eps_1,g2,1.0,1320,4.242739493065528e-11,1654824,
balanced_independent,7,g2_eps_1,g2,1.0,1440,8.775646875847087e-12,1803472,
balanced_independent,7,g2_eps_1,g2,1.0,1560,7.629452625224076e-13,1952120,
balanced_independent,7,g2_eps_1,g2,1.0,1680,1.7186252421197423e-13,2100768,
balanced_independent,7,g2_eps_1,g2,1.0,1800,2.353672812205332e-14,2249416,
balanced_independent,7,g2_eps_1,g2,1.0,1920,2.220446049250313e-15,2398064,
balanced_independent,7,g2_eps_1,g2,1.0,2040,0.0,2546712,
balanced_independent,7,g2_eps_1,g2,1.0,2160,0.0,2695360,
balanced_independent,7,g2_eps_1,g2,1.0,2280,0.0,2844008,
balanced_independent,7,g2_eps_1,g2,1.0,2400,0.0,2992656,
balanced_independent,8,g2_eps_1,g2,1.0,0,23.422822430530402,19696,
balanced_independent,8,g2_eps_1,g2,1.0,120,0.8672366095130859,168344,
balanced_independent,8,g2_eps_1,g2,1.0,240,0.0645661113459246,316992,
balanced_independent,8,g2_eps_1,g2,1.0,360,0.007673868266832695,465640,
balanced_independent,8,g2_eps_1,g2,1.0,480,0.0004495484376154657,614288,
balanced_independent,8,g2_eps_1,g2,1.0,600,2.00065690676432e-05,762936,
balanced_independent,8,g2_eps_1,g2,1.0,720,8.837882008450038e-07,911584,
balanced_independent,8,g2_eps_1,g2,1.0,840,2.3912871727205243e-07,1060232,
balanced_independent,8,g2_eps_1,g2,1.0,960,1.1436287028487868e-08,1208880,
balanced_independent,8,g2_eps_1,g2,1.0,1080,4.163229760933973e-10,1357528,
balanced_independent,8,g2_eps_1,g2,1.0,1200,3.165112616443366e-11,1506176,
balanced_independent,8,g2_eps_1,g2,1.0,1320,3.4443559115970857e-12,1654824,
balanced_independent,8,g2_eps_1,g2,1.0,1440,2.8554936193359026e-13,1803472,
balanced_independent,8,g2_eps_1,g2,1.0,1560,3.3306690738754696e-14,1952120,
balanced_independent,8,g2_eps_1,g2,1.0,1680,9.325873406851315e-15,2100768,
balanced_independent,8,g2_eps_1,g2,1.0,1800,1.3322676295501878e-15,2249416,
balanced_independent,8,g2_eps_1,g2,1.0,1920,4.440892098500626e-16,2398064,
balanced_independent,8,g2_eps_1,g2,1.0,2040,4.440892098500626e-16,2546712,
balanced_independent,8,g2_eps_1,g2,1.0,2160,4.440892098500626e-16,2695360,
balanced_independent,8,g2_eps_1,g2,1.0,2280,4.440892098500626e-16,2844008,
balanced_independent,8,g2_eps_1,g2,1.0,2400,4.440892098500626e-16,2992656,
balanced_independent,9,g2_eps_1,g2,1.0,0,17.51485017784784,19696,
balanced_independent,9,g2_eps_1,g2,1.0,120,0.5256166111641836,168344,
balanced_independent,9,g2_eps_1,g2,1.0,240,0.015273751258790824,316992,
balanced_independent,9,g2_eps_1,g2,1.0,360,0.0005142262373465378,465640,
balanced_independent,9,g2_eps_1,g2,1.0,480,5.35150731826306e-05,614288,
balanced_independent,9,g2_eps_1,g2,1.0,600,3.3325838470155134e-05,762936,
balanced_independent,9,g2_eps_1,g2,1.0,720,8.558060855534677e-07,911584,
balanced_independent,9,g2_eps_1,g2,1.0,840,2.198676973819147e-08,1060232,
balanced_independent,9,g2_eps_1,g2,1.0,960,1.2429715035011668e-09,1208880,
balanced_independent,9,g2_eps_1,g2,1.0,1080,3.714450969027894e-11,1357528,
balanced_independent,9,g2_eps_1,g2,1.0,1200,2.688960165642129e-12,1506176,
balanced_independent,9,g2_eps_1,g2,1.0,1320,1.6608936448392342e-13,1654824,
balanced_independent,9,g2_eps_1,g2,1.0,1440,1.2434497875801753e-14,1803472,
balanced_independent,9,g2_eps_1,g2,1.0,1560,2.6645352591003757e-15,1952120,
balanced_independent,9,g2_eps_1,g2,1.0,1680,4.440892098500626e-16,2100768,
balanced_independent,9,g2_eps_1,g2,1.0,1800,8.881784197001252e-16,2249416,
balanced_independent,9,g2_eps_1,g2,1.0,1920,0.0,2398064,
balanced_independent,9,g2_eps_1,g2,1.0,2040,0.0,2546712,
balanced_independent,9,g2_eps_1,g2,1.0,2160,0.0,2695360,
balanced_independent,9,g2_eps_1,g2,1.0,2280,0.0,2844008,
balanced_independent,9,g2_eps_1,g2,1.0,2400,4.440892098500626e-16,2992656,
balanced_independent,10,g2_eps_1,g2,1.0,0,22.573340406858694,19696,
balanced_independent,10,g2_eps_1,g2,1.0,120,2.564862865365674,168344,
balanced_independent,10,g2_eps_1,g2,1.0,240,0.16077826054610656,316992,
balanced_independent,10,g2_eps_1,g2,1.0,360,0.033252119663294444,465640,
balanced_independent,10,g2_eps_1,g2,1.0,480,0.002114928539265648,614288,
balanced_independent,10,g2_eps_1,g2,1.0,600,0.00012462300927129633,762936,
balanced_independent,10,g2_eps_1,g2,1.0,720,6.654896819391354e-06,911584,
balanced_independent,10,g2_eps_1,g2,1.0,840,1.6863518590426452e-06,1060232,
balanced_independent,10,g2_eps_1,g2,1.0,960,3.9207032020982524e-07,1208880,
balanced_independent,10,g2_eps_1,g2,1.0,1080,1.592463627630991e-08,1357528,
balanced_independent,10,g2_eps_1,g2,1.0,1200,1.5556076427003518e-09,1506176,
balanced_independent,10,g2_eps_1,g2,1.0,1320,4.717026769185395e-11,1654824,
balanced_independent,10,g2_eps_1,g2,1.0,1440,3.914202295618452e-12,1803472,
balanced_independent,10,g2_eps_1,g2,1.0,1560,1.5907275496829243e-12,1952120,
balanced_independent,10,g2_eps_1,g2,1.0,1680,1.865174681370263e-14,2100768,
balanced_independent,10,g2_eps_1,g2,1.0,1800,4.440892098500626e-15,2249416,
balanced_independent,10,g2_eps_1,g2,1.0,1920,4.440892098500626e-16,2398064,
balanced_independent,10,g2_eps_1,g2,1.0,2040,4.440892098500626e-16,2546712,
balanced_independent,10,g2_eps_1,g2,1.0,2160,0.0,2695360,
balanced_independent,10,g2_eps_1,g2,1.0,2280,0.0,2844008,
balanced_independent,10,g2_eps_1,g2,1.0,2400,0.0,2992656,
balanced_independent,11,g2_eps_1,g2,1.0,0,18.90269119585936,19696,
balanced_independent,11,g2_eps_1,g2,1.0,120,0.3234774244316365,168344,
balanced_independent,11,g2_eps_1,g2,1.0,240,0.006459341863214618,316992,
balanced_independent,11,g2_eps_1,g2,1.0,360,0.00016524820231866855,465640,
balanced_independent,11,g2_eps_1,g2,1.0,480,1.6719610859361467e-05,614288,
balanced_independent,11,g2_eps_1,g2,1.0,600,4.570694954519894e-06,762936,
balanced_independent,11,g2_eps_1,g2,1.0,720,3.3853087315627306e-06,911584,
balanced_independent,11,g2_eps_1,g2,1.0,840,4.4990966019398115e-07,1060232,
balanced_independent,11,g2_eps_1,g2,1.0,960,5.828421745235346e-09,1208880,
balanced_independent,11,g2_eps_1,g2,1.0,1080,9.197829164975246e-10,1357528,
balanced_independent,11,g2_eps_1,g2,1.0,1200,7.259148837590601e-10,1506176,
balanced_independent,11,g2_eps_1,g2,1.0,1320,2.461630899119882e-11,1654824,
balanced_independent,11,g2_eps_1,g2,1.0,1440,6.778577699151356e-12,1803472,
balanced_independent,11,g2_eps_1,g2,1.0,1560,6.644906846986487e-12,1952120,
balanced_independent,11,g2_eps_1,g2,1.0,1680,4.0900616227190767e-13,2100768,
balanced_independent,11,g2_eps_1,g2,1.0,1800,7.949196856316121e-14,2249416,
balanced_independent,11,g2_eps_1,g2,1.0,1920,3.9968028886505635e-15,2398064,
balanced_independent,11,g2_eps_1,g2,1.0,2040,4.440892098500626e-16,2546712,
balanced_independent,11,g2_eps_1,g2,1.0,2160,4.440892098500626e-16,2695360,
balanced_independent,11,g2_eps_1,g2,1.0,2280,4.440892098500626e-16,2844008,
balanced_independent,11,g2_eps_1,g2,1.0,2400,4.440892098500626e-16,2992656,
balanced_independent,0,g2_eps_0p5,g2,0.5,0,28.767916123777322,19696,
balanced_independent,0,g2_eps_0p5,g2,0.5,120,14.377771618937217,168344,
balanced_independent,0,g2_eps_0p5,g2,0.5,240,14.376882624432554,316992,
balanced_independent,0,g2_eps_0p5,g2,0.5,360,14.376882624432554,465640,
balanced_independent,0,g2_eps_0p5,g2,0.5,480,14.376882624432554,614288,
balanced_independent,0,g2_eps_0p5,g2,0.5,600,14.376882624432554,762936,
balanced_independent,0,g2_eps_0p5,g2,0.5,720,14.376882624432554,911584,
balanced_independent,0,g2_eps_0p5,g2,0.5,840,14.376882624432554,1060232,
balanced_independent,0,g2_eps_0p5,g2,0.5,960,14.376882624432554,1208880,
balanced_independent,0,g2_eps_0p5,g2,0.5,1080,14.376882624432554,1357528,
balanced_independent,0,g2_eps_0p5,g2,0.5,1200,14.376882624432554,1506176,
balanced_independent,0,g2_eps_0p5,g2,0.5,1320,14.376882624432554,1654824,
balanced_independent,0,g2_eps_0p5,g2,0.5,1440,14.376882624432554,1803472,
balanced_independent,0,g2_eps_0p5,g2,0.5,1560,14.376882624432554,1952120,
balanced_independent,0,g2_eps_0p5,g2,0.5,1680,14.376882624432554,2100768,
balanced_independent,0,g2_eps_0p5,g2,0.5,1800,14.376882624432554,2249416,
balanced_independent,0,g2_eps_0p5,g2,0.5,1920,14.376882624432554,2398064,
balanced_independent,0,g2_eps_0p5,g2,0.5,2040,14.376882624432554,2546712,
balanced_independent,0,g2_eps_0p5,g2,0.5,2160,14.376882624432554,2695360,
balanced_independent,0,g2_eps_0p5,g2,0.5,2280,14.376882624432554,2844008,
balanced_independent,0,g2_eps_0p5,g2,0.5,2400,14.376882624432554,2992656,
balanced_independent,1,g2_eps_0p5,g2,0.5,0,24.162466066812307,19696,
balanced_independent,1,g2_eps_0p5,g2,0.5,120,10.71970797002469,168344,
balanced_independent,1,g2_eps_0p5,g2,0.5,240,10.71970797002469,316992,
balanced_independent,1,g2_eps_0p5,g2,0.5,360,10.71970797002469,465640,
balanced_independent,1,g2_eps_0p5,g2,0.5,480,10.71970797002469,614288,
balanced_independent,1,g2_eps_0p5,g2,0.5,600,10.71970797002469,762936,
balanced_independent,1,g2_eps_0p5,g2,0.5,720,10.71970797002469,911584,
balanced_independent,1,g2_eps_0p5,g2,0.5,840,10.71970797002469,1060232,
balanced_independent,1,g2_eps_0p5,g2,0.5,960,10.71970797002469,1208880,
balanced_independent,1,g2_eps_0p5,g2,0.5,1080,10.71970797002469,1357528,
balanced_independent,1,g2_eps_0p5,g2,0.5,1200,10.71970797002469,1506176,
balanced_independent,1,g2_eps_0p5,g2,0.5,1320,10.71970797002469,1654824,
balanced_independent,1,g2_eps_0p5,g2,0.5,1440,10.71970797002469,1803472,
balanced_independent,1,g2_eps_0p5,g2,0.5,1560,10.71970797002469,1952120,
balanced_independent,1,g2_eps_0p5,g2,0.5,1680,10.71970797002469,2100768,
balanced_independent,1,g2_eps_0p5,g2,0.5,1800,10.71970797002469,2249416,
balanced_independent,1,g2_eps_0p5,g2,0.5,1920,10.71970797002469,2398064,
balanced_independent,1,g2_eps_0p5,g2,0.5,2040,10.71970797002469,2546712,
balanced_independent,1,g2_eps_0p5,g2,0.5,2160,10.71970797002469,2695360,
balanced_independent,1,g2_eps_0p5,g2,0.5,2280,10.71970797002469,2844008,
balanced_independent,1,g2_eps_0p5,g2,0.5,2400,10.71970797002469,2992656,
balanced_independent,2,g2_eps_0p5,g2,0.5,0,31.76498611637578,19696,
balanced_independent,2,g2_eps_0p5,g2,0.5,120,24.004530333355305,168344,
balanced_independent,2,g2_eps_0p5,g2,0.5,240,24.004530333355305,316992,
balanced_independent,2,g2_eps_0p5,g2,0.5,360,24.004530333355305,465640,
balanced_independent,2,g2_eps_0p5,g2,0.5,480,24.004530333355305,614288,
balanced_independent,2,g2_eps_0p5,g2,0.5,600,24.004530333355305,762936,
balanced_independent,2,g2_eps_0p5,g2,0.5,720,24.004530333355305,911584,
balanced_independent,2,g2_eps_0p5,g2,0.5,840,24.004530333355305,1060232,
balanced_independent,2,g2_eps_0p5,g2,0.5,960,24.004530333355305,1208880,
balanced_independent,2,g2_eps_0p5,g2,0.5,1080,24.004530333355305,1357528,
balanced_independent,2,g2_eps_0p5,g2,0.5,1200,24.004530333355305,1506176,
balanced_independent,2,g2_eps_0p5,g2,0.5,1320,24.004530333355305,1654824,
balanced_independent,2,g2_eps_0p5,g2,0.5,1440,24.004530333355305,1803472,
balanced_independent,2,g2_eps_0p5,g2,0.5,1560,24.004530333355305,1952120,
balanced_independent,2,g2_eps_0p5,g2,0.5,1680,24.004530333355305,2100768,
balanced_independent,2,g2_eps_0p5,g2,0.5,1800,24.004530333355305,2249416,
balanced_independent,2,g2_eps_0p5,g2,0.5,1920,24.004530333355305,2398064,
balanced_independent,2,g2_eps_0p5,g2,0.5,2040,24.004530333355305,2546712,
balanced_independent,2,g2_eps_0p5,g2,0.5,2160,24.004530333355305,2695360,
balanced_independent,2,g2_eps_0p5,g2,0.5,2280,24.004530333355305,2844008,
balanced_independent,2,g2_eps_0p5,g2,0.5,2400,24.004530333355305,2992656,
balanced_independent,3,g2_eps_0p5,g2,0.5,0,27.202406399348924,19696,
balanced_independent,3,g2_eps_0p5,g2,0.5,120,18.126426134337436,168344,
balanced_independent,3,g2_eps_0p5,g2,0.5,240,18.126426134337436,316992,
balanced_independent,3,g2_eps_0p5,g2,0.5,360,18.126426134337436,465640,
balanced_independent,3,g2_eps_0p5,g2,0.5,480,18.126426134337436,614288,
balanced_independent,3,g2_eps_0p5,g2,0.5,600,18.126426134337436,762936,
balanced_independent,3,g2_eps_0p5,g2,0.5,720,18.126426134337436,911584,
balanced_independent,3,g2_eps_0p5,g2,0.5,840,18.126426134337436,1060232,
balanced_independent,3,g2_eps_0p5,g2,0.5,960,18.126426134337436,1208880,
balanced_independent,3,g2_eps_0p5,g2,0.5,1080,18.126426134337436,1357528,
balanced_independent,3,g2_eps_0p5,g2,0.5,1200,18.126426134337436,1506176,
balanced_independent,3,g2_eps_0p5,g2,0.5,1320,18.126426134337436,1654824,
balanced_independent,3,g2_eps_0p5,g2,0.5,1440,18.126426134337436,1803472,
balanced_independent,3,g2_eps_0p5,g2,0.5,1560,18.126426134337436,1952120,
balanced_independent,3,g2_eps_0p5,g2,0.5,1680,18.126426134337436,2100768,
balanced_independent,3,g2_eps_0p5,g2,0.5,1800,18.126426134337436,2249416,
balanced_independent,3,g2_eps_0p5,g2,0.5,1920,18.126426134337436,2398064,
balanced_independent,3,g2_eps_0p5,g2,0.5,2040,18.126426134337436,2546712,
balanced_independent,3,g2_eps_0p5,g2,0.5,2160,18.126426134337436,2695360,
balanced_independent,3,g2_eps_0p5,g2,0.5,2280,18.126426134337436,2844008,
balanced_independent,3,g2_eps_0p5,g2,0.5,2400,18.126426134337436,2992656,
balanced_independent,4,g2_eps_0p5,g2,0.5,0,32.6068226667799,19696,
balanced_independent,4,g2_eps_0p5,g2,0.5,120,13.878423606142505,168344,
balanced_independent,4,g2_eps_0p5,g2,0.5,240,13.878423606142505,316992,
balanced_independent,4,g2_eps_0p5,g2,0.5,360,13.878423606142505,465640,
balanced_independent,4,g2_eps_0p5,g2,0.5,480,13.878423606142505,614288,
balanced_independent,4,g2_eps_0p5,g2,0.5,600,13.878423606142505,762936,
balanced_independent,4,g2_eps_0p5,g2,0.5,720,13.878423606142505,911584,
balanced_independent,4,g2_eps_0p5,g2,0.5,840,13.878423606142505,1060232,
balanced_independent,4,g2_eps_0p5,g2,0.5,960,13.878423606142505,1208880,
balanced_independent,4,g2_eps_0p5,g2,0.5,1080,13.878423606142505,1357528,
balanced_independent,4,g2_eps_0p5,g2,0.5,1200,13.878423606142505,1506176,
balanced_independent,4,g2_eps_0p5,g2,0.5,1320,13.878423606142505,1654824,
balanced_independent,4,g2_eps_0p5,g2,0.5,1440,13.878423606142505,1803472,
balanced_independent,4,g2_eps_0p5,g2,0.5,1560,13.878423606142505,1952120,
balanced_independent,4,g2_eps_0p5,g2,0.5,1680,13.878423606142505,2100768,
balanced_independent,4,g2_eps_0p5,g2,0.5,1800,13.878423606142505,2249416,
balanced_independent,4,g2_eps_0p5,g2,0.5,1920,13.878423606142505,2398064,
balanced_independent,4,g2_eps_0p5,g2,0.5,2040,13.878423606142505,2546712,
balanced_independent,4,g2_eps_0p5,g2,0.5,2160,13.878423606142505,2695360,
balanced_independent,4,g2_eps_0p5,g2,0.5,2280,13.878423606142505,2844008,
balanced_independent,4,g2_eps_0p5,g2,0.5,2400,13.878423606142505,2992656,
balanced_independent,5,g2_eps_0p5,g2,0.5,0,24.247718561444692,19696,
balanced_independent,5,g2_eps_0p5,g2,0.5,120,9.552040351724017,168344,
balanced_independent,5,g2_eps_0p5,g2,0.5,240,9.552040351724017,316992,
balanced_independent,5,g2_eps_0p5,g2,0.5,360,9.552040351724017,465640,
balanced_independent,5,g2_eps_0p5,g2,0.5,480,9.552040351724017,614288,
balanced_independent,5,g2_eps_0p5,g2,0.5,600,9.552040351724017,762936,
balanced_independent,5,g2_eps_0p5,g2,0.5,720,9.552040351724017,911584,
balanced_independent,5,g2_eps_0p5,g2,0.5,840,9.552040351724017,1060232,
balanced_independent,5,g2_eps_0p5,g2,0.5,960,9.552040351724017,1208880,
balanced_independent,5,g2_eps_0p5,g2,0.5,1080,9.552040351724017,1357528,
balanced_independent,5,g2_eps_0p5,g2,0.5,1200,9.552040351724017,1506176,
balanced_independent,5,g2_eps_0p5,g2,0.5,1320,9.552040351724017,1654824,
balanced_independent,5,g2_eps_0p5,g2,0.5,1440,9.552040351724017,1803472,
balanced_independent,5,g2_eps_0p5,g2,0.5,1560,9.552040351724017,1952120,
balanced_independent,5,g2_eps_0p5,g2,0.5,1680,9.552040351724017,2100768,
balanced_independent,5,g2_eps_0p5,g2,0.5,1800,9.552040351724017,2249416,
balanced_independent,5,g2_eps_0p5,g2,0.5,1920,9.552040351724017,2398064,
balanced_independent,5,g2_eps_0p5,g2,0.5,2040,9.552040351724017,2546712,
balanced_independent,5,g2_eps_0p5,g2,0.5,2160,9.552040351724017,2695360,
balanced_independent,5,g2_eps_0p5,g2,0.5,2280,9.552040351724017,2844008,
balanced_independent,5,g2_eps_0p5,g2,0.5,2400,9.552040351724017,2992656,
balanced_independent,6,g2_eps_0p5,g2,0.5,0,22.521416477727392,19696,
balanced_independent,6,g2_eps_0p5,g2,0.5,120,9.661221023209382,168344,
balanced_independent,6,g2_eps_0p5,g2,0.5,240,9.661221023209382,316992,
balanced_independent,6,g2_eps_0p5,g2,0.5,360,9.661221023209382,465640,
balanced_independent,6,g2_eps_0p5,g2,0.5,480,9.661221023209382,614288,
balanced_independent,6,g2_eps_0p5,g2,0.5,600,9.661221023209382,762936,
balanced_independent,6,g2_eps_0p5,g2,0.5,720,9.661221023209382,911584,
balanced_independent,6,g2_eps_0p5,g2,0.5,840,9.661221023209382,1060232,
balanced_independent,6,g2_eps_0p5,g2,0.5,960,9.661221023209382,1208880,
balanced_independent,6,g2_eps_0p5,g2,0.5,1080,9.661221023209382,1357528,
balanced_independent,6,g2_eps_0p5,g2,0.5,1200,9.661221023209382,1506176,
balanced_independent,6,g2_eps_0p5,g2,0.5,1320,9.661221023209382,1654824,
balanced_independent,6,g2_eps_0p5,g2,0.5,1440,9.661221023209382,1803472,
balanced_independent,6,g2_eps_0p5,g2,0.5,1560,9.661221023209382,1952120,
balanced_independent,6,g2_eps_0p5,g2,0.5,1680,9.661221023209382,2100768,
balanced_independent,6,g2_eps_0p5,g2,0.5,1800,9.661221023209382,2249416,
balanced_independent,6,g2_eps_0p5,g2,0.5,1920,9.661221023209382,2398064,
balanced_independent,6,g2_eps_0p5,g2,0.5,2040,9.661221023209382,2546712,
balanced_independent,6,g2_eps_0p5,g2,0.5,2160,9.661221023209382,2695360,
balanced_independent,6,g2_eps_0p5,g2,0.5,2280,9.661221023209382,2844008,
balanced_independent,6,g2_eps_0p5,g2,0.5,2400,9.661221023209382,2992656,
balanced_independent,7,g2_eps_0p5,g2,0.5,0,21.535782521704903,19696,
balanced_independent,7,g2_eps_0p5,g2,0.5,120,13.264778693840263,168344,
balanced_independent,7,g2_eps_0p5,g2,0.5,240,13.264778693840263,316992,
balanced_independent,7,g2_eps_0p5,g2,0.5,360,13.264778693840263,465640,
balanced_independent,7,g2_eps_0p5,g2,0.5,480,13.264778693840263,614288,
balanced_independent,7,g2_eps_0p5,g2,0.5,600,13.264778693840263,762936,
balanced_independent,7,g2_eps_0p5,g2,0.5,720,13.264778693840263,911584,
balanced_independent,7,g2_eps_0p5,g2,0.5,840,13.264778693840263,1060232,
balanced_independent,7,g2_eps_0p5,g2,0.5,960,13.264778693840263,1208880,
balanced_independent,7,g2_eps_0p5,g2,0.5,1080,13.264778693840263,1357528,
balanced_independent,7,g2_eps_0p5,g2,0.5,1200,13.264778693840263,1506176,
balanced_independent,7,g2_eps_0p5,g2,0.5,1320,13.264778693840263,1654824,
balanced_independent,7,g2_eps_0p5,g2,0.5,1440,13.264778693840263,1803472,
balanced_independent,7,g2_eps_0p5,g2,0.5,1560,13.264778693840263,1952120,
balanced_independent,7,g2_eps_0p5,g2,0.5,1680,13.264778693840263,2100768,
balanced_independent,7,g2_eps_0p5,g2,0.5,1800,13.264778693840263,2249416,
balanced_independent,7,g2_eps_0p5,g2,0.5,1920,13.264778693840263,2398064,
balanced_independent,7,g2_eps_0p5,g2,0.5,2040,13.264778693840263,2546712,
balanced_independent,7,g2_eps_0p5,g2,0.5,2160,13.264778693840263,2695360,
balanced_independent,7,g2_eps_0p5,g2,0.5,2280,13.264778693840263,2844008,
balanced_independent,7,g2_eps_0p5,g2,0.5,2400,13.264778693840263,2992656,
balanced_independent,8,g2_eps_0p5,g2,0.5,0,23.422822430530402,19696,
balanced_independent,8,g2_eps_0p5,g2,0.5,120,2.415708503128295,168344,
balanced_independent,8,g2_eps_0p5,g2,0.5,240,2.415708503128295,316992,
balanced_independent,8,g2_eps_0p5,g2,0.5,360,2.415708503128295,465640,
balanced_independent,8,g2_eps_0p5,g2,0.5,480,2.415708503128295,614288,
balanced_independent,8,g2_eps_0p5,g2,0.5,600,2.415708503128295,762936,
balanced_independent,8,g2_eps_0p5,g2,0.5,720,2.415708503128295,911584,
balanced_independent,8,g2_eps_0p5,g2,0.5,840,2.415708503128295,1060232,
balanced_independent,8,g2_eps_0p5,g2,0.5,960,2.415708503128295,1208880,
balanced_independent,8,g2_eps_0p5,g2,0.5,1080,2.415708503128295,1357528,
balanced_independent,8,g2_eps_0p5,g2,0.5,1200,2.415708503128295,1506176,
balanced_independent,8,g2_eps_0p5,g2,0.5,1320,2.415708503128295,1654824,
balanced_independent,8,g2_eps_0p5,g2,0.5,1440,2.415708503128295,1803472,
balanced_independent,8,g2_eps_0p5,g2,0.5,1560,2.415708503128295,1952120,
balanced_independent,8,g2_eps_0p5,g2,0.5,1680,2.415708503128295,2100768,
balanced_independent,8,g2_eps_0p5,g2,0.5,1800,2.415708503128295,2249416,
balanced_independent,8,g2_eps_0p5,g2,0.5,1920,2.415708503128295,2398064,
balanced_independent,8,g2_eps_0p5,g2,0.5,2040,2.415708503128295,2546712,
balanced_independent,8,g2_eps_0p5,g2,0.5,2160,2.415708503128295,2695360,
balanced_independent,8,g2_eps_0p5,g2,0.5,2280,2.415708503128295,2844008,
balanced_independent,8,g2_eps_0p5,g2,0.5,2400,2.415708503128295,2992656,
balanced_independent,9,g2_eps_0p5,g2,0.5,0,17.51485017784784,19696,
balanced_independent,9,g2_eps_0p5,g2,0.5,120,8.271039652966252,168344,
balanced_independent,9,g2_eps_0p5,g2,0.5,240,8.271039652966252,316992,
balanced_independent,9,g2_eps_0p5,g2,0.5,360,8.271039652966252,465640,
balanced_independent,9,g2_eps_0p5,g2,0.5,480,8.271039652966252,614288,
balanced_independent,9,g2_eps_0p5,g2,0.5,600,8.271039652966252,762936,
balanced_independent,9,g2_eps_0p5,g2,0.5,720,8.271039652966252,911584,
balanced_independent,9,g2_eps_0p5,g2,0.5,840,8.271039652966252,1060232,
balanced_independent,9,g2_eps_0p5,g2,0.5,960,8.271039652966252,1208880,
balanced_independent,9,g2_eps_0p5,g2,0.5,1080,8.271039652966252,1357528,
balanced_independent,9,g2_eps_0p5,g2,0.5,1200,8.271039652966252,1506176,
balanced_independent,9,g2_eps_0p5,g2,0.5,1320,8.271039652966252,1654824,
balanced_independent,9,g2_eps_0p5,g2,0.5,1440,8.271039652966252,1803472,
balanced_independent,9,g2_eps_0p5,g2,0.5,1560,8.271039652966252,1952120,
balanced_independent,9,g2_eps_0p5,g2,0.5,1680,8.271039652966252,2100768,
balanced_independent,9,g2_eps_0p5,g2,0.5,1800,8.271039652966252,2249416,
balanced_independent,9,g2_eps_0p5,g2,0.5,1920,8.271039652966252,2398064,
balanced_independent,9,g2_eps_0p5,g2,0.5,2040,8.271039652966252,2546712,
balanced_independent,9,g2_eps_0p5,g2,0.5,2160,8.271039652966252,2695360,
balanced_independent,9,g2_eps_0p5,g2,0.5,2280,8.271039652966252,2844008,
balanced_independent,9,g2_eps_0p5,g2,0.5,2400,8.271039652966252,2992656,
balanced_independent,10,g2_eps_0p5,g2,0.5,0,22.573340406858694,19696,
balanced_independent,10,g2_eps_0p5,g2,0.5,120,2.671761317543207,168344,
balanced_independent,10,g2_eps_0p5,g2,0.5,240,1.6071735564887888,316992,
balanced_independent,10,g2_eps_0p5,g2,0.5,360,1.6071735564887888,465640,
balanced_independent,10,g2_eps_0p5,g2,0.5,480,1.6071735564887888,614288,
balanced_independent,10,g2_eps_0p5,g2,0.5,600,1.6071735564887888,762936,
balanced_independent,10,g2_eps_0p5,g2,0.5,720,1.6071735564887888,911584,
balanced_independent,10,g2_eps_0p5,g2,0.5,840,1.6071735564887888,1060232,
balanced_independent,10,g2_eps_0p5,g2,0.5,960,1.6071735564887888,1208880,
balanced_independent,10,g2_eps_0p5,g2,0.5,1080,1.6071735564887888,1357528,
balanced_independent,10,g2_eps_0p5,g2,0.5,1200,1.6071735564887888,1506176,
balanced_independent,10,g2_eps_0p5,g2,0.5,1320,1.6071735564887888,1654824,
balanced_independent,10,g2_eps_0p5,g2,0.5,1440,1.6071735564887888,1803472,
balanced_independent,10,g2_eps_0p5,g2,0.5,1560,1.6071735564887888,1952120,
balanced_independent,10,g2_eps_0p5,g2,0.5,1680,1.6071735564887888,2100768,
balanced_independent,10,g2_eps_0p5,g2,0.5,1800,1.6071735564887888,2249416,
balanced_independent,10,g2_eps_0p5,g2,0.5,1920,1.6071735564887888,2398064,
balanced_independent,10,g2_eps_0p5,g2,0.5,2040,1.6071735564887888,2546712,
balanced_independent,10,g2_eps_0p5,g2,0.5,2160,1.6071735564887888,2695360,
balanced_independent,10,g2_eps_0p5,g2,0.5,2280,1.6071735564887888,2844008,
balanced_independent,10,g2_eps_0p5,g2,0.5,2400,1.6071735564887888,2992656,
balanced_independent,11,g2_eps_0p5,g2,0.5,0,18.90269119585936,19696,
balanced_independent,11,g2_eps_0p5,g2,0.5,120,6.033239555031942,168344,
balanced_independent,11,g2_eps_0p5,g2,0.5,240,6.033239555031942,316992,
balanced_independent,11,g2_eps_0p5,g2,0.5,360,6.033239555031942,465640,
balanced_independent,11,g2_eps_0p5,g2,0.5,480,6.033239555031942,614288,
balanced_independent,11,g2_eps_0p5,g2,0.5,600,6.033239555031942,762936,
balanced_independent,11,g2_eps_0p5,g2,0.5,720,6.033239555031942,911584,
balanced_independent,11,g2_eps_0p5,g2,0.5,840,6.033239555031942,1060232,
balanced_independent,11,g2_eps_0p5,g2,0.5,960,6.033239555031942,1208880,
balanced_independent,11,g2_eps_0p5,g2,0.5,1080,6.033239555031942,1357528,
balanced_independent,11,g2_eps_0p5,g2,0.5,1200,6.033239555031942,1506176,
balanced_independent,11,g2_eps_0p5,g2,0.5,1320,6.033239555031942,1654824,
balanced_independent,11,g2_eps_0p5,g2,0.5,1440,6.033239555031942,1803472,
balanced_independent,11,g2_eps_0p5,g2,0.5,1560,6.033239555031942,1952120,
balanced_independent,11,g2_eps_0p5,g2,0.5,1680,6.033239555031942,2100768,
balanced_independent,11,g2_eps_0p5,g2,0.5,1800,6.033239555031942,2249416,
balanced_independent,11,g2_eps_0p5,g2,0.5,1920,6.033239555031942,2398064,
balanced_independent,11,g2_eps_0p5,g2,0.5,2040,6.033239555031942,2546712,
balanced_independent,11,g2_eps_0p5,g2,0.5,2160,6.033239555031942,2695360,
balanced_independent,11,g2_eps_0p5,g2,0.5,2280,6.033239555031942,2844008,
balanced_independent,11,g2_eps_0p5,g2,0.5,2400,6.033239555031942,2992656,
balanced_independent,0,g2_eps_0p25,g2,0.25,0,28.767916123777322,19696,
balanced_independent,0,g2_eps_0p25,g2,0.25,120,9.634652300537091,168344,
balanced_independent,0,g2_eps_0p25,g2,0.25,240,9.634652300537091,316992,
balanced_independent,0,g2_eps_0p25,g2,0.25,360,9.634652300537091,465640,
balanced_independent,0,g2_eps_0p25,g2,0.25,480,9.634652300537091,614288,
balanced_independent,0,g2_eps_0p25,g2,0.25,600,9.634652300537091,762936,
balanced_independent,0,g2_eps_0p25,g2,0.25,720,9.634652300537091,911584,
balanced_independent,0,g2_eps_0p25,g2,0.25,840,9.634652300537091,1060232,
balanced_independent,0,g2_eps_0p25,g2,0.25,960,9.634237422056888,1208880,
balanced_independent,0,g2_eps_0p25,g2,0.25,1080,9.552878298821526,1357528,
balanced_independent,0,g2_eps_0p25,g2,0.25,1200,9.552878298821526,1506176,
balanced_independent,0,g2_eps_0p25,g2,0.25,1320,9.552878298821526,1654824,
balanced_independent,0,g2_eps_0p25,g2,0.25,1440,9.552878298821526,1803472,
balanced_independent,0,g2_eps_0p25,g2,0.25,1560,9.552878298821526,1952120,
balanced_independent,0,g2_eps_0p25,g2,0.25,1680,9.552878298821526,2100768,
balanced_independent,0,g2_eps_0p25,g2,0.25,1800,9.552878298821526,2249416,
balanced_independent,0,g2_eps_0p25,g2,0.25,1920,9.552878298821526,2398064,
balanced_independent,0,g2_eps_0p25,g2,0.25,2040,9.552878298821526,2546712,
balanced_independent,0,g2_eps_0p25,g2,0.25,2160,9.552878298821526,2695360,
balanced_independent,0,g2_eps_0p25,g2,0.25,2280,9.552878298821526,2844008,
balanced_independent,0,g2_eps_0p25,g2,0.25,2400,9.552878298821526,2992656,
balanced_independent,1,g2_eps_0p25,g2,0.25,0,24.162466066812307,19696,
balanced_independent,1,g2_eps_0p25,g2,0.25,120,12.24613084339069,168344,
balanced_independent,1,g2_eps_0p25,g2,0.25,240,12.24613084339069,316992,
balanced_independent,1,g2_eps_0p25,g2,0.25,360,12.24613084339069,465640,
balanced_independent,1,g2_eps_0p25,g2,0.25,480,12.24613084339069,614288,
balanced_independent,1,g2_eps_0p25,g2,0.25,600,12.24613084339069,762936,
balanced_independent,1,g2_eps_0p25,g2,0.25,720,12.24613084339069,911584,
balanced_independent,1,g2_eps_0p25,g2,0.25,840,12.24613084339069,1060232,
balanced_independent,1,g2_eps_0p25,g2,0.25,960,12.24613084339069,1208880,
balanced_independent,1,g2_eps_0p25,g2,0.25,1080,12.24613084339069,1357528,
balanced_independent,1,g2_eps_0p25,g2,0.25,1200,12.24613084339069,1506176,
balanced_independent,1,g2_eps_0p25,g2,0.25,1320,12.24613084339069,1654824,
balanced_independent,1,g2_eps_0p25,g2,0.25,1440,12.24613084339069,1803472,
balanced_independent,1,g2_eps_0p25,g2,0.25,1560,12.24613084339069,1952120,
balanced_independent,1,g2_eps_0p25,g2,0.25,1680,12.24613084339069,2100768,
balanced_independent,1,g2_eps_0p25,g2,0.25,1800,12.24613084339069,2249416,
balanced_independent,1,g2_eps_0p25,g2,0.25,1920,12.24613084339069,2398064,
balanced_independent,1,g2_eps_0p25,g2,0.25,2040,12.24613084339069,2546712,
balanced_independent,1,g2_eps_0p25,g2,0.25,2160,12.24613084339069,2695360,
balanced_independent,1,g2_eps_0p25,g2,0.25,2280,12.24613084339069,2844008,
balanced_independent,1,g2_eps_0p25,g2,0.25,2400,12.24613084339069,2992656,
balanced_independent,2,g2_eps_0p25,g2,0.25,0,31.76498611637578,19696,
balanced_independent,2,g2_eps_0p25,g2,0.25,120,14.91771532190083,168344,
balanced_independent,2,g2_eps_0p25,g2,0.25,240,13.438934253519486,316992,
balanced_independent,2,g2_eps_0p25,g2,0.25,360,13.438934253519486,465640,
balanced_independent,2,g2_eps_0p25,g2,0.25,480,13.438934253519486,614288,
balanced_independent,2,g2_eps_0p25,g2,0.25,600,13.438934253519486,762936,
balanced_independent,2,g2_eps_0p25,g2,0.25,720,13.438934253519486,911584,
balanced_independent,2,g2_eps_0p25,g2,0.25,840,13.438934253519486,1060232,
balanced_independent,2,g2_eps_0p25,g2,0.25,960,13.438934253519486,1208880,
balanced_independent,2,g2_eps_0p25,g2,0.25,1080,13.438934253519486,1357528,
balanced_independent,2,g2_eps_0p25,g2,0.25,1200,11.817200512434376,1506176,
balanced_independent,2,g2_eps_0p25,g2,0.25,1320,11.817200512434374,1654824,
balanced_independent,2,g2_eps_0p25,g2,0.25,1440,11.817200512434374,1803472,
balanced_independent,2,g2_eps_0p25,g2,0.25,1560,11.817200512434374,1952120,
balanced_independent,2,g2_eps_0p25,g2,0.25,1680,11.817200512434374,2100768,
balanced_independent,2,g2_eps_0p25,g2,0.25,1800,11.817200512434374,2249416,
balanced_independent,2,g2_eps_0p25,g2,0.25,1920,11.817200512434374,2398064,
balanced_independent,2,g2_eps_0p25,g2,0.25,2040,11.817200512434374,2546712,
balanced_independent,2,g2_eps_0p25,g2,0.25,2160,11.817200512434374,2695360,
balanced_independent,2,g2_eps_0p25,g2,0.25,2280,11.817200512434374,2844008,
balanced_independent,2,g2_eps_0p25,g2,0.25,2400,11.817200512434374,2992656,
balanced_independent,3,g2_eps_0p25,g2,0.25,0,27.202406399348924,19696,
balanced_independent,3,g2_eps_0p25,g2,0.25,120,16.933319779647277,168344,
balanced_independent,3,g2_eps_0p25,g2,0.25,240,16.933319779647277,316992,
balanced_independent,3,g2_eps_0p25,g2,0.25,360,11.07750475309986,465640,
balanced_independent,3,g2_eps_0p25,g2,0.25,480,11.07750475309986,614288,
balanced_independent,3,g2_eps_0p25,g2,0.25,600,11.07750475309986,762936,
balanced_independent,3,g2_eps_0p25,g2,0.25,720,11.07750475309986,911584,
balanced_independent,3,g2_eps_0p25,g2,0.25,840,11.07750475309986,1060232,
balanced_independent,3,g2_eps_0p25,g2,0.25,960,11.07750475309986,1208880,
balanced_independent,3,g2_eps_0p25,g2,0.25,1080,11.07750475309986,1357528,
balanced_independent,3,g2_eps_0p25,g2,0.25,1200,11.07750475309986,1506176,
balanced_independent,3,g2_eps_0p25,g2,0.25,1320,11.07750475309986,1654824,
balanced_independent,3,g2_eps_0p25,g2,0.25,1440,11.07750475309986,1803472,
balanced_independent,3,g2_eps_0p25,g2,0.25,1560,11.077307590108648,1952120,
balanced_independent,3,g2_eps_0p25,g2,0.25,1680,11.077307590108648,2100768,
balanced_independent,3,g2_eps_0p25,g2,0.25,1800,11.077307590108648,2249416,
balanced_independent,3,g2_eps_0p25,g2,0.25,1920,11.077307590108648,2398064,
balanced_independent,3,g2_eps_0p25,g2,0.25,2040,11.077307590108648,2546712,
balanced_independent,3,g2_eps_0p25,g2,0.25,2160,11.077307590108648,2695360,
balanced_independent,3,g2_eps_0p25,g2,0.25,2280,11.077307590108648,2844008,
balanced_independent,3,g2_eps_0p25,g2,0.25,2400,11.077307590108648,2992656,
balanced_independent,4,g2_eps_0p25,g2,0.25,0,32.6068226667799,19696,
balanced_independent,4,g2_eps_0p25,g2,0.25,120,18.446132240061626,168344,
balanced_independent,4,g2_eps_0p25,g2,0.25,240,18.446132240061626,316992,
balanced_independent,4,g2_eps_0p25,g2,0.25,360,18.446132240061626,465640,
balanced_independent,4,g2_eps_0p25,g2,0.25,480,18.446132240061626,614288,
balanced_independent,4,g2_eps_0p25,g2,0.25,600,18.446132240061626,762936,
balanced_independent,4,g2_eps_0p25,g2,0.25,720,18.446132240061626,911584,
balanced_independent,4,g2_eps_0p25,g2,0.25,840,18.446132240061626,1060232,
balanced_independent,4,g2_eps_0p25,g2,0.25,960,18.446132240061626,1208880,
balanced_independent,4,g2_eps_0p25,g2,0.25,1080,18.446132240061626,1357528,
balanced_independent,4,g2_eps_0p25,g2,0.25,1200,18.446132240061626,1506176,
balanced_independent,4,g2_eps_0p25,g2,0.25,1320,18.446132240061626,1654824,
balanced_independent,4,g2_eps_0p25,g2,0.25,1440,18.446132240061626,1803472,
balanced_independent,4,g2_eps_0p25,g2,0.25,1560,18.446132240061626,1952120,
balanced_independent,4,g2_eps_0p25,g2,0.25,1680,18.446132240061626,2100768,
balanced_independent,4,g2_eps_0p25,g2,0.25,1800,18.446132240061626,2249416,
balanced_independent,4,g2_eps_0p25,g2,0.25,1920,18.446132240061626,2398064,
balanced_independent,4,g2_eps_0p25,g2,0.25,2040,17.45059305088444,2546712,
balanced_independent,4,g2_eps_0p25,g2,0.25,2160,17.45059305088444,2695360,
balanced_independent,4,g2_eps_0p25,g2,0.25,2280,17.45059305088444,2844008,
balanced_independent,4,g2_eps_0p25,g2,0.25,2400,17.45059305088444,2992656,
balanced_independent,5,g2_eps_0p25,g2,0.25,0,24.247718561444692,19696,
balanced_independent,5,g2_eps_0p25,g2,0.25,120,14.913323331960795,168344,
balanced_independent,5,g2_eps_0p25,g2,0.25,240,14.913323331960795,316992,
balanced_independent,5,g2_eps_0p25,g2,0.25,360,14.913323331960795,465640,
balanced_independent,5,g2_eps_0p25,g2,0.25,480,14.913323331960795,614288,
balanced_independent,5,g2_eps_0p25,g2,0.25,600,14.913323331960795,762936,
balanced_independent,5,g2_eps_0p25,g2,0.25,720,14.913323331960795,911584,
balanced_independent,5,g2_eps_0p25,g2,0.25,840,14.913323331960795,1060232,
balanced_independent,5,g2_eps_0p25,g2,0.25,960,14.913323331960795,1208880,
balanced_independent,5,g2_eps_0p25,g2,0.25,1080,14.913323331960795,1357528,
balanced_independent,5,g2_eps_0p25,g2,0.25,1200,14.913323331960795,1506176,
balanced_independent,5,g2_eps_0p25,g2,0.25,1320,14.913323331960795,1654824,
balanced_independent,5,g2_eps_0p25,g2,0.25,1440,14.913323331960795,1803472,
balanced_independent,5,g2_eps_0p25,g2,0.25,1560,14.913323331960795,1952120,
balanced_independent,5,g2_eps_0p25,g2,0.25,1680,14.913323331960795,2100768,
balanced_independent,5,g2_eps_0p25,g2,0.25,1800,14.913323331960795,2249416,
balanced_independent,5,g2_eps_0p25,g2,0.25,1920,14.913323331960795,2398064,
balanced_independent,5,g2_eps_0p25,g2,0.25,2040,14.913323331960795,2546712,
balanced_independent,5,g2_eps_0p25,g2,0.25,2160,14.913323331960795,2695360,
balanced_independent,5,g2_eps_0p25,g2,0.25,2280,14.913323331960795,2844008,
balanced_independent,5,g2_eps_0p25,g2,0.25,2400,14.913323331960795,2992656,
balanced_independent,6,g2_eps_0p25,g2,0.25,0,22.521416477727392,19696,
balanced_independent,6,g2_eps_0p25,g2,0.25,120,12.177175215157966,168344,
balanced_independent,6,g2_eps_0p25,g2,0.25,240,12.177175215157966,316992,
balanced_independent,6,g2_eps_0p25,g2,0.25,360,12.177175215157966,465640,
balanced_independent,6,g2_eps_0p25,g2,0.25,480,12.06252266756876,614288,
balanced_independent,6,g2_eps_0p25,g2,0.25,600,12.06252266756876,762936,
balanced_independent,6,g2_eps_0p25,g2,0.25,720,12.06252266756876,911584,
balanced_independent,6,g2_eps_0p25,g2,0.25,840,12.06252266756876,1060232,
balanced_independent,6,g2_eps_0p25,g2,0.25,960,12.06252266756876,1208880,
balanced_independent,6,g2_eps_0p25,g2,0.25,1080,12.06252266756876,1357528,
balanced_independent,6,g2_eps_0p25,g2,0.25,1200,12.06252266756876,1506176,
balanced_independent,6,g2_eps_0p25,g2,0.25,1320,12.06252266756876,1654824,
balanced_independent,6,g2_eps_0p25,g2,0.25,1440,12.06252266756876,1803472,
balanced_independent,6,g2_eps_0p25,g2,0.25,1560,12.06252266756876,1952120,
balanced_independent,6,g2_eps_0p25,g2,0.25,1680,12.06252266756876,2100768,
balanced_independent,6,g2_eps_0p25,g2,0.25,1800,12.06252266756876,2249416,
balanced_independent,6,g2_eps_0p25,g2,0.25,1920,12.06252266756876,2398064,
balanced_independent,6,g2_eps_0p25,g2,0.25,2040,12.06252266756876,2546712,
balanced_independent,6,g2_eps_0p25,g2,0.25,2160,12.06252266756876,2695360,
balanced_independent,6,g2_eps_0p25,g2,0.25,2280,12.06252266756876,2844008,
balanced_independent,6,g2_eps_0p25,g2,0.25,2400,12.06252266756876,2992656,
balanced_independent,7,g2_eps_0p25,g2,0.25,0,21.535782521704903,19696,
balanced_independent,7,g2_eps_0p25,g2,0.25,120,7.6488137360790756,168344,
balanced_independent,7,g2_eps_0p25,g2,0.25,240,7.6488137360790756,316992,
balanced_independent,7,g2_eps_0p25,g2,0.25,360,7.6488137360790756,465640,
balanced_independent,7,g2_eps_0p25,g2,0.25,480,7.6488137360790756,614288,
balanced_independent,7,g2_eps_0p25,g2,0.25,600,7.6488137360790756,762936,
balanced_independent,7,g2_eps_0p25,g2,0.25,720,7.6488137360790756,911584,
balanced_independent,7,g2_eps_0p25,g2,0.25,840,7.6488137360790756,1060232,
balanced_independent,7,g2_eps_0p25,g2,0.25,960,7.6488137360790756,1208880,
balanced_independent,7,g2_eps_0p25,g2,0.25,1080,7.6488137360790756,1357528,
balanced_independent,7,g2_eps_0p25,g2,0.25,1200,7.6488137360790756,1506176,
balanced_independent,7,g2_eps_0p25,g2,0.25,1320,7.6488137360790756,1654824,
balanced_independent,7,g2_eps_0p25,g2,0.25,1440,7.6488137360790756,1803472,
balanced_independent,7,g2_eps_0p25,g2,0.25,1560,7.6488137360790756,1952120,
balanced_independent,7,g2_eps_0p25,g2,0.25,1680,7.6488137360790756,2100768,
balanced_independent,7,g2_eps_0p25,g2,0.25,1800,7.6488137360790756,2249416,
balanced_independent,7,g2_eps_0p25,g2,0.25,1920,7.6488137360790756,2398064,
balanced_independent,7,g2_eps_0p25,g2,0.25,2040,7.6488137360790756,2546712,
balanced_independent,7,g2_eps_0p25,g2,0.25,2160,7.6488137360790756,2695360,
balanced_independent,7,g2_eps_0p25,g2,0.25,2280,7.6488137360790756,2844008,
balanced_independent,7,g2_eps_0p25,g2,0.25,2400,7.6488137360790756,2992656,
balanced_independent,8,g2_eps_0p25,g2,0.25,0,23.422822430530402,19696,
balanced_independent,8,g2_eps_0p25,g2,0.25,120,7.514238883386739,168344,
balanced_independent,8,g2_eps_0p25,g2,0.25,240,7.514238883386739,316992,
balanced_independent,8,g2_eps_0p25,g2,0.25,360,7.514238883386739,465640,
balanced_independent,8,g2_eps_0p25,g2,0.25,480,7.514238883386739,614288,
balanced_independent,8,g2_eps_0p25,g2,0.25,600,7.514238883386739,762936,
balanced_independent,8,g2_eps_0p25,g2,0.25,720,7.514238883386739,911584,
balanced_independent,8,g2_eps_0p25,g2,0.25,840,7.514238883386739,1060232,
balanced_independent,8,g2_eps_0p25,g2,0.25,960,7.514238883386739,1208880,
balanced_independent,8,g2_eps_0p25,g2,0.25,1080,7.514238883386739,1357528,
balanced_independent,8,g2_eps_0p25,g2,0.25,1200,7.514238883386739,1506176,
balanced_independent,8,g2_eps_0p25,g2,0.25,1320,7.514238883386739,1654824,
balanced_independent,8,g2_eps_0p25,g2,0.25,1440,7.514238883386739,1803472,
balanced_independent,8,g2_eps_0p25,g2,0.25,1560,7.514238883386739,1952120,
balanced_independent,8,g2_eps_0p25,g2,0.25,1680,7.514238883386739,2100768,
balanced_independent,8,g2_eps_0p25,g2,0.25,1800,7.514238883386739,2249416,
balanced_independent,8,g2_eps_0p25,g2,0.25,1920,7.514238883386739,2398064,
balanced_independent,8,g2_eps_0p25,g2,0.25,2040,7.514238883386739,2546712,
balanced_independent,8,g2_eps_0p25,g2,0.25,2160,7.514238883386739,2695360,
balanced_independent,8,g2_eps_0p25,g2,0.25,2280,7.514238883386739,2844008,
balanced_independent,8,g2_eps_0p25,g2,0.25,2400,7.514238883386739,2992656,
balanced_independent,9,g2_eps_0p25,g2,0.25,0,17.51485017784784,19696,
balanced_independent,9,g2_eps_0p25,g2,0.25,120,5.004666882948176,168344,
balanced_independent,9,g2_eps_0p25,g2,0.25,240,5.004666882948176,316992,
balanced_independent,9,g2_eps_0p25,g2,0.25,360,5.004666882948176,465640,
balanced_independent,9,g2_eps_0p25,g2,0.25,480,5.004666882948176,614288,
balanced_independent,9,g2_eps_0p25,g2,0.25,600,5.004666882948176,762936,
balanced_independent,9,g2_eps_0p25,g2,0.25,720,5.004666882948176,911584,
balanced_independent,9,g2_eps_0p25,g2,0.25,840,5.004666882948176,1060232,
balanced_independent,9,g2_eps_0p25,g2,0.25,960,5.004666882948176,1208880,
balanced_independent,9,g2_eps_0p25,g2,0.25,1080,5.004666882948176,1357528,
balanced_independent,9,g2_eps_0p25,g2,0.25,1200,5.004666882948176,1506176,
balanced_independent,9,g2_eps_0p25,g2,0.25,1320,5.004666882948176,1654824,
balanced_independent,9,g2_eps_0p25,g2,0.25,1440,5.004666882948176,1803472,
balanced_independent,9,g2_eps_0p25,g2,0.25,1560,5.004666882948176,1952120,
balanced_independent,9,g2_eps_0p25,g2,0.25,1680,5.004666882948176,2100768,
balanced_independent,9,g2_eps_0p25,g2,0.25,1800,5.004666882948176,2249416,
balanced_independent,9,g2_eps_0p25,g2,0.25,1920,5.004666882948176,2398064,
balanced_independent,9,g2_eps_0p25,g2,0.25,2040,5.004666882948176,2546712,
balanced_independent,9,g2_eps_0p25,g2,0.25,2160,5.004666882948176,2695360,
balanced_independent,9,g2_eps_0p25,g2,0.25,2280,5.004666882948176,2844008,
balanced_independent,9,g2_eps_0p25,g2,0.25,2400,5.004666882948176,2992656,
balanced_independent,10,g2_eps_0p25,g2,0.25,0,22.573340406858694,19696,
balanced_independent,10,g2_eps_0p25,g2,0.25,120,11.15544923001962,168344,
balanced_independent,10,g2_eps_0p25,g2,0.25,240,11.15544923001962,316992,
balanced_independent,10,g2_eps_0p25,g2,0.25,360,11.15544923001962,465640,
balanced_independent,10,g2_eps_0p25,g2,0.25,480,11.15544923001962,614288,
balanced_independent,10,g2_eps_0p25,g2,0.25,600,11.15544923001962,762936,
balanced_independent,10,g2_eps_0p25,g2,0.25,720,11.15544923001962,911584,
balanced_independent,10,g2_eps_0p25,g2,0.25,840,11.15544923001962,1060232,
balanced_independent,10,g2_eps_0p25,g2,0.25,960,11.15544923001962,1208880,
balanced_independent,10,g2_eps_0p25,g2,0.25,1080,11.15544923001962,1357528,
balanced_independent,10,g2_eps_0p25,g2,0.25,1200,11.15544923001962,1506176,
balanced_independent,10,g2_eps_0p25,g2,0.25,1320,11.15544923001962,1654824,
balanced_independent,10,g2_eps_0p25,g2,0.25,1440,11.15544923001962,1803472,
balanced_independent,10,g2_eps_0p25,g2,0.25,1560,11.15544923001962,1952120,
balanced_independent,10,g2_eps_0p25,g2,0.25,1680,11.15544923001962,2100768,
balanced_independent,10,g2_eps_0p25,g2,0.25,1800,11.15544923001962,2249416,
balanced_independent,10,g2_eps_0p25,g2,0.25,1920,11.15544923001962,2398064,
balanced_independent,10,g2_eps_0p25,g2,0.25,2040,11.15544923001962,2546712,
balanced_independent,10,g2_eps_0p25,g2,0.25,2160,11.15544923001962,2695360,
balanced_independent,10,g2_eps_0p25,g2,0.25,2280,11.15544923001962,2844008,
balanced_independent,10,g2_eps_0p25,g2,0.25,2400,11.15544923001962,2992656,
balanced_independent,11,g2_eps_0p25,g2,0.25,0,18.90269119585936,19696,
balanced_independent,11,g2_eps_0p25,g2,0.25,120,9.257870275619643,168344,
balanced_independent,11,g2_eps_0p25,g2,0.25,240,9.257870275619643,316992,
balanced_independent,11,g2_eps_0p25,g2,0.25,360,9.257870275619643,465640,
balanced_independent,11,g2_eps_0p25,g2,0.25,480,9.257870275619643,614288,
balanced_independent,11,g2_eps_0p25,g2,0.25,600,9.257870275619643,762936,
balanced_independent,11,g2_eps_0p25,g2,0.25,720,9.257870275619643,911584,
balanced_independent,11,g2_eps_0p25,g2,0.25,840,9.257870275619643,1060232,
balanced_independent,11,g2_eps_0p25,g2,0.25,960,9.257870275619643,1208880,
balanced_independent,11,g2_eps_0p25,g2,0.25,1080,9.257870275619643,1357528,
balanced_independent,11,g2_eps_0p25,g2,0.25,1200,9.257870275619643,1506176,
balanced_independent,11,g2_eps_0p25,g2,0.25,1320,9.257870275619643,1654824,
balanced_independent,11,g2_eps_0p25,g2,0.25,1440,9.257870275619643,1803472,
balanced_independent,11,g2_eps_0p25,g2,0.25,1560,9.257870275619643,1952120,
balanced_independent,11,g2_eps_0p25,g2,0.25,1680,9.257870275619643,2100768,
balanced_independent,11,g2_eps_0p25,g2,0.25,1800,9.257870275619643,2249416,
balanced_independent,11,g2_eps_0p25,g2,0.25,1920,9.257870275619643,2398064,
balanced_independent,11,g2_eps_0p25,g2,0.25,2040,7.615216340342819,2546712,
balanced_independent,11,g2_eps_0p25,g2,0.25,2160,7.615216340342819,2695360,
balanced_independent,11,g2_eps_0p25,g2,0.25,2280,7.615216340342819,2844008,
balanced_independent,11,g2_eps_0p25,g2,0.25,2400,7.615216340342819,2992656,
balanced_independent,0,g2_eps_0p125,g2,0.125,0,28.767916123777322,19696,
balanced_independent,0,g2_eps_0p125,g2,0.125,120,11.63059130731559,168344,
balanced_independent,0,g2_eps_0p125,g2,0.125,240,11.63059130731559,316992,
balanced_independent,0,g2_eps_0p125,g2,0.125,360,11.63059130731559,465640,
balanced_independent,0,g2_eps_0p125,g2,0.125,480,11.63059130731559,614288,
balanced_independent,0,g2_eps_0p125,g2,0.125,600,11.63059130731559,762936,
balanced_independent,0,g2_eps_0p125,g2,0.125,720,11.63059130731559,911584,
balanced_independent,0,g2_eps_0p125,g2,0.125,840,11.63059130731559,1060232,
balanced_independent,0,g2_eps_0p125,g2,0.125,960,11.63059130731559,1208880,
balanced_independent,0,g2_eps_0p125,g2,0.125,1080,11.63059130731559,1357528,
balanced_independent,0,g2_eps_0p125,g2,0.125,1200,11.63059130731559,1506176,
balanced_independent,0,g2_eps_0p125,g2,0.125,1320,11.63059130731559,1654824,
balanced_independent,0,g2_eps_0p125,g2,0.125,1440,10.291292008962223,1803472,
balanced_independent,0,g2_eps_0p125,g2,0.125,1560,10.291292008962223,1952120,
balanced_independent,0,g2_eps_0p125,g2,0.125,1680,10.291292008962223,2100768,
balanced_independent,0,g2_eps_0p125,g2,0.125,1800,10.291292008962223,2249416,
balanced_independent,0,g2_eps_0p125,g2,0.125,1920,10.291292008962223,2398064,
balanced_independent,0,g2_eps_0p125,g2,0.125,2040,10.291292008962223,2546712,
balanced_independent,0,g2_eps_0p125,g2,0.125,2160,10.291292008962223,2695360,
balanced_independent,0,g2_eps_0p125,g2,0.125,2280,10.291292008962223,2844008,
balanced_independent,0,g2_eps_0p125,g2,0.125,2400,10.291292008962223,2992656,
balanced_independent,1,g2_eps_0p125,g2,0.125,0,24.162466066812307,19696,
balanced_independent,1,g2_eps_0p125,g2,0.125,120,7.757425144457699,168344,
balanced_independent,1,g2_eps_0p125,g2,0.125,240,7.757425144457699,316992,
balanced_independent,1,g2_eps_0p125,g2,0.125,360,7.757425144457699,465640,
balanced_independent,1,g2_eps_0p125,g2,0.125,480,7.757425144457699,614288,
balanced_independent,1,g2_eps_0p125,g2,0.125,600,7.757425144457699,762936,
balanced_independent,1,g2_eps_0p125,g2,0.125,720,7.757425144457699,911584,
balanced_independent,1,g2_eps_0p125,g2,0.125,840,7.757425144457699,1060232,
balanced_independent,1,g2_eps_0p125,g2,0.125,960,7.757425144457699,1208880,
balanced_independent,1,g2_eps_0p125,g2,0.125,1080,7.757425144457699,1357528,
balanced_independent,1,g2_eps_0p125,g2,0.125,1200,7.757425144457699,1506176,
balanced_independent,1,g2_eps_0p125,g2,0.125,1320,7.757425144457699,1654824,
balanced_independent,1,g2_eps_0p125,g2,0.125,1440,7.757425144457699,1803472,
balanced_independent,1,g2_eps_0p125,g2,0.125,1560,7.757425144457699,1952120,
balanced_independent,1,g2_eps_0p125,g2,0.125,1680,7.757425144457699,2100768,
balanced_independent,1,g2_eps_0p125,g2,0.125,1800,7.757425144457699,2249416,
balanced_independent,1,g2_eps_0p125,g2,0.125,1920,7.757425144457699,2398064,
balanced_independent,1,g2_eps_0p125,g2,0.125,2040,7.757425144457699,2546712,
balanced_independent,1,g2_eps_0p125,g2,0.125,2160,7.757425144457699,2695360,
balanced_independent,1,g2_eps_0p125,g2,0.125,2280,7.757425144457699,2844008,
balanced_independent,1,g2_eps_0p125,g2,0.125,2400,7.757425144457699,2992656,
balanced_independent,2,g2_eps_0p125,g2,0.125,0,31.76498611637578,19696,
balanced_independent,2,g2_eps_0p125,g2,0.125,120,10.44216704921586,168344,
balanced_independent,2,g2_eps_0p125,g2,0.125,240,10.44216704921586,316992,
balanced_independent,2,g2_eps_0p125,g2,0.125,360,10.44216704921586,465640,
balanced_independent,2,g2_eps_0p125,g2,0.125,480,10.44216704921586,614288,
balanced_independent,2,g2_eps_0p125,g2,0.125,600,10.44216704921586,762936,
balanced_independent,2,g2_eps_0p125,g2,0.125,720,10.44216704921586,911584,
balanced_independent,2,g2_eps_0p125,g2,0.125,840,10.44216704921586,1060232,
balanced_independent,2,g2_eps_0p125,g2,0.125,960,10.44216704921586,1208880,
balanced_independent,2,g2_eps_0p125,g2,0.125,1080,10.44216704921586,1357528,
balanced_independent,2,g2_eps_0p125,g2,0.125,1200,10.44216704921586,1506176,
balanced_independent,2,g2_eps_0p125,g2,0.125,1320,10.44216704921586,1654824,
balanced_independent,2,g2_eps_0p125,g2,0.125,1440,10.44216704921586,1803472,
balanced_independent,2,g2_eps_0p125,g2,0.125,1560,10.44216704921586,1952120,
balanced_independent,2,g2_eps_0p125,g2,0.125,1680,10.44216704921586,2100768,
balanced_independent,2,g2_eps_0p125,g2,0.125,1800,10.44216704921586,2249416,
balanced_independent,2,g2_eps_0p125,g2,0.125,1920,10.44216704921586,2398064,
balanced_independent,2,g2_eps_0p125,g2,0.125,2040,10.44216704921586,2546712,
balanced_independent,2,g2_eps_0p125,g2,0.125,2160,10.44216704921586,2695360,
balanced_independent,2,g2_eps_0p125,g2,0.125,2280,10.44216704921586,2844008,
balanced_independent,2,g2_eps_0p125,g2,0.125,2400,10.44216704921586,2992656,
balanced_independent,3,g2_eps_0p125,g2,0.125,0,27.202406399348924,19696,
balanced_independent,3,g2_eps_0p125,g2,0.125,120,12.465083469715127,168344,
balanced_independent,3,g2_eps_0p125,g2,0.125,240,12.465083469715127,316992,
balanced_independent,3,g2_eps_0p125,g2,0.125,360,12.465083469715127,465640,
balanced_independent,3,g2_eps_0p125,g2,0.125,480,12.465083469715127,614288,
balanced_independent,3,g2_eps_0p125,g2,0.125,600,12.465083469715127,762936,
balanced_independent,3,g2_eps_0p125,g2,0.125,720,12.465083469715127,911584,
balanced_independent,3,g2_eps_0p125,g2,0.125,840,12.465083469715127,1060232,
balanced_independent,3,g2_eps_0p125,g2,0.125,960,12.465083469715127,1208880,
balanced_independent,3,g2_eps_0p125,g2,0.125,1080,12.465083469715127,1357528,
balanced_independent,3,g2_eps_0p125,g2,0.125,1200,12.465083469715127,1506176,
balanced_independent,3,g2_eps_0p125,g2,0.125,1320,12.465083469715127,1654824,
balanced_independent,3,g2_eps_0p125,g2,0.125,1440,12.465083469715127,1803472,
balanced_independent,3,g2_eps_0p125,g2,0.125,1560,12.465083469715127,1952120,
balanced_independent,3,g2_eps_0p125,g2,0.125,1680,12.465083469715127,2100768,
balanced_independent,3,g2_eps_0p125,g2,0.125,1800,12.465083469715127,2249416,
balanced_independent,3,g2_eps_0p125,g2,0.125,1920,12.465083469715127,2398064,
balanced_independent,3,g2_eps_0p125,g2,0.125,2040,12.465083469715127,2546712,
balanced_independent,3,g2_eps_0p125,g2,0.125,2160,12.465083469715127,2695360,
balanced_independent,3,g2_eps_0p125,g2,0.125,2280,12.465083469715127,2844008,
balanced_independent,3,g2_eps_0p125,g2,0.125,2400,12.465083469715127,2992656,
balanced_independent,4,g2_eps_0p125,g2,0.125,0,32.6068226667799,19696,
balanced_independent,4,g2_eps_0p125,g2,0.125,120,13.473384515666648,168344,
balanced_independent,4,g2_eps_0p125,g2,0.125,240,13.473384515666648,316992,
balanced_independent,4,g2_eps_0p125,g2,0.125,360,13.473384515666648,465640,
balanced_independent,4,g2_eps_0p125,g2,0.125,480,13.473384515666648,614288,
balanced_independent,4,g2_eps_0p125,g2,0.125,600,13.473384515666648,762936,
balanced_independent,4,g2_eps_0p125,g2,0.125,720,13.473384515666648,911584,
balanced_independent,4,g2_eps_0p125,g2,0.125,840,13.473384515666648,1060232,
balanced_independent,4,g2_eps_0p125,g2,0.125,960,13.473384515666648,1208880,
balanced_independent,4,g2_eps_0p125,g2,0.125,1080,13.473384515666648,1357528,
balanced_independent,4,g2_eps_0p125,g2,0.125,1200,13.473384515666648,1506176,
balanced_independent,4,g2_eps_0p125,g2,0.125,1320,13.473384515666648,1654824,
balanced_independent,4,g2_eps_0p125,g2,0.125,1440,13.473384515666648,1803472,
balanced_independent,4,g2_eps_0p125,g2,0.125,1560,13.473384515666648,1952120,
balanced_independent,4,g2_eps_0p125,g2,0.125,1680,13.473384515666648,2100768,
balanced_independent,4,g2_eps_0p125,g2,0.125,1800,13.473384515666648,2249416,
balanced_independent,4,g2_eps_0p125,g2,0.125,1920,13.473384515666648,2398064,
balanced_independent,4,g2_eps_0p125,g2,0.125,2040,13.473384515666648,2546712,
balanced_independent,4,g2_eps_0p125,g2,0.125,2160,13.473384515666648,2695360,
balanced_independent,4,g2_eps_0p125,g2,0.125,2280,13.473384515666648,2844008,
balanced_independent,4,g2_eps_0p125,g2,0.125,2400,13.473384515666648,2992656,
balanced_independent,5,g2_eps_0p125,g2,0.125,0,24.247718561444692,19696,
balanced_independent,5,g2_eps_0p125,g2,0.125,120,6.998021418996965,168344,
balanced_independent,5,g2_eps_0p125,g2,0.125,240,6.998021418996963,316992,
balanced_independent,5,g2_eps_0p125,g2,0.125,360,6.998021418996963,465640,
balanced_independent,5,g2_eps_0p125,g2,0.125,480,6.998021418996963,614288,
balanced_independent,5,g2_eps_0p125,g2,0.125,600,6.998021418996963,762936,
balanced_independent,5,g2_eps_0p125,g2,0.125,720,6.998021418996963,911584,
balanced_independent,5,g2_eps_0p125,g2,0.125,840,6.998021418996963,1060232,
balanced_independent,5,g2_eps_0p125,g2,0.125,960,6.998021418996963,1208880,
balanced_independent,5,g2_eps_0p125,g2,0.125,1080,6.998021418996963,1357528,
balanced_independent,5,g2_eps_0p125,g2,0.125,1200,6.998021418996963,1506176,
balanced_independent,5,g2_eps_0p125,g2,0.125,1320,6.998021418996963,1654824,
balanced_independent,5,g2_eps_0p125,g2,0.125,1440,6.998021418996963,1803472,
balanced_independent,5,g2_eps_0p125,g2,0.125,1560,6.998021418996963,1952120,
balanced_independent,5,g2_eps_0p125,g2,0.125,1680,6.998021418996963,2100768,
balanced_independent,5,g2_eps_0p125,g2,0.125,1800,6.998021418996963,2249416,
balanced_independent,5,g2_eps_0p125,g2,0.125,1920,6.998021418996963,2398064,
balanced_independent,5,g2_eps_0p125,g2,0.125,2040,6.998021418996963,2546712,
balanced_independent,5,g2_eps_0p125,g2,0.125,2160,6.998021418996963,2695360,
balanced_independent,5,g2_eps_0p125,g2,0.125,2280,6.998021418996963,2844008,
balanced_independent,5,g2_eps_0p125,g2,0.125,2400,6.998021418996963,2992656,
balanced_independent,6,g2_eps_0p125,g2,0.125,0,22.521416477727392,19696,
balanced_independent,6,g2_eps_0p125,g2,0.125,120,8.565086843138472,168344,
balanced_independent,6,g2_eps_0p125,g2,0.125,240,8.565086843138472,316992,
balanced_independent,6,g2_eps_0p125,g2,0.125,360,8.565086843138472,465640,
balanced_independent,6,g2_eps_0p125,g2,0.125,480,8.565086843138472,614288,
balanced_independent,6,g2_eps_0p125,g2,0.125,600,8.565086843138472,762936,
balanced_independent,6,g2_eps_0p125,g2,0.125,720,8.565086843138472,911584,
balanced_independent,6,g2_eps_0p125,g2,0.125,840,8.565086843138472,1060232,
balanced_independent,6,g2_eps_0p125,g2,0.125,960,8.565086843138472,1208880,
balanced_independent,6,g2_eps_0p125,g2,0.125,1080,8.565086843138472,1357528,
balanced_independent,6,g2_eps_0p125,g2,0.125,1200,8.565086843138472,1506176,
balanced_independent,6,g2_eps_0p125,g2,0.125,1320,8.565086843138472,1654824,
balanced_independent,6,g2_eps_0p125,g2,0.125,1440,8.565086843138472,1803472,
balanced_independent,6,g2_eps_0p125,g2,0.125,1560,8.565086843138472,1952120,
balanced_independent,6,g2_eps_0p125,g2,0.125,1680,8.565086843138472,2100768,
balanced_independent,6,g2_eps_0p125,g2,0.125,1800,8.565086843138472,2249416,
balanced_independent,6,g2_eps_0p125,g2,0.125,1920,8.565086843138472,2398064,
balanced_independent,6,g2_eps_0p125,g2,0.125,2040,8.565086843138472,2546712,
balanced_independent,6,g2_eps_0p125,g2,0.125,2160,8.565086843138472,2695360,
balanced_independent,6,g2_eps_0p125,g2,0.125,2280,8.565086843138472,2844008,
balanced_independent,6,g2_eps_0p125,g2,0.125,2400,8.565086843138472,2992656,
balanced_independent,7,g2_eps_0p125,g2,0.125,0,21.535782521704903,19696,
balanced_independent,7,g2_eps_0p125,g2,0.125,120,8.795225391353025,168344,
balanced_independent,7,g2_eps_0p125,g2,0.125,240,8.795225391353025,316992,
balanced_independent,7,g2_eps_0p125,g2,0.125,360,8.795225391353025,465640,
balanced_independent,7,g2_eps_0p125,g2,0.125,480,8.795225391353025,614288,
balanced_independent,7,g2_eps_0p125,g2,0.125,600,8.795225391353025,762936,
balanced_independent,7,g2_eps_0p125,g2,0.125,720,8.795225391353025,911584,
balanced_independent,7,g2_eps_0p125,g2,0.125,840,8.795225391353025,1060232,
balanced_independent,7,g2_eps_0p125,g2,0.125,960,8.795225391353025,1208880,
balanced_independent,7,g2_eps_0p125,g2,0.125,1080,8.795225391353025,1357528,
balanced_independent,7,g2_eps_0p125,g2,0.125,1200,8.795225391353025,1506176,
balanced_independent,7,g2_eps_0p125,g2,0.125,1320,8.795225391353025,1654824,
balanced_independent,7,g2_eps_0p125,g2,0.125,1440,8.795225391353025,1803472,
balanced_independent,7,g2_eps_0p125,g2,0.125,1560,8.795225391353025,1952120,
balanced_independent,7,g2_eps_0p125,g2,0.125,1680,8.795225391353025,2100768,
balanced_independent,7,g2_eps_0p125,g2,0.125,1800,8.795225391353025,2249416,
balanced_independent,7,g2_eps_0p125,g2,0.125,1920,8.795225391353025,2398064,
balanced_independent,7,g2_eps_0p125,g2,0.125,2040,8.795225391353025,2546712,
balanced_independent,7,g2_eps_0p125,g2,0.125,2160,8.795225391353025,2695360,
balanced_independent,7,g2_eps_0p125,g2,0.125,2280,8.795225391353025,2844008,
balanced_independent,7,g2_eps_0p125,g2,0.125,2400,8.795225391353025,2992656,
balanced_independent,8,g2_eps_0p125,g2,0.125,0,23.422822430530402,19696,
balanced_independent,8,g2_eps_0p125,g2,0.125,120,8.31938239052786,168344,
balanced_independent,8,g2_eps_0p125,g2,0.125,240,8.31938239052786,316992,
balanced_independent,8,g2_eps_0p125,g2,0.125,360,8.31938239052786,465640,
balanced_independent,8,g2_eps_0p125,g2,0.125,480,8.31938239052786,614288,
balanced_independent,8,g2_eps_0p125,g2,0.125,600,8.31938239052786,762936,
balanced_independent,8,g2_eps_0p125,g2,0.125,720,8.31938239052786,911584,
balanced_independent,8,g2_eps_0p125,g2,0.125,840,8.31938239052786,1060232,
balanced_independent,8,g2_eps_0p125,g2,0.125,960,8.31938239052786,1208880,
balanced_independent,8,g2_eps_0p125,g2,0.125,1080,8.31938239052786,1357528,
balanced_independent,8,g2_eps_0p125,g2,0.125,1200,8.31938239052786,1506176,
balanced_independent,8,g2_eps_0p125,g2,0.125,1320,8.31938239052786,1654824,
balanced_independent,8,g2_eps_0p125,g2,0.125,1440,8.31938239052786,1803472,
balanced_independent,8,g2_eps_0p125,g2,0.125,1560,8.31938239052786,1952120,
balanced_independent,8,g2_eps_0p125,g2,0.125,1680,8.31938239052786,2100768,
balanced_independent,8,g2_eps_0p125,g2,0.125,1800,8.31938239052786,2249416,
balanced_independent,8,g2_eps_0p125,g2,0.125,1920,8.31938239052786,2398064,
balanced_independent,8,g2_eps_0p125,g2,0.125,2040,8.31938239052786,2546712,
balanced_independent,8,g2_eps_0p125,g2,0.125,2160,8.31938239052786,2695360,
balanced_independent,8,g2_eps_0p125,g2,0.125,2280,8.31938239052786,2844008,
balanced_independent,8,g2_eps_0p125,g2,0.125,2400,8.31938239052786,2992656,
balanced_independent,9,g2_eps_0p125,g2,0.125,0,17.51485017784784,19696,
balanced_independent,9,g2_eps_0p125,g2,0.125,120,6.775260380012693,168344,
balanced_independent,9,g2_eps_0p125,g2,0.125,240,6.775260380012693,316992,
balanced_independent,9,g2_eps_0p125,g2,0.125,360,6.775260380012693,465640,
balanced_independent,9,g2_eps_0p125,g2,0.125,480,6.775260380012693,614288,
balanced_independent,9,g2_eps_0p125,g2,0.125,600,6.775260380012693,762936,
balanced_independent,9,g2_eps_0p125,g2,0.125,720,6.775260380012693,911584,
balanced_independent,9,g2_eps_0p125,g2,0.125,840,6.775260380012693,1060232,
balanced_independent,9,g2_eps_0p125,g2,0.125,960,6.775260380012693,1208880,
balanced_independent,9,g2_eps_0p125,g2,0.125,1080,6.775260380012693,1357528,
balanced_independent,9,g2_eps_0p125,g2,0.125,1200,6.775260380012693,1506176,
balanced_independent,9,g2_eps_0p125,g2,0.125,1320,6.775260380012693,1654824,
balanced_independent,9,g2_eps_0p125,g2,0.125,1440,6.775260380012693,1803472,
balanced_independent,9,g2_eps_0p125,g2,0.125,1560,6.775260380012693,1952120,
balanced_independent,9,g2_eps_0p125,g2,0.125,1680,6.775260380012693,2100768,
balanced_independent,9,g2_eps_0p125,g2,0.125,1800,6.775260380012693,2249416,
balanced_independent,9,g2_eps_0p125,g2,0.125,1920,6.775260380012693,2398064,
balanced_independent,9,g2_eps_0p125,g2,0.125,2040,6.775260380012693,2546712,
balanced_independent,9,g2_eps_0p125,g2,0.125,2160,6.775260380012693,2695360,
balanced_independent,9,g2_eps_0p125,g2,0.125,2280,6.775260380012693,2844008,
balanced_independent,9,g2_eps_0p125,g2,0.125,2400,6.775260380012693,2992656,
balanced_independent,10,g2_eps_0p125,g2,0.125,0,22.573340406858694,19696,
balanced_independent,10,g2_eps_0p125,g2,0.125,120,10.72983911906151,168344,
balanced_independent,10,g2_eps_0p125,g2,0.125,240,10.72983911906151,316992,
balanced_independent,10,g2_eps_0p125,g2,0.125,360,10.72983911906151,465640,
balanced_independent,10,g2_eps_0p125,g2,0.125,480,10.72983911906151,614288,
balanced_independent,10,g2_eps_0p125,g2,0.125,600,10.72983911906151,762936,
balanced_independent,10,g2_eps_0p125,g2,0.125,720,10.72983911906151,911584,
balanced_independent,10,g2_eps_0p125,g2,0.125,840,10.72983911906151,1060232,
balanced_independent,10,g2_eps_0p125,g2,0.125,960,10.72983911906151,1208880,
balanced_independent,10,g2_eps_0p125,g2,0.125,1080,10.72983911906151,1357528,
balanced_independent,10,g2_eps_0p125,g2,0.125,1200,10.72983911906151,1506176,
balanced_independent,10,g2_eps_0p125,g2,0.125,1320,10.72983911906151,1654824,
balanced_independent,10,g2_eps_0p125,g2,0.125,1440,10.72983911906151,1803472,
balanced_independent,10,g2_eps_0p125,g2,0.125,1560,10.72983911906151,1952120,
balanced_independent,10,g2_eps_0p125,g2,0.125,1680,10.72983911906151,2100768,
balanced_independent,10,g2_eps_0p125,g2,0.125,1800,10.72983911906151,2249416,
balanced_independent,10,g2_eps_0p125,g2,0.125,1920,10.72983911906151,2398064,
balanced_independent,10,g2_eps_0p125,g2,0.125,2040,10.72983911906151,2546712,
balanced_independent,10,g2_eps_0p125,g2,0.125,2160,8.938912563941322,2695360,
balanced_independent,10,g2_eps_0p125,g2,0.125,2280,8.938912563941322,2844008,
balanced_independent,10,g2_eps_0p125,g2,0.125,2400,8.938912563941322,2992656,
balanced_independent,11,g2_eps_0p125,g2,0.125,0,18.90269119585936,19696,
balanced_independent,11,g2_eps_0p125,g2,0.125,120,6.583458661018636,168344,
balanced_independent,11,g2_eps_0p125,g2,0.125,240,6.57695862279242,316992,
balanced_independent,11,g2_eps_0p125,g2,0.125,360,6.57695862279242,465640,
balanced_independent,11,g2_eps_0p125,g2,0.125,480,6.57695862279242,614288,
balanced_independent,11,g2_eps_0p125,g2,0.125,600,6.57695862279242,762936,
balanced_independent,11,g2_eps_0p125,g2,0.125,720,6.57695862279242,911584,
balanced_independent,11,g2_eps_0p125,g2,0.125,840,6.57695862279242,1060232,
balanced_independent,11,g2_eps_0p125,g2,0.125,960,6.57695862279242,1208880,
balanced_independent,11,g2_eps_0p125,g2,0.125,1080,6.57695862279242,1357528,
balanced_independent,11,g2_eps_0p125,g2,0.125,1200,6.57695862279242,1506176,
balanced_independent,11,g2_eps_0p125,g2,0.125,1320,6.57695862279242,1654824,
balanced_independent,11,g2_eps_0p125,g2,0.125,1440,6.57695862279242,1803472,
balanced_independent,11,g2_eps_0p125,g2,0.125,1560,6.57695862279242,1952120,
balanced_independent,11,g2_eps_0p125,g2,0.125,1680,6.57695862279242,2100768,
balanced_independent,11,g2_eps_0p125,g2,0.125,1800,6.57695862279242,2249416,
balanced_independent,11,g2_eps_0p125,g2,0.125,1920,6.57695862279242,2398064,
balanced_independent,11,g2_eps_0p125,g2,0.125,2040,6.57695862279242,2546712,
balanced_independent,11,g2_eps_0p125,g2,0.125,2160,6.57695862279242,2695360,
balanced_independent,11,g2_eps_0p125,g2,0.125,2280,6.57695862279242,2844008,
balanced_independent,11,g2_eps_0p125,g2,0.125,2400,6.57695862279242,2992656,
balanced_independent,0,g1_exact,g1,0.0,0,28.767916123777322,19696,941296
balanced_independent,0,g1_exact,g1,0.0,120,0.0002482757823987214,168344,1089944
balanced_independent,0,g1_exact,g1,0.0,240,2.5287977045707066e-08,316992,1238592
balanced_independent,0,g1_exact,g1,0.0,360,7.420730696594546e-12,465640,1387240
balanced_independent,0,g1_exact,g1,0.0,480,2.6645352591003757e-15,614288,1535888
balanced_independent,0,g1_exact,g1,0.0,600,4.440892098500626e-16,762936,1684536
balanced_independent,0,g1_exact,g1,0.0,720,8.881784197001252e-16,911584,1833184
balanced_independent,0,g1_exact,g1,0.0,840,4.440892098500626e-16,1060232,1981832
balanced_independent,0,g1_exact,g1,0.0,960,4.440892098500626e-16,1208880,2130480
balanced_independent,0,g1_exact,g1,0.0,1080,4.440892098500626e-16,1357528,2279128
balanced_independent,0,g1_exact,g1,0.0,1200,4.440892098500626e-16,1506176,2427776
balanced_independent,0,g1_exact,g1,0.0,1320,4.440892098500626e-16,1654824,2576424
balanced_independent,0,g1_exact,g1,0.0,1440,4.440892098500626e-16,1803472,2725072
balanced_independent,0,g1_exact,g1,0.0,1560,4.440892098500626e-16,1952120,2873720
balanced_independent,0,g1_exact,g1,0.0,1680,4.440892098500626e-16,2100768,3022368
balanced_independent,0,g1_exact,g1,0.0,1800,4.440892098500626e-16,2249416,3171016
balanced_independent,0,g1_exact,g1,0.0,1920,4.440892098500626e-16,2398064,3319664
balanced_independent,0,g1_exact,g1,0.0,2040,4.440892098500626e-16,2546712,3468312
balanced_independent,0,g1_exact,g1,0.0,2160,4.440892098500626e-16,2695360,3616960
balanced_independent,0,g1_exact,g1,0.0,2280,4.440892098500626e-16,2844008,3765608
balanced_independent,0,g1_exact,g1,0.0,2400,4.440892098500626e-16,2992656,3914256
balanced_independent,1,g1_exact,g1,0.0,0,24.162466066812307,19696,941296
balanced_independent,1,g1_exact,g1,0.0,120,0.00015073211513616513,168344,1089944
balanced_independent,1,g1_exact,g1,0.0,240,2.8588298839338222e-08,316992,1238592
balanced_independent,1,g1_exact,g1,0.0,360,1.4221512856238405e-11,465640,1387240
balanced_independent,1,g1_exact,g1,0.0,480,1.0658141036401503e-14,614288,1535888
balanced_independent,1,g1_exact,g1,0.0,600,0.0,762936,1684536
balanced_independent,1,g1_exact,g1,0.0,720,4.440892098500626e-16,911584,1833184
balanced_independent,1,g1_exact,g1,0.0,840,0.0,1060232,1981832
balanced_independent,1,g1_exact,g1,0.0,960,4.440892098500626e-16,1208880,2130480
balanced_independent,1,g1_exact,g1,0.0,1080,0.0,1357528,2279128
balanced_independent,1,g1_exact,g1,0.0,1200,0.0,1506176,2427776
balanced_independent,1,g1_exact,g1,0.0,1320,0.0,1654824,2576424
balanced_independent,1,g1_exact,g1,0.0,1440,0.0,1803472,2725072
balanced_independent,1,g1_exact,g1,0.0,1560,0.0,1952120,2873720
balanced_independent,1,g1_exact,g1,0.0,1680,0.0,2100768,3022368
balanced_independent,1,g1_exact,g1,0.0,1800,0.0,2249416,3171016
balanced_independent,1,g1_exact,g1,0.0,1920,0.0,2398064,3319664
balanced_independent,1,g1_exact,g1,0.0,2040,0.0,2546712,3468312
balanced_independent,1,g1_exact,g1,0.0,2160,0.0,2695360,3616960
balanced_independent,1,g1_exact,g1,0.0,2280,0.0,2844008,3765608
balanced_independent,1,g1_exact,g1,0.0,2400,0.0,2992656,3914256
balanced_independent,2,g1_exact,g1,0.0,0,31.76498611637578,19696,941296
balanced_independent,2,g1_exact,g1,0.0,120,0.001253927789304221,168344,1089944
balanced_independent,2,g1_exact,g1,0.0,240,2.002660624000896e-07,316992,1238592
balanced_independent,2,g1_exact,g1,0.0,360,3.519495805903716e-11,465640,1387240
balanced_independent,2,g1_exact,g1,0.0,480,1.9539925233402755e-14,614288,1535888
balanced_independent,2,g1_exact,g1,0.0,600,0.0,762936,1684536
balanced_independent,2,g1_exact,g1,0.0,720,0.0,911584,1833184
balanced_independent,2,g1_exact,g1,0.0,840,0.0,1060232,1981832
balanced_independent,2,g1_exact,g1,0.0,960,0.0,1208880,2130480
balanced_independent,2,g1_exact,g1,0.0,1080,0.0,1357528,2279128
balanced_independent,2,g1_exact,g1,0.0,1200,0.0,1506176,2427776
balanced_independent,2,g1_exact,g1,0.0,1320,0.0,1654824,2576424
balanced_independent,2,g1_exact,g1,0.0,1440,0.0,1803472,2725072
balanced_independent,2,g1_exact,g1,0.0,1560,0.0,1952120,2873720
balanced_independent,2,g1_exact,g1,0.0,1680,0.0,2100768,3022368
balanced_independent,2,g1_exact,g1,0.0,1800,0.0,2249416,3171016
balanced_independent,2,g1_exact,g1,0.0,1920,0.0,2398064,3319664
balanced_independent,2,g1_exact,g1,0.0,2040,0.0,2546712,3468312
balanced_independent,2,g1_exact,g1,0.0,2160,0.0,2695360,3616960
balanced_independent,2,g1_exact,g1,0.0,2280,0.0,2844008,3765608
balanced_independent,2,g1_exact,g1,0.0,2400,0.0,2992656,3914256
balanced_independent,3,g1_exact,g1,0.0,0,27.202406399348924,19696,941296
balanced_independent,3,g1_exact,g1,0.0,120,0.00035171760376284666,168344,1089944
balanced_independent,3,g1_exact,g1,0.0,240,2.1500538238683475e-08,316992,1238592
balanced_independent,3,g1_exact,g1,0.0,360,5.766498389903063e-12,465640,1387240
balanced_independent,3,g1_exact,g1,0.0,480,3.1086244689504383e-15,614288,1535888
balanced_independent,3,g1_exact,g1,0.0,600,0.0,762936,1684536
balanced_independent,3,g1_exact,g1,0.0,720,0.0,911584,1833184
balanced_independent,3,g1_exact,g1,0.0,840,0.0,1060232,1981832
balanced_independent,3,g1_exact,g1,0.0,960,0.0,1208880,2130480
balanced_independent,3,g1_exact,g1,0.0,1080,0.0,1357528,2279128
balanced_independent,3,g1_exact,g1,0.0,1200,0.0,1506176,2427776
balanced_independent,3,g1_exact,g1,0.0,1320,0.0,1654824,2576424
balanced_independent,3,g1_exact,g1,0.0,1440,0.0,1803472,2725072
balanced_independent,3,g1_exact,g1,0.0,1560,0.0,1952120,2873720
balanced_independent,3,g1_exact,g1,0.0,1680,0.0,2100768,3022368
balanced_independent,3,g1_exact,g1,0.0,1800,0.0,2249416,3171016
balanced_independent,3,g1_exact,g1,0.0,1920,0.0,2398064,3319664
balanced_independent,3,g1_exact,g1,0.0,2040,0.0,2546712,3468312
balanced_independent,3,g1_exact,g1,0.0,2160,0.0,2695360,3616960
balanced_independent,3,g1_exact,g1,0.0,2280,0.0,2844008,3765608
balanced_independent,3,g1_exact,g1,0.0,2400,0.0,2992656,3914256
balanced_independent,4,g1_exact,g1,0.0,0,32.6068226667799,19696,941296
balanced_independent,4,g1_exact,g1,0.0,120,0.0032000870643296153,168344,1089944
balanced_independent,4,g1_exact,g1,0.0,240,1.0685883484740089e-06,316992,1238592
balanced_independent,4,g1_exact,g1,0.0,360,9.041514204000123e-10,465640,1387240
balanced_independent,4,g1_exact,g1,0.0,480,8.051337374581635e-13,614288,1535888
balanced_independent,4,g1_exact,g1,0.0,600,8.881784197001252e-16,762936,1684536
balanced_independent,4,g1_exact,g1,0.0,720,4.440892098500626e-16,911584,1833184
balanced_independent,4,g1_exact,g1,0.0,840,4.440892098500626e-16,1060232,1981832
balanced_independent,4,g1_exact,g1,0.0,960,0.0,1208880,2130480
balanced_independent,4,g1_exact,g1,0.0,1080,4.440892098500626e-16,1357528,2279128
balanced_independent,4,g1_exact,g1,0.0,1200,8.881784197001252e-16,1506176,2427776
balanced_independent,4,g1_exact,g1,0.0,1320,8.881784197001252e-16,1654824,2576424
balanced_independent,4,g1_exact,g1,0.0,1440,8.881784197001252e-16,1803472,2725072
balanced_independent,4,g1_exact,g1,0.0,1560,8.881784197001252e-16,1952120,2873720
balanced_independent,4,g1_exact,g1,0.0,1680,8.881784197001252e-16,2100768,3022368
balanced_independent,4,g1_exact,g1,0.0,1800,8.881784197001252e-16,2249416,3171016
balanced_independent,4,g1_exact,g1,0.0,1920,8.881784197001252e-16,2398064,3319664
balanced_independent,4,g1_exact,g1,0.0,2040,8.881784197001252e-16,2546712,3468312
balanced_independent,4,g1_exact,g1,0.0,2160,8.881784197001252e-16,2695360,3616960
balanced_independent,4,g1_exact,g1,0.0,2280,8.881784197001252e-16,2844008,3765608
balanced_independent,4,g1_exact,g1,0.0,2400,8.881784197001252e-16,2992656,3914256
balanced_independent,5,g1_exact,g1,0.0,0,24.247718561444692,19696,941296
balanced_independent,5,g1_exact,g1,0.0,120,0.0002660560116525268,168344,1089944
balanced_independent,5,g1_exact,g1,0.0,240,4.5265505121960814e-08,316992,1238592
balanced_independent,5,g1_exact,g1,0.0,360,1.9274803975122268e-11,465640,1387240
balanced_independent,5,g1_exact,g1,0.0,480,4.440892098500626e-15,614288,1535888
balanced_independent,5,g1_exact,g1,0.0,600,0.0,762936,1684536
balanced_independent,5,g1_exact,g1,0.0,720,0.0,911584,1833184
balanced_independent,5,g1_exact,g1,0.0,840,0.0,1060232,1981832
balanced_independent,5,g1_exact,g1,0.0,960,0.0,1208880,2130480
balanced_independent,5,g1_exact,g1,0.0,1080,0.0,1357528,2279128
balanced_independent,5,g1_exact,g1,0.0,1200,0.0,1506176,2427776
balanced_independent,5,g1_exact,g1,0.0,1320,0.0,1654824,2576424
balanced_independent,5,g1_exact,g1,0.0,1440,0.0,1803472,2725072
balanced_independent,5,g1_exact,g1,0.0,1560,0.0,1952120,2873720
balanced_independent,5,g1_exact,g1,0.0,1680,0.0,2100768,3022368
balanced_independent,5,g1_exact,g1,0.0,1800,0.0,2249416,3171016
balanced_independent,5,g1_exact,g1,0.0,1920,0.0,2398064,3319664
balanced_independent,5,g1_exact,g1,0.0,2040,0.0,2546712,3468312
balanced_independent,5,g1_exact,g1,0.0,2160,0.0,2695360,3616960
balanced_independent,5,g1_exact,g1,0.0,2280,0.0,2844008,3765608
balanced_independent,5,g1_exact,g1,0.0,2400,0.0,2992656,3914256
balanced_independent,6,g1_exact,g1,0.0,0,22.521416477727392,19696,941296
balanced_independent,6,g1_exact,g1,0.0,120,0.0005447491029348939,168344,1089944
balanced_independent,6,g1_exact,g1,0.0,240,2.1008144557299602e-07,316992,1238592
balanced_independent,6,g1_exact,g1,0.0,360,1.3301715284796956e-10,465640,1387240
balanced_independent,6,g1_exact,g1,0.0,480,1.0791367799356522e-13,614288,1535888
balanced_independent,6,g1_exact,g1,0.0,600,0.0,762936,1684536
balanced_independent,6,g1_exact,g1,0.0,720,0.0,911584,1833184
balanced_independent,6,g1_exact,g1,0.0,840,0.0,1060232,1981832
balanced_independent,6,g1_exact,g1,0.0,960,4.440892098500626e-16,1208880,2130480
balanced_independent,6,g1_exact,g1,0.0,1080,4.440892098500626e-16,1357528,2279128
balanced_independent,6,g1_exact,g1,0.0,1200,0.0,1506176,2427776
balanced_independent,6,g1_exact,g1,0.0,1320,0.0,1654824,2576424
balanced_independent,6,g1_exact,g1,0.0,1440,0.0,1803472,2725072
balanced_independent,6,g1_exact,g1,0.0,1560,0.0,1952120,2873720
balanced_independent,6,g1_exact,g1,0.0,1680,0.0,2100768,3022368
balanced_independent,6,g1_exact,g1,0.0,1800,0.0,2249416,3171016
balanced_independent,6,g1_exact,g1,0.0,1920,0.0,2398064,3319664
balanced_independent,6,g1_exact,g1,0.0,2040,0.0,2546712,3468312
balanced_independent,6,g1_exact,g1,0.0,2160,0.0,2695360,3616960
balanced_independent,6,g1_exact,g1,0.0,2280,0.0,2844008,3765608
balanced_independent,6,g1_exact,g1,0.0,2400,0.0,2992656,3914256
balanced_independent,7,g1_exact,g1,0.0,0,21.535782521704903,19696,941296
balanced_independent,7,g1_exact,g1,0.0,120,0.0005783609209317753,168344,1089944
balanced_independent,7,g1_exact,g1,0.0,240,1.2031775575849224e-07,316992,1238592
balanced_independent,7,g1_exact,g1,0.0,360,8.538192375340259e-11,465640,1387240
balanced_independent,7,g1_exact,g1,0.0,480,9.85878045867139e-14,614288,1535888
balanced_independent,7,g1_exact,g1,0.0,600,0.0,762936,1684536
balanced_independent,7,g1_exact,g1,0.0,720,0.0,911584,1833184
balanced_independent,7,g1_exact,g1,0.0,840,0.0,1060232,1981832
balanced_independent,7,g1_exact,g1,0.0,960,0.0,1208880,2130480
balanced_independent,7,g1_exact,g1,0.0,1080,0.0,1357528,2279128
balanced_independent,7,g1_exact,g1,0.0,1200,0.0,1506176,2427776
balanced_independent,7,g1_exact,g1,0.0,1320,0.0,1654824,2576424
balanced_independent,7,g1_exact,g1,0.0,1440,0.0,1803472,2725072
balanced_independent,7,g1_exact,g1,0.0,1560,0.0,1952120,2873720
balanced_independent,7,g1_exact,g1,0.0,1680,0.0,2100768,3022368
balanced_independent,7,g1_exact,g1,0.0,1800,0.0,2249416,3171016
balanced_independent,7,g1_exact,g1,0.0,1920,0.0,2398064,3319664
balanced_independent,7,g1_exact,g1,0.0,2040,0.0,2546712,3468312
balanced_independent,7,g1_exact,g1,0.0,2160,0.0,2695360,3616960
balanced_independent,7,g1_exact,g1,0.0,2280,0.0,2844008,3765608
balanced_independent,7,g1_exact,g1,0.0,2400,0.0,2992656,3914256
balanced_independent,8,g1_exact,g1,0.0,0,23.422822430530402,19696,941296
balanced_independent,8,g1_exact,g1,0.0,120,0.00019940744828517154,168344,1089944
balanced_independent,8,g1_exact,g1,0.0,240,7.162033899277276e-08,316992,1238592
balanced_independent,8,g1_exact,g1,0.0,360,4.956390853294579e-11,465640,1387240
balanced_independent,8,g1_exact,g1,0.0,480,4.6629367034256575e-14,614288,1535888
balanced_independent,8,g1_exact,g1,0.0,600,0.0,762936,1684536
balanced_independent,8,g1_exact,g1,0.0,720,0.0,911584,1833184
balanced_independent,8,g1_exact,g1,0.0,840,0.0,1060232,1981832
balanced_independent,8,g1_exact,g1,0.0,960,0.0,1208880,2130480
balanced_independent,8,g1_exact,g1,0.0,1080,0.0,1357528,2279128
balanced_independent,8,g1_exact,g1,0.0,1200,0.0,1506176,2427776
balanced_independent,8,g1_exact,g1,0.0,1320,0.0,1654824,2576424
balanced_independent,8,g1_exact,g1,0.0,1440,0.0,1803472,2725072
balanced_independent,8,g1_exact,g1,0.0,1560,0.0,1952120,2873720
balanced_independent,8,g1_exact,g1,0.0,1680,0.0,2100768,3022368
balanced_independent,8,g1_exact,g1,0.0,1800,0.0,2249416,3171016
balanced_independent,8,g1_exact,g1,0.0,1920,0.0,2398064,3319664
balanced_independent,8,g1_exact,g1,0.0,2040,0.0,2546712,3468312
balanced_independent,8,g1_exact,g1,0.0,2160,0.0,2695360,3616960
balanced_independent,8,g1_exact,g1,0.0,2280,0.0,2844008,3765608
balanced_independent,8,g1_exact,g1,0.0,2400,0.0,2992656,3914256
balanced_independent,9,g1_exact,g1,0.0,0,17.51485017784784,19696,941296
balanced_independent,9,g1_exact,g1,0.0,120,9.001501719430038e-05,168344,1089944
balanced_independent,9,g1_exact,g1,0.0,240,1.0434078934196123e-08,316992,1238592
balanced_independent,9,g1_exact,g1,0.0,360,2.064570736592941e-12,465640,1387240
balanced_independent,9,g1_exact,g1,0.0,480,1.3322676295501878e-15,614288,1535888
balanced_independent,9,g1_exact,g1,0.0,600,8.881784197001252e-16,762936,1684536
balanced_independent,9,g1_exact,g1,0.0,720,1.3322676295501878e-15,911584,1833184
balanced_independent,9,g1_exact,g1,0.0,840,8.881784197001252e-16,1060232,1981832
balanced_independent,9,g1_exact,g1,0.0,960,8.881784197001252e-16,1208880,2130480
balanced_independent,9,g1_exact,g1,0.0,1080,8.881784197001252e-16,1357528,2279128
balanced_independent,9,g1_exact,g1,0.0,1200,8.881784197001252e-16,1506176,2427776
balanced_independent,9,g1_exact,g1,0.0,1320,8.881784197001252e-16,1654824,2576424
balanced_independent,9,g1_exact,g1,0.0,1440,8.881784197001252e-16,1803472,2725072
balanced_independent,9,g1_exact,g1,0.0,1560,1.3322676295501878e-15,1952120,2873720
balanced_independent,9,g1_exact,g1,0.0,1680,8.881784197001252e-16,2100768,3022368
balanced_independent,9,g1_exact,g1,0.0,1800,8.881784197001252e-16,2249416,3171016
balanced_independent,9,g1_exact,g1,0.0,1920,8.881784197001252e-16,2398064,3319664
balanced_independent,9,g1_exact,g1,0.0,2040,8.881784197001252e-16,2546712,3468312
balanced_independent,9,g1_exact,g1,0.0,2160,8.881784197001252e-16,2695360,3616960
balanced_independent,9,g1_exact,g1,0.0,2280,8.881784197001252e-16,2844008,3765608
balanced_independent,9,g1_exact,g1,0.0,2400,8.881784197001252e-16,2992656,3914256
balanced_independent,10,g1_exact,g1,0.0,0,22.573340406858694,19696,941296
balanced_independent,10,g1_exact,g1,0.0,120,0.0005075906700819921,168344,1089944
balanced_independent,10,g1_exact,g1,0.0,240,8.698830011866221e-08,316992,1238592
balanced_independent,10,g1_exact,g1,0.0,360,1.5917933637865644e-11,465640,1387240
balanced_independent,10,g1_exact,g1,0.0,480,5.329070518200751e-15,614288,1535888
balanced_independent,10,g1_exact,g1,0.0,600,8.881784197001252e-16,762936,1684536
balanced_independent,10,g1_exact,g1,0.0,720,8.881784197001252e-16,911584,1833184
balanced_independent,10,g1_exact,g1,0.0,840,1.3322676295501878e-15,1060232,1981832
balanced_independent,10,g1_exact,g1,0.0,960,8.881784197001252e-16,1208880,2130480
balanced_independent,10,g1_exact,g1,0.0,1080,1.3322676295501878e-15,1357528,2279128
balanced_independent,10,g1_exact,g1,0.0,1200,1.3322676295501878e-15,1506176,2427776
balanced_independent,10,g1_exact,g1,0.0,1320,1.3322676295501878e-15,1654824,2576424
balanced_independent,10,g1_exact,g1,0.0,1440,1.3322676295501878e-15,1803472,2725072
balanced_independent,10,g1_exact,g1,0.0,1560,1.3322676295501878e-15,1952120,2873720
balanced_independent,10,g1_exact,g1,0.0,1680,1.3322676295501878e-15,2100768,3022368
balanced_independent,10,g1_exact,g1,0.0,1800,1.3322676295501878e-15,2249416,3171016
balanced_independent,10,g1_exact,g1,0.0,1920,1.3322676295501878e-15,2398064,3319664
balanced_independent,10,g1_exact,g1,0.0,2040,1.3322676295501878e-15,2546712,3468312
balanced_independent,10,g1_exact,g1,0.0,2160,1.3322676295501878e-15,2695360,3616960
balanced_independent,10,g1_exact,g1,0.0,2280,1.3322676295501878e-15,2844008,3765608
balanced_independent,10,g1_exact,g1,0.0,2400,1.3322676295501878e-15,2992656,3914256
balanced_independent,11,g1_exact,g1,0.0,0,18.90269119585936,19696,941296
balanced_independent,11,g1_exact,g1,0.0,120,0.00018228330143577054,168344,1089944
balanced_independent,11,g1_exact,g1,0.0,240,3.8552628200960726e-08,316992,1238592
balanced_independent,11,g1_exact,g1,0.0,360,2.3841817409220312e-11,465640,1387240
balanced_independent,11,g1_exact,g1,0.0,480,1.6431300764452317e-14,614288,1535888
balanced_independent,11,g1_exact,g1,0.0,600,4.440892098500626e-16,762936,1684536
balanced_independent,11,g1_exact,g1,0.0,720,4.440892098500626e-16,911584,1833184
balanced_independent,11,g1_exact,g1,0.0,840,0.0,1060232,1981832
balanced_independent,11,g1_exact,g1,0.0,960,0.0,1208880,2130480
balanced_independent,11,g1_exact,g1,0.0,1080,0.0,1357528,2279128
balanced_independent,11,g1_exact,g1,0.0,1200,0.0,1506176,2427776
balanced_independent,11,g1_exact,g1,0.0,1320,0.0,1654824,2576424
balanced_independent,11,g1_exact,g1,0.0,1440,0.0,1803472,2725072
balanced_independent,11,g1_exact,g1,0.0,1560,0.0,1952120,2873720
balanced_independent,11,g1_exact,g1,0.0,1680,0.0,2100768,3022368
balanced_independent,11,g1_exact,g1,0.0,1800,0.0,2249416,3171016
balanced_independent,11,g1_exact,g1,0.0,1920,0.0,2398064,3319664
balanced_independent,11,g1_exact,g1,0.0,2040,0.0,2546712,3468312
balanced_independent,11,g1_exact,g1,0.0,2160,0.0,2695360,3616960
balanced_independent,11,g1_exact,g1,0.0,2280,0.0,2844008,3765608
balanced_independent,11,g1_exact,g1,0.0,2400,0.0,2992656,3914256
scaled_independent,0,g3_zero,g3,,0,167.46074682362197,19696,19696
scaled_independent,0,g3_zero,g3,,120,12.883679219914525,168344,168344
scaled_independent,0,g3_zero,g3,,240,0.6915368649509079,316992,316992
scaled_independent,0,g3_zero,g3,,360,0.030961623433981345,465640,465640
scaled_independent,0,g3_zero,g3,,480,0.0011889245517093805,614288,614288
scaled_independent,0,g3_zero,g3,,600,0.00025207047165132224,762936,762936
scaled_independent,0,g3_zero,g3,,720,9.197185645515304e-06,911584,911584
scaled_independent,0,g3_zero,g3,,840,4.0207489160337673e-07,1060232,1060232
scaled_independent,0,g3_zero,g3,,960,1.73072187692469e-08,1208880,1208880
scaled_independent,0,g3_zero,g3,,1080,1.0208318634852276e-09,1357528,1357528
scaled_independent,0,g3_zero,g3,,1200,4.417621823904483e-11,1506176,1506176
scaled_independent,0,g3_zero,g3,,1320,2.275513111271721e-12,1654824,1654824
scaled_independent,0,g3_zero,g3,,1440,2.886579864025407e-13,1803472,1803472
scaled_independent,0,g3_zero,g3,,1560,6.661338147750939e-14,1952120,1952120
scaled_independent,0,g3_zero,g3,,1680,2.6645352591003757e-15,2100768,2100768
scaled_independent,0,g3_zero,g3,,1800,1.3322676295501878e-15,2249416,2249416
scaled_independent,0,g3_zero,g3,,1920,4.440892098500626e-16,2398064,2398064
scaled_independent,0,g3_zero,g3,,2040,8.881784197001252e-16,2546712,2546712
scaled_independent,0,g3_zero,g3,,2160,8.881784197001252e-16,2695360,2695360
scaled_independent,0,g3_zero,g3,,2280,8.881784197001252e-16,2844008,2844008
scaled_independent,0,g3_zero,g3,,2400,8.881784197001252e-16,2992656,2992656
scaled_independent,1,g3_zero,g3,,0,123.09127736407206,19696,19696
scaled_independent,1,g3_zero,g3,,120,0.7743135918450008,168344,168344
scaled_independent,1,g3_zero,g3,,240,0.08022862521330332,316992,316992
scaled_independent,1,g3_zero,g3,,360,0.002666365123518144,465640,465640
scaled_independent,1,g3_zero,g3,,480,7.025140390126694e-05,614288,614288
scaled_independent,1,g3_zero,g3,,600,4.033762790456308e-06,762936,762936
scaled_independent,1,g3_zero,g3,,720,2.6197482121403937e-06,911584,911584
scaled_independent,1,g3_zero,g3,,840,1.8646077979411757e-06,1060232,1060232
scaled_independent,1,g3_zero,g3,,960,3.7585325962652405e-08,1208880,1208880
scaled_independent,1,g3_zero,g3,,1080,8.508234117243774e-10,1357528,1357528
scaled_independent,1,g3_zero,g3,,1200,8.917933058683047e-11,1506176,1506176
scaled_independent,1,g3_zero,g3,,1320,6.115108419635362e-12,1654824,1654824
scaled_independent,1,g3_zero,g3,,1440,5.369038547087257e-13,1803472,1803472
scaled_independent,1,g3_zero,g3,,1560,4.4853010194856324e-14,1952120,1952120
scaled_independent,1,g3_zero,g3,,1680,3.9968028886505635e-15,2100768,2100768
scaled_independent,1,g3_zero,g3,,1800,4.440892098500626e-16,2249416,2249416
scaled_independent,1,g3_zero,g3,,1920,8.881784197001252e-16,2398064,2398064
scaled_independent,1,g3_zero,g3,,2040,8.881784197001252e-16,2546712,2546712
scaled_independent,1,g3_zero,g3,,2160,8.881784197001252e-16,2695360,2695360
scaled_independent,1,g3_zero,g3,,2280,4.440892098500626e-16,2844008,2844008
scaled_independent,1,g3_zero,g3,,2400,8.881784197001252e-16,2992656,2992656
scaled_independent,2,g3_zero,g3,,0,119.26154378927664,19696,19696
scaled_independent,2,g3_zero,g3,,120,5.035183825060638,168344,168344
scaled_independent,2,g3_zero,g3,,240,0.21568883195289734,316992,316992
scaled_independent,2,g3_zero,g3,,360,0.00906031881354119,465640,465640
scaled_independent,2,g3_zero,g3,,480,0.0018872075027824842,614288,614288
scaled_independent,2,g3_zero,g3,,600,4.850507338138854e-05,762936,762936
scaled_independent,2,g3_zero,g3,,720,4.311485512165092e-06,911584,911584
scaled_independent,2,g3_zero,g3,,840,9.949498025463299e-08,1060232,1060232
scaled_independent,2,g3_zero,g3,,960,3.939148562892569e-09,1208880,1208880
scaled_independent,2,g3_zero,g3,,1080,2.497250406463536e-09,1357528,1357528
scaled_independent,2,g3_zero,g3,,1200,1.9488988201032953e-10,1506176,1506176
scaled_independent,2,g3_zero,g3,,1320,8.22852896931181e-12,1654824,1654824
scaled_independent,2,g3_zero,g3,,1440,2.8834712395564566e-12,1803472,1803472
scaled_independent,2,g3_zero,g3,,1560,1.141309269314661e-13,1952120,1952120
scaled_independent,2,g3_zero,g3,,1680,4.440892098500626e-16,2100768,2100768
scaled_independent,2,g3_zero,g3,,1800,0.0,2249416,2249416
scaled_independent,2,g3_zero,g3,,1920,0.0,2398064,2398064
scaled_independent,2,g3_zero,g3,,2040,0.0,2546712,2546712
scaled_independent,2,g3_zero,g3,,2160,0.0,2695360,2695360
scaled_independent,2,g3_zero,g3,,2280,0.0,2844008,2844008
scaled_independent,2,g3_zero,g3,,2400,0.0,2992656,2992656
scaled_independent,3,g3_zero,g3,,0,103.09704763681736,19696,19696
scaled_independent,3,g3_zero,g3,,120,5.247953573194463,168344,168344
scaled_independent,3,g3_zero,g3,,240,3.776577668258924,316992,316992
scaled_independent,3,g3_zero,g3,,360,0.04992868451425947,465640,465640
scaled_independent,3,g3_zero,g3,,480,0.0026938768770388144,614288,614288
scaled_independent,3,g3_zero,g3,,600,9.937394811077027e-05,762936,762936
scaled_independent,3,g3_zero,g3,,720,5.141182739087924e-06,911584,911584
scaled_independent,3,g3_zero,g3,,840,1.3916913932376929e-07,1060232,1060232
scaled_independent,3,g3_zero,g3,,960,2.4044803037526208e-08,1208880,1208880
scaled_independent,3,g3_zero,g3,,1080,9.374692133690132e-10,1357528,1357528
scaled_independent,3,g3_zero,g3,,1200,9.138423351373604e-11,1506176,1506176
scaled_independent,3,g3_zero,g3,,1320,4.341549342257167e-11,1654824,1654824
scaled_independent,3,g3_zero,g3,,1440,1.765698698363849e-12,1803472,1803472
scaled_independent,3,g3_zero,g3,,1560,1.4477308241112041e-13,1952120,1952120
scaled_independent,3,g3_zero,g3,,1680,7.993605777301127e-15,2100768,2100768
scaled_independent,3,g3_zero,g3,,1800,4.440892098500626e-15,2249416,2249416
scaled_independent,3,g3_zero,g3,,1920,0.0,2398064,2398064
scaled_independent,3,g3_zero,g3,,2040,0.0,2546712,2546712
scaled_independent,3,g3_zero,g3,,2160,0.0,2695360,2695360
scaled_independent,3,g3_zero,g3,,2280,0.0,2844008,2844008
scaled_independent,3,g3_zero,g3,,2400,4.440892098500626e-16,2992656,2992656
scaled_independent,4,g3_zero,g3,,0,131.58493879924953,19696,19696
scaled_independent,4,g3_zero,g3,,120,4.369394681882398,168344,168344
scaled_independent,4,g3_zero,g3,,240,1.5902873024415536,316992,316992
scaled_independent,4,g3_zero,g3,,360,0.019173516021642634,465640,465640
scaled_independent,4,g3_zero,g3,,480,0.0004474011361379482,614288,614288
scaled_independent,4,g3_zero,g3,,600,2.5679359576979977e-05,762936,762936
scaled_independent,4,g3_zero,g3,,720,1.2418649459888798e-06,911584,911584
scaled_independent,4,g3_zero,g3,,840,1.7786991346468994e-07,1060232,1060232
scaled_independent,4,g3_zero,g3,,960,1.8996760164924353e-08,1208880,1208880
scaled_independent,4,g3_zero,g3,,1080,7.719962447083617e-10,1357528,1357528
scaled_independent,4,g3_zero,g3,,1200,1.0080336565465586e-10,1506176,1506176
scaled_independent,4,g3_zero,g3,,1320,4.009681475736215e-12,1654824,1654824
scaled_independent,4,g3_zero,g3,,1440,2.389199948993337e-13,1803472,1803472
scaled_independent,4,g3_zero,g3,,1560,7.993605777301127e-15,1952120,1952120
scaled_independent,4,g3_zero,g3,,1680,0.0,2100768,2100768
scaled_independent,4,g3_zero,g3,,1800,0.0,2249416,2249416
scaled_independent,4,g3_zero,g3,,1920,0.0,2398064,2398064
scaled_independent,4,g3_zero,g3,,2040,0.0,2546712,2546712
scaled_independent,4,g3_zero,g3,,2160,0.0,2695360,2695360
scaled_independent,4,g3_zero,g3,,2280,0.0,2844008,2844008
scaled_independent,4,g3_zero,g3,,2400,0.0,2992656,2992656
scaled_independent,5,g3_zero,g3,,0,105.09501901081273,19696,19696
scaled_independent,5,g3_zero,g3,,120,25.99606828380793,168344,168344
scaled_independent,5,g3_zero,g3,,240,0.8150824305505715,316992,316992
scaled_independent,5,g3_zero,g3,,360,0.2587650638894181,465640,465640
scaled_independent,5,g3_zero,g3,,480,0.010930541587369724,614288,614288
scaled_independent,5,g3_zero,g3,,600,0.003784601276576982,762936,762936
scaled_independent,5,g3_zero,g3,,720,0.0003642926170934757,911584,911584
scaled_independent,5,g3_zero,g3,,840,1.7429651641087673e-05,1060232,1060232
scaled_independent,5,g3_zero,g3,,960,6.556934657453439e-07,1208880,1208880
scaled_independent,5,g3_zero,g3,,1080,7.034651838822015e-08,1357528,1357528
scaled_independent,5,g3_zero,g3,,1200,5.804766445294263e-09,1506176,1506176
scaled_independent,5,g3_zero,g3,,1320,2.1485320189640333e-09,1654824,1654824
scaled_independent,5,g3_zero,g3,,1440,3.2440716779547074e-11,1803472,1803472
scaled_independent,5,g3_zero,g3,,1560,1.2145839889399213e-12,1952120,1952120
scaled_independent,5,g3_zero,g3,,1680,7.460698725481052e-14,2100768,2100768
scaled_independent,5,g3_zero,g3,,1800,3.552713678800501e-15,2249416,2249416
scaled_independent,5,g3_zero,g3,,1920,0.0,2398064,2398064
scaled_independent,5,g3_zero,g3,,2040,0.0,2546712,2546712
scaled_independent,5,g3_zero,g3,,2160,0.0,2695360,2695360
scaled_independent,5,g3_zero,g3,,2280,0.0,2844008,2844008
scaled_independent,5,g3_zero,g3,,2400,0.0,2992656,2992656
scaled_independent,6,g3_zero,g3,,0,160.017828976917,19696,19696
scaled_independent,6,g3_zero,g3,,120,0.6598972581367533,168344,168344
scaled_independent,6,g3_zero,g3,,240,0.03217752663706097,316992,316992
scaled_independent,6,g3_zero,g3,,360,0.0020391901983303207,465640,465640
scaled_independent,6,g3_zero,g3,,480,0.00013893875109882714,614288,614288
scaled_independent,6,g3_zero,g3,,600,4.8455548113501834e-05,762936,762936
scaled_independent,6,g3_zero,g3,,720,7.27128566246904e-07,911584,911584
scaled_independent,6,g3_zero,g3,,840,1.3250011310361742e-08,1060232,1060232
scaled_independent,6,g3_zero,g3,,960,1.3079808347526978e-09,1208880,1208880
scaled_independent,6,g3_zero,g3,,1080,5.12254683115998e-10,1357528,1357528
scaled_independent,6,g3_zero,g3,,1200,1.7850609879133117e-11,1506176,1506176
scaled_independent,6,g3_zero,g3,,1320,6.732392421326949e-13,1654824,1654824
scaled_independent,6,g3_zero,g3,,1440,1.8252066524837574e-13,1803472,1803472
scaled_independent,6,g3_zero,g3,,1560,7.993605777301127e-15,1952120,1952120
scaled_independent,6,g3_zero,g3,,1680,3.1086244689504383e-15,2100768,2100768
scaled_independent,6,g3_zero,g3,,1800,4.440892098500626e-16,2249416,2249416
scaled_independent,6,g3_zero,g3,,1920,4.440892098500626e-16,2398064,2398064
scaled_independent,6,g3_zero,g3,,2040,4.440892098500626e-16,2546712,2546712
scaled_independent,6,g3_zero,g3,,2160,4.440892098500626e-16,2695360,2695360
scaled_independent,6,g3_zero,g3,,2280,8.881784197001252e-16,2844008,2844008
scaled_independent,6,g3_zero,g3,,2400,8.881784197001252e-16,2992656,2992656
scaled_independent,7,g3_zero,g3,,0,91.89537272481977,19696,19696
scaled_independent,7,g3_zero,g3,,120,20.37534443555518,168344,168344
scaled_independent,7,g3_zero,g3,,240,0.3987536440491213,316992,316992
scaled_independent,7,g3_zero,g3,,360,0.009408196404488312,465640,465640
scaled_independent,7,g3_zero,g3,,480,0.0003569025080127908,614288,614288
scaled_independent,7,g3_zero,g3,,600,7.750778228254873e-05,762936,762936
scaled_independent,7,g3_zero,g3,,720,2.0048854918464087e-06,911584,911584
scaled_independent,7,g3_zero,g3,,840,5.865573622365616e-07,1060232,1060232
scaled_independent,7,g3_zero,g3,,960,3.611078724929939e-07,1208880,1208880
scaled_independent,7,g3_zero,g3,,1080,4.548841303630979e-09,1357528,1357528
scaled_independent,7,g3_zero,g3,,1200,1.0230749580841803e-10,1506176,1506176
scaled_independent,7,g3_zero,g3,,1320,4.800604358479177e-12,1654824,1654824
scaled_independent,7,g3_zero,g3,,1440,1.3851142455223453e-12,1803472,1803472
scaled_independent,7,g3_zero,g3,,1560,4.973799150320701e-14,1952120,1952120
scaled_independent,7,g3_zero,g3,,1680,2.398081733190338e-14,2100768,2100768
scaled_independent,7,g3_zero,g3,,1800,4.440892098500626e-16,2249416,2249416
scaled_independent,7,g3_zero,g3,,1920,0.0,2398064,2398064
scaled_independent,7,g3_zero,g3,,2040,0.0,2546712,2546712
scaled_independent,7,g3_zero,g3,,2160,0.0,2695360,2695360
scaled_independent,7,g3_zero,g3,,2280,0.0,2844008,2844008
scaled_independent,7,g3_zero,g3,,2400,0.0,2992656,2992656
scaled_independent,8,g3_zero,g3,,0,116.17441165032336,19696,19696
scaled_independent,8,g3_zero,g3,,120,11.218451963878,168344,168344
scaled_independent,8,g3_zero,g3,,240,0.26533148131584383,316992,316992
scaled_independent,8,g3_zero,g3,,360,0.06495141640352697,465640,465640
scaled_independent,8,g3_zero,g3,,480,0.0023654925407274874,614288,614288
scaled_independent,8,g3_zero,g3,,600,7.592883015128393e-05,762936,762936
scaled_independent,8,g3_zero,g3,,720,4.828690096658761e-06,911584,911584
scaled_independent,8,g3_zero,g3,,840,1.9084081266385056e-06,1060232,1060232
scaled_independent,8,g3_zero,g3,,960,4.047590174138804e-08,1208880,1208880
scaled_independent,8,g3_zero,g3,,1080,3.2193936405633394e-09,1357528,1357528
scaled_independent,8,g3_zero,g3,,1200,6.344507141875511e-10,1506176,1506176
scaled_independent,8,g3_zero,g3,,1320,3.3709124380720823e-10,1654824,1654824
scaled_independent,8,g3_zero,g3,,1440,1.318989362175671e-11,1803472,1803472
scaled_independent,8,g3_zero,g3,,1560,6.039613253960852e-13,1952120,1952120
scaled_independent,8,g3_zero,g3,,1680,1.1501910535116622e-13,2100768,2100768
scaled_independent,8,g3_zero,g3,,1800,6.661338147750939e-15,2249416,2249416
scaled_independent,8,g3_zero,g3,,1920,1.7763568394002505e-15,2398064,2398064
scaled_independent,8,g3_zero,g3,,2040,8.881784197001252e-16,2546712,2546712
scaled_independent,8,g3_zero,g3,,2160,8.881784197001252e-16,2695360,2695360
scaled_independent,8,g3_zero,g3,,2280,4.440892098500626e-16,2844008,2844008
scaled_independent,8,g3_zero,g3,,2400,4.440892098500626e-16,2992656,2992656
scaled_independent,9,g3_zero,g3,,0,40.364307525216795,19696,19696
scaled_independent,9,g3_zero,g3,,120,4.269518654318416,168344,168344
scaled_independent,9,g3_zero,g3,,240,0.17930547561016263,316992,316992
scaled_independent,9,g3_zero,g3,,360,0.0040834770569562195,465640,465640
scaled_independent,9,g3_zero,g3,,480,0.00024093758122978315,614288,614288
scaled_independent,9,g3_zero,g3,,600,0.0001583302115362173,762936,762936
scaled_independent,9,g3_zero,g3,,720,3.0895918574636028e-06,911584,911584
scaled_independent,9,g3_zero,g3,,840,6.484168491027731e-08,1060232,1060232
scaled_independent,9,g3_zero,g3,,960,8.57749293814436e-09,1208880,1208880
scaled_independent,9,g3_zero,g3,,1080,1.7146328801231903e-10,1357528,1357528
scaled_independent,9,g3_zero,g3,,1200,8.671730000742173e-12,1506176,1506176
scaled_independent,9,g3_zero,g3,,1320,3.375077994860476e-13,1654824,1654824
scaled_independent,9,g3_zero,g3,,1440,1.865174681370263e-14,1803472,1803472
scaled_independent,9,g3_zero,g3,,1560,1.7763568394002505e-15,1952120,1952120
scaled_independent,9,g3_zero,g3,,1680,8.881784197001252e-16,2100768,2100768
scaled_independent,9,g3_zero,g3,,1800,4.440892098500626e-16,2249416,2249416
scaled_independent,9,g3_zero,g3,,1920,8.881784197001252e-16,2398064,2398064
scaled_independent,9,g3_zero,g3,,2040,8.881784197001252e-16,2546712,2546712
scaled_independent,9,g3_zero,g3,,2160,8.881784197001252e-16,2695360,2695360
scaled_independent,9,g3_zero,g3,,2280,4.440892098500626e-16,2844008,2844008
scaled_independent,9,g3_zero,g3,,2400,8.881784197001252e-16,2992656,2992656
scaled_independent,10,g3_zero,g3,,0,92.9592808084531,19696,19696
scaled_independent,10,g3_zero,g3,,120,10.216293698140063,168344,168344
scaled_independent,10,g3_zero,g3,,240,0.5078247381945595,316992,316992
scaled_independent,10,g3_zero,g3,,360,0.10080877115484244,465640,465640
scaled_independent,10,g3_zero,g3,,480,0.00347609380224867,614288,614288
scaled_independent,10,g3_zero,g3,,600,0.00014004839703529726,762936,762936
scaled_independent,10,g3_zero,g3,,720,1.02587206347593e-05,911584,911584
scaled_independent,10,g3_zero,g3,,840,1.4940604495805587e-06,1060232,1060232
scaled_independent,10,g3_zero,g3,,960,4.2972808422803155e-07,1208880,1208880
scaled_independent,10,g3_zero,g3,,1080,1.1739214045292101e-08,1357528,1357528
scaled_independent,10,g3_zero,g3,,1200,6.167928390254929e-10,1506176,1506176
scaled_independent,10,g3_zero,g3,,1320,2.1826984664130578e-11,1654824,1654824
scaled_independent,10,g3_zero,g3,,1440,9.920952948050399e-13,1803472,1803472
scaled_independent,10,g3_zero,g3,,1560,2.8466118351389014e-13,1952120,1952120
scaled_independent,10,g3_zero,g3,,1680,2.6645352591003757e-15,2100768,2100768
scaled_independent,10,g3_zero,g3,,1800,0.0,2249416,2249416
scaled_independent,10,g3_zero,g3,,1920,0.0,2398064,2398064
scaled_independent,10,g3_zero,g3,,2040,0.0,2546712,2546712
scaled_independent,10,g3_zero,g3,,2160,0.0,2695360,2695360
scaled_independent,10,g3_zero,g3,,2280,0.0,2844008,2844008
scaled_independent,10,g3_zero,g3,,2400,0.0,2992656,2992656
scaled_independent,11,g3_zero,g3,,0,60.069266323601795,19696,19696
scaled_independent,11,g3_zero,g3,,120,1.378356398340482,168344,168344
scaled_independent,11,g3_zero,g3,,240,0.01555827365655249,316992,316992
scaled_independent,11,g3_zero,g3,,360,0.0013592719211414916,465640,465640
scaled_independent,11,g3_zero,g3,,480,9.38135749750657e-05,614288,614288
scaled_independent,11,g3_zero,g3,,600,4.821767204576943e-05,762936,762936
scaled_independent,11,g3_zero,g3,,720,3.549733313734649e-05,911584,911584
scaled_independent,11,g3_zero,g3,,840,7.791829133019235e-07,1060232,1060232
scaled_independent,11,g3_zero,g3,,960,2.4721925395709832e-08,1208880,1208880
scaled_independent,11,g3_zero,g3,,1080,2.055087655605803e-09,1357528,1357528
scaled_independent,11,g3_zero,g3,,1200,1.0051710574998651e-09,1506176,1506176
scaled_independent,11,g3_zero,g3,,1320,2.1237678282659544e-11,1654824,1654824
scaled_independent,11,g3_zero,g3,,1440,6.632028259900835e-12,1803472,1803472
scaled_independent,11,g3_zero,g3,,1560,6.503242389044317e-12,1952120,1952120
scaled_independent,11,g3_zero,g3,,1680,4.0323300254385686e-13,2100768,2100768
scaled_independent,11,g3_zero,g3,,1800,7.638334409421077e-14,2249416,2249416
scaled_independent,11,g3_zero,g3,,1920,2.220446049250313e-15,2398064,2398064
scaled_independent,11,g3_zero,g3,,2040,0.0,2546712,2546712
scaled_independent,11,g3_zero,g3,,2160,0.0,2695360,2695360
scaled_independent,11,g3_zero,g3,,2280,0.0,2844008,2844008
scaled_independent,11,g3_zero,g3,,2400,0.0,2992656,2992656
scaled_independent,0,g2_eps_1,g2,1.0,0,167.46074682362197,19696,
scaled_independent,0,g2_eps_1,g2,1.0,120,11.38059334701122,168344,
scaled_independent,0,g2_eps_1,g2,1.0,240,0.25927004646573026,316992,
scaled_independent,0,g2_eps_1,g2,1.0,360,0.017089588989358973,465640,
scaled_independent,0,g2_eps_1,g2,1.0,480,0.0005329120461525783,614288,
scaled_independent,0,g2_eps_1,g2,1.0,600,3.88981747048156e-05,762936,
scaled_independent,0,g2_eps_1,g2,1.0,720,9.230490358724808e-07,911584,
scaled_independent,0,g2_eps_1,g2,1.0,840,3.365715572911654e-08,1060232,
scaled_independent,0,g2_eps_1,g2,1.0,960,9.190018968041613e-09,1208880,
scaled_independent,0,g2_eps_1,g2,1.0,1080,2.5980018136806393e-10,1357528,
scaled_independent,0,g2_eps_1,g2,1.0,1200,1.6720402840064708e-11,1506176,
scaled_independent,0,g2_eps_1,g2,1.0,1320,1.3797851750041445e-12,1654824,
scaled_independent,0,g2_eps_1,g2,1.0,1440,2.7755575615628914e-13,1803472,
scaled_independent,0,g2_eps_1,g2,1.0,1560,1.6431300764452317e-14,1952120,
scaled_independent,0,g2_eps_1,g2,1.0,1680,0.0,2100768,
scaled_independent,0,g2_eps_1,g2,1.0,1800,0.0,2249416,
scaled_independent,0,g2_eps_1,g2,1.0,1920,0.0,2398064,
scaled_independent,0,g2_eps_1,g2,1.0,2040,0.0,2546712,
scaled_independent,0,g2_eps_1,g2,1.0,2160,0.0,2695360,
scaled_independent,0,g2_eps_1,g2,1.0,2280,0.0,2844008,
scaled_independent,0,g2_eps_1,g2,1.0,2400,0.0,2992656,
scaled_independent,1,g2_eps_1,g2,1.0,0,123.09127736407206,19696,
scaled_independent,1,g2_eps_1,g2,1.0,120,0.7743135918450008,168344,
scaled_independent,1,g2_eps_1,g2,1.0,240,0.08022862521330332,316992,
scaled_independent,1,g2_eps_1,g2,1.0,360,0.002666365123518144,465640,
scaled_independent,1,g2_eps_1,g2,1.0,480,7.025140390126694e-05,614288,
scaled_independent,1,g2_eps_1,g2,1.0,600,4.033762790456308e-06,762936,
scaled_independent,1,g2_eps_1,g2,1.0,720,2.6197482121403937e-06,911584,
scaled_independent,1,g2_eps_1,g2,1.0,840,1.8646077979411757e-06,1060232,
scaled_independent,1,g2_eps_1,g2,1.0,960,3.7585325962652405e-08,1208880,
scaled_independent,1,g2_eps_1,g2,1.0,1080,8.508234117243774e-10,1357528,
scaled_independent,1,g2_eps_1,g2,1.0,1200,8.917933058683047e-11,1506176,
scaled_independent,1,g2_eps_1,g2,1.0,1320,6.115108419635362e-12,1654824,
scaled_independent,1,g2_eps_1,g2,1.0,1440,5.369038547087257e-13,1803472,
scaled_independent,1,g2_eps_1,g2,1.0,1560,4.4853010194856324e-14,1952120,
scaled_independent,1,g2_eps_1,g2,1.0,1680,3.9968028886505635e-15,2100768,
scaled_independent,1,g2_eps_1,g2,1.0,1800,4.440892098500626e-16,2249416,
scaled_independent,1,g2_eps_1,g2,1.0,1920,8.881784197001252e-16,2398064,
scaled_independent,1,g2_eps_1,g2,1.0,2040,8.881784197001252e-16,2546712,
scaled_independent,1,g2_eps_1,g2,1.0,2160,8.881784197001252e-16,2695360,
scaled_independent,1,g2_eps_1,g2,1.0,2280,4.440892098500626e-16,2844008,
scaled_independent,1,g2_eps_1,g2,1.0,2400,8.881784197001252e-16,2992656,
scaled_independent,2,g2_eps_1,g2,1.0,0,119.26154378927664,19696,
scaled_independent,2,g2_eps_1,g2,1.0,120,4.918323289794106,168344,
scaled_independent,2,g2_eps_1,g2,1.0,240,0.21211396018272177,316992,
scaled_independent,2,g2_eps_1,g2,1.0,360,0.012072510526747848,465640,
scaled_independent,2,g2_eps_1,g2,1.0,480,0.0019341874435316875,614288,
scaled_independent,2,g2_eps_1,g2,1.0,600,4.99642834288494e-05,762936,
scaled_independent,2,g2_eps_1,g2,1.0,720,4.401877062853998e-06,911584,
scaled_independent,2,g2_eps_1,g2,1.0,840,7.601670271029093e-08,1060232,
scaled_independent,2,g2_eps_1,g2,1.0,960,2.4580644186755762e-09,1208880,
scaled_independent,2,g2_eps_1,g2,1.0,1080,1.26248034248988e-09,1357528,
scaled_independent,2,g2_eps_1,g2,1.0,1200,1.035136421023708e-10,1506176,
scaled_independent,2,g2_eps_1,g2,1.0,1320,4.213074333847544e-12,1654824,
scaled_independent,2,g2_eps_1,g2,1.0,1440,1.3993251002375473e-12,1803472,
scaled_independent,2,g2_eps_1,g2,1.0,1560,5.81756864903582e-14,1952120,
scaled_independent,2,g2_eps_1,g2,1.0,1680,1.3322676295501878e-15,2100768,
scaled_independent,2,g2_eps_1,g2,1.0,1800,8.881784197001252e-16,2249416,
scaled_independent,2,g2_eps_1,g2,1.0,1920,4.440892098500626e-16,2398064,
scaled_independent,2,g2_eps_1,g2,1.0,2040,8.881784197001252e-16,2546712,
scaled_independent,2,g2_eps_1,g2,1.0,2160,8.881784197001252e-16,2695360,
scaled_independent,2,g2_eps_1,g2,1.0,2280,1.3322676295501878e-15,2844008,
scaled_independent,2,g2_eps_1,g2,1.0,2400,1.7763568394002505e-15,2992656,
scaled_independent,3,g2_eps_1,g2,1.0,0,103.09704763681736,19696,
scaled_independent,3,g2_eps_1,g2,1.0,120,30.866992255662872,168344,
scaled_independent,3,g2_eps_1,g2,1.0,240,4.6173633429729595,316992,
scaled_independent,3,g2_eps_1,g2,1.0,360,0.033812329798546426,465640,
scaled_independent,3,g2_eps_1,g2,1.0,480,0.0019726778049169447,614288,
scaled_independent,3,g2_eps_1,g2,1.0,600,7.899947934308926e-05,762936,
scaled_independent,3,g2_eps_1,g2,1.0,720,4.992312750751182e-06,911584,
scaled_independent,3,g2_eps_1,g2,1.0,840,1.4643789247870131e-07,1060232,
scaled_independent,3,g2_eps_1,g2,1.0,960,1.9800804107461545e-08,1208880,
scaled_independent,3,g2_eps_1,g2,1.0,1080,8.715268506875873e-10,1357528,
scaled_independent,3,g2_eps_1,g2,1.0,1200,8.295009124026365e-11,1506176,
scaled_independent,3,g2_eps_1,g2,1.0,1320,3.9762415582345056e-11,1654824,
scaled_independent,3,g2_eps_1,g2,1.0,1440,1.6675549829869851e-12,1803472,
scaled_independent,3,g2_eps_1,g2,1.0,1560,1.4299672557172016e-13,1952120,
scaled_independent,3,g2_eps_1,g2,1.0,1680,6.217248937900877e-15,2100768,
scaled_independent,3,g2_eps_1,g2,1.0,1800,2.220446049250313e-15,2249416,
scaled_independent,3,g2_eps_1,g2,1.0,1920,0.0,2398064,
scaled_independent,3,g2_eps_1,g2,1.0,2040,0.0,2546712,
scaled_independent,3,g2_eps_1,g2,1.0,2160,0.0,2695360,
scaled_independent,3,g2_eps_1,g2,1.0,2280,0.0,2844008,
scaled_independent,3,g2_eps_1,g2,1.0,2400,0.0,2992656,
scaled_independent,4,g2_eps_1,g2,1.0,0,131.58493879924953,19696,
scaled_independent,4,g2_eps_1,g2,1.0,120,4.390925378243287,168344,
scaled_independent,4,g2_eps_1,g2,1.0,240,1.588881312308919,316992,
scaled_independent,4,g2_eps_1,g2,1.0,360,0.019842516413151046,465640,
scaled_independent,4,g2_eps_1,g2,1.0,480,0.00044863274002615583,614288,
scaled_independent,4,g2_eps_1,g2,1.0,600,2.8843448113047288e-05,762936,
scaled_independent,4,g2_eps_1,g2,1.0,720,2.808575383816958e-06,911584,
scaled_independent,4,g2_eps_1,g2,1.0,840,1.8097508647230143e-07,1060232,
scaled_independent,4,g2_eps_1,g2,1.0,960,1.943476712895631e-08,1208880,
scaled_independent,4,g2_eps_1,g2,1.0,1080,7.931677536987536e-10,1357528,
scaled_independent,4,g2_eps_1,g2,1.0,1200,1.0260059468691907e-10,1506176,
scaled_independent,4,g2_eps_1,g2,1.0,1320,4.068745340646274e-12,1654824,
scaled_independent,4,g2_eps_1,g2,1.0,1440,2.4291679778798425e-13,1803472,
scaled_independent,4,g2_eps_1,g2,1.0,1560,7.549516567451064e-15,1952120,
scaled_independent,4,g2_eps_1,g2,1.0,1680,0.0,2100768,
scaled_independent,4,g2_eps_1,g2,1.0,1800,0.0,2249416,
scaled_independent,4,g2_eps_1,g2,1.0,1920,0.0,2398064,
scaled_independent,4,g2_eps_1,g2,1.0,2040,0.0,2546712,
scaled_independent,4,g2_eps_1,g2,1.0,2160,0.0,2695360,
scaled_independent,4,g2_eps_1,g2,1.0,2280,0.0,2844008,
scaled_independent,4,g2_eps_1,g2,1.0,2400,0.0,2992656,
scaled_independent,5,g2_eps_1,g2,1.0,0,105.09501901081273,19696,
scaled_independent,5,g2_eps_1,g2,1.0,120,2.7870013914944227,168344,
scaled_independent,5,g2_eps_1,g2,1.0,240,0.4124230534905129,316992,
scaled_independent,5,g2_eps_1,g2,1.0,360,0.06264640864764104,465640,
scaled_independent,5,g2_eps_1,g2,1.0,480,0.002454168462249662,614288,
scaled_independent,5,g2_eps_1,g2,1.0,600,0.0008336385522280665,762936,
scaled_independent,5,g2_eps_1,g2,1.0,720,7.367412443848309e-05,911584,
scaled_independent,5,g2_eps_1,g2,1.0,840,3.3417286733339324e-06,1060232,
scaled_independent,5,g2_eps_1,g2,1.0,960,1.3066428738994773e-07,1208880,
scaled_independent,5,g2_eps_1,g2,1.0,1080,1.4106894763443734e-08,1357528,
scaled_independent,5,g2_eps_1,g2,1.0,1200,1.1954295331406684e-09,1506176,
scaled_independent,5,g2_eps_1,g2,1.0,1320,4.367333161781062e-10,1654824,
scaled_independent,5,g2_eps_1,g2,1.0,1440,6.853628775616016e-12,1803472,
scaled_independent,5,g2_eps_1,g2,1.0,1560,2.6290081223123707e-13,1952120,
scaled_independent,5,g2_eps_1,g2,1.0,1680,1.0658141036401503e-14,2100768,
scaled_independent,5,g2_eps_1,g2,1.0,1800,1.7763568394002505e-15,2249416,
scaled_independent,5,g2_eps_1,g2,1.0,1920,8.881784197001252e-16,2398064,
scaled_independent,5,g2_eps_1,g2,1.0,2040,8.881784197001252e-16,2546712,
scaled_independent,5,g2_eps_1,g2,1.0,2160,8.881784197001252e-16,2695360,
scaled_independent,5,g2_eps_1,g2,1.0,2280,8.881784197001252e-16,2844008,
scaled_independent,5,g2_eps_1,g2,1.0,2400,8.881784197001252e-16,2992656,
scaled_independent,6,g2_eps_1,g2,1.0,0,160.017828976917,19696,
scaled_independent,6,g2_eps_1,g2,1.0,120,31.89869308441084,168344,
scaled_independent,6,g2_eps_1,g2,1.0,240,0.3256889385666062,316992,
scaled_independent,6,g2_eps_1,g2,1.0,360,0.018445104547334612,465640,
scaled_independent,6,g2_eps_1,g2,1.0,480,0.0008465185946584519,614288,
scaled_independent,6,g2_eps_1,g2,1.0,600,0.00023315832278569815,762936,
scaled_independent,6,g2_eps_1,g2,1.0,720,3.0835960047603805e-06,911584,
scaled_independent,6,g2_eps_1,g2,1.0,840,4.3017710726900305e-08,1060232,
scaled_independent,6,g2_eps_1,g2,1.0,960,4.504157491425076e-09,1208880,
scaled_independent,6,g2_eps_1,g2,1.0,1080,7.567044768563846e-10,1357528,
scaled_independent,6,g2_eps_1,g2,1.0,1200,4.9758419606860116e-11,1506176,
scaled_independent,6,g2_eps_1,g2,1.0,1320,1.3935519405094965e-12,1654824,
scaled_independent,6,g2_eps_1,g2,1.0,1440,3.2596148002994596e-13,1803472,
scaled_independent,6,g2_eps_1,g2,1.0,1560,1.554312234475219e-14,1952120,
scaled_independent,6,g2_eps_1,g2,1.0,1680,6.661338147750939e-15,2100768,
scaled_independent,6,g2_eps_1,g2,1.0,1800,4.440892098500626e-16,2249416,
scaled_independent,6,g2_eps_1,g2,1.0,1920,4.440892098500626e-16,2398064,
scaled_independent,6,g2_eps_1,g2,1.0,2040,4.440892098500626e-16,2546712,
scaled_independent,6,g2_eps_1,g2,1.0,2160,4.440892098500626e-16,2695360,
scaled_independent,6,g2_eps_1,g2,1.0,2280,4.440892098500626e-16,2844008,
scaled_independent,6,g2_eps_1,g2,1.0,2400,4.440892098500626e-16,2992656,
scaled_independent,7,g2_eps_1,g2,1.0,0,91.89537272481977,19696,
scaled_independent,7,g2_eps_1,g2,1.0,120,20.085552362928993,168344,
scaled_independent,7,g2_eps_1,g2,1.0,240,0.3448746258556761,316992,
scaled_independent,7,g2_eps_1,g2,1.0,360,0.00807714894026157,465640,
scaled_independent,7,g2_eps_1,g2,1.0,480,0.00024194098490903926,614288,
scaled_independent,7,g2_eps_1,g2,1.0,600,5.161129655961716e-05,762936,
scaled_independent,7,g2_eps_1,g2,1.0,720,1.2148720709426186e-06,911584,
scaled_independent,7,g2_eps_1,g2,1.0,840,3.491952202949733e-07,1060232,
scaled_independent,7,g2_eps_1,g2,1.0,960,1.9568526221647176e-07,1208880,
scaled_independent,7,g2_eps_1,g2,1.0,1080,2.497214435237538e-09,1357528,
scaled_independent,7,g2_eps_1,g2,1.0,1200,5.999423180469421e-11,1506176,
scaled_independent,7,g2_eps_1,g2,1.0,1320,2.8888003100746573e-12,1654824,
scaled_independent,7,g2_eps_1,g2,1.0,1440,8.308909116294672e-13,1803472,
scaled_independent,7,g2_eps_1,g2,1.0,1560,4.218847493575595e-14,1952120,
scaled_independent,7,g2_eps_1,g2,1.0,1680,1.4654943925052066e-14,2100768,
scaled_independent,7,g2_eps_1,g2,1.0,1800,4.440892098500626e-16,2249416,
scaled_independent,7,g2_eps_1,g2,1.0,1920,4.440892098500626e-16,2398064,
scaled_independent,7,g2_eps_1,g2,1.0,2040,0.0,2546712,
scaled_independent,7,g2_eps_1,g2,1.0,2160,4.440892098500626e-16,2695360,
scaled_independent,7,g2_eps_1,g2,1.0,2280,0.0,2844008,
scaled_independent,7,g2_eps_1,g2,1.0,2400,0.0,2992656,
scaled_independent,8,g2_eps_1,g2,1.0,0,116.17441165032336,19696,
scaled_independent,8,g2_eps_1,g2,1.0,120,11.219542898889195,168344,
scaled_independent,8,g2_eps_1,g2,1.0,240,0.26555112388763913,316992,
scaled_independent,8,g2_eps_1,g2,1.0,360,0.06611274757845642,465640,
scaled_independent,8,g2_eps_1,g2,1.0,480,0.00238028126471157,614288,
scaled_independent,8,g2_eps_1,g2,1.0,600,7.844004185830755e-05,762936,
scaled_independent,8,g2_eps_1,g2,1.0,720,4.821382892039594e-06,911584,
scaled_independent,8,g2_eps_1,g2,1.0,840,1.9123555903277634e-06,1060232,
scaled_independent,8,g2_eps_1,g2,1.0,960,4.1746110568396944e-08,1208880,
scaled_independent,8,g2_eps_1,g2,1.0,1080,3.2211877609711337e-09,1357528,
scaled_independent,8,g2_eps_1,g2,1.0,1200,6.35967278839189e-10,1506176,
scaled_independent,8,g2_eps_1,g2,1.0,1320,3.3877878280463847e-10,1654824,
scaled_independent,8,g2_eps_1,g2,1.0,1440,1.3243184326938717e-11,1803472,
scaled_independent,8,g2_eps_1,g2,1.0,1560,6.261657858885883e-13,1952120,
scaled_independent,8,g2_eps_1,g2,1.0,1680,1.1546319456101628e-13,2100768,
scaled_independent,8,g2_eps_1,g2,1.0,1800,7.105427357601002e-15,2249416,
scaled_independent,8,g2_eps_1,g2,1.0,1920,1.7763568394002505e-15,2398064,
scaled_independent,8,g2_eps_1,g2,1.0,2040,1.7763568394002505e-15,2546712,
scaled_independent,8,g2_eps_1,g2,1.0,2160,1.3322676295501878e-15,2695360,
scaled_independent,8,g2_eps_1,g2,1.0,2280,1.3322676295501878e-15,2844008,
scaled_independent,8,g2_eps_1,g2,1.0,2400,2.220446049250313e-15,2992656,
scaled_independent,9,g2_eps_1,g2,1.0,0,40.364307525216795,19696,
scaled_independent,9,g2_eps_1,g2,1.0,120,2.631957860973415,168344,
scaled_independent,9,g2_eps_1,g2,1.0,240,0.11182578754059591,316992,
scaled_independent,9,g2_eps_1,g2,1.0,360,0.0028635594656996055,465640,
scaled_independent,9,g2_eps_1,g2,1.0,480,0.00020105345674092945,614288,
scaled_independent,9,g2_eps_1,g2,1.0,600,0.00016489974168054644,762936,
scaled_independent,9,g2_eps_1,g2,1.0,720,2.968739955644395e-06,911584,
scaled_independent,9,g2_eps_1,g2,1.0,840,4.9899972154321404e-08,1060232,
scaled_independent,9,g2_eps_1,g2,1.0,960,7.030048543299472e-09,1208880,
scaled_independent,9,g2_eps_1,g2,1.0,1080,1.202757893281614e-10,1357528,
scaled_independent,9,g2_eps_1,g2,1.0,1200,7.969180870759374e-12,1506176,
scaled_independent,9,g2_eps_1,g2,1.0,1320,2.6645352591003757e-13,1654824,
scaled_independent,9,g2_eps_1,g2,1.0,1440,1.7763568394002505e-14,1803472,
scaled_independent,9,g2_eps_1,g2,1.0,1560,2.220446049250313e-15,1952120,
scaled_independent,9,g2_eps_1,g2,1.0,1680,8.881784197001252e-16,2100768,
scaled_independent,9,g2_eps_1,g2,1.0,1800,8.881784197001252e-16,2249416,
scaled_independent,9,g2_eps_1,g2,1.0,1920,8.881784197001252e-16,2398064,
scaled_independent,9,g2_eps_1,g2,1.0,2040,8.881784197001252e-16,2546712,
scaled_independent,9,g2_eps_1,g2,1.0,2160,8.881784197001252e-16,2695360,
scaled_independent,9,g2_eps_1,g2,1.0,2280,8.881784197001252e-16,2844008,
scaled_independent,9,g2_eps_1,g2,1.0,2400,1.3322676295501878e-15,2992656,
scaled_independent,10,g2_eps_1,g2,1.0,0,92.9592808084531,19696,
scaled_independent,10,g2_eps_1,g2,1.0,120,10.084458694237938,168344,
scaled_independent,10,g2_eps_1,g2,1.0,240,0.4985834489575396,316992,
scaled_independent,10,g2_eps_1,g2,1.0,360,0.09296907485459105,465640,
scaled_independent,10,g2_eps_1,g2,1.0,480,0.0030586504804035464,614288,
scaled_independent,10,g2_eps_1,g2,1.0,600,0.00011387457382161514,762936,
scaled_independent,10,g2_eps_1,g2,1.0,720,1.3757750228382548e-05,911584,
scaled_independent,10,g2_eps_1,g2,1.0,840,1.6572733114728067e-06,1060232,
scaled_independent,10,g2_eps_1,g2,1.0,960,4.1502284631178554e-07,1208880,
scaled_independent,10,g2_eps_1,g2,1.0,1080,1.3011330679546518e-08,1357528,
scaled_independent,10,g2_eps_1,g2,1.0,1200,6.350413528366516e-10,1506176,
scaled_independent,10,g2_eps_1,g2,1.0,1320,2.7895463716731683e-11,1654824,
scaled_independent,10,g2_eps_1,g2,1.0,1440,1.482813871689359e-12,1803472,
scaled_independent,10,g2_eps_1,g2,1.0,1560,5.191402863147232e-13,1952120,
scaled_independent,10,g2_eps_1,g2,1.0,1680,5.329070518200751e-15,2100768,
scaled_independent,10,g2_eps_1,g2,1.0,1800,0.0,2249416,
scaled_independent,10,g2_eps_1,g2,1.0,1920,0.0,2398064,
scaled_independent,10,g2_eps_1,g2,1.0,2040,0.0,2546712,
scaled_independent,10,g2_eps_1,g2,1.0,2160,0.0,2695360,
scaled_independent,10,g2_eps_1,g2,1.0,2280,0.0,2844008,
scaled_independent,10,g2_eps_1,g2,1.0,2400,0.0,2992656,
scaled_independent,11,g2_eps_1,g2,1.0,0,60.069266323601795,19696,
scaled_independent,11,g2_eps_1,g2,1.0,120,1.4220567598105585,168344,
scaled_independent,11,g2_eps_1,g2,1.0,240,0.016413287450410152,316992,
scaled_independent,11,g2_eps_1,g2,1.0,360,0.0007228451449856621,465640,
scaled_independent,11,g2_eps_1,g2,1.0,480,6.0853631683954745e-05,614288,
scaled_independent,11,g2_eps_1,g2,1.0,600,2.279860146137125e-05,762936,
scaled_independent,11,g2_eps_1,g2,1.0,720,1.7055240675745154e-05,911584,
scaled_independent,11,g2_eps_1,g2,1.0,840,2.1778137382355567e-07,1060232,
scaled_independent,11,g2_eps_1,g2,1.0,960,1.077845945829381e-08,1208880,
scaled_independent,11,g2_eps_1,g2,1.0,1080,8.598513012714193e-10,1357528,
scaled_independent,11,g2_eps_1,g2,1.0,1200,2.546336475006683e-10,1506176,
scaled_independent,11,g2_eps_1,g2,1.0,1320,4.914735285410643e-12,1654824,
scaled_independent,11,g2_eps_1,g2,1.0,1440,1.4588330543574557e-12,1803472,
scaled_independent,11,g2_eps_1,g2,1.0,1560,1.4184209362611e-12,1952120,
scaled_independent,11,g2_eps_1,g2,1.0,1680,8.881784197001252e-14,2100768,
scaled_independent,11,g2_eps_1,g2,1.0,1800,1.8207657603852567e-14,2249416,
scaled_independent,11,g2_eps_1,g2,1.0,1920,1.7763568394002505e-15,2398064,
scaled_independent,11,g2_eps_1,g2,1.0,2040,1.7763568394002505e-15,2546712,
scaled_independent,11,g2_eps_1,g2,1.0,2160,1.7763568394002505e-15,2695360,
scaled_independent,11,g2_eps_1,g2,1.0,2280,1.3322676295501878e-15,2844008,
scaled_independent,11,g2_eps_1,g2,1.0,2400,1.3322676295501878e-15,2992656,
scaled_independent,0,g2_eps_0p5,g2,0.5,0,167.46074682362197,19696,
scaled_independent,0,g2_eps_0p5,g2,0.5,120,27.832507797837927,168344,
scaled_independent,0,g2_eps_0p5,g2,0.5,240,27.832507797837927,316992,
scaled_independent,0,g2_eps_0p5,g2,0.5,360,27.832507797837927,465640,
scaled_independent,0,g2_eps_0p5,g2,0.5,480,27.832507797837927,614288,
scaled_independent,0,g2_eps_0p5,g2,0.5,600,27.832507797837927,762936,
scaled_independent,0,g2_eps_0p5,g2,0.5,720,27.832507797837927,911584,
scaled_independent,0,g2_eps_0p5,g2,0.5,840,27.832507797837927,1060232,
scaled_independent,0,g2_eps_0p5,g2,0.5,960,27.832507797837927,1208880,
scaled_independent,0,g2_eps_0p5,g2,0.5,1080,27.832507797837927,1357528,
scaled_independent,0,g2_eps_0p5,g2,0.5,1200,27.832507797837927,1506176,
scaled_independent,0,g2_eps_0p5,g2,0.5,1320,27.832507797837927,1654824,
scaled_independent,0,g2_eps_0p5,g2,0.5,1440,27.832507797837927,1803472,
scaled_independent,0,g2_eps_0p5,g2,0.5,1560,27.832507797837927,1952120,
scaled_independent,0,g2_eps_0p5,g2,0.5,1680,27.832507797837927,2100768,
scaled_independent,0,g2_eps_0p5,g2,0.5,1800,27.832507797837927,2249416,
scaled_independent,0,g2_eps_0p5,g2,0.5,1920,27.832507797837927,2398064,
scaled_independent,0,g2_eps_0p5,g2,0.5,2040,27.832507797837927,2546712,
scaled_independent,0,g2_eps_0p5,g2,0.5,2160,27.832507797837927,2695360,
scaled_independent,0,g2_eps_0p5,g2,0.5,2280,27.832507797837927,2844008,
scaled_independent,0,g2_eps_0p5,g2,0.5,2400,27.832507797837927,2992656,
scaled_independent,1,g2_eps_0p5,g2,0.5,0,123.09127736407206,19696,
scaled_independent,1,g2_eps_0p5,g2,0.5,120,57.646187726957066,168344,
scaled_independent,1,g2_eps_0p5,g2,0.5,240,57.646187726957066,316992,
scaled_independent,1,g2_eps_0p5,g2,0.5,360,57.646187726957066,465640,
scaled_independent,1,g2_eps_0p5,g2,0.5,480,57.646187726957066,614288,
scaled_independent,1,g2_eps_0p5,g2,0.5,600,57.646187726957066,762936,
scaled_independent,1,g2_eps_0p5,g2,0.5,720,57.646187726957066,911584,
scaled_independent,1,g2_eps_0p5,g2,0.5,840,57.646187726957066,1060232,
scaled_independent,1,g2_eps_0p5,g2,0.5,960,57.646187726957066,1208880,
scaled_independent,1,g2_eps_0p5,g2,0.5,1080,57.646187726957066,1357528,
scaled_independent,1,g2_eps_0p5,g2,0.5,1200,57.646187726957066,1506176,
scaled_independent,1,g2_eps_0p5,g2,0.5,1320,57.646187726957066,1654824,
scaled_independent,1,g2_eps_0p5,g2,0.5,1440,57.646187726957066,1803472,
scaled_independent,1,g2_eps_0p5,g2,0.5,1560,57.646187726957066,1952120,
scaled_independent,1,g2_eps_0p5,g2,0.5,1680,57.646187726957066,2100768,
scaled_independent,1,g2_eps_0p5,g2,0.5,1800,57.646187726957066,2249416,
scaled_independent,1,g2_eps_0p5,g2,0.5,1920,57.646187726957066,2398064,
scaled_independent,1,g2_eps_0p5,g2,0.5,2040,57.646187726957066,2546712,
scaled_independent,1,g2_eps_0p5,g2,0.5,2160,57.646187726957066,2695360,
scaled_independent,1,g2_eps_0p5,g2,0.5,2280,55.92069338646095,2844008,
scaled_independent,1,g2_eps_0p5,g2,0.5,2400,55.92069338646095,2992656,
scaled_independent,2,g2_eps_0p5,g2,0.5,0,119.26154378927664,19696,
scaled_independent,2,g2_eps_0p5,g2,0.5,120,67.88000956312342,168344,
scaled_independent,2,g2_eps_0p5,g2,0.5,240,67.88000956312342,316992,
scaled_independent,2,g2_eps_0p5,g2,0.5,360,67.88000956312342,465640,
scaled_independent,2,g2_eps_0p5,g2,0.5,480,67.88000956312342,614288,
scaled_independent,2,g2_eps_0p5,g2,0.5,600,67.88000956312342,762936,
scaled_independent,2,g2_eps_0p5,g2,0.5,720,67.88000956312342,911584,
scaled_independent,2,g2_eps_0p5,g2,0.5,840,67.88000956312342,1060232,
scaled_independent,2,g2_eps_0p5,g2,0.5,960,67.88000956312342,1208880,
scaled_independent,2,g2_eps_0p5,g2,0.5,1080,67.88000956312342,1357528,
scaled_independent,2,g2_eps_0p5,g2,0.5,1200,67.88000956312342,1506176,
scaled_independent,2,g2_eps_0p5,g2,0.5,1320,67.88000956312342,1654824,
scaled_independent,2,g2_eps_0p5,g2,0.5,1440,67.88000956312342,1803472,
scaled_independent,2,g2_eps_0p5,g2,0.5,1560,67.88000956312342,1952120,
scaled_independent,2,g2_eps_0p5,g2,0.5,1680,67.88000956312342,2100768,
scaled_independent,2,g2_eps_0p5,g2,0.5,1800,67.88000956312342,2249416,
scaled_independent,2,g2_eps_0p5,g2,0.5,1920,67.88000956312342,2398064,
scaled_independent,2,g2_eps_0p5,g2,0.5,2040,67.88000956312342,2546712,
scaled_independent,2,g2_eps_0p5,g2,0.5,2160,67.88000956312342,2695360,
scaled_independent,2,g2_eps_0p5,g2,0.5,2280,67.88000956312342,2844008,
scaled_independent,2,g2_eps_0p5,g2,0.5,2400,50.68241008340414,2992656,
scaled_independent,3,g2_eps_0p5,g2,0.5,0,103.09704763681736,19696,
scaled_independent,3,g2_eps_0p5,g2,0.5,120,25.921830518916206,168344,
scaled_independent,3,g2_eps_0p5,g2,0.5,240,25.921830518916206,316992,
scaled_independent,3,g2_eps_0p5,g2,0.5,360,25.921830518916206,465640,
scaled_independent,3,g2_eps_0p5,g2,0.5,480,25.921830518916206,614288,
scaled_independent,3,g2_eps_0p5,g2,0.5,600,25.921830518916206,762936,
scaled_independent,3,g2_eps_0p5,g2,0.5,720,25.921830518916206,911584,
scaled_independent,3,g2_eps_0p5,g2,0.5,840,25.921830518916206,1060232,
scaled_independent,3,g2_eps_0p5,g2,0.5,960,25.921830518916206,1208880,
scaled_independent,3,g2_eps_0p5,g2,0.5,1080,25.921830518916206,1357528,
scaled_independent,3,g2_eps_0p5,g2,0.5,1200,25.921830518916206,1506176,
scaled_independent,3,g2_eps_0p5,g2,0.5,1320,25.921830518916206,1654824,
scaled_independent,3,g2_eps_0p5,g2,0.5,1440,25.921830518916206,1803472,
scaled_independent,3,g2_eps_0p5,g2,0.5,1560,25.921830518916206,1952120,
scaled_independent,3,g2_eps_0p5,g2,0.5,1680,25.921830518916206,2100768,
scaled_independent,3,g2_eps_0p5,g2,0.5,1800,25.921830518916202,2249416,
scaled_independent,3,g2_eps_0p5,g2,0.5,1920,25.921830518916202,2398064,
scaled_independent,3,g2_eps_0p5,g2,0.5,2040,25.921830518916202,2546712,
scaled_independent,3,g2_eps_0p5,g2,0.5,2160,25.921830518916202,2695360,
scaled_independent,3,g2_eps_0p5,g2,0.5,2280,25.921830518916202,2844008,
scaled_independent,3,g2_eps_0p5,g2,0.5,2400,25.921830518916202,2992656,
scaled_independent,4,g2_eps_0p5,g2,0.5,0,131.58493879924953,19696,
scaled_independent,4,g2_eps_0p5,g2,0.5,120,38.681693254779915,168344,
scaled_independent,4,g2_eps_0p5,g2,0.5,240,38.681693254779915,316992,
scaled_independent,4,g2_eps_0p5,g2,0.5,360,38.681693254779915,465640,
scaled_independent,4,g2_eps_0p5,g2,0.5,480,38.681693254779915,614288,
scaled_independent,4,g2_eps_0p5,g2,0.5,600,38.681693254779915,762936,
scaled_independent,4,g2_eps_0p5,g2,0.5,720,38.681693254779915,911584,
scaled_independent,4,g2_eps_0p5,g2,0.5,840,38.681693254779915,1060232,
scaled_independent,4,g2_eps_0p5,g2,0.5,960,38.681693254779915,1208880,
scaled_independent,4,g2_eps_0p5,g2,0.5,1080,38.681693254779915,1357528,
scaled_independent,4,g2_eps_0p5,g2,0.5,1200,38.681693254779915,1506176,
scaled_independent,4,g2_eps_0p5,g2,0.5,1320,38.681693254779915,1654824,
scaled_independent,4,g2_eps_0p5,g2,0.5,1440,38.6816932547799,1803472,
scaled_independent,4,g2_eps_0p5,g2,0.5,1560,38.6816932547799,1952120,
scaled_independent,4,g2_eps_0p5,g2,0.5,1680,38.6816932547799,2100768,
scaled_independent,4,g2_eps_0p5,g2,0.5,1800,38.681693254779915,2249416,
scaled_independent,4,g2_eps_0p5,g2,0.5,1920,38.6816932547799,2398064,
scaled_independent,4,g2_eps_0p5,g2,0.5,2040,38.6816932547799,2546712,
scaled_independent,4,g2_eps_0p5,g2,0.5,2160,38.6816932547799,2695360,
scaled_independent,4,g2_eps_0p5,g2,0.5,2280,38.6816932547799,2844008,
scaled_independent,4,g2_eps_0p5,g2,0.5,2400,38.6816932547799,2992656,
scaled_independent,5,g2_eps_0p5,g2,0.5,0,105.09501901081273,19696,
scaled_independent,5,g2_eps_0p5,g2,0.5,120,27.670828823316697,168344,
scaled_independent,5,g2_eps_0p5,g2,0.5,240,27.670828823316697,316992,
scaled_independent,5,g2_eps_0p5,g2,0.5,360,27.670828823316697,465640,
scaled_independent,5,g2_eps_0p5,g2,0.5,480,27.670828823316697,614288,
scaled_independent,5,g2_eps_0p5,g2,0.5,600,27.670828823316697,762936,
scaled_independent,5,g2_eps_0p5,g2,0.5,720,27.670828823316697,911584,
scaled_independent,5,g2_eps_0p5,g2,0.5,840,27.670828823316697,1060232,
scaled_independent,5,g2_eps_0p5,g2,0.5,960,27.589880518898227,1208880,
scaled_independent,5,g2_eps_0p5,g2,0.5,1080,19.20643683067035,1357528,
scaled_independent,5,g2_eps_0p5,g2,0.5,1200,19.20643683067035,1506176,
scaled_independent,5,g2_eps_0p5,g2,0.5,1320,19.20643683067035,1654824,
scaled_independent,5,g2_eps_0p5,g2,0.5,1440,19.20643683067035,1803472,
scaled_independent,5,g2_eps_0p5,g2,0.5,1560,19.20643683067035,1952120,
scaled_independent,5,g2_eps_0p5,g2,0.5,1680,19.20643683067035,2100768,
scaled_independent,5,g2_eps_0p5,g2,0.5,1800,19.20643683067035,2249416,
scaled_independent,5,g2_eps_0p5,g2,0.5,1920,19.20643683067035,2398064,
scaled_independent,5,g2_eps_0p5,g2,0.5,2040,19.20643683067035,2546712,
scaled_independent,5,g2_eps_0p5,g2,0.5,2160,2.558309996522043,2695360,
scaled_independent,5,g2_eps_0p5,g2,0.5,2280,2.558309996522043,2844008,
scaled_independent,5,g2_eps_0p5,g2,0.5,2400,2.558309996522043,2992656,
scaled_independent,6,g2_eps_0p5,g2,0.5,0,160.017828976917,19696,
scaled_independent,6,g2_eps_0p5,g2,0.5,120,62.46480384242808,168344,
scaled_independent,6,g2_eps_0p5,g2,0.5,240,62.46480384242808,316992,
scaled_independent,6,g2_eps_0p5,g2,0.5,360,62.46480384242808,465640,
scaled_independent,6,g2_eps_0p5,g2,0.5,480,62.46480384242808,614288,
scaled_independent,6,g2_eps_0p5,g2,0.5,600,62.46480384242808,762936,
scaled_independent,6,g2_eps_0p5,g2,0.5,720,62.46480384242808,911584,
scaled_independent,6,g2_eps_0p5,g2,0.5,840,62.46480384242808,1060232,
scaled_independent,6,g2_eps_0p5,g2,0.5,960,62.46480384242808,1208880,
scaled_independent,6,g2_eps_0p5,g2,0.5,1080,62.46480384242808,1357528,
scaled_independent,6,g2_eps_0p5,g2,0.5,1200,62.46480384242808,1506176,
scaled_independent,6,g2_eps_0p5,g2,0.5,1320,62.46480384242808,1654824,
scaled_independent,6,g2_eps_0p5,g2,0.5,1440,62.46480384242808,1803472,
scaled_independent,6,g2_eps_0p5,g2,0.5,1560,62.46480384242808,1952120,
scaled_independent,6,g2_eps_0p5,g2,0.5,1680,62.46480384242808,2100768,
scaled_independent,6,g2_eps_0p5,g2,0.5,1800,62.46480384242808,2249416,
scaled_independent,6,g2_eps_0p5,g2,0.5,1920,62.46480384242808,2398064,
scaled_independent,6,g2_eps_0p5,g2,0.5,2040,62.46480384242808,2546712,
scaled_independent,6,g2_eps_0p5,g2,0.5,2160,62.46480384242808,2695360,
scaled_independent,6,g2_eps_0p5,g2,0.5,2280,62.46480384242808,2844008,
scaled_independent,6,g2_eps_0p5,g2,0.5,2400,62.46480384242808,2992656,
scaled_independent,7,g2_eps_0p5,g2,0.5,0,91.89537272481977,19696,
scaled_independent,7,g2_eps_0p5,g2,0.5,120,52.88429245364606,168344,
scaled_independent,7,g2_eps_0p5,g2,0.5,240,35.27820463050076,316992,
scaled_independent,7,g2_eps_0p5,g2,0.5,360,35.27820463050076,465640,
scaled_independent,7,g2_eps_0p5,g2,0.5,480,35.27820463050076,614288,
scaled_independent,7,g2_eps_0p5,g2,0.5,600,35.27820463050076,762936,
scaled_independent,7,g2_eps_0p5,g2,0.5,720,35.27820463050076,911584,
scaled_independent,7,g2_eps_0p5,g2,0.5,840,35.27820463050076,1060232,
scaled_independent,7,g2_eps_0p5,g2,0.5,960,35.23721452979596,1208880,
scaled_independent,7,g2_eps_0p5,g2,0.5,1080,35.23721452979596,1357528,
scaled_independent,7,g2_eps_0p5,g2,0.5,1200,35.23721452979596,1506176,
scaled_independent,7,g2_eps_0p5,g2,0.5,1320,35.23721452979596,1654824,
scaled_independent,7,g2_eps_0p5,g2,0.5,1440,35.23721452979596,1803472,
scaled_independent,7,g2_eps_0p5,g2,0.5,1560,35.23721452979596,1952120,
scaled_independent,7,g2_eps_0p5,g2,0.5,1680,35.23721452979596,2100768,
scaled_independent,7,g2_eps_0p5,g2,0.5,1800,35.23721452979596,2249416,
scaled_independent,7,g2_eps_0p5,g2,0.5,1920,35.23721452979596,2398064,
scaled_independent,7,g2_eps_0p5,g2,0.5,2040,35.23721452979596,2546712,
scaled_independent,7,g2_eps_0p5,g2,0.5,2160,35.23721452979596,2695360,
scaled_independent,7,g2_eps_0p5,g2,0.5,2280,35.23721452979596,2844008,
scaled_independent,7,g2_eps_0p5,g2,0.5,2400,34.63053298449414,2992656,
scaled_independent,8,g2_eps_0p5,g2,0.5,0,116.17441165032336,19696,
scaled_independent,8,g2_eps_0p5,g2,0.5,120,8.004938405860013,168344,
scaled_independent,8,g2_eps_0p5,g2,0.5,240,8.004938405860013,316992,
scaled_independent,8,g2_eps_0p5,g2,0.5,360,8.004938405860013,465640,
scaled_independent,8,g2_eps_0p5,g2,0.5,480,8.004938405860013,614288,
scaled_independent,8,g2_eps_0p5,g2,0.5,600,8.004938405860013,762936,
scaled_independent,8,g2_eps_0p5,g2,0.5,720,8.004938405860013,911584,
scaled_independent,8,g2_eps_0p5,g2,0.5,840,8.004938405860013,1060232,
scaled_independent,8,g2_eps_0p5,g2,0.5,960,8.004938405860013,1208880,
scaled_independent,8,g2_eps_0p5,g2,0.5,1080,8.004938405860013,1357528,
scaled_independent,8,g2_eps_0p5,g2,0.5,1200,8.004938405860013,1506176,
scaled_independent,8,g2_eps_0p5,g2,0.5,1320,8.004938405860013,1654824,
scaled_independent,8,g2_eps_0p5,g2,0.5,1440,8.004938405860013,1803472,
scaled_independent,8,g2_eps_0p5,g2,0.5,1560,8.004938405860013,1952120,
scaled_independent,8,g2_eps_0p5,g2,0.5,1680,8.004938405860013,2100768,
scaled_independent,8,g2_eps_0p5,g2,0.5,1800,8.004938405860013,2249416,
scaled_independent,8,g2_eps_0p5,g2,0.5,1920,8.004938405860013,2398064,
scaled_independent,8,g2_eps_0p5,g2,0.5,2040,8.004938405860013,2546712,
scaled_independent,8,g2_eps_0p5,g2,0.5,2160,3.1590128745395996,2695360,
scaled_independent,8,g2_eps_0p5,g2,0.5,2280,1.0393072064970745,2844008,
scaled_independent,8,g2_eps_0p5,g2,0.5,2400,1.0393072064970745,2992656,
scaled_independent,9,g2_eps_0p5,g2,0.5,0,40.364307525216795,19696,
scaled_independent,9,g2_eps_0p5,g2,0.5,120,16.053961210118093,168344,
scaled_independent,9,g2_eps_0p5,g2,0.5,240,16.053961210118093,316992,
scaled_independent,9,g2_eps_0p5,g2,0.5,360,14.866430584490143,465640,
scaled_independent,9,g2_eps_0p5,g2,0.5,480,14.866430584490143,614288,
scaled_independent,9,g2_eps_0p5,g2,0.5,600,14.866430584490143,762936,
scaled_independent,9,g2_eps_0p5,g2,0.5,720,14.866430584490143,911584,
scaled_independent,9,g2_eps_0p5,g2,0.5,840,14.866430584490143,1060232,
scaled_independent,9,g2_eps_0p5,g2,0.5,960,14.866430584490143,1208880,
scaled_independent,9,g2_eps_0p5,g2,0.5,1080,14.866430584490143,1357528,
scaled_independent,9,g2_eps_0p5,g2,0.5,1200,14.866430584490143,1506176,
scaled_independent,9,g2_eps_0p5,g2,0.5,1320,14.866430584490143,1654824,
scaled_independent,9,g2_eps_0p5,g2,0.5,1440,14.866430584490143,1803472,
scaled_independent,9,g2_eps_0p5,g2,0.5,1560,14.866430584490143,1952120,
scaled_independent,9,g2_eps_0p5,g2,0.5,1680,14.866430584490143,2100768,
scaled_independent,9,g2_eps_0p5,g2,0.5,1800,14.866430584490143,2249416,
scaled_independent,9,g2_eps_0p5,g2,0.5,1920,14.866430584490143,2398064,
scaled_independent,9,g2_eps_0p5,g2,0.5,2040,14.866430584490143,2546712,
scaled_independent,9,g2_eps_0p5,g2,0.5,2160,14.866430584490143,2695360,
scaled_independent,9,g2_eps_0p5,g2,0.5,2280,14.866430584490143,2844008,
scaled_independent,9,g2_eps_0p5,g2,0.5,2400,14.866430584490143,2992656,
scaled_independent,10,g2_eps_0p5,g2,0.5,0,92.9592808084531,19696,
scaled_independent,10,g2_eps_0p5,g2,0.5,120,35.76172191759561,168344,
scaled_independent,10,g2_eps_0p5,g2,0.5,240,35.76172191759561,316992,
scaled_independent,10,g2_eps_0p5,g2,0.5,360,11.536529077498471,465640,
scaled_independent,10,g2_eps_0p5,g2,0.5,480,11.536529077498471,614288,
scaled_independent,10,g2_eps_0p5,g2,0.5,600,11.536529077498471,762936,
scaled_independent,10,g2_eps_0p5,g2,0.5,720,11.536529077498471,911584,
scaled_independent,10,g2_eps_0p5,g2,0.5,840,11.536529077498471,1060232,
scaled_independent,10,g2_eps_0p5,g2,0.5,960,11.536529077498471,1208880,
scaled_independent,10,g2_eps_0p5,g2,0.5,1080,11.536529077498471,1357528,
scaled_independent,10,g2_eps_0p5,g2,0.5,1200,11.536529077498471,1506176,
scaled_independent,10,g2_eps_0p5,g2,0.5,1320,11.536529077498471,1654824,
scaled_independent,10,g2_eps_0p5,g2,0.5,1440,11.536529077498471,1803472,
scaled_independent,10,g2_eps_0p5,g2,0.5,1560,11.536529077498471,1952120,
scaled_independent,10,g2_eps_0p5,g2,0.5,1680,11.536529077498471,2100768,
scaled_independent,10,g2_eps_0p5,g2,0.5,1800,11.536529077498471,2249416,
scaled_independent,10,g2_eps_0p5,g2,0.5,1920,11.536529077498471,2398064,
scaled_independent,10,g2_eps_0p5,g2,0.5,2040,11.536529077498471,2546712,
scaled_independent,10,g2_eps_0p5,g2,0.5,2160,11.536529077498471,2695360,
scaled_independent,10,g2_eps_0p5,g2,0.5,2280,11.536529077498471,2844008,
scaled_independent,10,g2_eps_0p5,g2,0.5,2400,11.536529077498471,2992656,
scaled_independent,11,g2_eps_0p5,g2,0.5,0,60.069266323601795,19696,
scaled_independent,11,g2_eps_0p5,g2,0.5,120,19.055245889078652,168344,
scaled_independent,11,g2_eps_0p5,g2,0.5,240,19.055245889078652,316992,
scaled_independent,11,g2_eps_0p5,g2,0.5,360,19.055245889078652,465640,
scaled_independent,11,g2_eps_0p5,g2,0.5,480,19.055245889078652,614288,
scaled_independent,11,g2_eps_0p5,g2,0.5,600,19.055245889078652,762936,
scaled_independent,11,g2_eps_0p5,g2,0.5,720,19.055245889078652,911584,
scaled_independent,11,g2_eps_0p5,g2,0.5,840,19.055245889078652,1060232,
scaled_independent,11,g2_eps_0p5,g2,0.5,960,19.055245889078652,1208880,
scaled_independent,11,g2_eps_0p5,g2,0.5,1080,19.055245889078652,1357528,
scaled_independent,11,g2_eps_0p5,g2,0.5,1200,19.055245889078652,1506176,
scaled_independent,11,g2_eps_0p5,g2,0.5,1320,19.055245889078652,1654824,
scaled_independent,11,g2_eps_0p5,g2,0.5,1440,19.055245889078652,1803472,
scaled_independent,11,g2_eps_0p5,g2,0.5,1560,19.055245889078652,1952120,
scaled_independent,11,g2_eps_0p5,g2,0.5,1680,19.055245889078652,2100768,
scaled_independent,11,g2_eps_0p5,g2,0.5,1800,19.055245889078652,2249416,
scaled_independent,11,g2_eps_0p5,g2,0.5,1920,19.055245889078652,2398064,
scaled_independent,11,g2_eps_0p5,g2,0.5,2040,19.055245889078652,2546712,
scaled_independent,11,g2_eps_0p5,g2,0.5,2160,19.055245889078652,2695360,
scaled_independent,11,g2_eps_0p5,g2,0.5,2280,19.055245889078652,2844008,
scaled_independent,11,g2_eps_0p5,g2,0.5,2400,19.055245889078652,2992656,
scaled_independent,0,g2_eps_0p25,g2,0.25,0,167.46074682362197,19696,
scaled_independent,0,g2_eps_0p25,g2,0.25,120,46.42382815525642,168344,
scaled_independent,0,g2_eps_0p25,g2,0.25,240,46.42382815525642,316992,
scaled_independent,0,g2_eps_0p25,g2,0.25,360,46.42382815525642,465640,
scaled_independent,0,g2_eps_0p25,g2,0.25,480,26.28827927531902,614288,
scaled_independent,0,g2_eps_0p25,g2,0.25,600,26.28827927531902,762936,
scaled_independent,0,g2_eps_0p25,g2,0.25,720,26.28827927531902,911584,
scaled_independent,0,g2_eps_0p25,g2,0.25,840,26.28827927531902,1060232,
scaled_independent,0,g2_eps_0p25,g2,0.25,960,26.28827927531902,1208880,
scaled_independent,0,g2_eps_0p25,g2,0.25,1080,26.28827927531902,1357528,
scaled_independent,0,g2_eps_0p25,g2,0.25,1200,26.28827927531902,1506176,
scaled_independent,0,g2_eps_0p25,g2,0.25,1320,26.28827927531902,1654824,
scaled_independent,0,g2_eps_0p25,g2,0.25,1440,26.28827927531902,1803472,
scaled_independent,0,g2_eps_0p25,g2,0.25,1560,26.28827927531902,1952120,
scaled_independent,0,g2_eps_0p25,g2,0.25,1680,26.28827927531902,2100768,
scaled_independent,0,g2_eps_0p25,g2,0.25,1800,26.28827927531902,2249416,
scaled_independent,0,g2_eps_0p25,g2,0.25,1920,26.28827927531902,2398064,
scaled_independent,0,g2_eps_0p25,g2,0.25,2040,26.28827927531902,2546712,
scaled_independent,0,g2_eps_0p25,g2,0.25,2160,26.28827927531902,2695360,
scaled_independent,0,g2_eps_0p25,g2,0.25,2280,26.28827927531902,2844008,
scaled_independent,0,g2_eps_0p25,g2,0.25,2400,26.28827927531902,2992656,
scaled_independent,1,g2_eps_0p25,g2,0.25,0,123.09127736407206,19696,
scaled_independent,1,g2_eps_0p25,g2,0.25,120,53.471411854745405,168344,
scaled_independent,1,g2_eps_0p25,g2,0.25,240,27.689025546737966,316992,
scaled_independent,1,g2_eps_0p25,g2,0.25,360,25.695479057652214,465640,
scaled_independent,1,g2_eps_0p25,g2,0.25,480,25.695479057652214,614288,
scaled_independent,1,g2_eps_0p25,g2,0.25,600,25.695479057652214,762936,
scaled_independent,1,g2_eps_0p25,g2,0.25,720,25.695479057652214,911584,
scaled_independent,1,g2_eps_0p25,g2,0.25,840,25.695479057652214,1060232,
scaled_independent,1,g2_eps_0p25,g2,0.25,960,25.695479057652214,1208880,
scaled_independent,1,g2_eps_0p25,g2,0.25,1080,25.695479057652214,1357528,
scaled_independent,1,g2_eps_0p25,g2,0.25,1200,25.695479057652214,1506176,
scaled_independent,1,g2_eps_0p25,g2,0.25,1320,25.695479057652214,1654824,
scaled_independent,1,g2_eps_0p25,g2,0.25,1440,25.695479057652214,1803472,
scaled_independent,1,g2_eps_0p25,g2,0.25,1560,25.695479057652214,1952120,
scaled_independent,1,g2_eps_0p25,g2,0.25,1680,25.695479057652214,2100768,
scaled_independent,1,g2_eps_0p25,g2,0.25,1800,25.695479057652214,2249416,
scaled_independent,1,g2_eps_0p25,g2,0.25,1920,25.695479057652214,2398064,
scaled_independent,1,g2_eps_0p25,g2,0.25,2040,25.695479057652214,2546712,
scaled_independent,1,g2_eps_0p25,g2,0.25,2160,25.695479057652214,2695360,
scaled_independent,1,g2_eps_0p25,g2,0.25,2280,25.695479057652214,2844008,
scaled_independent,1,g2_eps_0p25,g2,0.25,2400,25.695479057652214,2992656,
scaled_independent,2,g2_eps_0p25,g2,0.25,0,119.26154378927664,19696,
scaled_independent,2,g2_eps_0p25,g2,0.25,120,39.73280873688752,168344,
scaled_independent,2,g2_eps_0p25,g2,0.25,240,39.73280873688752,316992,
scaled_independent,2,g2_eps_0p25,g2,0.25,360,39.73280873688752,465640,
scaled_independent,2,g2_eps_0p25,g2,0.25,480,39.73280873688752,614288,
scaled_independent,2,g2_eps_0p25,g2,0.25,600,39.73280873688752,762936,
scaled_independent,2,g2_eps_0p25,g2,0.25,720,39.73280873688752,911584,
scaled_independent,2,g2_eps_0p25,g2,0.25,840,39.73280873688752,1060232,
scaled_independent,2,g2_eps_0p25,g2,0.25,960,39.73280873688752,1208880,
scaled_independent,2,g2_eps_0p25,g2,0.25,1080,39.73280873688752,1357528,
scaled_independent,2,g2_eps_0p25,g2,0.25,1200,39.73280873688752,1506176,
scaled_independent,2,g2_eps_0p25,g2,0.25,1320,39.73280873688752,1654824,
scaled_independent,2,g2_eps_0p25,g2,0.25,1440,39.73280873688752,1803472,
scaled_independent,2,g2_eps_0p25,g2,0.25,1560,39.73280873688752,1952120,
scaled_independent,2,g2_eps_0p25,g2,0.25,1680,39.73280873688752,2100768,
scaled_independent,2,g2_eps_0p25,g2,0.25,1800,39.73280873688752,2249416,
scaled_independent,2,g2_eps_0p25,g2,0.25,1920,39.73280873688752,2398064,
scaled_independent,2,g2_eps_0p25,g2,0.25,2040,39.73280873688752,2546712,
scaled_independent,2,g2_eps_0p25,g2,0.25,2160,39.73280873688752,2695360,
scaled_independent,2,g2_eps_0p25,g2,0.25,2280,39.73280873688752,2844008,
scaled_independent,2,g2_eps_0p25,g2,0.25,2400,39.73280873688752,2992656,
scaled_independent,3,g2_eps_0p25,g2,0.25,0,103.09704763681736,19696,
scaled_independent,3,g2_eps_0p25,g2,0.25,120,33.996344130478086,168344,
scaled_independent,3,g2_eps_0p25,g2,0.25,240,33.996344130478086,316992,
scaled_independent,3,g2_eps_0p25,g2,0.25,360,33.996344130478086,465640,
scaled_independent,3,g2_eps_0p25,g2,0.25,480,33.996344130478086,614288,
scaled_independent,3,g2_eps_0p25,g2,0.25,600,33.996344130478086,762936,
scaled_independent,3,g2_eps_0p25,g2,0.25,720,33.996344130478086,911584,
scaled_independent,3,g2_eps_0p25,g2,0.25,840,33.996344130478086,1060232,
scaled_independent,3,g2_eps_0p25,g2,0.25,960,33.996344130478086,1208880,
scaled_independent,3,g2_eps_0p25,g2,0.25,1080,33.996344130478086,1357528,
scaled_independent,3,g2_eps_0p25,g2,0.25,1200,33.996344130478086,1506176,
scaled_independent,3,g2_eps_0p25,g2,0.25,1320,33.996344130478086,1654824,
scaled_independent,3,g2_eps_0p25,g2,0.25,1440,33.996344130478086,1803472,
scaled_independent,3,g2_eps_0p25,g2,0.25,1560,33.996344130478086,1952120,
scaled_independent,3,g2_eps_0p25,g2,0.25,1680,33.996344130478086,2100768,
scaled_independent,3,g2_eps_0p25,g2,0.25,1800,33.996344130478086,2249416,
scaled_independent,3,g2_eps_0p25,g2,0.25,1920,33.996344130478086,2398064,
scaled_independent,3,g2_eps_0p25,g2,0.25,2040,33.996344130478086,2546712,
scaled_independent,3,g2_eps_0p25,g2,0.25,2160,33.996344130478086,2695360,
scaled_independent,3,g2_eps_0p25,g2,0.25,2280,33.996344130478086,2844008,
scaled_independent,3,g2_eps_0p25,g2,0.25,2400,33.996344130478086,2992656,
scaled_independent,4,g2_eps_0p25,g2,0.25,0,131.58493879924953,19696,
scaled_independent,4,g2_eps_0p25,g2,0.25,120,35.788288572074634,168344,
scaled_independent,4,g2_eps_0p25,g2,0.25,240,35.788288572074634,316992,
scaled_independent,4,g2_eps_0p25,g2,0.25,360,35.788288572074634,465640,
scaled_independent,4,g2_eps_0p25,g2,0.25,480,35.788288572074634,614288,
scaled_independent,4,g2_eps_0p25,g2,0.25,600,35.788288572074634,762936,
scaled_independent,4,g2_eps_0p25,g2,0.25,720,35.788288572074634,911584,
scaled_independent,4,g2_eps_0p25,g2,0.25,840,35.788288572074634,1060232,
scaled_independent,4,g2_eps_0p25,g2,0.25,960,35.788288572074634,1208880,
scaled_independent,4,g2_eps_0p25,g2,0.25,1080,35.788288572074634,1357528,
scaled_independent,4,g2_eps_0p25,g2,0.25,1200,35.788288572074634,1506176,
scaled_independent,4,g2_eps_0p25,g2,0.25,1320,35.788288572074634,1654824,
scaled_independent,4,g2_eps_0p25,g2,0.25,1440,35.788288572074634,1803472,
scaled_independent,4,g2_eps_0p25,g2,0.25,1560,35.788288572074634,1952120,
scaled_independent,4,g2_eps_0p25,g2,0.25,1680,35.788288572074634,2100768,
scaled_independent,4,g2_eps_0p25,g2,0.25,1800,35.788288572074634,2249416,
scaled_independent,4,g2_eps_0p25,g2,0.25,1920,35.788288572074634,2398064,
scaled_independent,4,g2_eps_0p25,g2,0.25,2040,35.788288572074634,2546712,
scaled_independent,4,g2_eps_0p25,g2,0.25,2160,35.788288572074634,2695360,
scaled_independent,4,g2_eps_0p25,g2,0.25,2280,35.788288572074634,2844008,
scaled_independent,4,g2_eps_0p25,g2,0.25,2400,35.788288572074634,2992656,
scaled_independent,5,g2_eps_0p25,g2,0.25,0,105.09501901081273,19696,
scaled_independent,5,g2_eps_0p25,g2,0.25,120,39.20689129868824,168344,
scaled_independent,5,g2_eps_0p25,g2,0.25,240,39.20689129868824,316992,
scaled_independent,5,g2_eps_0p25,g2,0.25,360,39.20689129868824,465640,
scaled_independent,5,g2_eps_0p25,g2,0.25,480,39.12001049794049,614288,
scaled_independent,5,g2_eps_0p25,g2,0.25,600,39.12001049794049,762936,
scaled_independent,5,g2_eps_0p25,g2,0.25,720,39.12001049794049,911584,
scaled_independent,5,g2_eps_0p25,g2,0.25,840,39.12001049794049,1060232,
scaled_independent,5,g2_eps_0p25,g2,0.25,960,39.12001049794049,1208880,
scaled_independent,5,g2_eps_0p25,g2,0.25,1080,39.12001049794049,1357528,
scaled_independent,5,g2_eps_0p25,g2,0.25,1200,39.12001049794049,1506176,
scaled_independent,5,g2_eps_0p25,g2,0.25,1320,39.12001049794049,1654824,
scaled_independent,5,g2_eps_0p25,g2,0.25,1440,39.12001049794049,1803472,
scaled_independent,5,g2_eps_0p25,g2,0.25,1560,39.12001049794049,1952120,
scaled_independent,5,g2_eps_0p25,g2,0.25,1680,39.12001049794049,2100768,
scaled_independent,5,g2_eps_0p25,g2,0.25,1800,39.12001049794049,2249416,
scaled_independent,5,g2_eps_0p25,g2,0.25,1920,39.12001049794049,2398064,
scaled_independent,5,g2_eps_0p25,g2,0.25,2040,39.12001049794049,2546712,
scaled_independent,5,g2_eps_0p25,g2,0.25,2160,39.12001049794049,2695360,
scaled_independent,5,g2_eps_0p25,g2,0.25,2280,39.12001049794049,2844008,
scaled_independent,5,g2_eps_0p25,g2,0.25,2400,39.12001049794049,2992656,
scaled_independent,6,g2_eps_0p25,g2,0.25,0,160.017828976917,19696,
scaled_independent,6,g2_eps_0p25,g2,0.25,120,39.711292760299905,168344,
scaled_independent,6,g2_eps_0p25,g2,0.25,240,39.711292760299905,316992,
scaled_independent,6,g2_eps_0p25,g2,0.25,360,39.711292760299905,465640,
scaled_independent,6,g2_eps_0p25,g2,0.25,480,39.711292760299905,614288,
scaled_independent,6,g2_eps_0p25,g2,0.25,600,39.711292760299905,762936,
scaled_independent,6,g2_eps_0p25,g2,0.25,720,39.711292760299905,911584,
scaled_independent,6,g2_eps_0p25,g2,0.25,840,39.711292760299905,1060232,
scaled_independent,6,g2_eps_0p25,g2,0.25,960,39.711292760299905,1208880,
scaled_independent,6,g2_eps_0p25,g2,0.25,1080,39.711292760299905,1357528,
scaled_independent,6,g2_eps_0p25,g2,0.25,1200,39.711292760299905,1506176,
scaled_independent,6,g2_eps_0p25,g2,0.25,1320,39.711292760299905,1654824,
scaled_independent,6,g2_eps_0p25,g2,0.25,1440,39.711292760299905,1803472,
scaled_independent,6,g2_eps_0p25,g2,0.25,1560,39.711292760299905,1952120,
scaled_independent,6,g2_eps_0p25,g2,0.25,1680,39.711292760299905,2100768,
scaled_independent,6,g2_eps_0p25,g2,0.25,1800,39.711292760299905,2249416,
scaled_independent,6,g2_eps_0p25,g2,0.25,1920,39.711292760299905,2398064,
scaled_independent,6,g2_eps_0p25,g2,0.25,2040,39.711292760299905,2546712,
scaled_independent,6,g2_eps_0p25,g2,0.25,2160,39.711292760299905,2695360,
scaled_independent,6,g2_eps_0p25,g2,0.25,2280,39.711292760299905,2844008,
scaled_independent,6,g2_eps_0p25,g2,0.25,2400,39.711292760299905,2992656,
scaled_independent,7,g2_eps_0p25,g2,0.25,0,91.89537272481977,19696,
scaled_independent,7,g2_eps_0p25,g2,0.25,120,23.59176907908744,168344,
scaled_independent,7,g2_eps_0p25,g2,0.25,240,17.218346031735965,316992,
scaled_independent,7,g2_eps_0p25,g2,0.25,360,17.218346031735965,465640,
scaled_independent,7,g2_eps_0p25,g2,0.25,480,17.218346031735965,614288,
scaled_independent,7,g2_eps_0p25,g2,0.25,600,17.218346031735965,762936,
scaled_independent,7,g2_eps_0p25,g2,0.25,720,17.218346031735965,911584,
scaled_independent,7,g2_eps_0p25,g2,0.25,840,17.218346031735965,1060232,
scaled_independent,7,g2_eps_0p25,g2,0.25,960,17.218346031735965,1208880,
scaled_independent,7,g2_eps_0p25,g2,0.25,1080,17.218346031735965,1357528,
scaled_independent,7,g2_eps_0p25,g2,0.25,1200,17.218346031735965,1506176,
scaled_independent,7,g2_eps_0p25,g2,0.25,1320,17.218346031735965,1654824,
scaled_independent,7,g2_eps_0p25,g2,0.25,1440,17.218346031735965,1803472,
scaled_independent,7,g2_eps_0p25,g2,0.25,1560,17.218346031735965,1952120,
scaled_independent,7,g2_eps_0p25,g2,0.25,1680,17.218346031735965,2100768,
scaled_independent,7,g2_eps_0p25,g2,0.25,1800,17.218346031735965,2249416,
scaled_independent,7,g2_eps_0p25,g2,0.25,1920,17.218346031735965,2398064,
scaled_independent,7,g2_eps_0p25,g2,0.25,2040,17.218346031735965,2546712,
scaled_independent,7,g2_eps_0p25,g2,0.25,2160,17.218346031735965,2695360,
scaled_independent,7,g2_eps_0p25,g2,0.25,2280,17.218346031735965,2844008,
scaled_independent,7,g2_eps_0p25,g2,0.25,2400,17.218346031735965,2992656,
scaled_independent,8,g2_eps_0p25,g2,0.25,0,116.17441165032336,19696,
scaled_independent,8,g2_eps_0p25,g2,0.25,120,23.320264486313476,168344,
scaled_independent,8,g2_eps_0p25,g2,0.25,240,17.8315856488915,316992,
scaled_independent,8,g2_eps_0p25,g2,0.25,360,17.8315856488915,465640,
scaled_independent,8,g2_eps_0p25,g2,0.25,480,17.8315856488915,614288,
scaled_independent,8,g2_eps_0p25,g2,0.25,600,17.8315856488915,762936,
scaled_independent,8,g2_eps_0p25,g2,0.25,720,17.8315856488915,911584,
scaled_independent,8,g2_eps_0p25,g2,0.25,840,17.8315856488915,1060232,
scaled_independent,8,g2_eps_0p25,g2,0.25,960,17.8315856488915,1208880,
scaled_independent,8,g2_eps_0p25,g2,0.25,1080,17.8315856488915,1357528,
scaled_independent,8,g2_eps_0p25,g2,0.25,1200,17.8315856488915,1506176,
scaled_independent,8,g2_eps_0p25,g2,0.25,1320,17.8315856488915,1654824,
scaled_independent,8,g2_eps_0p25,g2,0.25,1440,17.8315856488915,1803472,
scaled_independent,8,g2_eps_0p25,g2,0.25,1560,17.8315856488915,1952120,
scaled_independent,8,g2_eps_0p25,g2,0.25,1680,17.8315856488915,2100768,
scaled_independent,8,g2_eps_0p25,g2,0.25,1800,17.8315856488915,2249416,
scaled_independent,8,g2_eps_0p25,g2,0.25,1920,17.8315856488915,2398064,
scaled_independent,8,g2_eps_0p25,g2,0.25,2040,17.8315856488915,2546712,
scaled_independent,8,g2_eps_0p25,g2,0.25,2160,17.8315856488915,2695360,
scaled_independent,8,g2_eps_0p25,g2,0.25,2280,17.8315856488915,2844008,
scaled_independent,8,g2_eps_0p25,g2,0.25,2400,17.8315856488915,2992656,
scaled_independent,9,g2_eps_0p25,g2,0.25,0,40.364307525216795,19696,
scaled_independent,9,g2_eps_0p25,g2,0.25,120,13.576641287902987,168344,
scaled_independent,9,g2_eps_0p25,g2,0.25,240,13.576641287902987,316992,
scaled_independent,9,g2_eps_0p25,g2,0.25,360,13.576641287902987,465640,
scaled_independent,9,g2_eps_0p25,g2,0.25,480,13.576641287902987,614288,
scaled_independent,9,g2_eps_0p25,g2,0.25,600,13.576641287902987,762936,
scaled_independent,9,g2_eps_0p25,g2,0.25,720,13.576641287902987,911584,
scaled_independent,9,g2_eps_0p25,g2,0.25,840,13.576641287902987,1060232,
scaled_independent,9,g2_eps_0p25,g2,0.25,960,13.576641287902987,1208880,
scaled_independent,9,g2_eps_0p25,g2,0.25,1080,13.576641287902987,1357528,
scaled_independent,9,g2_eps_0p25,g2,0.25,1200,13.576641287902987,1506176,
scaled_independent,9,g2_eps_0p25,g2,0.25,1320,13.576641287902987,1654824,
scaled_independent,9,g2_eps_0p25,g2,0.25,1440,13.576641287902987,1803472,
scaled_independent,9,g2_eps_0p25,g2,0.25,1560,13.576641287902987,1952120,
scaled_independent,9,g2_eps_0p25,g2,0.25,1680,13.576641287902987,2100768,
scaled_independent,9,g2_eps_0p25,g2,0.25,1800,13.576641287902987,2249416,
scaled_independent,9,g2_eps_0p25,g2,0.25,1920,13.576641287902987,2398064,
scaled_independent,9,g2_eps_0p25,g2,0.25,2040,13.576641287902987,2546712,
scaled_independent,9,g2_eps_0p25,g2,0.25,2160,13.576641287902987,2695360,
scaled_independent,9,g2_eps_0p25,g2,0.25,2280,13.576641287902987,2844008,
scaled_independent,9,g2_eps_0p25,g2,0.25,2400,13.576641287902987,2992656,
scaled_independent,10,g2_eps_0p25,g2,0.25,0,92.9592808084531,19696,
scaled_independent,10,g2_eps_0p25,g2,0.25,120,33.229839777257126,168344,
scaled_independent,10,g2_eps_0p25,g2,0.25,240,33.22982525859398,316992,
scaled_independent,10,g2_eps_0p25,g2,0.25,360,33.22982525859398,465640,
scaled_independent,10,g2_eps_0p25,g2,0.25,480,33.22982525859398,614288,
scaled_independent,10,g2_eps_0p25,g2,0.25,600,33.22982525859398,762936,
scaled_independent,10,g2_eps_0p25,g2,0.25,720,33.22982525859398,911584,
scaled_independent,10,g2_eps_0p25,g2,0.25,840,33.22982525859398,1060232,
scaled_independent,10,g2_eps_0p25,g2,0.25,960,33.22982525859398,1208880,
scaled_independent,10,g2_eps_0p25,g2,0.25,1080,33.22982525859398,1357528,
scaled_independent,10,g2_eps_0p25,g2,0.25,1200,33.22982525859398,1506176,
scaled_independent,10,g2_eps_0p25,g2,0.25,1320,33.22982525859398,1654824,
scaled_independent,10,g2_eps_0p25,g2,0.25,1440,33.22982525859398,1803472,
scaled_independent,10,g2_eps_0p25,g2,0.25,1560,33.22982525859398,1952120,
scaled_independent,10,g2_eps_0p25,g2,0.25,1680,33.22982525859398,2100768,
scaled_independent,10,g2_eps_0p25,g2,0.25,1800,33.22982525859398,2249416,
scaled_independent,10,g2_eps_0p25,g2,0.25,1920,33.22982525859398,2398064,
scaled_independent,10,g2_eps_0p25,g2,0.25,2040,33.22982525859398,2546712,
scaled_independent,10,g2_eps_0p25,g2,0.25,2160,33.22982525859398,2695360,
scaled_independent,10,g2_eps_0p25,g2,0.25,2280,33.22982525859398,2844008,
scaled_independent,10,g2_eps_0p25,g2,0.25,2400,33.22982525859398,2992656,
scaled_independent,11,g2_eps_0p25,g2,0.25,0,60.069266323601795,19696,
scaled_independent,11,g2_eps_0p25,g2,0.25,120,12.689081641457573,168344,
scaled_independent,11,g2_eps_0p25,g2,0.25,240,12.689081641457573,316992,
scaled_independent,11,g2_eps_0p25,g2,0.25,360,12.689081641457573,465640,
scaled_independent,11,g2_eps_0p25,g2,0.25,480,12.689081641457573,614288,
scaled_independent,11,g2_eps_0p25,g2,0.25,600,12.689081641457573,762936,
scaled_independent,11,g2_eps_0p25,g2,0.25,720,12.689081641457573,911584,
scaled_independent,11,g2_eps_0p25,g2,0.25,840,12.689081641457573,1060232,
scaled_independent,11,g2_eps_0p25,g2,0.25,960,12.689081641457573,1208880,
scaled_independent,11,g2_eps_0p25,g2,0.25,1080,12.689081641457573,1357528,
scaled_independent,11,g2_eps_0p25,g2,0.25,1200,12.689081641457573,1506176,
scaled_independent,11,g2_eps_0p25,g2,0.25,1320,12.689081641457573,1654824,
scaled_independent,11,g2_eps_0p25,g2,0.25,1440,12.689081641457573,1803472,
scaled_independent,11,g2_eps_0p25,g2,0.25,1560,12.689081641457573,1952120,
scaled_independent,11,g2_eps_0p25,g2,0.25,1680,12.689081641457573,2100768,
scaled_independent,11,g2_eps_0p25,g2,0.25,1800,12.689081641457573,2249416,
scaled_independent,11,g2_eps_0p25,g2,0.25,1920,12.689081641457573,2398064,
scaled_independent,11,g2_eps_0p25,g2,0.25,2040,12.689081641457573,2546712,
scaled_independent,11,g2_eps_0p25,g2,0.25,2160,12.689081641457573,2695360,
scaled_independent,11,g2_eps_0p25,g2,0.25,2280,12.689081641457573,2844008,
scaled_independent,11,g2_eps_0p25,g2,0.25,2400,12.689081641457573,2992656,
scaled_independent,0,g2_eps_0p125,g2,0.125,0,167.46074682362197,19696,
scaled_independent,0,g2_eps_0p125,g2,0.125,120,45.38792064937988,168344,
scaled_independent,0,g2_eps_0p125,g2,0.125,240,45.38792064937988,316992,
scaled_independent,0,g2_eps_0p125,g2,0.125,360,45.38792064937988,465640,
scaled_independent,0,g2_eps_0p125,g2,0.125,480,45.38792064937988,614288,
scaled_independent,0,g2_eps_0p125,g2,0.125,600,45.38792064937988,762936,
scaled_independent,0,g2_eps_0p125,g2,0.125,720,45.38792064937988,911584,
scaled_independent,0,g2_eps_0p125,g2,0.125,840,45.38792064937988,1060232,
scaled_independent,0,g2_eps_0p125,g2,0.125,960,45.38792064937988,1208880,
scaled_independent,0,g2_eps_0p125,g2,0.125,1080,45.38792064937988,1357528,
scaled_independent,0,g2_eps_0p125,g2,0.125,1200,45.38792064937988,1506176,
scaled_independent,0,g2_eps_0p125,g2,0.125,1320,45.38792064937988,1654824,
scaled_independent,0,g2_eps_0p125,g2,0.125,1440,45.38792064937988,1803472,
scaled_independent,0,g2_eps_0p125,g2,0.125,1560,45.38792064937988,1952120,
scaled_independent,0,g2_eps_0p125,g2,0.125,1680,45.38792064937988,2100768,
scaled_independent,0,g2_eps_0p125,g2,0.125,1800,45.38792064937988,2249416,
scaled_independent,0,g2_eps_0p125,g2,0.125,1920,45.38792064937988,2398064,
scaled_independent,0,g2_eps_0p125,g2,0.125,2040,45.38792064937988,2546712,
scaled_independent,0,g2_eps_0p125,g2,0.125,2160,45.38792064937988,2695360,
scaled_independent,0,g2_eps_0p125,g2,0.125,2280,45.38792064937988,2844008,
scaled_independent,0,g2_eps_0p125,g2,0.125,2400,45.38792064937988,2992656,
scaled_independent,1,g2_eps_0p125,g2,0.125,0,123.09127736407206,19696,
scaled_independent,1,g2_eps_0p125,g2,0.125,120,24.29717694779794,168344,
scaled_independent,1,g2_eps_0p125,g2,0.125,240,24.29717694779794,316992,
scaled_independent,1,g2_eps_0p125,g2,0.125,360,24.29717694779794,465640,
scaled_independent,1,g2_eps_0p125,g2,0.125,480,24.29717694779794,614288,
scaled_independent,1,g2_eps_0p125,g2,0.125,600,24.29717694779794,762936,
scaled_independent,1,g2_eps_0p125,g2,0.125,720,24.29717694779794,911584,
scaled_independent,1,g2_eps_0p125,g2,0.125,840,24.29717694779794,1060232,
scaled_independent,1,g2_eps_0p125,g2,0.125,960,24.29717694779794,1208880,
scaled_independent,1,g2_eps_0p125,g2,0.125,1080,24.29717694779794,1357528,
scaled_independent,1,g2_eps_0p125,g2,0.125,1200,24.29717694779794,1506176,
scaled_independent,1,g2_eps_0p125,g2,0.125,1320,24.29717694779794,1654824,
scaled_independent,1,g2_eps_0p125,g2,0.125,1440,24.29717694779794,1803472,
scaled_independent,1,g2_eps_0p125,g2,0.125,1560,24.29717694779794,1952120,
scaled_independent,1,g2_eps_0p125,g2,0.125,1680,24.29717694779794,2100768,
scaled_independent,1,g2_eps_0p125,g2,0.125,1800,24.29717694779794,2249416,
scaled_independent,1,g2_eps_0p125,g2,0.125,1920,24.292069650446084,2398064,
scaled_independent,1,g2_eps_0p125,g2,0.125,2040,24.292069650446084,2546712,
scaled_independent,1,g2_eps_0p125,g2,0.125,2160,24.292069650446088,2695360,
scaled_independent,1,g2_eps_0p125,g2,0.125,2280,24.292069650446088,2844008,
scaled_independent,1,g2_eps_0p125,g2,0.125,2400,24.292069650446088,2992656,
scaled_independent,2,g2_eps_0p125,g2,0.125,0,119.26154378927664,19696,
scaled_independent,2,g2_eps_0p125,g2,0.125,120,28.700044995866875,168344,
scaled_independent,2,g2_eps_0p125,g2,0.125,240,28.700044995866875,316992,
scaled_independent,2,g2_eps_0p125,g2,0.125,360,28.700044995866875,465640,
scaled_independent,2,g2_eps_0p125,g2,0.125,480,28.700044995866875,614288,
scaled_independent,2,g2_eps_0p125,g2,0.125,600,28.700044995866875,762936,
scaled_independent,2,g2_eps_0p125,g2,0.125,720,28.700044995866875,911584,
scaled_independent,2,g2_eps_0p125,g2,0.125,840,28.700044995866875,1060232,
scaled_independent,2,g2_eps_0p125,g2,0.125,960,28.700044995866875,1208880,
scaled_independent,2,g2_eps_0p125,g2,0.125,1080,28.700044995866875,1357528,
scaled_independent,2,g2_eps_0p125,g2,0.125,1200,28.700044995866875,1506176,
scaled_independent,2,g2_eps_0p125,g2,0.125,1320,28.700044995866875,1654824,
scaled_independent,2,g2_eps_0p125,g2,0.125,1440,28.700044995866875,1803472,
scaled_independent,2,g2_eps_0p125,g2,0.125,1560,28.700044995866875,1952120,
scaled_independent,2,g2_eps_0p125,g2,0.125,1680,28.700044995866875,2100768,
scaled_independent,2,g2_eps_0p125,g2,0.125,1800,28.700044995866875,2249416,
scaled_independent,2,g2_eps_0p125,g2,0.125,1920,28.700044995866875,2398064,
scaled_independent,2,g2_eps_0p125,g2,0.125,2040,28.700044995866875,2546712,
scaled_independent,2,g2_eps_0p125,g2,0.125,2160,28.700044995866875,2695360,
scaled_independent,2,g2_eps_0p125,g2,0.125,2280,28.700044995866875,2844008,
scaled_independent,2,g2_eps_0p125,g2,0.125,2400,28.700044995866875,2992656,
scaled_independent,3,g2_eps_0p125,g2,0.125,0,103.09704763681736,19696,
scaled_independent,3,g2_eps_0p125,g2,0.125,120,11.426568152623108,168344,
scaled_independent,3,g2_eps_0p125,g2,0.125,240,11.426568152623108,316992,
scaled_independent,3,g2_eps_0p125,g2,0.125,360,11.426568152623108,465640,
scaled_independent,3,g2_eps_0p125,g2,0.125,480,11.426568152623108,614288,
scaled_independent,3,g2_eps_0p125,g2,0.125,600,11.426568152623108,762936,
scaled_independent,3,g2_eps_0p125,g2,0.125,720,11.426568152623108,911584,
scaled_independent,3,g2_eps_0p125,g2,0.125,840,11.426568152623108,1060232,
scaled_independent,3,g2_eps_0p125,g2,0.125,960,11.426568152623108,1208880,
scaled_independent,3,g2_eps_0p125,g2,0.125,1080,11.426568152623108,1357528,
scaled_independent,3,g2_eps_0p125,g2,0.125,1200,11.426568152623108,1506176,
scaled_independent,3,g2_eps_0p125,g2,0.125,1320,11.426568152623108,1654824,
scaled_independent,3,g2_eps_0p125,g2,0.125,1440,11.426568152623108,1803472,
scaled_independent,3,g2_eps_0p125,g2,0.125,1560,11.426568152623108,1952120,
scaled_independent,3,g2_eps_0p125,g2,0.125,1680,11.426568152623108,2100768,
scaled_independent,3,g2_eps_0p125,g2,0.125,1800,11.426568152623108,2249416,
scaled_independent,3,g2_eps_0p125,g2,0.125,1920,11.426568152623108,2398064,
scaled_independent,3,g2_eps_0p125,g2,0.125,2040,11.426568152623108,2546712,
scaled_independent,3,g2_eps_0p125,g2,0.125,2160,11.426568152623108,2695360,
scaled_independent,3,g2_eps_0p125,g2,0.125,2280,11.426568152623108,2844008,
scaled_independent,3,g2_eps_0p125,g2,0.125,2400,11.426568152623108,2992656,
scaled_independent,4,g2_eps_0p125,g2,0.125,0,131.58493879924953,19696,
scaled_independent,4,g2_eps_0p125,g2,0.125,120,21.1782764564434,168344,
scaled_independent,4,g2_eps_0p125,g2,0.125,240,21.1782764564434,316992,
scaled_independent,4,g2_eps_0p125,g2,0.125,360,21.1782764564434,465640,
scaled_independent,4,g2_eps_0p125,g2,0.125,480,21.1782764564434,614288,
scaled_independent,4,g2_eps_0p125,g2,0.125,600,21.1782764564434,762936,
scaled_independent,4,g2_eps_0p125,g2,0.125,720,21.1782764564434,911584,
scaled_independent,4,g2_eps_0p125,g2,0.125,840,21.1782764564434,1060232,
scaled_independent,4,g2_eps_0p125,g2,0.125,960,21.1782764564434,1208880,
scaled_independent,4,g2_eps_0p125,g2,0.125,1080,21.1782764564434,1357528,
scaled_independent,4,g2_eps_0p125,g2,0.125,1200,21.1782764564434,1506176,
scaled_independent,4,g2_eps_0p125,g2,0.125,1320,21.1782764564434,1654824,
scaled_independent,4,g2_eps_0p125,g2,0.125,1440,21.1782764564434,1803472,
scaled_independent,4,g2_eps_0p125,g2,0.125,1560,21.1782764564434,1952120,
scaled_independent,4,g2_eps_0p125,g2,0.125,1680,21.1782764564434,2100768,
scaled_independent,4,g2_eps_0p125,g2,0.125,1800,21.1782764564434,2249416,
scaled_independent,4,g2_eps_0p125,g2,0.125,1920,21.1782764564434,2398064,
scaled_independent,4,g2_eps_0p125,g2,0.125,2040,21.1782764564434,2546712,
scaled_independent,4,g2_eps_0p125,g2,0.125,2160,21.1782764564434,2695360,
scaled_independent,4,g2_eps_0p125,g2,0.125,2280,21.1782764564434,2844008,
scaled_independent,4,g2_eps_0p125,g2,0.125,2400,21.1782764564434,2992656,
scaled_independent,5,g2_eps_0p125,g2,0.125,0,105.09501901081273,19696,
scaled_independent,5,g2_eps_0p125,g2,0.125,120,15.49574201673895,168344,
scaled_independent,5,g2_eps_0p125,g2,0.125,240,15.49574201673895,316992,
scaled_independent,5,g2_eps_0p125,g2,0.125,360,15.49574201673895,465640,
scaled_independent,5,g2_eps_0p125,g2,0.125,480,15.49574201673895,614288,
scaled_independent,5,g2_eps_0p125,g2,0.125,600,15.49574201673895,762936,
scaled_independent,5,g2_eps_0p125,g2,0.125,720,15.49574201673895,911584,
scaled_independent,5,g2_eps_0p125,g2,0.125,840,15.49574201673895,1060232,
scaled_independent,5,g2_eps_0p125,g2,0.125,960,15.49574201673895,1208880,
scaled_independent,5,g2_eps_0p125,g2,0.125,1080,15.49574201673895,1357528,
scaled_independent,5,g2_eps_0p125,g2,0.125,1200,15.49574201673895,1506176,
scaled_independent,5,g2_eps_0p125,g2,0.125,1320,15.49574201673895,1654824,
scaled_independent,5,g2_eps_0p125,g2,0.125,1440,15.49574201673895,1803472,
scaled_independent,5,g2_eps_0p125,g2,0.125,1560,15.49574201673895,1952120,
scaled_independent,5,g2_eps_0p125,g2,0.125,1680,15.49574201673895,2100768,
scaled_independent,5,g2_eps_0p125,g2,0.125,1800,15.49574201673895,2249416,
scaled_independent,5,g2_eps_0p125,g2,0.125,1920,15.49574201673895,2398064,
scaled_independent,5,g2_eps_0p125,g2,0.125,2040,15.49574201673895,2546712,
scaled_independent,5,g2_eps_0p125,g2,0.125,2160,15.49574201673895,2695360,
scaled_independent,5,g2_eps_0p125,g2,0.125,2280,15.49574201673895,2844008,
scaled_independent,5,g2_eps_0p125,g2,0.125,2400,15.49574201673895,2992656,
scaled_independent,6,g2_eps_0p125,g2,0.125,0,160.017828976917,19696,
scaled_independent,6,g2_eps_0p125,g2,0.125,120,24.02938582698698,168344,
scaled_independent,6,g2_eps_0p125,g2,0.125,240,24.02938582698698,316992,
scaled_independent,6,g2_eps_0p125,g2,0.125,360,24.02938582698698,465640,
scaled_independent,6,g2_eps_0p125,g2,0.125,480,24.02938582698698,614288,
scaled_independent,6,g2_eps_0p125,g2,0.125,600,24.02938582698698,762936,
scaled_independent,6,g2_eps_0p125,g2,0.125,720,24.02938582698698,911584,
scaled_independent,6,g2_eps_0p125,g2,0.125,840,24.02938582698698,1060232,
scaled_independent,6,g2_eps_0p125,g2,0.125,960,24.02938582698698,1208880,
scaled_independent,6,g2_eps_0p125,g2,0.125,1080,24.02938582698698,1357528,
scaled_independent,6,g2_eps_0p125,g2,0.125,1200,24.02938582698698,1506176,
scaled_independent,6,g2_eps_0p125,g2,0.125,1320,24.02938582698698,1654824,
scaled_independent,6,g2_eps_0p125,g2,0.125,1440,24.02938582698698,1803472,
scaled_independent,6,g2_eps_0p125,g2,0.125,1560,24.02938582698698,1952120,
scaled_independent,6,g2_eps_0p125,g2,0.125,1680,24.02938582698698,2100768,
scaled_independent,6,g2_eps_0p125,g2,0.125,1800,24.02938582698698,2249416,
scaled_independent,6,g2_eps_0p125,g2,0.125,1920,24.02938582698698,2398064,
scaled_independent,6,g2_eps_0p125,g2,0.125,2040,24.02938582698698,2546712,
scaled_independent,6,g2_eps_0p125,g2,0.125,2160,24.02938582698698,2695360,
scaled_independent,6,g2_eps_0p125,g2,0.125,2280,24.02938582698698,2844008,
scaled_independent,6,g2_eps_0p125,g2,0.125,2400,24.02938582698698,2992656,
scaled_independent,7,g2_eps_0p125,g2,0.125,0,91.89537272481977,19696,
scaled_independent,7,g2_eps_0p125,g2,0.125,120,11.666503880586305,168344,
scaled_independent,7,g2_eps_0p125,g2,0.125,240,11.666503880586305,316992,
scaled_independent,7,g2_eps_0p125,g2,0.125,360,11.666503880586305,465640,
scaled_independent,7,g2_eps_0p125,g2,0.125,480,11.666503880586305,614288,
scaled_independent,7,g2_eps_0p125,g2,0.125,600,11.666503880586305,762936,
scaled_independent,7,g2_eps_0p125,g2,0.125,720,11.666503880586305,911584,
scaled_independent,7,g2_eps_0p125,g2,0.125,840,11.666503880586305,1060232,
scaled_independent,7,g2_eps_0p125,g2,0.125,960,11.666503880586305,1208880,
scaled_independent,7,g2_eps_0p125,g2,0.125,1080,11.666503880586305,1357528,
scaled_independent,7,g2_eps_0p125,g2,0.125,1200,11.666503880586305,1506176,
scaled_independent,7,g2_eps_0p125,g2,0.125,1320,11.666503880586305,1654824,
scaled_independent,7,g2_eps_0p125,g2,0.125,1440,11.666503880586305,1803472,
scaled_independent,7,g2_eps_0p125,g2,0.125,1560,11.666503880586305,1952120,
scaled_independent,7,g2_eps_0p125,g2,0.125,1680,11.666503880586305,2100768,
scaled_independent,7,g2_eps_0p125,g2,0.125,1800,11.666503880586307,2249416,
scaled_independent,7,g2_eps_0p125,g2,0.125,1920,11.666503880586307,2398064,
scaled_independent,7,g2_eps_0p125,g2,0.125,2040,11.666503880586307,2546712,
scaled_independent,7,g2_eps_0p125,g2,0.125,2160,11.666503880586307,2695360,
scaled_independent,7,g2_eps_0p125,g2,0.125,2280,11.666503880586307,2844008,
scaled_independent,7,g2_eps_0p125,g2,0.125,2400,11.666503880586307,2992656,
scaled_independent,8,g2_eps_0p125,g2,0.125,0,116.17441165032336,19696,
scaled_independent,8,g2_eps_0p125,g2,0.125,120,14.049538962756202,168344,
scaled_independent,8,g2_eps_0p125,g2,0.125,240,14.049538962756202,316992,
scaled_independent,8,g2_eps_0p125,g2,0.125,360,14.049538962756202,465640,
scaled_independent,8,g2_eps_0p125,g2,0.125,480,14.049538962756202,614288,
scaled_independent,8,g2_eps_0p125,g2,0.125,600,14.049538962756202,762936,
scaled_independent,8,g2_eps_0p125,g2,0.125,720,14.049538962756202,911584,
scaled_independent,8,g2_eps_0p125,g2,0.125,840,14.049538962756202,1060232,
scaled_independent,8,g2_eps_0p125,g2,0.125,960,14.049538962756202,1208880,
scaled_independent,8,g2_eps_0p125,g2,0.125,1080,14.049538962756202,1357528,
scaled_independent,8,g2_eps_0p125,g2,0.125,1200,14.049538962756202,1506176,
scaled_independent,8,g2_eps_0p125,g2,0.125,1320,14.049538962756202,1654824,
scaled_independent,8,g2_eps_0p125,g2,0.125,1440,14.049538962756202,1803472,
scaled_independent,8,g2_eps_0p125,g2,0.125,1560,14.049538962756202,1952120,
scaled_independent,8,g2_eps_0p125,g2,0.125,1680,14.049538962756202,2100768,
scaled_independent,8,g2_eps_0p125,g2,0.125,1800,14.049538962756202,2249416,
scaled_independent,8,g2_eps_0p125,g2,0.125,1920,14.049538962756202,2398064,
scaled_independent,8,g2_eps_0p125,g2,0.125,2040,14.049538962756202,2546712,
scaled_independent,8,g2_eps_0p125,g2,0.125,2160,14.049538962756202,2695360,
scaled_independent,8,g2_eps_0p125,g2,0.125,2280,14.049538962756202,2844008,
scaled_independent,8,g2_eps_0p125,g2,0.125,2400,14.049538962756202,2992656,
scaled_independent,9,g2_eps_0p125,g2,0.125,0,40.364307525216795,19696,
scaled_independent,9,g2_eps_0p125,g2,0.125,120,11.037881347898598,168344,
scaled_independent,9,g2_eps_0p125,g2,0.125,240,10.668047394819418,316992,
scaled_independent,9,g2_eps_0p125,g2,0.125,360,10.668047394819418,465640,
scaled_independent,9,g2_eps_0p125,g2,0.125,480,10.668047394819418,614288,
scaled_independent,9,g2_eps_0p125,g2,0.125,600,10.668047394819418,762936,
scaled_independent,9,g2_eps_0p125,g2,0.125,720,10.668047394819418,911584,
scaled_independent,9,g2_eps_0p125,g2,0.125,840,10.668047394819418,1060232,
scaled_independent,9,g2_eps_0p125,g2,0.125,960,9.209584491575448,1208880,
scaled_independent,9,g2_eps_0p125,g2,0.125,1080,9.209584491575448,1357528,
scaled_independent,9,g2_eps_0p125,g2,0.125,1200,9.209584491575448,1506176,
scaled_independent,9,g2_eps_0p125,g2,0.125,1320,9.209584491575448,1654824,
scaled_independent,9,g2_eps_0p125,g2,0.125,1440,9.209584491575448,1803472,
scaled_independent,9,g2_eps_0p125,g2,0.125,1560,9.209584491575448,1952120,
scaled_independent,9,g2_eps_0p125,g2,0.125,1680,9.209584491575448,2100768,
scaled_independent,9,g2_eps_0p125,g2,0.125,1800,9.209584491575448,2249416,
scaled_independent,9,g2_eps_0p125,g2,0.125,1920,9.209584491575448,2398064,
scaled_independent,9,g2_eps_0p125,g2,0.125,2040,9.209584491575448,2546712,
scaled_independent,9,g2_eps_0p125,g2,0.125,2160,9.209584491575448,2695360,
scaled_independent,9,g2_eps_0p125,g2,0.125,2280,9.209584491575448,2844008,
scaled_independent,9,g2_eps_0p125,g2,0.125,2400,9.209584491575448,2992656,
scaled_independent,10,g2_eps_0p125,g2,0.125,0,92.9592808084531,19696,
scaled_independent,10,g2_eps_0p125,g2,0.125,120,33.34136736980329,168344,
scaled_independent,10,g2_eps_0p125,g2,0.125,240,33.34136736980329,316992,
scaled_independent,10,g2_eps_0p125,g2,0.125,360,33.34136736980329,465640,
scaled_independent,10,g2_eps_0p125,g2,0.125,480,33.34136736980329,614288,
scaled_independent,10,g2_eps_0p125,g2,0.125,600,33.34136736980329,762936,
scaled_independent,10,g2_eps_0p125,g2,0.125,720,33.34136736980329,911584,
scaled_independent,10,g2_eps_0p125,g2,0.125,840,33.34136736980329,1060232,
scaled_independent,10,g2_eps_0p125,g2,0.125,960,33.34136736980329,1208880,
scaled_independent,10,g2_eps_0p125,g2,0.125,1080,33.34136736980329,1357528,
scaled_independent,10,g2_eps_0p125,g2,0.125,1200,33.34136736980329,1506176,
scaled_independent,10,g2_eps_0p125,g2,0.125,1320,33.34136736980329,1654824,
scaled_independent,10,g2_eps_0p125,g2,0.125,1440,33.34136736980329,1803472,
scaled_independent,10,g2_eps_0p125,g2,0.125,1560,33.34136736980329,1952120,
scaled_independent,10,g2_eps_0p125,g2,0.125,1680,33.34136736980329,2100768,
scaled_independent,10,g2_eps_0p125,g2,0.125,1800,33.34136736980329,2249416,
scaled_independent,10,g2_eps_0p125,g2,0.125,1920,33.34136736980329,2398064,
scaled_independent,10,g2_eps_0p125,g2,0.125,2040,33.34136736980329,2546712,
scaled_independent,10,g2_eps_0p125,g2,0.125,2160,33.34136736980329,2695360,
scaled_independent,10,g2_eps_0p125,g2,0.125,2280,33.34136736980329,2844008,
scaled_independent,10,g2_eps_0p125,g2,0.125,2400,33.34136736980329,2992656,
scaled_independent,11,g2_eps_0p125,g2,0.125,0,60.069266323601795,19696,
scaled_independent,11,g2_eps_0p125,g2,0.125,120,11.74890152515312,168344,
scaled_independent,11,g2_eps_0p125,g2,0.125,240,11.74890152515312,316992,
scaled_independent,11,g2_eps_0p125,g2,0.125,360,11.74890152515312,465640,
scaled_independent,11,g2_eps_0p125,g2,0.125,480,11.74890152515312,614288,
scaled_independent,11,g2_eps_0p125,g2,0.125,600,11.74890152515312,762936,
scaled_independent,11,g2_eps_0p125,g2,0.125,720,11.74890152515312,911584,
scaled_independent,11,g2_eps_0p125,g2,0.125,840,11.74890152515312,1060232,
scaled_independent,11,g2_eps_0p125,g2,0.125,960,11.74890152515312,1208880,
scaled_independent,11,g2_eps_0p125,g2,0.125,1080,11.74890152515312,1357528,
scaled_independent,11,g2_eps_0p125,g2,0.125,1200,11.74890152515312,1506176,
scaled_independent,11,g2_eps_0p125,g2,0.125,1320,11.74890152515312,1654824,
scaled_independent,11,g2_eps_0p125,g2,0.125,1440,11.74890152515312,1803472,
scaled_independent,11,g2_eps_0p125,g2,0.125,1560,11.74890152515312,1952120,
scaled_independent,11,g2_eps_0p125,g2,0.125,1680,11.74890152515312,2100768,
scaled_independent,11,g2_eps_0p125,g2,0.125,1800,11.74890152515312,2249416,
scaled_independent,11,g2_eps_0p125,g2,0.125,1920,11.74890152515312,2398064,
scaled_independent,11,g2_eps_0p125,g2,0.125,2040,11.74890152515312,2546712,
scaled_independent,11,g2_eps_0p125,g2,0.125,2160,11.74890152515312,2695360,
scaled_independent,11,g2_eps_0p125,g2,0.125,2280,11.74890152515312,2844008,
scaled_independent,11,g2_eps_0p125,g2,0.125,2400,11.74890152515312,2992656,
scaled_independent,0,g1_exact,g1,0.0,0,167.46074682362197,19696,941296
scaled_independent,0,g1_exact,g1,0.0,120,0.003811111540877654,168344,1089944
scaled_independent,0,g1_exact,g1,0.0,240,4.26898462979608e-06,316992,1238592
scaled_independent,0,g1_exact,g1,0.0,360,1.1358026519303621e-08,465640,1387240
scaled_independent,0,g1_exact,g1,0.0,480,1.3395506925917289e-11,614288,1535888
scaled_independent,0,g1_exact,g1,0.0,600,2.5757174171303632e-14,762936,1684536
scaled_independent,0,g1_exact,g1,0.0,720,8.881784197001252e-16,911584,1833184
scaled_independent,0,g1_exact,g1,0.0,840,4.440892098500626e-16,1060232,1981832
scaled_independent,0,g1_exact,g1,0.0,960,4.440892098500626e-16,1208880,2130480
scaled_independent,0,g1_exact,g1,0.0,1080,0.0,1357528,2279128
scaled_independent,0,g1_exact,g1,0.0,1200,4.440892098500626e-16,1506176,2427776
scaled_independent,0,g1_exact,g1,0.0,1320,0.0,1654824,2576424
scaled_independent,0,g1_exact,g1,0.0,1440,0.0,1803472,2725072
scaled_independent,0,g1_exact,g1,0.0,1560,4.440892098500626e-16,1952120,2873720
scaled_independent,0,g1_exact,g1,0.0,1680,4.440892098500626e-16,2100768,3022368
scaled_independent,0,g1_exact,g1,0.0,1800,0.0,2249416,3171016
scaled_independent,0,g1_exact,g1,0.0,1920,0.0,2398064,3319664
scaled_independent,0,g1_exact,g1,0.0,2040,0.0,2546712,3468312
scaled_independent,0,g1_exact,g1,0.0,2160,0.0,2695360,3616960
scaled_independent,0,g1_exact,g1,0.0,2280,0.0,2844008,3765608
scaled_independent,0,g1_exact,g1,0.0,2400,0.0,2992656,3914256
scaled_independent,1,g1_exact,g1,0.0,0,123.09127736407206,19696,941296
scaled_independent,1,g1_exact,g1,0.0,120,0.0036237290307110648,168344,1089944
scaled_independent,1,g1_exact,g1,0.0,240,2.9418669633685113e-06,316992,1238592
scaled_independent,1,g1_exact,g1,0.0,360,1.0250175819237484e-08,465640,1387240
scaled_independent,1,g1_exact,g1,0.0,480,3.291322769882754e-11,614288,1535888
scaled_independent,1,g1_exact,g1,0.0,600,7.149836278586008e-14,762936,1684536
scaled_independent,1,g1_exact,g1,0.0,720,0.0,911584,1833184
scaled_independent,1,g1_exact,g1,0.0,840,0.0,1060232,1981832
scaled_independent,1,g1_exact,g1,0.0,960,0.0,1208880,2130480
scaled_independent,1,g1_exact,g1,0.0,1080,0.0,1357528,2279128
scaled_independent,1,g1_exact,g1,0.0,1200,0.0,1506176,2427776
scaled_independent,1,g1_exact,g1,0.0,1320,0.0,1654824,2576424
scaled_independent,1,g1_exact,g1,0.0,1440,0.0,1803472,2725072
scaled_independent,1,g1_exact,g1,0.0,1560,0.0,1952120,2873720
scaled_independent,1,g1_exact,g1,0.0,1680,0.0,2100768,3022368
scaled_independent,1,g1_exact,g1,0.0,1800,0.0,2249416,3171016
scaled_independent,1,g1_exact,g1,0.0,1920,0.0,2398064,3319664
scaled_independent,1,g1_exact,g1,0.0,2040,0.0,2546712,3468312
scaled_independent,1,g1_exact,g1,0.0,2160,0.0,2695360,3616960
scaled_independent,1,g1_exact,g1,0.0,2280,0.0,2844008,3765608
scaled_independent,1,g1_exact,g1,0.0,2400,0.0,2992656,3914256
scaled_independent,2,g1_exact,g1,0.0,0,119.26154378927664,19696,941296
scaled_independent,2,g1_exact,g1,0.0,120,0.010022910481256364,168344,1089944
scaled_independent,2,g1_exact,g1,0.0,240,7.876888890923084e-06,316992,1238592
scaled_independent,2,g1_exact,g1,0.0,360,8.13979328384562e-09,465640,1387240
scaled_independent,2,g1_exact,g1,0.0,480,8.376410676191881e-12,614288,1535888
scaled_independent,2,g1_exact,g1,0.0,600,2.7533531010703882e-14,762936,1684536
scaled_independent,2,g1_exact,g1,0.0,720,0.0,911584,1833184
scaled_independent,2,g1_exact,g1,0.0,840,4.440892098500626e-16,1060232,1981832
scaled_independent,2,g1_exact,g1,0.0,960,0.0,1208880,2130480
scaled_independent,2,g1_exact,g1,0.0,1080,0.0,1357528,2279128
scaled_independent,2,g1_exact,g1,0.0,1200,0.0,1506176,2427776
scaled_independent,2,g1_exact,g1,0.0,1320,0.0,1654824,2576424
scaled_independent,2,g1_exact,g1,0.0,1440,0.0,1803472,2725072
scaled_independent,2,g1_exact,g1,0.0,1560,0.0,1952120,2873720
scaled_independent,2,g1_exact,g1,0.0,1680,0.0,2100768,3022368
scaled_independent,2,g1_exact,g1,0.0,1800,0.0,2249416,3171016
scaled_independent,2,g1_exact,g1,0.0,1920,0.0,2398064,3319664
scaled_independent,2,g1_exact,g1,0.0,2040,0.0,2546712,3468312
scaled_independent,2,g1_exact,g1,0.0,2160,0.0,2695360,3616960
scaled_independent,2,g1_exact,g1,0.0,2280,0.0,2844008,3765608
scaled_independent,2,g1_exact,g1,0.0,2400,0.0,2992656,3914256
scaled_independent,3,g1_exact,g1,0.0,0,103.09704763681736,19696,941296
scaled_independent,3,g1_exact,g1,0.0,120,0.00505411587555038,168344,1089944
scaled_independent,3,g1_exact,g1,0.0,240,6.073327689204433e-06,316992,1238592
scaled_independent,3,g1_exact,g1,0.0,360,5.9384759332203885e-09,465640,1387240
scaled_independent,3,g1_exact,g1,0.0,480,3.987477015243712e-12,614288,1535888
scaled_independent,3,g1_exact,g1,0.0,600,3.9968028886505635e-15,762936,1684536
scaled_independent,3,g1_exact,g1,0.0,720,0.0,911584,1833184
scaled_independent,3,g1_exact,g1,0.0,840,0.0,1060232,1981832
scaled_independent,3,g1_exact,g1,0.0,960,0.0,1208880,2130480
scaled_independent,3,g1_exact,g1,0.0,1080,0.0,1357528,2279128
scaled_independent,3,g1_exact,g1,0.0,1200,0.0,1506176,2427776
scaled_independent,3,g1_exact,g1,0.0,1320,0.0,1654824,2576424
scaled_independent,3,g1_exact,g1,0.0,1440,0.0,1803472,2725072
scaled_independent,3,g1_exact,g1,0.0,1560,0.0,1952120,2873720
scaled_independent,3,g1_exact,g1,0.0,1680,0.0,2100768,3022368
scaled_independent,3,g1_exact,g1,0.0,1800,0.0,2249416,3171016
scaled_independent,3,g1_exact,g1,0.0,1920,0.0,2398064,3319664
scaled_independent,3,g1_exact,g1,0.0,2040,0.0,2546712,3468312
scaled_independent,3,g1_exact,g1,0.0,2160,0.0,2695360,3616960
scaled_independent,3,g1_exact,g1,0.0,2280,0.0,2844008,3765608
scaled_independent,3,g1_exact,g1,0.0,2400,0.0,2992656,3914256
scaled_independent,4,g1_exact,g1,0.0,0,131.58493879924953,19696,941296
scaled_independent,4,g1_exact,g1,0.0,120,0.008553828485982518,168344,1089944
scaled_independent,4,g1_exact,g1,0.0,240,1.2417609685844155e-05,316992,1238592
scaled_independent,4,g1_exact,g1,0.0,360,1.832250973166083e-08,465640,1387240
scaled_independent,4,g1_exact,g1,0.0,480,3.198286080419166e-11,614288,1535888
scaled_independent,4,g1_exact,g1,0.0,600,7.061018436615996e-14,762936,1684536
scaled_independent,4,g1_exact,g1,0.0,720,0.0,911584,1833184
scaled_independent,4,g1_exact,g1,0.0,840,0.0,1060232,1981832
scaled_independent,4,g1_exact,g1,0.0,960,0.0,1208880,2130480
scaled_independent,4,g1_exact,g1,0.0,1080,0.0,1357528,2279128
scaled_independent,4,g1_exact,g1,0.0,1200,0.0,1506176,2427776
scaled_independent,4,g1_exact,g1,0.0,1320,0.0,1654824,2576424
scaled_independent,4,g1_exact,g1,0.0,1440,0.0,1803472,2725072
scaled_independent,4,g1_exact,g1,0.0,1560,0.0,1952120,2873720
scaled_independent,4,g1_exact,g1,0.0,1680,0.0,2100768,3022368
scaled_independent,4,g1_exact,g1,0.0,1800,0.0,2249416,3171016
scaled_independent,4,g1_exact,g1,0.0,1920,0.0,2398064,3319664
scaled_independent,4,g1_exact,g1,0.0,2040,0.0,2546712,3468312
scaled_independent,4,g1_exact,g1,0.0,2160,0.0,2695360,3616960
scaled_independent,4,g1_exact,g1,0.0,2280,0.0,2844008,3765608
scaled_independent,4,g1_exact,g1,0.0,2400,0.0,2992656,3914256
scaled_independent,5,g1_exact,g1,0.0,0,105.09501901081273,19696,941296
scaled_independent,5,g1_exact,g1,0.0,120,0.005926322014519592,168344,1089944
scaled_independent,5,g1_exact,g1,0.0,240,1.1586290789011855e-06,316992,1238592
scaled_independent,5,g1_exact,g1,0.0,360,8.810454588115135e-10,465640,1387240
scaled_independent,5,g1_exact,g1,0.0,480,3.0686564400639327e-13,614288,1535888
scaled_independent,5,g1_exact,g1,0.0,600,8.881784197001252e-16,762936,1684536
scaled_independent,5,g1_exact,g1,0.0,720,4.440892098500626e-16,911584,1833184
scaled_independent,5,g1_exact,g1,0.0,840,4.440892098500626e-16,1060232,1981832
scaled_independent,5,g1_exact,g1,0.0,960,4.440892098500626e-16,1208880,2130480
scaled_independent,5,g1_exact,g1,0.0,1080,8.881784197001252e-16,1357528,2279128
scaled_independent,5,g1_exact,g1,0.0,1200,8.881784197001252e-16,1506176,2427776
scaled_independent,5,g1_exact,g1,0.0,1320,8.881784197001252e-16,1654824,2576424
scaled_independent,5,g1_exact,g1,0.0,1440,8.881784197001252e-16,1803472,2725072
scaled_independent,5,g1_exact,g1,0.0,1560,8.881784197001252e-16,1952120,2873720
scaled_independent,5,g1_exact,g1,0.0,1680,8.881784197001252e-16,2100768,3022368
scaled_independent,5,g1_exact,g1,0.0,1800,8.881784197001252e-16,2249416,3171016
scaled_independent,5,g1_exact,g1,0.0,1920,8.881784197001252e-16,2398064,3319664
scaled_independent,5,g1_exact,g1,0.0,2040,8.881784197001252e-16,2546712,3468312
scaled_independent,5,g1_exact,g1,0.0,2160,8.881784197001252e-16,2695360,3616960
scaled_independent,5,g1_exact,g1,0.0,2280,8.881784197001252e-16,2844008,3765608
scaled_independent,5,g1_exact,g1,0.0,2400,8.881784197001252e-16,2992656,3914256
scaled_independent,6,g1_exact,g1,0.0,0,160.017828976917,19696,941296
scaled_independent,6,g1_exact,g1,0.0,120,0.002252556491480817,168344,1089944
scaled_independent,6,g1_exact,g1,0.0,240,2.951410393858822e-06,316992,1238592
scaled_independent,6,g1_exact,g1,0.0,360,7.188611927944066e-09,465640,1387240
scaled_independent,6,g1_exact,g1,0.0,480,9.249934151966954e-12,614288,1535888
scaled_independent,6,g1_exact,g1,0.0,600,2.0872192862952943e-14,762936,1684536
scaled_independent,6,g1_exact,g1,0.0,720,4.440892098500626e-16,911584,1833184
scaled_independent,6,g1_exact,g1,0.0,840,8.881784197001252e-16,1060232,1981832
scaled_independent,6,g1_exact,g1,0.0,960,4.440892098500626e-16,1208880,2130480
scaled_independent,6,g1_exact,g1,0.0,1080,4.440892098500626e-16,1357528,2279128
scaled_independent,6,g1_exact,g1,0.0,1200,4.440892098500626e-16,1506176,2427776
scaled_independent,6,g1_exact,g1,0.0,1320,4.440892098500626e-16,1654824,2576424
scaled_independent,6,g1_exact,g1,0.0,1440,4.440892098500626e-16,1803472,2725072
scaled_independent,6,g1_exact,g1,0.0,1560,4.440892098500626e-16,1952120,2873720
scaled_independent,6,g1_exact,g1,0.0,1680,4.440892098500626e-16,2100768,3022368
scaled_independent,6,g1_exact,g1,0.0,1800,4.440892098500626e-16,2249416,3171016
scaled_independent,6,g1_exact,g1,0.0,1920,4.440892098500626e-16,2398064,3319664
scaled_independent,6,g1_exact,g1,0.0,2040,4.440892098500626e-16,2546712,3468312
scaled_independent,6,g1_exact,g1,0.0,2160,4.440892098500626e-16,2695360,3616960
scaled_independent,6,g1_exact,g1,0.0,2280,4.440892098500626e-16,2844008,3765608
scaled_independent,6,g1_exact,g1,0.0,2400,4.440892098500626e-16,2992656,3914256
scaled_independent,7,g1_exact,g1,0.0,0,91.89537272481977,19696,941296
scaled_independent,7,g1_exact,g1,0.0,120,0.002969506894149543,168344,1089944
scaled_independent,7,g1_exact,g1,0.0,240,1.3894254320412358e-06,316992,1238592
scaled_independent,7,g1_exact,g1,0.0,360,1.2914060931734639e-09,465640,1387240
scaled_independent,7,g1_exact,g1,0.0,480,8.260059303211165e-13,614288,1535888
scaled_independent,7,g1_exact,g1,0.0,600,4.440892098500626e-16,762936,1684536
scaled_independent,7,g1_exact,g1,0.0,720,0.0,911584,1833184
scaled_independent,7,g1_exact,g1,0.0,840,0.0,1060232,1981832
scaled_independent,7,g1_exact,g1,0.0,960,0.0,1208880,2130480
scaled_independent,7,g1_exact,g1,0.0,1080,0.0,1357528,2279128
scaled_independent,7,g1_exact,g1,0.0,1200,0.0,1506176,2427776
scaled_independent,7,g1_exact,g1,0.0,1320,0.0,1654824,2576424
scaled_independent,7,g1_exact,g1,0.0,1440,0.0,1803472,2725072
scaled_independent,7,g1_exact,g1,0.0,1560,0.0,1952120,2873720
scaled_independent,7,g1_exact,g1,0.0,1680,0.0,2100768,3022368
scaled_independent,7,g1_exact,g1,0.0,1800,0.0,2249416,3171016
scaled_independent,7,g1_exact,g1,0.0,1920,0.0,2398064,3319664
scaled_independent,7,g1_exact,g1,0.0,2040,0.0,2546712,3468312
scaled_independent,7,g1_exact,g1,0.0,2160,0.0,2695360,3616960
scaled_independent,7,g1_exact,g1,0.0,2280,0.0,2844008,3765608
scaled_independent,7,g1_exact,g1,0.0,2400,0.0,2992656,3914256
scaled_independent,8,g1_exact,g1,0.0,0,116.17441165032336,19696,941296
scaled_independent,8,g1_exact,g1,0.0,120,0.003221539003068319,168344,1089944
scaled_independent,8,g1_exact,g1,0.0,240,5.473942709777191e-06,316992,1238592
scaled_independent,8,g1_exact,g1,0.0,360,1.1751407846816164e-08,465640,1387240
scaled_independent,8,g1_exact,g1,0.0,480,4.28870272628501e-11,614288,1535888
scaled_independent,8,g1_exact,g1,0.0,600,4.0945025148175773e-13,762936,1684536
scaled_independent,8,g1_exact,g1,0.0,720,3.552713678800501e-15,911584,1833184
scaled_independent,8,g1_exact,g1,0.0,840,8.881784197001252e-16,1060232,1981832
scaled_independent,8,g1_exact,g1,0.0,960,4.440892098500626e-16,1208880,2130480
scaled_independent,8,g1_exact,g1,0.0,1080,4.440892098500626e-16,1357528,2279128
scaled_independent,8,g1_exact,g1,0.0,1200,0.0,1506176,2427776
scaled_independent,8,g1_exact,g1,0.0,1320,0.0,1654824,2576424
scaled_independent,8,g1_exact,g1,0.0,1440,4.440892098500626e-16,1803472,2725072
scaled_independent,8,g1_exact,g1,0.0,1560,4.440892098500626e-16,1952120,2873720
scaled_independent,8,g1_exact,g1,0.0,1680,4.440892098500626e-16,2100768,3022368
scaled_independent,8,g1_exact,g1,0.0,1800,8.881784197001252e-16,2249416,3171016
scaled_independent,8,g1_exact,g1,0.0,1920,8.881784197001252e-16,2398064,3319664
scaled_independent,8,g1_exact,g1,0.0,2040,4.440892098500626e-16,2546712,3468312
scaled_independent,8,g1_exact,g1,0.0,2160,4.440892098500626e-16,2695360,3616960
scaled_independent,8,g1_exact,g1,0.0,2280,4.440892098500626e-16,2844008,3765608
scaled_independent,8,g1_exact,g1,0.0,2400,4.440892098500626e-16,2992656,3914256
scaled_independent,9,g1_exact,g1,0.0,0,40.364307525216795,19696,941296
scaled_independent,9,g1_exact,g1,0.0,120,0.002425775927159979,168344,1089944
scaled_independent,9,g1_exact,g1,0.0,240,9.448455919880416e-07,316992,1238592
scaled_independent,9,g1_exact,g1,0.0,360,5.244102929680139e-10,465640,1387240
scaled_independent,9,g1_exact,g1,0.0,480,1.4983569940341113e-12,614288,1535888
scaled_independent,9,g1_exact,g1,0.0,600,0.0,762936,1684536
scaled_independent,9,g1_exact,g1,0.0,720,0.0,911584,1833184
scaled_independent,9,g1_exact,g1,0.0,840,0.0,1060232,1981832
scaled_independent,9,g1_exact,g1,0.0,960,0.0,1208880,2130480
scaled_independent,9,g1_exact,g1,0.0,1080,0.0,1357528,2279128
scaled_independent,9,g1_exact,g1,0.0,1200,0.0,1506176,2427776
scaled_independent,9,g1_exact,g1,0.0,1320,0.0,1654824,2576424
scaled_independent,9,g1_exact,g1,0.0,1440,0.0,1803472,2725072
scaled_independent,9,g1_exact,g1,0.0,1560,0.0,1952120,2873720
scaled_independent,9,g1_exact,g1,0.0,1680,0.0,2100768,3022368
scaled_independent,9,g1_exact,g1,0.0,1800,0.0,2249416,3171016
scaled_independent,9,g1_exact,g1,0.0,1920,0.0,2398064,3319664
scaled_independent,9,g1_exact,g1,0.0,2040,0.0,2546712,3468312
scaled_independent,9,g1_exact,g1,0.0,2160,0.0,2695360,3616960
scaled_independent,9,g1_exact,g1,0.0,2280,0.0,2844008,3765608
scaled_independent,9,g1_exact,g1,0.0,2400,0.0,2992656,3914256
scaled_independent,10,g1_exact,g1,0.0,0,92.9592808084531,19696,941296
scaled_independent,10,g1_exact,g1,0.0,120,0.011942702461049226,168344,1089944
scaled_independent,10,g1_exact,g1,0.0,240,1.497668021022136e-05,316992,1238592
scaled_independent,10,g1_exact,g1,0.0,360,1.6847825357046986e-08,465640,1387240
scaled_independent,10,g1_exact,g1,0.0,480,2.5211388532397905e-11,614288,1535888
scaled_independent,10,g1_exact,g1,0.0,600,5.81756864903582e-14,762936,1684536
scaled_independent,10,g1_exact,g1,0.0,720,0.0,911584,1833184
scaled_independent,10,g1_exact,g1,0.0,840,0.0,1060232,1981832
scaled_independent,10,g1_exact,g1,0.0,960,0.0,1208880,2130480
scaled_independent,10,g1_exact,g1,0.0,1080,0.0,1357528,2279128
scaled_independent,10,g1_exact,g1,0.0,1200,0.0,1506176,2427776
scaled_independent,10,g1_exact,g1,0.0,1320,0.0,1654824,2576424
scaled_independent,10,g1_exact,g1,0.0,1440,0.0,1803472,2725072
scaled_independent,10,g1_exact,g1,0.0,1560,0.0,1952120,2873720
scaled_independent,10,g1_exact,g1,0.0,1680,0.0,2100768,3022368
scaled_independent,10,g1_exact,g1,0.0,1800,0.0,2249416,3171016
scaled_independent,10,g1_exact,g1,0.0,1920,0.0,2398064,3319664
scaled_independent,10,g1_exact,g1,0.0,2040,0.0,2546712,3468312
scaled_independent,10,g1_exact,g1,0.0,2160,0.0,2695360,3616960
scaled_independent,10,g1_exact,g1,0.0,2280,0.0,2844008,3765608
scaled_independent,10,g1_exact,g1,0.0,2400,0.0,2992656,3914256
scaled_independent,11,g1_exact,g1,0.0,0,60.069266323601795,19696,941296
scaled_independent,11,g1_exact,g1,0.0,120,0.004500359513476937,168344,1089944
scaled_independent,11,g1_exact,g1,0.0,240,4.454598911962648e-06,316992,1238592
scaled_independent,11,g1_exact,g1,0.0,360,1.45700775888713e-08,465640,1387240
scaled_independent,11,g1_exact,g1,0.0,480,2.919975372606132e-11,614288,1535888
scaled_independent,11,g1_exact,g1,0.0,600,6.350475700855895e-14,762936,1684536
scaled_independent,11,g1_exact,g1,0.0,720,0.0,911584,1833184
scaled_independent,11,g1_exact,g1,0.0,840,0.0,1060232,1981832
scaled_independent,11,g1_exact,g1,0.0,960,0.0,1208880,2130480
scaled_independent,11,g1_exact,g1,0.0,1080,0.0,1357528,2279128
scaled_independent,11,g1_exact,g1,0.0,1200,0.0,1506176,2427776
scaled_independent,11,g1_exact,g1,0.0,1320,0.0,1654824,2576424
scaled_independent,11,g1_exact,g1,0.0,1440,0.0,1803472,2725072
scaled_independent,11,g1_exact,g1,0.0,1560,0.0,1952120,2873720
scaled_independent,11,g1_exact,g1,0.0,1680,0.0,2100768,3022368
scaled_independent,11,g1_exact,g1,0.0,1800,0.0,2249416,3171016
scaled_independent,11,g1_exact,g1,0.0,1920,0.0,2398064,3319664
scaled_independent,11,g1_exact,g1,0.0,2040,0.0,2546712,3468312
scaled_independent,11,g1_exact,g1,0.0,2160,0.0,2695360,3616960
scaled_independent,11,g1_exact,g1,0.0,2280,0.0,2844008,3765608
scaled_independent,11,g1_exact,g1,0.0,2400,0.0,2992656,3914256
balanced_correlated,0,g3_zero,g3,,0,11.39733272727027,19696,19696
balanced_correlated,0,g3_zero,g3,,120,0.8421882154793718,168344,168344
balanced_correlated,0,g3_zero,g3,,240,0.34268039283914087,316992,316992
balanced_correlated,0,g3_zero,g3,,360,0.17113993186137622,465640,465640
balanced_correlated,0,g3_zero,g3,,480,0.07704311609793013,614288,614288
balanced_correlated,0,g3_zero,g3,,600,0.03849784887703933,762936,762936
balanced_correlated,0,g3_zero,g3,,720,0.013771874651433702,911584,911584
balanced_correlated,0,g3_zero,g3,,840,0.00698057014205089,1060232,1060232
balanced_correlated,0,g3_zero,g3,,960,0.0037525613902276156,1208880,1208880
balanced_correlated,0,g3_zero,g3,,1080,0.00214257071180457,1357528,1357528
balanced_correlated,0,g3_zero,g3,,1200,0.0010134739020801753,1506176,1506176
balanced_correlated,0,g3_zero,g3,,1320,0.0005850393513124885,1654824,1654824
balanced_correlated,0,g3_zero,g3,,1440,0.00033177733353007,1803472,1803472
balanced_correlated,0,g3_zero,g3,,1560,0.00021760998492181827,1952120,1952120
balanced_correlated,0,g3_zero,g3,,1680,0.00012311431850564603,2100768,2100768
balanced_correlated,0,g3_zero,g3,,1800,6.295388683685843e-05,2249416,2249416
balanced_correlated,0,g3_zero,g3,,1920,3.363838534653496e-05,2398064,2398064
balanced_correlated,0,g3_zero,g3,,2040,1.9697475400537456e-05,2546712,2546712
balanced_correlated,0,g3_zero,g3,,2160,1.2014893016942807e-05,2695360,2695360
balanced_correlated,0,g3_zero,g3,,2280,6.714180801559166e-06,2844008,2844008
balanced_correlated,0,g3_zero,g3,,2400,3.92959172712537e-06,2992656,2992656
balanced_correlated,1,g3_zero,g3,,0,15.05584543937602,19696,19696
balanced_correlated,1,g3_zero,g3,,120,1.1341735072436014,168344,168344
balanced_correlated,1,g3_zero,g3,,240,0.49169404293813157,316992,316992
balanced_correlated,1,g3_zero,g3,,360,0.2446359416166799,465640,465640
balanced_correlated,1,g3_zero,g3,,480,0.11750327995158072,614288,614288
balanced_correlated,1,g3_zero,g3,,600,0.0475390436533929,762936,762936
balanced_correlated,1,g3_zero,g3,,720,0.023507585130175368,911584,911584
balanced_correlated,1,g3_zero,g3,,840,0.01591454770705303,1060232,1060232
balanced_correlated,1,g3_zero,g3,,960,0.008228853487128429,1208880,1208880
balanced_correlated,1,g3_zero,g3,,1080,0.0035788243085321803,1357528,1357528
balanced_correlated,1,g3_zero,g3,,1200,0.0020241772408597924,1506176,1506176
balanced_correlated,1,g3_zero,g3,,1320,0.001080798677477457,1654824,1654824
balanced_correlated,1,g3_zero,g3,,1440,0.0006716904927319689,1803472,1803472
balanced_correlated,1,g3_zero,g3,,1560,0.00019353575466274364,1952120,1952120
balanced_correlated,1,g3_zero,g3,,1680,0.00011290187872914359,2100768,2100768
balanced_correlated,1,g3_zero,g3,,1800,6.910190402997785e-05,2249416,2249416
balanced_correlated,1,g3_zero,g3,,1920,2.7530899862959757e-05,2398064,2398064
balanced_correlated,1,g3_zero,g3,,2040,1.8385538786525046e-05,2546712,2546712
balanced_correlated,1,g3_zero,g3,,2160,9.583119742195834e-06,2695360,2695360
balanced_correlated,1,g3_zero,g3,,2280,5.13541928715e-06,2844008,2844008
balanced_correlated,1,g3_zero,g3,,2400,2.4403774552261837e-06,2992656,2992656
balanced_correlated,2,g3_zero,g3,,0,11.735613424707285,19696,19696
balanced_correlated,2,g3_zero,g3,,120,1.1597233502271553,168344,168344
balanced_correlated,2,g3_zero,g3,,240,0.5636009913066911,316992,316992
balanced_correlated,2,g3_zero,g3,,360,0.28131951827837387,465640,465640
balanced_correlated,2,g3_zero,g3,,480,0.12529203266289146,614288,614288
balanced_correlated,2,g3_zero,g3,,600,0.043118446103692865,762936,762936
balanced_correlated,2,g3_zero,g3,,720,0.021840662306733982,911584,911584
balanced_correlated,2,g3_zero,g3,,840,0.010976858615308949,1060232,1060232
balanced_correlated,2,g3_zero,g3,,960,0.005084539474216498,1208880,1208880
balanced_correlated,2,g3_zero,g3,,1080,0.0026553051415993956,1357528,1357528
balanced_correlated,2,g3_zero,g3,,1200,0.001479336564516931,1506176,1506176
balanced_correlated,2,g3_zero,g3,,1320,0.0008226862701774529,1654824,1654824
balanced_correlated,2,g3_zero,g3,,1440,0.0004341343618792237,1803472,1803472
balanced_correlated,2,g3_zero,g3,,1560,0.00020417649125370474,1952120,1952120
balanced_correlated,2,g3_zero,g3,,1680,0.00012663323231887347,2100768,2100768
balanced_correlated,2,g3_zero,g3,,1800,7.964468138510483e-05,2249416,2249416
balanced_correlated,2,g3_zero,g3,,1920,4.494776851071691e-05,2398064,2398064
balanced_correlated,2,g3_zero,g3,,2040,2.5487123804346368e-05,2546712,2546712
balanced_correlated,2,g3_zero,g3,,2160,1.61281659498691e-05,2695360,2695360
balanced_correlated,2,g3_zero,g3,,2280,9.462303912854964e-06,2844008,2844008
balanced_correlated,2,g3_zero,g3,,2400,5.626565926952765e-06,2992656,2992656
balanced_correlated,3,g3_zero,g3,,0,29.221827480240147,19696,19696
balanced_correlated,3,g3_zero,g3,,120,2.80432831867101,168344,168344
balanced_correlated,3,g3_zero,g3,,240,1.673939526048375,316992,316992
balanced_correlated,3,g3_zero,g3,,360,0.6129727915555323,465640,465640
balanced_correlated,3,g3_zero,g3,,480,0.25593829912752764,614288,614288
balanced_correlated,3,g3_zero,g3,,600,0.11969736493782879,762936,762936
balanced_correlated,3,g3_zero,g3,,720,0.05693328108998674,911584,911584
balanced_correlated,3,g3_zero,g3,,840,0.029364315627006032,1060232,1060232
balanced_correlated,3,g3_zero,g3,,960,0.018499447464118024,1208880,1208880
balanced_correlated,3,g3_zero,g3,,1080,0.008392505951350326,1357528,1357528
balanced_correlated,3,g3_zero,g3,,1200,0.003960202625854947,1506176,1506176
balanced_correlated,3,g3_zero,g3,,1320,0.002091876256792524,1654824,1654824
balanced_correlated,3,g3_zero,g3,,1440,0.0010042592086860758,1803472,1803472
balanced_correlated,3,g3_zero,g3,,1560,0.0005723790314315913,1952120,1952120
balanced_correlated,3,g3_zero,g3,,1680,0.00027043736619836167,2100768,2100768
balanced_correlated,3,g3_zero,g3,,1800,0.00014330932482176095,2249416,2249416
balanced_correlated,3,g3_zero,g3,,1920,7.537039980265448e-05,2398064,2398064
balanced_correlated,3,g3_zero,g3,,2040,4.12620305607625e-05,2546712,2546712
balanced_correlated,3,g3_zero,g3,,2160,2.3820301040089475e-05,2695360,2695360
balanced_correlated,3,g3_zero,g3,,2280,1.3547494893462186e-05,2844008,2844008
balanced_correlated,3,g3_zero,g3,,2400,7.523670940479121e-06,2992656,2992656
balanced_correlated,4,g3_zero,g3,,0,17.902193031036283,19696,19696
balanced_correlated,4,g3_zero,g3,,120,1.028721780003516,168344,168344
balanced_correlated,4,g3_zero,g3,,240,0.5894734625905182,316992,316992
balanced_correlated,4,g3_zero,g3,,360,0.33914471356493525,465640,465640
balanced_correlated,4,g3_zero,g3,,480,0.2023321372772542,614288,614288
balanced_correlated,4,g3_zero,g3,,600,0.07417643818624464,762936,762936
balanced_correlated,4,g3_zero,g3,,720,0.04416151819712377,911584,911584
balanced_correlated,4,g3_zero,g3,,840,0.029913777175335277,1060232,1060232
balanced_correlated,4,g3_zero,g3,,960,0.017317497509491186,1208880,1208880
balanced_correlated,4,g3_zero,g3,,1080,0.00719533223627522,1357528,1357528
balanced_correlated,4,g3_zero,g3,,1200,0.004219781973479275,1506176,1506176
balanced_correlated,4,g3_zero,g3,,1320,0.002317386073994232,1654824,1654824
balanced_correlated,4,g3_zero,g3,,1440,0.0012318180794173017,1803472,1803472
balanced_correlated,4,g3_zero,g3,,1560,0.0007133590210308682,1952120,1952120
balanced_correlated,4,g3_zero,g3,,1680,0.0003024671846034721,2100768,2100768
balanced_correlated,4,g3_zero,g3,,1800,0.0001644483567861954,2249416,2249416
balanced_correlated,4,g3_zero,g3,,1920,9.353856029559182e-05,2398064,2398064
balanced_correlated,4,g3_zero,g3,,2040,7.440134441294433e-05,2546712,2546712
balanced_correlated,4,g3_zero,g3,,2160,5.524748534169177e-05,2695360,2695360
balanced_correlated,4,g3_zero,g3,,2280,2.636549207091221e-05,2844008,2844008
balanced_correlated,4,g3_zero,g3,,2400,1.6883812621326655e-05,2992656,2992656
balanced_correlated,5,g3_zero,g3,,0,6.382958766796747,19696,19696
balanced_correlated,5,g3_zero,g3,,120,0.8737809337125513,168344,168344
balanced_correlated,5,g3_zero,g3,,240,0.39242215338824593,316992,316992
balanced_correlated,5,g3_zero,g3,,360,0.20579986777471593,465640,465640
balanced_correlated,5,g3_zero,g3,,480,0.08087455555502565,614288,614288
balanced_correlated,5,g3_zero,g3,,600,0.05094138230012257,762936,762936
balanced_correlated,5,g3_zero,g3,,720,0.027651796849259114,911584,911584
balanced_correlated,5,g3_zero,g3,,840,0.012953968572611885,1060232,1060232
balanced_correlated,5,g3_zero,g3,,960,0.006055891717188011,1208880,1208880
balanced_correlated,5,g3_zero,g3,,1080,0.00299426493804944,1357528,1357528
balanced_correlated,5,g3_zero,g3,,1200,0.0015756734318124188,1506176,1506176
balanced_correlated,5,g3_zero,g3,,1320,0.000862833421458209,1654824,1654824
balanced_correlated,5,g3_zero,g3,,1440,0.00042515610621496336,1803472,1803472
balanced_correlated,5,g3_zero,g3,,1560,0.00022347459398064373,1952120,1952120
balanced_correlated,5,g3_zero,g3,,1680,0.00012371019715651244,2100768,2100768
balanced_correlated,5,g3_zero,g3,,1800,7.251358245419226e-05,2249416,2249416
balanced_correlated,5,g3_zero,g3,,1920,4.607342818196969e-05,2398064,2398064
balanced_correlated,5,g3_zero,g3,,2040,2.4500315470632472e-05,2546712,2546712
balanced_correlated,5,g3_zero,g3,,2160,1.268459786807341e-05,2695360,2695360
balanced_correlated,5,g3_zero,g3,,2280,8.269670910276972e-06,2844008,2844008
balanced_correlated,5,g3_zero,g3,,2400,3.303780389707356e-06,2992656,2992656
balanced_correlated,6,g3_zero,g3,,0,19.262745789713527,19696,19696
balanced_correlated,6,g3_zero,g3,,120,1.1422445965848667,168344,168344
balanced_correlated,6,g3_zero,g3,,240,0.5350485229444919,316992,316992
balanced_correlated,6,g3_zero,g3,,360,0.17380050453760676,465640,465640
balanced_correlated,6,g3_zero,g3,,480,0.07054027812342856,614288,614288
balanced_correlated,6,g3_zero,g3,,600,0.025439645207775197,762936,762936
balanced_correlated,6,g3_zero,g3,,720,0.013984179143820441,911584,911584
balanced_correlated,6,g3_zero,g3,,840,0.0060982607692374735,1060232,1060232
balanced_correlated,6,g3_zero,g3,,960,0.0034998585859180587,1208880,1208880
balanced_correlated,6,g3_zero,g3,,1080,0.0016511850337384004,1357528,1357528
balanced_correlated,6,g3_zero,g3,,1200,0.0007771533694200805,1506176,1506176
balanced_correlated,6,g3_zero,g3,,1320,0.0005056782155947737,1654824,1654824
balanced_correlated,6,g3_zero,g3,,1440,0.00028382213208999474,1803472,1803472
balanced_correlated,6,g3_zero,g3,,1560,0.00017072681797536404,1952120,1952120
balanced_correlated,6,g3_zero,g3,,1680,0.00011140247812546633,2100768,2100768
balanced_correlated,6,g3_zero,g3,,1800,7.555085622312774e-05,2249416,2249416
balanced_correlated,6,g3_zero,g3,,1920,4.415270763313828e-05,2398064,2398064
balanced_correlated,6,g3_zero,g3,,2040,1.596912146961671e-05,2546712,2546712
balanced_correlated,6,g3_zero,g3,,2160,9.937720724106924e-06,2695360,2695360
balanced_correlated,6,g3_zero,g3,,2280,4.77899998685416e-06,2844008,2844008
balanced_correlated,6,g3_zero,g3,,2400,2.41157837521655e-06,2992656,2992656
balanced_correlated,7,g3_zero,g3,,0,4.634799138086766,19696,19696
balanced_correlated,7,g3_zero,g3,,120,0.9593329277454834,168344,168344
balanced_correlated,7,g3_zero,g3,,240,0.3419120110448697,316992,316992
balanced_correlated,7,g3_zero,g3,,360,0.13291226119956923,465640,465640
balanced_correlated,7,g3_zero,g3,,480,0.06034598803670699,614288,614288
balanced_correlated,7,g3_zero,g3,,600,0.03468426785066514,762936,762936
balanced_correlated,7,g3_zero,g3,,720,0.016473133841168774,911584,911584
balanced_correlated,7,g3_zero,g3,,840,0.010379889392085229,1060232,1060232
balanced_correlated,7,g3_zero,g3,,960,0.00585858871038214,1208880,1208880
balanced_correlated,7,g3_zero,g3,,1080,0.003230833327245275,1357528,1357528
balanced_correlated,7,g3_zero,g3,,1200,0.0013926866588871434,1506176,1506176
balanced_correlated,7,g3_zero,g3,,1320,0.0009131639170365524,1654824,1654824
balanced_correlated,7,g3_zero,g3,,1440,0.0003874758801174494,1803472,1803472
balanced_correlated,7,g3_zero,g3,,1560,0.0001748213709449331,1952120,1952120
balanced_correlated,7,g3_zero,g3,,1680,0.00010565960251396334,2100768,2100768
balanced_correlated,7,g3_zero,g3,,1800,6.411144235318744e-05,2249416,2249416
balanced_correlated,7,g3_zero,g3,,1920,2.7866166129264514e-05,2398064,2398064
balanced_correlated,7,g3_zero,g3,,2040,1.5683921724019e-05,2546712,2546712
balanced_correlated,7,g3_zero,g3,,2160,8.837669364769596e-06,2695360,2695360
balanced_correlated,7,g3_zero,g3,,2280,4.460869033717785e-06,2844008,2844008
balanced_correlated,7,g3_zero,g3,,2400,2.3653185405869692e-06,2992656,2992656
balanced_correlated,8,g3_zero,g3,,0,18.59871817696344,19696,19696
balanced_correlated,8,g3_zero,g3,,120,1.0742660679269607,168344,168344
balanced_correlated,8,g3_zero,g3,,240,0.5609837617960651,316992,316992
balanced_correlated,8,g3_zero,g3,,360,0.2936407512140007,465640,465640
balanced_correlated,8,g3_zero,g3,,480,0.11945606387739138,614288,614288
balanced_correlated,8,g3_zero,g3,,600,0.06061245161489959,762936,762936
balanced_correlated,8,g3_zero,g3,,720,0.03240630828541047,911584,911584
balanced_correlated,8,g3_zero,g3,,840,0.012567699274241395,1060232,1060232
balanced_correlated,8,g3_zero,g3,,960,0.00539088120376352,1208880,1208880
balanced_correlated,8,g3_zero,g3,,1080,0.002877663277129905,1357528,1357528
balanced_correlated,8,g3_zero,g3,,1200,0.001412887934316931,1506176,1506176
balanced_correlated,8,g3_zero,g3,,1320,0.0008754292231976102,1654824,1654824
balanced_correlated,8,g3_zero,g3,,1440,0.0005313414733971733,1803472,1803472
balanced_correlated,8,g3_zero,g3,,1560,0.0002264834460605769,1952120,1952120
balanced_correlated,8,g3_zero,g3,,1680,0.00011118219269379281,2100768,2100768
balanced_correlated,8,g3_zero,g3,,1800,5.948126939525622e-05,2249416,2249416
balanced_correlated,8,g3_zero,g3,,1920,3.994156468900556e-05,2398064,2398064
balanced_correlated,8,g3_zero,g3,,2040,2.7707404368193522e-05,2546712,2546712
balanced_correlated,8,g3_zero,g3,,2160,1.631962058157299e-05,2695360,2695360
balanced_correlated,8,g3_zero,g3,,2280,9.831146414729375e-06,2844008,2844008
balanced_correlated,8,g3_zero,g3,,2400,4.846549483072948e-06,2992656,2992656
balanced_correlated,9,g3_zero,g3,,0,11.10218154950501,19696,19696
balanced_correlated,9,g3_zero,g3,,120,0.8777914069060717,168344,168344
balanced_correlated,9,g3_zero,g3,,240,0.37737966425605807,316992,316992
balanced_correlated,9,g3_zero,g3,,360,0.15126580044776095,465640,465640
balanced_correlated,9,g3_zero,g3,,480,0.062474564394545684,614288,614288
balanced_correlated,9,g3_zero,g3,,600,0.03280423411482891,762936,762936
balanced_correlated,9,g3_zero,g3,,720,0.015789672381475217,911584,911584
balanced_correlated,9,g3_zero,g3,,840,0.009179739693556677,1060232,1060232
balanced_correlated,9,g3_zero,g3,,960,0.004957007064887442,1208880,1208880
balanced_correlated,9,g3_zero,g3,,1080,0.002810298319166016,1357528,1357528
balanced_correlated,9,g3_zero,g3,,1200,0.0020725814454958247,1506176,1506176
balanced_correlated,9,g3_zero,g3,,1320,0.0011780210687049042,1654824,1654824
balanced_correlated,9,g3_zero,g3,,1440,0.0008738667110677056,1803472,1803472
balanced_correlated,9,g3_zero,g3,,1560,0.0004885965581684637,1952120,1952120
balanced_correlated,9,g3_zero,g3,,1680,0.0001673011946241587,2100768,2100768
balanced_correlated,9,g3_zero,g3,,1800,9.297427998200547e-05,2249416,2249416
balanced_correlated,9,g3_zero,g3,,1920,6.10115936403588e-05,2398064,2398064
balanced_correlated,9,g3_zero,g3,,2040,2.937841525962881e-05,2546712,2546712
balanced_correlated,9,g3_zero,g3,,2160,1.60721403843489e-05,2695360,2695360
balanced_correlated,9,g3_zero,g3,,2280,6.2369392295202886e-06,2844008,2844008
balanced_correlated,9,g3_zero,g3,,2400,4.006589000127292e-06,2992656,2992656
balanced_correlated,10,g3_zero,g3,,0,6.569771966741186,19696,19696
balanced_correlated,10,g3_zero,g3,,120,0.5243293298730012,168344,168344
balanced_correlated,10,g3_zero,g3,,240,0.23929769262249279,316992,316992
balanced_correlated,10,g3_zero,g3,,360,0.1069754513360035,465640,465640
balanced_correlated,10,g3_zero,g3,,480,0.057257593820073005,614288,614288
balanced_correlated,10,g3_zero,g3,,600,0.023954489283691593,762936,762936
balanced_correlated,10,g3_zero,g3,,720,0.013054308486681432,911584,911584
balanced_correlated,10,g3_zero,g3,,840,0.0066245988543762735,1060232,1060232
balanced_correlated,10,g3_zero,g3,,960,0.0035895309020510524,1208880,1208880
balanced_correlated,10,g3_zero,g3,,1080,0.0018775032805349312,1357528,1357528
balanced_correlated,10,g3_zero,g3,,1200,0.0008307601508796836,1506176,1506176
balanced_correlated,10,g3_zero,g3,,1320,0.00047429464443027314,1654824,1654824
balanced_correlated,10,g3_zero,g3,,1440,0.00026556256334853146,1803472,1803472
balanced_correlated,10,g3_zero,g3,,1560,0.00014186638698276965,1952120,1952120
balanced_correlated,10,g3_zero,g3,,1680,7.780919554978283e-05,2100768,2100768
balanced_correlated,10,g3_zero,g3,,1800,3.3322913437494606e-05,2249416,2249416
balanced_correlated,10,g3_zero,g3,,1920,2.014693761953623e-05,2398064,2398064
balanced_correlated,10,g3_zero,g3,,2040,1.2470004573827964e-05,2546712,2546712
balanced_correlated,10,g3_zero,g3,,2160,7.835499453268113e-06,2695360,2695360
balanced_correlated,10,g3_zero,g3,,2280,3.760140839137449e-06,2844008,2844008
balanced_correlated,10,g3_zero,g3,,2400,2.1957233218294903e-06,2992656,2992656
balanced_correlated,11,g3_zero,g3,,0,12.83120374198054,19696,19696
balanced_correlated,11,g3_zero,g3,,120,1.3222979386292808,168344,168344
balanced_correlated,11,g3_zero,g3,,240,0.6994308065898931,316992,316992
balanced_correlated,11,g3_zero,g3,,360,0.23653600920885864,465640,465640
balanced_correlated,11,g3_zero,g3,,480,0.11702078011155903,614288,614288
balanced_correlated,11,g3_zero,g3,,600,0.059460474190999424,762936,762936
balanced_correlated,11,g3_zero,g3,,720,0.027087244115381548,911584,911584
balanced_correlated,11,g3_zero,g3,,840,0.013211894174552707,1060232,1060232
balanced_correlated,11,g3_zero,g3,,960,0.006252534960590861,1208880,1208880
balanced_correlated,11,g3_zero,g3,,1080,0.004317284673499788,1357528,1357528
balanced_correlated,11,g3_zero,g3,,1200,0.0027816331686345563,1506176,1506176
balanced_correlated,11,g3_zero,g3,,1320,0.0014533532567928553,1654824,1654824
balanced_correlated,11,g3_zero,g3,,1440,0.0008989191402357655,1803472,1803472
balanced_correlated,11,g3_zero,g3,,1560,0.0006451591640126431,1952120,1952120
balanced_correlated,11,g3_zero,g3,,1680,0.0003031880578956425,2100768,2100768
balanced_correlated,11,g3_zero,g3,,1800,0.00014379121516894244,2249416,2249416
balanced_correlated,11,g3_zero,g3,,1920,7.721235378799207e-05,2398064,2398064
balanced_correlated,11,g3_zero,g3,,2040,3.65049429000841e-05,2546712,2546712
balanced_correlated,11,g3_zero,g3,,2160,2.430003666775704e-05,2695360,2695360
balanced_correlated,11,g3_zero,g3,,2280,1.358924095518077e-05,2844008,2844008
balanced_correlated,11,g3_zero,g3,,2400,6.834687397816452e-06,2992656,2992656
balanced_correlated,0,g2_eps_1,g2,1.0,0,11.39733272727027,19696,
balanced_correlated,0,g2_eps_1,g2,1.0,120,1.1741415386089273,168344,
balanced_correlated,0,g2_eps_1,g2,1.0,240,0.5857287148173929,316992,
balanced_correlated,0,g2_eps_1,g2,1.0,360,0.26159545019878827,465640,
balanced_correlated,0,g2_eps_1,g2,1.0,480,0.13315518325898168,614288,
balanced_correlated,0,g2_eps_1,g2,1.0,600,0.07117268917773023,762936,
balanced_correlated,0,g2_eps_1,g2,1.0,720,0.029126604443339588,911584,
balanced_correlated,0,g2_eps_1,g2,1.0,840,0.013650827131040266,1060232,
balanced_correlated,0,g2_eps_1,g2,1.0,960,0.006866797369607269,1208880,
balanced_correlated,0,g2_eps_1,g2,1.0,1080,0.003165746044014206,1357528,
balanced_correlated,0,g2_eps_1,g2,1.0,1200,0.0020024785376588916,1506176,
balanced_correlated,0,g2_eps_1,g2,1.0,1320,0.000876667251138219,1654824,
balanced_correlated,0,g2_eps_1,g2,1.0,1440,0.00045841923373268756,1803472,
balanced_correlated,0,g2_eps_1,g2,1.0,1560,0.0003032817241135355,1952120,
balanced_correlated,0,g2_eps_1,g2,1.0,1680,0.0001801387632425211,2100768,
balanced_correlated,0,g2_eps_1,g2,1.0,1800,9.310134458884178e-05,2249416,
balanced_correlated,0,g2_eps_1,g2,1.0,1920,4.66992173442371e-05,2398064,
balanced_correlated,0,g2_eps_1,g2,1.0,2040,2.922437992536331e-05,2546712,
balanced_correlated,0,g2_eps_1,g2,1.0,2160,1.8717604483242667e-05,2695360,
balanced_correlated,0,g2_eps_1,g2,1.0,2280,1.0917750668859583e-05,2844008,
balanced_correlated,0,g2_eps_1,g2,1.0,2400,6.66491331990926e-06,2992656,
balanced_correlated,1,g2_eps_1,g2,1.0,0,15.05584543937602,19696,
balanced_correlated,1,g2_eps_1,g2,1.0,120,1.1428789184181403,168344,
balanced_correlated,1,g2_eps_1,g2,1.0,240,0.47564392108407505,316992,
balanced_correlated,1,g2_eps_1,g2,1.0,360,0.23879733575102646,465640,
balanced_correlated,1,g2_eps_1,g2,1.0,480,0.11169906713077893,614288,
balanced_correlated,1,g2_eps_1,g2,1.0,600,0.04443682080480427,762936,
balanced_correlated,1,g2_eps_1,g2,1.0,720,0.019160003994428187,911584,
balanced_correlated,1,g2_eps_1,g2,1.0,840,0.012112494293393894,1060232,
balanced_correlated,1,g2_eps_1,g2,1.0,960,0.005810759796871956,1208880,
balanced_correlated,1,g2_eps_1,g2,1.0,1080,0.0026548781208752814,1357528,
balanced_correlated,1,g2_eps_1,g2,1.0,1200,0.0014485346938402088,1506176,
balanced_correlated,1,g2_eps_1,g2,1.0,1320,0.0008155388493640281,1654824,
balanced_correlated,1,g2_eps_1,g2,1.0,1440,0.00042173906336229194,1803472,
balanced_correlated,1,g2_eps_1,g2,1.0,1560,0.00022019776816106784,1952120,
balanced_correlated,1,g2_eps_1,g2,1.0,1680,0.00013217123661357633,2100768,
balanced_correlated,1,g2_eps_1,g2,1.0,1800,9.54319130577197e-05,2249416,
balanced_correlated,1,g2_eps_1,g2,1.0,1920,4.431382208514023e-05,2398064,
balanced_correlated,1,g2_eps_1,g2,1.0,2040,2.860559297346299e-05,2546712,
balanced_correlated,1,g2_eps_1,g2,1.0,2160,1.2652975518445686e-05,2695360,
balanced_correlated,1,g2_eps_1,g2,1.0,2280,6.13035950181029e-06,2844008,
balanced_correlated,1,g2_eps_1,g2,1.0,2400,3.756535819743334e-06,2992656,
balanced_correlated,2,g2_eps_1,g2,1.0,0,11.735613424707285,19696,
balanced_correlated,2,g2_eps_1,g2,1.0,120,1.2382463680834723,168344,
balanced_correlated,2,g2_eps_1,g2,1.0,240,0.7119478384478555,316992,
balanced_correlated,2,g2_eps_1,g2,1.0,360,0.31102617121241805,465640,
balanced_correlated,2,g2_eps_1,g2,1.0,480,0.1525003167186707,614288,
balanced_correlated,2,g2_eps_1,g2,1.0,600,0.0647336860674308,762936,
balanced_correlated,2,g2_eps_1,g2,1.0,720,0.031557478124324856,911584,
balanced_correlated,2,g2_eps_1,g2,1.0,840,0.016332558009344744,1060232,
balanced_correlated,2,g2_eps_1,g2,1.0,960,0.0074084760791715,1208880,
balanced_correlated,2,g2_eps_1,g2,1.0,1080,0.004838656895930438,1357528,
balanced_correlated,2,g2_eps_1,g2,1.0,1200,0.0025796926228554007,1506176,
balanced_correlated,2,g2_eps_1,g2,1.0,1320,0.0014819803673900012,1654824,
balanced_correlated,2,g2_eps_1,g2,1.0,1440,0.0007574325582808683,1803472,
balanced_correlated,2,g2_eps_1,g2,1.0,1560,0.0003421467990705196,1952120,
balanced_correlated,2,g2_eps_1,g2,1.0,1680,0.00017721841596918253,2100768,
balanced_correlated,2,g2_eps_1,g2,1.0,1800,0.00010112559166675084,2249416,
balanced_correlated,2,g2_eps_1,g2,1.0,1920,5.4611623503397766e-05,2398064,
balanced_correlated,2,g2_eps_1,g2,1.0,2040,3.107727834139595e-05,2546712,
balanced_correlated,2,g2_eps_1,g2,1.0,2160,1.9247052504223205e-05,2695360,
balanced_correlated,2,g2_eps_1,g2,1.0,2280,9.438460397248605e-06,2844008,
balanced_correlated,2,g2_eps_1,g2,1.0,2400,4.832500490437042e-06,2992656,
balanced_correlated,3,g2_eps_1,g2,1.0,0,29.221827480240147,19696,
balanced_correlated,3,g2_eps_1,g2,1.0,120,2.734473418440619,168344,
balanced_correlated,3,g2_eps_1,g2,1.0,240,1.6495705479455798,316992,
balanced_correlated,3,g2_eps_1,g2,1.0,360,0.6387861217329207,465640,
balanced_correlated,3,g2_eps_1,g2,1.0,480,0.2418610607909657,614288,
balanced_correlated,3,g2_eps_1,g2,1.0,600,0.11038064224619859,762936,
balanced_correlated,3,g2_eps_1,g2,1.0,720,0.05520747755488875,911584,
balanced_correlated,3,g2_eps_1,g2,1.0,840,0.02938727542222308,1060232,
balanced_correlated,3,g2_eps_1,g2,1.0,960,0.01809667381759228,1208880,
balanced_correlated,3,g2_eps_1,g2,1.0,1080,0.008382863478895608,1357528,
balanced_correlated,3,g2_eps_1,g2,1.0,1200,0.004188880861906608,1506176,
balanced_correlated,3,g2_eps_1,g2,1.0,1320,0.0022277997266031413,1654824,
balanced_correlated,3,g2_eps_1,g2,1.0,1440,0.00115759501210988,1803472,
balanced_correlated,3,g2_eps_1,g2,1.0,1560,0.0006726194372732586,1952120,
balanced_correlated,3,g2_eps_1,g2,1.0,1680,0.0003151465085280414,2100768,
balanced_correlated,3,g2_eps_1,g2,1.0,1800,0.00017405973937290042,2249416,
balanced_correlated,3,g2_eps_1,g2,1.0,1920,9.308992592993448e-05,2398064,
balanced_correlated,3,g2_eps_1,g2,1.0,2040,5.260986116351063e-05,2546712,
balanced_correlated,3,g2_eps_1,g2,1.0,2160,3.153159173585607e-05,2695360,
balanced_correlated,3,g2_eps_1,g2,1.0,2280,1.7723429207361363e-05,2844008,
balanced_correlated,3,g2_eps_1,g2,1.0,2400,1.091442289302691e-05,2992656,
balanced_correlated,4,g2_eps_1,g2,1.0,0,17.902193031036283,19696,
balanced_correlated,4,g2_eps_1,g2,1.0,120,1.1663985678641136,168344,
balanced_correlated,4,g2_eps_1,g2,1.0,240,0.601485083769894,316992,
balanced_correlated,4,g2_eps_1,g2,1.0,360,0.34857226536179153,465640,
balanced_correlated,4,g2_eps_1,g2,1.0,480,0.20637722126159908,614288,
balanced_correlated,4,g2_eps_1,g2,1.0,600,0.08092091061863771,762936,
balanced_correlated,4,g2_eps_1,g2,1.0,720,0.045018564193304744,911584,
balanced_correlated,4,g2_eps_1,g2,1.0,840,0.03063607860123252,1060232,
balanced_correlated,4,g2_eps_1,g2,1.0,960,0.017458686371961463,1208880,
balanced_correlated,4,g2_eps_1,g2,1.0,1080,0.007142210885199507,1357528,
balanced_correlated,4,g2_eps_1,g2,1.0,1200,0.00429634486772823,1506176,
balanced_correlated,4,g2_eps_1,g2,1.0,1320,0.0022964166113648155,1654824,
balanced_correlated,4,g2_eps_1,g2,1.0,1440,0.0012444497948416178,1803472,
balanced_correlated,4,g2_eps_1,g2,1.0,1560,0.0007200817491801459,1952120,
balanced_correlated,4,g2_eps_1,g2,1.0,1680,0.00030666419401681466,2100768,
balanced_correlated,4,g2_eps_1,g2,1.0,1800,0.0001614942351926274,2249416,
balanced_correlated,4,g2_eps_1,g2,1.0,1920,9.012532418051222e-05,2398064,
balanced_correlated,4,g2_eps_1,g2,1.0,2040,7.339796700733814e-05,2546712,
balanced_correlated,4,g2_eps_1,g2,1.0,2160,5.483215851098677e-05,2695360,
balanced_correlated,4,g2_eps_1,g2,1.0,2280,2.689833788105389e-05,2844008,
balanced_correlated,4,g2_eps_1,g2,1.0,2400,1.7676909723096657e-05,2992656,
balanced_correlated,5,g2_eps_1,g2,1.0,0,6.382958766796747,19696,
balanced_correlated,5,g2_eps_1,g2,1.0,120,0.7772635357487907,168344,
balanced_correlated,5,g2_eps_1,g2,1.0,240,0.3782651451120538,316992,
balanced_correlated,5,g2_eps_1,g2,1.0,360,0.20092124964525704,465640,
balanced_correlated,5,g2_eps_1,g2,1.0,480,0.07351848901647795,614288,
balanced_correlated,5,g2_eps_1,g2,1.0,600,0.04610558175643886,762936,
balanced_correlated,5,g2_eps_1,g2,1.0,720,0.023847551323910032,911584,
balanced_correlated,5,g2_eps_1,g2,1.0,840,0.009957416792990337,1060232,
balanced_correlated,5,g2_eps_1,g2,1.0,960,0.004304950640723781,1208880,
balanced_correlated,5,g2_eps_1,g2,1.0,1080,0.002407658508684296,1357528,
balanced_correlated,5,g2_eps_1,g2,1.0,1200,0.0012477024440800122,1506176,
balanced_correlated,5,g2_eps_1,g2,1.0,1320,0.0006437051625693968,1654824,
balanced_correlated,5,g2_eps_1,g2,1.0,1440,0.0003903528904061204,1803472,
balanced_correlated,5,g2_eps_1,g2,1.0,1560,0.00020720972708510033,1952120,
balanced_correlated,5,g2_eps_1,g2,1.0,1680,0.00011386414879055451,2100768,
balanced_correlated,5,g2_eps_1,g2,1.0,1800,6.11804320937992e-05,2249416,
balanced_correlated,5,g2_eps_1,g2,1.0,1920,3.5128626074687475e-05,2398064,
balanced_correlated,5,g2_eps_1,g2,1.0,2040,1.7137117210186403e-05,2546712,
balanced_correlated,5,g2_eps_1,g2,1.0,2160,8.203357874769779e-06,2695360,
balanced_correlated,5,g2_eps_1,g2,1.0,2280,4.620927841703093e-06,2844008,
balanced_correlated,5,g2_eps_1,g2,1.0,2400,2.425308541109672e-06,2992656,
balanced_correlated,6,g2_eps_1,g2,1.0,0,19.262745789713527,19696,
balanced_correlated,6,g2_eps_1,g2,1.0,120,1.319816290925211,168344,
balanced_correlated,6,g2_eps_1,g2,1.0,240,0.5871105239131009,316992,
balanced_correlated,6,g2_eps_1,g2,1.0,360,0.19550579758991748,465640,
balanced_correlated,6,g2_eps_1,g2,1.0,480,0.0795844959721439,614288,
balanced_correlated,6,g2_eps_1,g2,1.0,600,0.03117719747867742,762936,
balanced_correlated,6,g2_eps_1,g2,1.0,720,0.01743397421203241,911584,
balanced_correlated,6,g2_eps_1,g2,1.0,840,0.006919080683069456,1060232,
balanced_correlated,6,g2_eps_1,g2,1.0,960,0.004115589512600604,1208880,
balanced_correlated,6,g2_eps_1,g2,1.0,1080,0.0017828852340548984,1357528,
balanced_correlated,6,g2_eps_1,g2,1.0,1200,0.0007432948759920066,1506176,
balanced_correlated,6,g2_eps_1,g2,1.0,1320,0.00045503649796474477,1654824,
balanced_correlated,6,g2_eps_1,g2,1.0,1440,0.0003467561154728571,1803472,
balanced_correlated,6,g2_eps_1,g2,1.0,1560,0.0002165065199895011,1952120,
balanced_correlated,6,g2_eps_1,g2,1.0,1680,0.0001091902752046181,2100768,
balanced_correlated,6,g2_eps_1,g2,1.0,1800,5.779607405198561e-05,2249416,
balanced_correlated,6,g2_eps_1,g2,1.0,1920,3.103517577196513e-05,2398064,
balanced_correlated,6,g2_eps_1,g2,1.0,2040,1.8286721836346942e-05,2546712,
balanced_correlated,6,g2_eps_1,g2,1.0,2160,1.13479139756123e-05,2695360,
balanced_correlated,6,g2_eps_1,g2,1.0,2280,6.024647681623918e-06,2844008,
balanced_correlated,6,g2_eps_1,g2,1.0,2400,2.3557093107307026e-06,2992656,
balanced_correlated,7,g2_eps_1,g2,1.0,0,4.634799138086766,19696,
balanced_correlated,7,g2_eps_1,g2,1.0,120,0.9271831782607456,168344,
balanced_correlated,7,g2_eps_1,g2,1.0,240,0.3403012332480575,316992,
balanced_correlated,7,g2_eps_1,g2,1.0,360,0.12797469666874361,465640,
balanced_correlated,7,g2_eps_1,g2,1.0,480,0.05728167806717943,614288,
balanced_correlated,7,g2_eps_1,g2,1.0,600,0.03172420370694384,762936,
balanced_correlated,7,g2_eps_1,g2,1.0,720,0.014143687603412669,911584,
balanced_correlated,7,g2_eps_1,g2,1.0,840,0.009186498578412028,1060232,
balanced_correlated,7,g2_eps_1,g2,1.0,960,0.004983867580448553,1208880,
balanced_correlated,7,g2_eps_1,g2,1.0,1080,0.0027185670352989355,1357528,
balanced_correlated,7,g2_eps_1,g2,1.0,1200,0.0012165115010955851,1506176,
balanced_correlated,7,g2_eps_1,g2,1.0,1320,0.0007585183581486632,1654824,
balanced_correlated,7,g2_eps_1,g2,1.0,1440,0.0003309152714896513,1803472,
balanced_correlated,7,g2_eps_1,g2,1.0,1560,0.00015889731665685858,1952120,
balanced_correlated,7,g2_eps_1,g2,1.0,1680,9.381902336702552e-05,2100768,
balanced_correlated,7,g2_eps_1,g2,1.0,1800,5.6712628961452793e-05,2249416,
balanced_correlated,7,g2_eps_1,g2,1.0,1920,2.7426354363591088e-05,2398064,
balanced_correlated,7,g2_eps_1,g2,1.0,2040,1.5122830774760843e-05,2546712,
balanced_correlated,7,g2_eps_1,g2,1.0,2160,8.547957051074917e-06,2695360,
balanced_correlated,7,g2_eps_1,g2,1.0,2280,4.268870430035321e-06,2844008,
balanced_correlated,7,g2_eps_1,g2,1.0,2400,2.2794655984981205e-06,2992656,
balanced_correlated,8,g2_eps_1,g2,1.0,0,18.59871817696344,19696,
balanced_correlated,8,g2_eps_1,g2,1.0,120,1.161783289829177,168344,
balanced_correlated,8,g2_eps_1,g2,1.0,240,0.5276516508434641,316992,
balanced_correlated,8,g2_eps_1,g2,1.0,360,0.28065260558980354,465640,
balanced_correlated,8,g2_eps_1,g2,1.0,480,0.12256882509203182,614288,
balanced_correlated,8,g2_eps_1,g2,1.0,600,0.06818291843949842,762936,
balanced_correlated,8,g2_eps_1,g2,1.0,720,0.03430217568977634,911584,
balanced_correlated,8,g2_eps_1,g2,1.0,840,0.011758808883707061,1060232,
balanced_correlated,8,g2_eps_1,g2,1.0,960,0.0048816380612377586,1208880,
balanced_correlated,8,g2_eps_1,g2,1.0,1080,0.002507653073457572,1357528,
balanced_correlated,8,g2_eps_1,g2,1.0,1200,0.0011637158271304848,1506176,
balanced_correlated,8,g2_eps_1,g2,1.0,1320,0.0006669174885596263,1654824,
balanced_correlated,8,g2_eps_1,g2,1.0,1440,0.0004203952268042599,1803472,
balanced_correlated,8,g2_eps_1,g2,1.0,1560,0.00019087118547078674,1952120,
balanced_correlated,8,g2_eps_1,g2,1.0,1680,8.928262428353761e-05,2100768,
balanced_correlated,8,g2_eps_1,g2,1.0,1800,4.838687254915541e-05,2249416,
balanced_correlated,8,g2_eps_1,g2,1.0,1920,3.155403024335257e-05,2398064,
balanced_correlated,8,g2_eps_1,g2,1.0,2040,2.1606020151221372e-05,2546712,
balanced_correlated,8,g2_eps_1,g2,1.0,2160,1.3411946869990032e-05,2695360,
balanced_correlated,8,g2_eps_1,g2,1.0,2280,7.870937899667751e-06,2844008,
balanced_correlated,8,g2_eps_1,g2,1.0,2400,4.127768710837643e-06,2992656,
balanced_correlated,9,g2_eps_1,g2,1.0,0,11.10218154950501,19696,
balanced_correlated,9,g2_eps_1,g2,1.0,120,0.9274956271600971,168344,
balanced_correlated,9,g2_eps_1,g2,1.0,240,0.37675674185548713,316992,
balanced_correlated,9,g2_eps_1,g2,1.0,360,0.14884662098972345,465640,
balanced_correlated,9,g2_eps_1,g2,1.0,480,0.06114343901474717,614288,
balanced_correlated,9,g2_eps_1,g2,1.0,600,0.03219264558538315,762936,
balanced_correlated,9,g2_eps_1,g2,1.0,720,0.0157107014061717,911584,
balanced_correlated,9,g2_eps_1,g2,1.0,840,0.009071744017129735,1060232,
balanced_correlated,9,g2_eps_1,g2,1.0,960,0.005148262278679816,1208880,
balanced_correlated,9,g2_eps_1,g2,1.0,1080,0.0029986664485956993,1357528,
balanced_correlated,9,g2_eps_1,g2,1.0,1200,0.0021716420868469477,1506176,
balanced_correlated,9,g2_eps_1,g2,1.0,1320,0.0012028385169000622,1654824,
balanced_correlated,9,g2_eps_1,g2,1.0,1440,0.0008934920681378244,1803472,
balanced_correlated,9,g2_eps_1,g2,1.0,1560,0.0005754938871951332,1952120,
balanced_correlated,9,g2_eps_1,g2,1.0,1680,0.00015739561480065944,2100768,
balanced_correlated,9,g2_eps_1,g2,1.0,1800,8.194982441489529e-05,2249416,
balanced_correlated,9,g2_eps_1,g2,1.0,1920,5.7766845447115855e-05,2398064,
balanced_correlated,9,g2_eps_1,g2,1.0,2040,2.667794784061428e-05,2546712,
balanced_correlated,9,g2_eps_1,g2,1.0,2160,1.590990884636767e-05,2695360,
balanced_correlated,9,g2_eps_1,g2,1.0,2280,6.628116786533411e-06,2844008,
balanced_correlated,9,g2_eps_1,g2,1.0,2400,4.471239901882029e-06,2992656,
balanced_correlated,10,g2_eps_1,g2,1.0,0,6.569771966741186,19696,
balanced_correlated,10,g2_eps_1,g2,1.0,120,0.6209921159941088,168344,
balanced_correlated,10,g2_eps_1,g2,1.0,240,0.32429064315261025,316992,
balanced_correlated,10,g2_eps_1,g2,1.0,360,0.1632558389067449,465640,
balanced_correlated,10,g2_eps_1,g2,1.0,480,0.09653319306625896,614288,
balanced_correlated,10,g2_eps_1,g2,1.0,600,0.04209378875356684,762936,
balanced_correlated,10,g2_eps_1,g2,1.0,720,0.022974825004652644,911584,
balanced_correlated,10,g2_eps_1,g2,1.0,840,0.0124969566604749,1060232,
balanced_correlated,10,g2_eps_1,g2,1.0,960,0.007703352168721089,1208880,
balanced_correlated,10,g2_eps_1,g2,1.0,1080,0.00489409028020793,1357528,
balanced_correlated,10,g2_eps_1,g2,1.0,1200,0.0024294316331796573,1506176,
balanced_correlated,10,g2_eps_1,g2,1.0,1320,0.0012313673862056618,1654824,
balanced_correlated,10,g2_eps_1,g2,1.0,1440,0.0007631246628134747,1803472,
balanced_correlated,10,g2_eps_1,g2,1.0,1560,0.0004466654224093425,1952120,
balanced_correlated,10,g2_eps_1,g2,1.0,1680,0.0002453949351148843,2100768,
balanced_correlated,10,g2_eps_1,g2,1.0,1800,9.656876484731569e-05,2249416,
balanced_correlated,10,g2_eps_1,g2,1.0,1920,6.055380705927149e-05,2398064,
balanced_correlated,10,g2_eps_1,g2,1.0,2040,3.395892123991828e-05,2546712,
balanced_correlated,10,g2_eps_1,g2,1.0,2160,1.804448944486836e-05,2695360,
balanced_correlated,10,g2_eps_1,g2,1.0,2280,7.723591977093491e-06,2844008,
balanced_correlated,10,g2_eps_1,g2,1.0,2400,4.894309503900018e-06,2992656,
balanced_correlated,11,g2_eps_1,g2,1.0,0,12.83120374198054,19696,
balanced_correlated,11,g2_eps_1,g2,1.0,120,0.9530500078933763,168344,
balanced_correlated,11,g2_eps_1,g2,1.0,240,0.4347929814651801,316992,
balanced_correlated,11,g2_eps_1,g2,1.0,360,0.18793403426239585,465640,
balanced_correlated,11,g2_eps_1,g2,1.0,480,0.09356846803297403,614288,
balanced_correlated,11,g2_eps_1,g2,1.0,600,0.050173224910226466,762936,
balanced_correlated,11,g2_eps_1,g2,1.0,720,0.02203056930706948,911584,
balanced_correlated,11,g2_eps_1,g2,1.0,840,0.009476660417978344,1060232,
balanced_correlated,11,g2_eps_1,g2,1.0,960,0.004863763715314384,1208880,
balanced_correlated,11,g2_eps_1,g2,1.0,1080,0.0031971277033107093,1357528,
balanced_correlated,11,g2_eps_1,g2,1.0,1200,0.0017586996246579112,1506176,
balanced_correlated,11,g2_eps_1,g2,1.0,1320,0.0010315660071635868,1654824,
balanced_correlated,11,g2_eps_1,g2,1.0,1440,0.0007636273816027384,1803472,
balanced_correlated,11,g2_eps_1,g2,1.0,1560,0.0006017423675461764,1952120,
balanced_correlated,11,g2_eps_1,g2,1.0,1680,0.00028097037634955413,2100768,
balanced_correlated,11,g2_eps_1,g2,1.0,1800,0.00012286493881319416,2249416,
balanced_correlated,11,g2_eps_1,g2,1.0,1920,6.241319282862534e-05,2398064,
balanced_correlated,11,g2_eps_1,g2,1.0,2040,3.061398993642328e-05,2546712,
balanced_correlated,11,g2_eps_1,g2,1.0,2160,2.007660795655397e-05,2695360,
balanced_correlated,11,g2_eps_1,g2,1.0,2280,1.2037677747489539e-05,2844008,
balanced_correlated,11,g2_eps_1,g2,1.0,2400,6.0462784627901556e-06,2992656,
balanced_correlated,0,g2_eps_0p5,g2,0.5,0,11.39733272727027,19696,
balanced_correlated,0,g2_eps_0p5,g2,0.5,120,3.262749211940203,168344,
balanced_correlated,0,g2_eps_0p5,g2,0.5,240,3.262749211940203,316992,
balanced_correlated,0,g2_eps_0p5,g2,0.5,360,3.262749211940203,465640,
balanced_correlated,0,g2_eps_0p5,g2,0.5,480,3.262749211940203,614288,
balanced_correlated,0,g2_eps_0p5,g2,0.5,600,3.262749211940203,762936,
balanced_correlated,0,g2_eps_0p5,g2,0.5,720,3.262749211940203,911584,
balanced_correlated,0,g2_eps_0p5,g2,0.5,840,3.262749211940203,1060232,
balanced_correlated,0,g2_eps_0p5,g2,0.5,960,3.262749211940203,1208880,
balanced_correlated,0,g2_eps_0p5,g2,0.5,1080,3.262749211940203,1357528,
balanced_correlated,0,g2_eps_0p5,g2,0.5,1200,3.262749211940203,1506176,
balanced_correlated,0,g2_eps_0p5,g2,0.5,1320,3.262749211940203,1654824,
balanced_correlated,0,g2_eps_0p5,g2,0.5,1440,3.262749211940203,1803472,
balanced_correlated,0,g2_eps_0p5,g2,0.5,1560,3.262749211940203,1952120,
balanced_correlated,0,g2_eps_0p5,g2,0.5,1680,3.262749211940203,2100768,
balanced_correlated,0,g2_eps_0p5,g2,0.5,1800,3.262749211940203,2249416,
balanced_correlated,0,g2_eps_0p5,g2,0.5,1920,3.262749211940203,2398064,
balanced_correlated,0,g2_eps_0p5,g2,0.5,2040,3.262749211940203,2546712,
balanced_correlated,0,g2_eps_0p5,g2,0.5,2160,3.262749211940203,2695360,
balanced_correlated,0,g2_eps_0p5,g2,0.5,2280,3.262749211940203,2844008,
balanced_correlated,0,g2_eps_0p5,g2,0.5,2400,3.262749211940203,2992656,
balanced_correlated,1,g2_eps_0p5,g2,0.5,0,15.05584543937602,19696,
balanced_correlated,1,g2_eps_0p5,g2,0.5,120,3.357606266944953,168344,
balanced_correlated,1,g2_eps_0p5,g2,0.5,240,3.357606266944954,316992,
balanced_correlated,1,g2_eps_0p5,g2,0.5,360,3.357606266944954,465640,
balanced_correlated,1,g2_eps_0p5,g2,0.5,480,3.357606266944954,614288,
balanced_correlated,1,g2_eps_0p5,g2,0.5,600,3.357606266944954,762936,
balanced_correlated,1,g2_eps_0p5,g2,0.5,720,3.357606266944954,911584,
balanced_correlated,1,g2_eps_0p5,g2,0.5,840,3.357606266944954,1060232,
balanced_correlated,1,g2_eps_0p5,g2,0.5,960,3.357606266944954,1208880,
balanced_correlated,1,g2_eps_0p5,g2,0.5,1080,3.357606266944954,1357528,
balanced_correlated,1,g2_eps_0p5,g2,0.5,1200,3.357606266944954,1506176,
balanced_correlated,1,g2_eps_0p5,g2,0.5,1320,3.357606266944954,1654824,
balanced_correlated,1,g2_eps_0p5,g2,0.5,1440,3.357606266944954,1803472,
balanced_correlated,1,g2_eps_0p5,g2,0.5,1560,3.357606266944954,1952120,
balanced_correlated,1,g2_eps_0p5,g2,0.5,1680,3.357606266944954,2100768,
balanced_correlated,1,g2_eps_0p5,g2,0.5,1800,3.357606266944954,2249416,
balanced_correlated,1,g2_eps_0p5,g2,0.5,1920,3.357606266944954,2398064,
balanced_correlated,1,g2_eps_0p5,g2,0.5,2040,3.357606266944954,2546712,
balanced_correlated,1,g2_eps_0p5,g2,0.5,2160,3.357606266944954,2695360,
balanced_correlated,1,g2_eps_0p5,g2,0.5,2280,3.357606266944954,2844008,
balanced_correlated,1,g2_eps_0p5,g2,0.5,2400,3.357606266944954,2992656,
balanced_correlated,2,g2_eps_0p5,g2,0.5,0,11.735613424707285,19696,
balanced_correlated,2,g2_eps_0p5,g2,0.5,120,6.0231491106688635,168344,
balanced_correlated,2,g2_eps_0p5,g2,0.5,240,6.0231491106688635,316992,
balanced_correlated,2,g2_eps_0p5,g2,0.5,360,6.0231491106688635,465640,
balanced_correlated,2,g2_eps_0p5,g2,0.5,480,6.0231491106688635,614288,
balanced_correlated,2,g2_eps_0p5,g2,0.5,600,6.0231491106688635,762936,
balanced_correlated,2,g2_eps_0p5,g2,0.5,720,5.646110433667816,911584,
balanced_correlated,2,g2_eps_0p5,g2,0.5,840,5.646110425470725,1060232,
balanced_correlated,2,g2_eps_0p5,g2,0.5,960,5.6461104254707255,1208880,
balanced_correlated,2,g2_eps_0p5,g2,0.5,1080,5.6461104254707255,1357528,
balanced_correlated,2,g2_eps_0p5,g2,0.5,1200,5.6461104254707255,1506176,
balanced_correlated,2,g2_eps_0p5,g2,0.5,1320,5.6461104254707255,1654824,
balanced_correlated,2,g2_eps_0p5,g2,0.5,1440,2.0789757537932134,1803472,
balanced_correlated,2,g2_eps_0p5,g2,0.5,1560,2.078975453546322,1952120,
balanced_correlated,2,g2_eps_0p5,g2,0.5,1680,2.078975453546322,2100768,
balanced_correlated,2,g2_eps_0p5,g2,0.5,1800,2.078975453546322,2249416,
balanced_correlated,2,g2_eps_0p5,g2,0.5,1920,2.078975453546322,2398064,
balanced_correlated,2,g2_eps_0p5,g2,0.5,2040,2.078975453546322,2546712,
balanced_correlated,2,g2_eps_0p5,g2,0.5,2160,2.078975453546322,2695360,
balanced_correlated,2,g2_eps_0p5,g2,0.5,2280,2.078975453546322,2844008,
balanced_correlated,2,g2_eps_0p5,g2,0.5,2400,2.078975453546322,2992656,
balanced_correlated,3,g2_eps_0p5,g2,0.5,0,29.221827480240147,19696,
balanced_correlated,3,g2_eps_0p5,g2,0.5,120,13.201631982788317,168344,
balanced_correlated,3,g2_eps_0p5,g2,0.5,240,13.201631982788316,316992,
balanced_correlated,3,g2_eps_0p5,g2,0.5,360,13.201631982788316,465640,
balanced_correlated,3,g2_eps_0p5,g2,0.5,480,5.843053365124973,614288,
balanced_correlated,3,g2_eps_0p5,g2,0.5,600,5.836695905467014,762936,
balanced_correlated,3,g2_eps_0p5,g2,0.5,720,5.836695905467016,911584,
balanced_correlated,3,g2_eps_0p5,g2,0.5,840,3.7176423947596917,1060232,
balanced_correlated,3,g2_eps_0p5,g2,0.5,960,3.7176423947596917,1208880,
balanced_correlated,3,g2_eps_0p5,g2,0.5,1080,3.7176423947596917,1357528,
balanced_correlated,3,g2_eps_0p5,g2,0.5,1200,3.7176423947596917,1506176,
balanced_correlated,3,g2_eps_0p5,g2,0.5,1320,3.7176423947596917,1654824,
balanced_correlated,3,g2_eps_0p5,g2,0.5,1440,3.7176423947596917,1803472,
balanced_correlated,3,g2_eps_0p5,g2,0.5,1560,3.7176423947596917,1952120,
balanced_correlated,3,g2_eps_0p5,g2,0.5,1680,3.7176423947596917,2100768,
balanced_correlated,3,g2_eps_0p5,g2,0.5,1800,3.7176423947596917,2249416,
balanced_correlated,3,g2_eps_0p5,g2,0.5,1920,3.7176423947596917,2398064,
balanced_correlated,3,g2_eps_0p5,g2,0.5,2040,3.7176423947596917,2546712,
balanced_correlated,3,g2_eps_0p5,g2,0.5,2160,3.7176423947596917,2695360,
balanced_correlated,3,g2_eps_0p5,g2,0.5,2280,3.7176423947596917,2844008,
balanced_correlated,3,g2_eps_0p5,g2,0.5,2400,3.7176423947596917,2992656,
balanced_correlated,4,g2_eps_0p5,g2,0.5,0,17.902193031036283,19696,
balanced_correlated,4,g2_eps_0p5,g2,0.5,120,5.834519030977347,168344,
balanced_correlated,4,g2_eps_0p5,g2,0.5,240,5.834519030977347,316992,
balanced_correlated,4,g2_eps_0p5,g2,0.5,360,5.834519030977347,465640,
balanced_correlated,4,g2_eps_0p5,g2,0.5,480,5.834519030977347,614288,
balanced_correlated,4,g2_eps_0p5,g2,0.5,600,5.834519030977347,762936,
balanced_correlated,4,g2_eps_0p5,g2,0.5,720,5.834519030977347,911584,
balanced_correlated,4,g2_eps_0p5,g2,0.5,840,5.834519030977347,1060232,
balanced_correlated,4,g2_eps_0p5,g2,0.5,960,5.834519030977347,1208880,
balanced_correlated,4,g2_eps_0p5,g2,0.5,1080,5.834519030977347,1357528,
balanced_correlated,4,g2_eps_0p5,g2,0.5,1200,5.834519030977347,1506176,
balanced_correlated,4,g2_eps_0p5,g2,0.5,1320,5.834519030977347,1654824,
balanced_correlated,4,g2_eps_0p5,g2,0.5,1440,5.834519030977347,1803472,
balanced_correlated,4,g2_eps_0p5,g2,0.5,1560,5.834519030977347,1952120,
balanced_correlated,4,g2_eps_0p5,g2,0.5,1680,5.834519030977347,2100768,
balanced_correlated,4,g2_eps_0p5,g2,0.5,1800,5.834519030977347,2249416,
balanced_correlated,4,g2_eps_0p5,g2,0.5,1920,5.834519030977347,2398064,
balanced_correlated,4,g2_eps_0p5,g2,0.5,2040,5.834519030977347,2546712,
balanced_correlated,4,g2_eps_0p5,g2,0.5,2160,5.834519030977347,2695360,
balanced_correlated,4,g2_eps_0p5,g2,0.5,2280,5.834519030977347,2844008,
balanced_correlated,4,g2_eps_0p5,g2,0.5,2400,5.834519030977347,2992656,
balanced_correlated,5,g2_eps_0p5,g2,0.5,0,6.382958766796747,19696,
balanced_correlated,5,g2_eps_0p5,g2,0.5,120,1.6999889200398215,168344,
balanced_correlated,5,g2_eps_0p5,g2,0.5,240,1.6273610921765038,316992,
balanced_correlated,5,g2_eps_0p5,g2,0.5,360,1.6174502181737922,465640,
balanced_correlated,5,g2_eps_0p5,g2,0.5,480,1.6136317539825642,614288,
balanced_correlated,5,g2_eps_0p5,g2,0.5,600,1.613631753851163,762936,
balanced_correlated,5,g2_eps_0p5,g2,0.5,720,1.613631753851163,911584,
balanced_correlated,5,g2_eps_0p5,g2,0.5,840,1.613631753851163,1060232,
balanced_correlated,5,g2_eps_0p5,g2,0.5,960,1.613631753851163,1208880,
balanced_correlated,5,g2_eps_0p5,g2,0.5,1080,1.613631753851163,1357528,
balanced_correlated,5,g2_eps_0p5,g2,0.5,1200,1.613631753851163,1506176,
balanced_correlated,5,g2_eps_0p5,g2,0.5,1320,1.613631753851163,1654824,
balanced_correlated,5,g2_eps_0p5,g2,0.5,1440,1.613631753851163,1803472,
balanced_correlated,5,g2_eps_0p5,g2,0.5,1560,1.613631753851163,1952120,
balanced_correlated,5,g2_eps_0p5,g2,0.5,1680,1.613631753851163,2100768,
balanced_correlated,5,g2_eps_0p5,g2,0.5,1800,1.613631753851163,2249416,
balanced_correlated,5,g2_eps_0p5,g2,0.5,1920,1.613631753851163,2398064,
balanced_correlated,5,g2_eps_0p5,g2,0.5,2040,1.613631753851163,2546712,
balanced_correlated,5,g2_eps_0p5,g2,0.5,2160,1.613631753851163,2695360,
balanced_correlated,5,g2_eps_0p5,g2,0.5,2280,1.613631753851163,2844008,
balanced_correlated,5,g2_eps_0p5,g2,0.5,2400,1.613631753851163,2992656,
balanced_correlated,6,g2_eps_0p5,g2,0.5,0,19.262745789713527,19696,
balanced_correlated,6,g2_eps_0p5,g2,0.5,120,4.208720011716818,168344,
balanced_correlated,6,g2_eps_0p5,g2,0.5,240,4.208720011716818,316992,
balanced_correlated,6,g2_eps_0p5,g2,0.5,360,4.208720011716818,465640,
balanced_correlated,6,g2_eps_0p5,g2,0.5,480,4.208720011716818,614288,
balanced_correlated,6,g2_eps_0p5,g2,0.5,600,4.208720011716818,762936,
balanced_correlated,6,g2_eps_0p5,g2,0.5,720,4.208720011716818,911584,
balanced_correlated,6,g2_eps_0p5,g2,0.5,840,4.208720011716818,1060232,
balanced_correlated,6,g2_eps_0p5,g2,0.5,960,4.208720011716818,1208880,
balanced_correlated,6,g2_eps_0p5,g2,0.5,1080,4.208720011716818,1357528,
balanced_correlated,6,g2_eps_0p5,g2,0.5,1200,4.208720011716818,1506176,
balanced_correlated,6,g2_eps_0p5,g2,0.5,1320,4.208720011716818,1654824,
balanced_correlated,6,g2_eps_0p5,g2,0.5,1440,4.208720011716818,1803472,
balanced_correlated,6,g2_eps_0p5,g2,0.5,1560,4.208720011716818,1952120,
balanced_correlated,6,g2_eps_0p5,g2,0.5,1680,4.208720011716818,2100768,
balanced_correlated,6,g2_eps_0p5,g2,0.5,1800,4.208720011716818,2249416,
balanced_correlated,6,g2_eps_0p5,g2,0.5,1920,4.208720011716818,2398064,
balanced_correlated,6,g2_eps_0p5,g2,0.5,2040,4.208720011716818,2546712,
balanced_correlated,6,g2_eps_0p5,g2,0.5,2160,4.208720011716818,2695360,
balanced_correlated,6,g2_eps_0p5,g2,0.5,2280,4.208720011716818,2844008,
balanced_correlated,6,g2_eps_0p5,g2,0.5,2400,4.208720011716818,2992656,
balanced_correlated,7,g2_eps_0p5,g2,0.5,0,4.634799138086766,19696,
balanced_correlated,7,g2_eps_0p5,g2,0.5,120,1.854101142529418,168344,
balanced_correlated,7,g2_eps_0p5,g2,0.5,240,1.7251824800224358,316992,
balanced_correlated,7,g2_eps_0p5,g2,0.5,360,1.7217204242884425,465640,
balanced_correlated,7,g2_eps_0p5,g2,0.5,480,1.7217204242884425,614288,
balanced_correlated,7,g2_eps_0p5,g2,0.5,600,1.4063521809888186,762936,
balanced_correlated,7,g2_eps_0p5,g2,0.5,720,1.4063521809888186,911584,
balanced_correlated,7,g2_eps_0p5,g2,0.5,840,1.4063521809888186,1060232,
balanced_correlated,7,g2_eps_0p5,g2,0.5,960,1.4063521809888186,1208880,
balanced_correlated,7,g2_eps_0p5,g2,0.5,1080,1.4063521809888186,1357528,
balanced_correlated,7,g2_eps_0p5,g2,0.5,1200,1.4063521809888186,1506176,
balanced_correlated,7,g2_eps_0p5,g2,0.5,1320,1.4063521809888186,1654824,
balanced_correlated,7,g2_eps_0p5,g2,0.5,1440,1.4063521809888186,1803472,
balanced_correlated,7,g2_eps_0p5,g2,0.5,1560,1.4063521809888186,1952120,
balanced_correlated,7,g2_eps_0p5,g2,0.5,1680,1.4063521809888186,2100768,
balanced_correlated,7,g2_eps_0p5,g2,0.5,1800,1.4063521809888186,2249416,
balanced_correlated,7,g2_eps_0p5,g2,0.5,1920,1.4063521809888186,2398064,
balanced_correlated,7,g2_eps_0p5,g2,0.5,2040,1.4063521809888186,2546712,
balanced_correlated,7,g2_eps_0p5,g2,0.5,2160,1.4063521809888186,2695360,
balanced_correlated,7,g2_eps_0p5,g2,0.5,2280,1.4063521809888186,2844008,
balanced_correlated,7,g2_eps_0p5,g2,0.5,2400,1.4063521809888186,2992656,
balanced_correlated,8,g2_eps_0p5,g2,0.5,0,18.59871817696344,19696,
balanced_correlated,8,g2_eps_0p5,g2,0.5,120,2.7100551527428585,168344,
balanced_correlated,8,g2_eps_0p5,g2,0.5,240,2.7100551527428602,316992,
balanced_correlated,8,g2_eps_0p5,g2,0.5,360,2.7100551527428602,465640,
balanced_correlated,8,g2_eps_0p5,g2,0.5,480,2.7100551527428602,614288,
balanced_correlated,8,g2_eps_0p5,g2,0.5,600,2.7100551527428602,762936,
balanced_correlated,8,g2_eps_0p5,g2,0.5,720,2.7100551527428602,911584,
balanced_correlated,8,g2_eps_0p5,g2,0.5,840,2.7100551527428602,1060232,
balanced_correlated,8,g2_eps_0p5,g2,0.5,960,2.7100551527428602,1208880,
balanced_correlated,8,g2_eps_0p5,g2,0.5,1080,2.7100551527428602,1357528,
balanced_correlated,8,g2_eps_0p5,g2,0.5,1200,2.7100551527428602,1506176,
balanced_correlated,8,g2_eps_0p5,g2,0.5,1320,2.7100551527428602,1654824,
balanced_correlated,8,g2_eps_0p5,g2,0.5,1440,2.7100551527428602,1803472,
balanced_correlated,8,g2_eps_0p5,g2,0.5,1560,2.7100551527428602,1952120,
balanced_correlated,8,g2_eps_0p5,g2,0.5,1680,2.7100551527428602,2100768,
balanced_correlated,8,g2_eps_0p5,g2,0.5,1800,2.7100551527428602,2249416,
balanced_correlated,8,g2_eps_0p5,g2,0.5,1920,2.7100551527428602,2398064,
balanced_correlated,8,g2_eps_0p5,g2,0.5,2040,2.7100551527428602,2546712,
balanced_correlated,8,g2_eps_0p5,g2,0.5,2160,2.7100551527428602,2695360,
balanced_correlated,8,g2_eps_0p5,g2,0.5,2280,2.7100551527428602,2844008,
balanced_correlated,8,g2_eps_0p5,g2,0.5,2400,2.7100551527428602,2992656,
balanced_correlated,9,g2_eps_0p5,g2,0.5,0,11.10218154950501,19696,
balanced_correlated,9,g2_eps_0p5,g2,0.5,120,2.314539154241793,168344,
balanced_correlated,9,g2_eps_0p5,g2,0.5,240,2.314539154241793,316992,
balanced_correlated,9,g2_eps_0p5,g2,0.5,360,1.779619908111179,465640,
balanced_correlated,9,g2_eps_0p5,g2,0.5,480,1.604977979966097,614288,
balanced_correlated,9,g2_eps_0p5,g2,0.5,600,1.567929334265627,762936,
balanced_correlated,9,g2_eps_0p5,g2,0.5,720,1.567929334265627,911584,
balanced_correlated,9,g2_eps_0p5,g2,0.5,840,1.567929334265627,1060232,
balanced_correlated,9,g2_eps_0p5,g2,0.5,960,1.552908411755769,1208880,
balanced_correlated,9,g2_eps_0p5,g2,0.5,1080,1.552908393875172,1357528,
balanced_correlated,9,g2_eps_0p5,g2,0.5,1200,1.5529083938751729,1506176,
balanced_correlated,9,g2_eps_0p5,g2,0.5,1320,1.5529083938751729,1654824,
balanced_correlated,9,g2_eps_0p5,g2,0.5,1440,1.5529083938751729,1803472,
balanced_correlated,9,g2_eps_0p5,g2,0.5,1560,1.5529083938751729,1952120,
balanced_correlated,9,g2_eps_0p5,g2,0.5,1680,1.5529083938751729,2100768,
balanced_correlated,9,g2_eps_0p5,g2,0.5,1800,1.5529083938751729,2249416,
balanced_correlated,9,g2_eps_0p5,g2,0.5,1920,1.5529083938751729,2398064,
balanced_correlated,9,g2_eps_0p5,g2,0.5,2040,1.5529083938751729,2546712,
balanced_correlated,9,g2_eps_0p5,g2,0.5,2160,1.5529083938751729,2695360,
balanced_correlated,9,g2_eps_0p5,g2,0.5,2280,1.5529083938751729,2844008,
balanced_correlated,9,g2_eps_0p5,g2,0.5,2400,1.5529083938751729,2992656,
balanced_correlated,10,g2_eps_0p5,g2,0.5,0,6.569771966741186,19696,
balanced_correlated,10,g2_eps_0p5,g2,0.5,120,1.6523194143086717,168344,
balanced_correlated,10,g2_eps_0p5,g2,0.5,240,1.6523194143086726,316992,
balanced_correlated,10,g2_eps_0p5,g2,0.5,360,1.6523194143086726,465640,
balanced_correlated,10,g2_eps_0p5,g2,0.5,480,1.6523194143086726,614288,
balanced_correlated,10,g2_eps_0p5,g2,0.5,600,1.6523194143086726,762936,
balanced_correlated,10,g2_eps_0p5,g2,0.5,720,1.0808481873112807,911584,
balanced_correlated,10,g2_eps_0p5,g2,0.5,840,1.0808481873112812,1060232,
balanced_correlated,10,g2_eps_0p5,g2,0.5,960,1.0808481873112812,1208880,
balanced_correlated,10,g2_eps_0p5,g2,0.5,1080,1.0808481873112812,1357528,
balanced_correlated,10,g2_eps_0p5,g2,0.5,1200,1.0808481873112812,1506176,
balanced_correlated,10,g2_eps_0p5,g2,0.5,1320,1.0808481873112812,1654824,
balanced_correlated,10,g2_eps_0p5,g2,0.5,1440,1.0808481873112812,1803472,
balanced_correlated,10,g2_eps_0p5,g2,0.5,1560,1.0808481873112812,1952120,
balanced_correlated,10,g2_eps_0p5,g2,0.5,1680,1.0808481873112812,2100768,
balanced_correlated,10,g2_eps_0p5,g2,0.5,1800,1.0808481873112812,2249416,
balanced_correlated,10,g2_eps_0p5,g2,0.5,1920,1.0808481873112812,2398064,
balanced_correlated,10,g2_eps_0p5,g2,0.5,2040,1.0525802455641609,2546712,
balanced_correlated,10,g2_eps_0p5,g2,0.5,2160,1.0525802455637585,2695360,
balanced_correlated,10,g2_eps_0p5,g2,0.5,2280,1.0525802455637585,2844008,
balanced_correlated,10,g2_eps_0p5,g2,0.5,2400,1.0525802455637585,2992656,
balanced_correlated,11,g2_eps_0p5,g2,0.5,0,12.83120374198054,19696,
balanced_correlated,11,g2_eps_0p5,g2,0.5,120,2.776607338983774,168344,
balanced_correlated,11,g2_eps_0p5,g2,0.5,240,2.4136387535619437,316992,
balanced_correlated,11,g2_eps_0p5,g2,0.5,360,2.4136383653289024,465640,
balanced_correlated,11,g2_eps_0p5,g2,0.5,480,2.4136383653289015,614288,
balanced_correlated,11,g2_eps_0p5,g2,0.5,600,2.4136383653289015,762936,
balanced_correlated,11,g2_eps_0p5,g2,0.5,720,2.4136383653289015,911584,
balanced_correlated,11,g2_eps_0p5,g2,0.5,840,2.4136383653289015,1060232,
balanced_correlated,11,g2_eps_0p5,g2,0.5,960,2.4136383653289015,1208880,
balanced_correlated,11,g2_eps_0p5,g2,0.5,1080,2.4136383653289015,1357528,
balanced_correlated,11,g2_eps_0p5,g2,0.5,1200,2.4136383653289015,1506176,
balanced_correlated,11,g2_eps_0p5,g2,0.5,1320,2.4136383653289015,1654824,
balanced_correlated,11,g2_eps_0p5,g2,0.5,1440,2.4136383653289015,1803472,
balanced_correlated,11,g2_eps_0p5,g2,0.5,1560,2.4136383653289015,1952120,
balanced_correlated,11,g2_eps_0p5,g2,0.5,1680,2.4136383653289015,2100768,
balanced_correlated,11,g2_eps_0p5,g2,0.5,1800,2.238937504599089,2249416,
balanced_correlated,11,g2_eps_0p5,g2,0.5,1920,2.238937350841573,2398064,
balanced_correlated,11,g2_eps_0p5,g2,0.5,2040,2.238937350841573,2546712,
balanced_correlated,11,g2_eps_0p5,g2,0.5,2160,2.101382940005599,2695360,
balanced_correlated,11,g2_eps_0p5,g2,0.5,2280,2.101382940005599,2844008,
balanced_correlated,11,g2_eps_0p5,g2,0.5,2400,2.088957298120762,2992656,
balanced_correlated,0,g2_eps_0p25,g2,0.25,0,11.39733272727027,19696,
balanced_correlated,0,g2_eps_0p25,g2,0.25,120,2.2445060870408367,168344,
balanced_correlated,0,g2_eps_0p25,g2,0.25,240,2.2445060870408367,316992,
balanced_correlated,0,g2_eps_0p25,g2,0.25,360,2.2445060870408367,465640,
balanced_correlated,0,g2_eps_0p25,g2,0.25,480,2.2445060870408367,614288,
balanced_correlated,0,g2_eps_0p25,g2,0.25,600,2.2445060870408367,762936,
balanced_correlated,0,g2_eps_0p25,g2,0.25,720,2.2445060870408367,911584,
balanced_correlated,0,g2_eps_0p25,g2,0.25,840,2.2445060870408367,1060232,
balanced_correlated,0,g2_eps_0p25,g2,0.25,960,2.2445060870408367,1208880,
balanced_correlated,0,g2_eps_0p25,g2,0.25,1080,2.2445060870408367,1357528,
balanced_correlated,0,g2_eps_0p25,g2,0.25,1200,2.2445060870408367,1506176,
balanced_correlated,0,g2_eps_0p25,g2,0.25,1320,2.2445060870408367,1654824,
balanced_correlated,0,g2_eps_0p25,g2,0.25,1440,2.2445060870408367,1803472,
balanced_correlated,0,g2_eps_0p25,g2,0.25,1560,2.2445060870408367,1952120,
balanced_correlated,0,g2_eps_0p25,g2,0.25,1680,2.2445060870408367,2100768,
balanced_correlated,0,g2_eps_0p25,g2,0.25,1800,2.2445060870408367,2249416,
balanced_correlated,0,g2_eps_0p25,g2,0.25,1920,2.2445060870408367,2398064,
balanced_correlated,0,g2_eps_0p25,g2,0.25,2040,2.2445060870408367,2546712,
balanced_correlated,0,g2_eps_0p25,g2,0.25,2160,2.2445060870408367,2695360,
balanced_correlated,0,g2_eps_0p25,g2,0.25,2280,2.2445060870408367,2844008,
balanced_correlated,0,g2_eps_0p25,g2,0.25,2400,2.2445060870408367,2992656,
balanced_correlated,1,g2_eps_0p25,g2,0.25,0,15.05584543937602,19696,
balanced_correlated,1,g2_eps_0p25,g2,0.25,120,3.628948738104988,168344,
balanced_correlated,1,g2_eps_0p25,g2,0.25,240,3.628948738104988,316992,
balanced_correlated,1,g2_eps_0p25,g2,0.25,360,3.628948738104988,465640,
balanced_correlated,1,g2_eps_0p25,g2,0.25,480,3.628948738104988,614288,
balanced_correlated,1,g2_eps_0p25,g2,0.25,600,3.426424645234138,762936,
balanced_correlated,1,g2_eps_0p25,g2,0.25,720,3.426424645234138,911584,
balanced_correlated,1,g2_eps_0p25,g2,0.25,840,3.426424645234138,1060232,
balanced_correlated,1,g2_eps_0p25,g2,0.25,960,3.426424645234138,1208880,
balanced_correlated,1,g2_eps_0p25,g2,0.25,1080,3.426424645234138,1357528,
balanced_correlated,1,g2_eps_0p25,g2,0.25,1200,3.426424645234138,1506176,
balanced_correlated,1,g2_eps_0p25,g2,0.25,1320,3.426424645234138,1654824,
balanced_correlated,1,g2_eps_0p25,g2,0.25,1440,3.417353910591997,1803472,
balanced_correlated,1,g2_eps_0p25,g2,0.25,1560,3.4173434491406383,1952120,
balanced_correlated,1,g2_eps_0p25,g2,0.25,1680,3.41734344914064,2100768,
balanced_correlated,1,g2_eps_0p25,g2,0.25,1800,3.41734344914064,2249416,
balanced_correlated,1,g2_eps_0p25,g2,0.25,1920,3.41734344914064,2398064,
balanced_correlated,1,g2_eps_0p25,g2,0.25,2040,3.41734344914064,2546712,
balanced_correlated,1,g2_eps_0p25,g2,0.25,2160,3.41734344914064,2695360,
balanced_correlated,1,g2_eps_0p25,g2,0.25,2280,3.41734344914064,2844008,
balanced_correlated,1,g2_eps_0p25,g2,0.25,2400,3.41734344914064,2992656,
balanced_correlated,2,g2_eps_0p25,g2,0.25,0,11.735613424707285,19696,
balanced_correlated,2,g2_eps_0p25,g2,0.25,120,3.2879691794575683,168344,
balanced_correlated,2,g2_eps_0p25,g2,0.25,240,3.2879691794575683,316992,
balanced_correlated,2,g2_eps_0p25,g2,0.25,360,3.2879691794575683,465640,
balanced_correlated,2,g2_eps_0p25,g2,0.25,480,3.2879691794575683,614288,
balanced_correlated,2,g2_eps_0p25,g2,0.25,600,3.2879691794575683,762936,
balanced_correlated,2,g2_eps_0p25,g2,0.25,720,3.2879691794575683,911584,
balanced_correlated,2,g2_eps_0p25,g2,0.25,840,3.2879691794575683,1060232,
balanced_correlated,2,g2_eps_0p25,g2,0.25,960,3.2879691794575683,1208880,
balanced_correlated,2,g2_eps_0p25,g2,0.25,1080,3.2879691794575683,1357528,
balanced_correlated,2,g2_eps_0p25,g2,0.25,1200,3.2879691794575683,1506176,
balanced_correlated,2,g2_eps_0p25,g2,0.25,1320,3.2879691794575683,1654824,
balanced_correlated,2,g2_eps_0p25,g2,0.25,1440,3.2879691794575683,1803472,
balanced_correlated,2,g2_eps_0p25,g2,0.25,1560,3.2879691794575683,1952120,
balanced_correlated,2,g2_eps_0p25,g2,0.25,1680,3.2879691794575683,2100768,
balanced_correlated,2,g2_eps_0p25,g2,0.25,1800,3.2879691794575683,2249416,
balanced_correlated,2,g2_eps_0p25,g2,0.25,1920,3.2879691794575683,2398064,
balanced_correlated,2,g2_eps_0p25,g2,0.25,2040,3.2879691794575683,2546712,
balanced_correlated,2,g2_eps_0p25,g2,0.25,2160,3.2879691794575683,2695360,
balanced_correlated,2,g2_eps_0p25,g2,0.25,2280,3.2879691794575683,2844008,
balanced_correlated,2,g2_eps_0p25,g2,0.25,2400,3.2879691794575683,2992656,
balanced_correlated,3,g2_eps_0p25,g2,0.25,0,29.221827480240147,19696,
balanced_correlated,3,g2_eps_0p25,g2,0.25,120,5.7708093419296524,168344,
balanced_correlated,3,g2_eps_0p25,g2,0.25,240,5.7708093419296524,316992,
balanced_correlated,3,g2_eps_0p25,g2,0.25,360,5.21996933515457,465640,
balanced_correlated,3,g2_eps_0p25,g2,0.25,480,5.219969305218209,614288,
balanced_correlated,3,g2_eps_0p25,g2,0.25,600,3.3124496344586265,762936,
balanced_correlated,3,g2_eps_0p25,g2,0.25,720,3.3124496344584036,911584,
balanced_correlated,3,g2_eps_0p25,g2,0.25,840,3.3124496344584036,1060232,
balanced_correlated,3,g2_eps_0p25,g2,0.25,960,3.3124496344584036,1208880,
balanced_correlated,3,g2_eps_0p25,g2,0.25,1080,3.0267253143424244,1357528,
balanced_correlated,3,g2_eps_0p25,g2,0.25,1200,3.0267253143424244,1506176,
balanced_correlated,3,g2_eps_0p25,g2,0.25,1320,3.0267253143424244,1654824,
balanced_correlated,3,g2_eps_0p25,g2,0.25,1440,3.0267253143424244,1803472,
balanced_correlated,3,g2_eps_0p25,g2,0.25,1560,3.0267253143424244,1952120,
balanced_correlated,3,g2_eps_0p25,g2,0.25,1680,3.0267253143424244,2100768,
balanced_correlated,3,g2_eps_0p25,g2,0.25,1800,3.0267253143424244,2249416,
balanced_correlated,3,g2_eps_0p25,g2,0.25,1920,3.0267253143424244,2398064,
balanced_correlated,3,g2_eps_0p25,g2,0.25,2040,3.0267253143424244,2546712,
balanced_correlated,3,g2_eps_0p25,g2,0.25,2160,3.0267253143424244,2695360,
balanced_correlated,3,g2_eps_0p25,g2,0.25,2280,3.0267253143424244,2844008,
balanced_correlated,3,g2_eps_0p25,g2,0.25,2400,3.0267253143424244,2992656,
balanced_correlated,4,g2_eps_0p25,g2,0.25,0,17.902193031036283,19696,
balanced_correlated,4,g2_eps_0p25,g2,0.25,120,3.2146592717328013,168344,
balanced_correlated,4,g2_eps_0p25,g2,0.25,240,3.2146592717328013,316992,
balanced_correlated,4,g2_eps_0p25,g2,0.25,360,3.2146592717328013,465640,
balanced_correlated,4,g2_eps_0p25,g2,0.25,480,3.2146592717328013,614288,
balanced_correlated,4,g2_eps_0p25,g2,0.25,600,3.2146592717328013,762936,
balanced_correlated,4,g2_eps_0p25,g2,0.25,720,2.898266160445474,911584,
balanced_correlated,4,g2_eps_0p25,g2,0.25,840,2.898266160445474,1060232,
balanced_correlated,4,g2_eps_0p25,g2,0.25,960,2.6632543168789593,1208880,
balanced_correlated,4,g2_eps_0p25,g2,0.25,1080,2.6632543168789593,1357528,
balanced_correlated,4,g2_eps_0p25,g2,0.25,1200,2.6632543168789593,1506176,
balanced_correlated,4,g2_eps_0p25,g2,0.25,1320,2.6632543168789593,1654824,
balanced_correlated,4,g2_eps_0p25,g2,0.25,1440,2.6632543168789593,1803472,
balanced_correlated,4,g2_eps_0p25,g2,0.25,1560,2.6632543168789593,1952120,
balanced_correlated,4,g2_eps_0p25,g2,0.25,1680,2.6632543168789593,2100768,
balanced_correlated,4,g2_eps_0p25,g2,0.25,1800,2.6632543168789593,2249416,
balanced_correlated,4,g2_eps_0p25,g2,0.25,1920,2.6632543168789593,2398064,
balanced_correlated,4,g2_eps_0p25,g2,0.25,2040,2.6632543168789593,2546712,
balanced_correlated,4,g2_eps_0p25,g2,0.25,2160,2.6632543168789593,2695360,
balanced_correlated,4,g2_eps_0p25,g2,0.25,2280,2.6632543168789593,2844008,
balanced_correlated,4,g2_eps_0p25,g2,0.25,2400,2.6632543168789593,2992656,
balanced_correlated,5,g2_eps_0p25,g2,0.25,0,6.382958766796747,19696,
balanced_correlated,5,g2_eps_0p25,g2,0.25,120,1.668978344768143,168344,
balanced_correlated,5,g2_eps_0p25,g2,0.25,240,1.668978344768143,316992,
balanced_correlated,5,g2_eps_0p25,g2,0.25,360,1.668978344768143,465640,
balanced_correlated,5,g2_eps_0p25,g2,0.25,480,1.668978344768143,614288,
balanced_correlated,5,g2_eps_0p25,g2,0.25,600,1.668978344768143,762936,
balanced_correlated,5,g2_eps_0p25,g2,0.25,720,1.668978344768143,911584,
balanced_correlated,5,g2_eps_0p25,g2,0.25,840,1.668978344768143,1060232,
balanced_correlated,5,g2_eps_0p25,g2,0.25,960,1.668978344768143,1208880,
balanced_correlated,5,g2_eps_0p25,g2,0.25,1080,1.668978344768143,1357528,
balanced_correlated,5,g2_eps_0p25,g2,0.25,1200,1.668978344768143,1506176,
balanced_correlated,5,g2_eps_0p25,g2,0.25,1320,1.668978344768143,1654824,
balanced_correlated,5,g2_eps_0p25,g2,0.25,1440,1.668978344768143,1803472,
balanced_correlated,5,g2_eps_0p25,g2,0.25,1560,1.668978344768143,1952120,
balanced_correlated,5,g2_eps_0p25,g2,0.25,1680,1.668978344768143,2100768,
balanced_correlated,5,g2_eps_0p25,g2,0.25,1800,1.668978344768143,2249416,
balanced_correlated,5,g2_eps_0p25,g2,0.25,1920,1.668978344768143,2398064,
balanced_correlated,5,g2_eps_0p25,g2,0.25,2040,1.668978344768143,2546712,
balanced_correlated,5,g2_eps_0p25,g2,0.25,2160,1.668978344768143,2695360,
balanced_correlated,5,g2_eps_0p25,g2,0.25,2280,1.668978344768143,2844008,
balanced_correlated,5,g2_eps_0p25,g2,0.25,2400,1.668978344768143,2992656,
balanced_correlated,6,g2_eps_0p25,g2,0.25,0,19.262745789713527,19696,
balanced_correlated,6,g2_eps_0p25,g2,0.25,120,4.104931942917975,168344,
balanced_correlated,6,g2_eps_0p25,g2,0.25,240,4.104931942917975,316992,
balanced_correlated,6,g2_eps_0p25,g2,0.25,360,4.104931942917975,465640,
balanced_correlated,6,g2_eps_0p25,g2,0.25,480,3.530495073791668,614288,
balanced_correlated,6,g2_eps_0p25,g2,0.25,600,3.5304950737915863,762936,
balanced_correlated,6,g2_eps_0p25,g2,0.25,720,2.652357046903685,911584,
balanced_correlated,6,g2_eps_0p25,g2,0.25,840,2.65235693515975,1060232,
balanced_correlated,6,g2_eps_0p25,g2,0.25,960,2.621704944193313,1208880,
balanced_correlated,6,g2_eps_0p25,g2,0.25,1080,2.6216333170932584,1357528,
balanced_correlated,6,g2_eps_0p25,g2,0.25,1200,2.6216333170932575,1506176,
balanced_correlated,6,g2_eps_0p25,g2,0.25,1320,2.6216333170932575,1654824,
balanced_correlated,6,g2_eps_0p25,g2,0.25,1440,2.6216333170932575,1803472,
balanced_correlated,6,g2_eps_0p25,g2,0.25,1560,2.6215347347445137,1952120,
balanced_correlated,6,g2_eps_0p25,g2,0.25,1680,2.6215347347445137,2100768,
balanced_correlated,6,g2_eps_0p25,g2,0.25,1800,2.6215347347445137,2249416,
balanced_correlated,6,g2_eps_0p25,g2,0.25,1920,2.6215347347445137,2398064,
balanced_correlated,6,g2_eps_0p25,g2,0.25,2040,2.468898648065493,2546712,
balanced_correlated,6,g2_eps_0p25,g2,0.25,2160,2.4688986415445964,2695360,
balanced_correlated,6,g2_eps_0p25,g2,0.25,2280,2.4688986415445964,2844008,
balanced_correlated,6,g2_eps_0p25,g2,0.25,2400,2.4688986415445964,2992656,
balanced_correlated,7,g2_eps_0p25,g2,0.25,0,4.634799138086766,19696,
balanced_correlated,7,g2_eps_0p25,g2,0.25,120,1.3783402142908905,168344,
balanced_correlated,7,g2_eps_0p25,g2,0.25,240,1.37834021429089,316992,
balanced_correlated,7,g2_eps_0p25,g2,0.25,360,1.369437000442323,465640,
balanced_correlated,7,g2_eps_0p25,g2,0.25,480,1.3694370004418337,614288,
balanced_correlated,7,g2_eps_0p25,g2,0.25,600,1.3036094898947073,762936,
balanced_correlated,7,g2_eps_0p25,g2,0.25,720,1.3036094898947073,911584,
balanced_correlated,7,g2_eps_0p25,g2,0.25,840,1.3036094898947073,1060232,
balanced_correlated,7,g2_eps_0p25,g2,0.25,960,1.3036094898947073,1208880,
balanced_correlated,7,g2_eps_0p25,g2,0.25,1080,1.3036094898947073,1357528,
balanced_correlated,7,g2_eps_0p25,g2,0.25,1200,1.3036094898947073,1506176,
balanced_correlated,7,g2_eps_0p25,g2,0.25,1320,1.3036094898947073,1654824,
balanced_correlated,7,g2_eps_0p25,g2,0.25,1440,1.3036094898947073,1803472,
balanced_correlated,7,g2_eps_0p25,g2,0.25,1560,1.2426092401735533,1952120,
balanced_correlated,7,g2_eps_0p25,g2,0.25,1680,1.242609240140792,2100768,
balanced_correlated,7,g2_eps_0p25,g2,0.25,1800,1.187395500770715,2249416,
balanced_correlated,7,g2_eps_0p25,g2,0.25,1920,1.1873955006843935,2398064,
balanced_correlated,7,g2_eps_0p25,g2,0.25,2040,1.1873955006843935,2546712,
balanced_correlated,7,g2_eps_0p25,g2,0.25,2160,1.1873955006843935,2695360,
balanced_correlated,7,g2_eps_0p25,g2,0.25,2280,1.1873955006843935,2844008,
balanced_correlated,7,g2_eps_0p25,g2,0.25,2400,1.1873955006843935,2992656,
balanced_correlated,8,g2_eps_0p25,g2,0.25,0,18.59871817696344,19696,
balanced_correlated,8,g2_eps_0p25,g2,0.25,120,2.623771006301143,168344,
balanced_correlated,8,g2_eps_0p25,g2,0.25,240,2.6237710063011437,316992,
balanced_correlated,8,g2_eps_0p25,g2,0.25,360,2.4839534283833458,465640,
balanced_correlated,8,g2_eps_0p25,g2,0.25,480,2.4839534283833458,614288,
balanced_correlated,8,g2_eps_0p25,g2,0.25,600,2.4839534283833458,762936,
balanced_correlated,8,g2_eps_0p25,g2,0.25,720,2.4839534283833458,911584,
balanced_correlated,8,g2_eps_0p25,g2,0.25,840,2.4839534283833458,1060232,
balanced_correlated,8,g2_eps_0p25,g2,0.25,960,2.4839534283833458,1208880,
balanced_correlated,8,g2_eps_0p25,g2,0.25,1080,2.4839534283833458,1357528,
balanced_correlated,8,g2_eps_0p25,g2,0.25,1200,2.4839534283833458,1506176,
balanced_correlated,8,g2_eps_0p25,g2,0.25,1320,2.4839534283833458,1654824,
balanced_correlated,8,g2_eps_0p25,g2,0.25,1440,2.4839534283833458,1803472,
balanced_correlated,8,g2_eps_0p25,g2,0.25,1560,2.4839534283833458,1952120,
balanced_correlated,8,g2_eps_0p25,g2,0.25,1680,2.4839534283833458,2100768,
balanced_correlated,8,g2_eps_0p25,g2,0.25,1800,2.4839534283833458,2249416,
balanced_correlated,8,g2_eps_0p25,g2,0.25,1920,2.4839534283833458,2398064,
balanced_correlated,8,g2_eps_0p25,g2,0.25,2040,2.4839534283833458,2546712,
balanced_correlated,8,g2_eps_0p25,g2,0.25,2160,2.4839534283833458,2695360,
balanced_correlated,8,g2_eps_0p25,g2,0.25,2280,2.4839534283833458,2844008,
balanced_correlated,8,g2_eps_0p25,g2,0.25,2400,2.4839534283833458,2992656,
balanced_correlated,9,g2_eps_0p25,g2,0.25,0,11.10218154950501,19696,
balanced_correlated,9,g2_eps_0p25,g2,0.25,120,1.9168512495619514,168344,
balanced_correlated,9,g2_eps_0p25,g2,0.25,240,1.8710319347953086,316992,
balanced_correlated,9,g2_eps_0p25,g2,0.25,360,1.8710319347953086,465640,
balanced_correlated,9,g2_eps_0p25,g2,0.25,480,1.8710319347953086,614288,
balanced_correlated,9,g2_eps_0p25,g2,0.25,600,1.8710319347953086,762936,
balanced_correlated,9,g2_eps_0p25,g2,0.25,720,1.8710319347953086,911584,
balanced_correlated,9,g2_eps_0p25,g2,0.25,840,1.8710319347953086,1060232,
balanced_correlated,9,g2_eps_0p25,g2,0.25,960,1.8710319347953086,1208880,
balanced_correlated,9,g2_eps_0p25,g2,0.25,1080,1.8710319347953077,1357528,
balanced_correlated,9,g2_eps_0p25,g2,0.25,1200,1.8710319347953077,1506176,
balanced_correlated,9,g2_eps_0p25,g2,0.25,1320,1.8710319347953077,1654824,
balanced_correlated,9,g2_eps_0p25,g2,0.25,1440,1.8710319347953077,1803472,
balanced_correlated,9,g2_eps_0p25,g2,0.25,1560,1.8710319347953077,1952120,
balanced_correlated,9,g2_eps_0p25,g2,0.25,1680,1.8710319347953077,2100768,
balanced_correlated,9,g2_eps_0p25,g2,0.25,1800,1.8710319347953077,2249416,
balanced_correlated,9,g2_eps_0p25,g2,0.25,1920,1.8710319347953077,2398064,
balanced_correlated,9,g2_eps_0p25,g2,0.25,2040,1.8710319347953077,2546712,
balanced_correlated,9,g2_eps_0p25,g2,0.25,2160,1.8710319347953077,2695360,
balanced_correlated,9,g2_eps_0p25,g2,0.25,2280,1.8710319347953077,2844008,
balanced_correlated,9,g2_eps_0p25,g2,0.25,2400,1.8710319347953077,2992656,
balanced_correlated,10,g2_eps_0p25,g2,0.25,0,6.569771966741186,19696,
balanced_correlated,10,g2_eps_0p25,g2,0.25,120,1.9565825474555583,168344,
balanced_correlated,10,g2_eps_0p25,g2,0.25,240,1.9565825474555583,316992,
balanced_correlated,10,g2_eps_0p25,g2,0.25,360,1.9565825474555583,465640,
balanced_correlated,10,g2_eps_0p25,g2,0.25,480,1.9565825474555583,614288,
balanced_correlated,10,g2_eps_0p25,g2,0.25,600,1.9565825474555583,762936,
balanced_correlated,10,g2_eps_0p25,g2,0.25,720,1.9565825474555583,911584,
balanced_correlated,10,g2_eps_0p25,g2,0.25,840,1.9565825474555583,1060232,
balanced_correlated,10,g2_eps_0p25,g2,0.25,960,1.9565825474555583,1208880,
balanced_correlated,10,g2_eps_0p25,g2,0.25,1080,1.9565825474555583,1357528,
balanced_correlated,10,g2_eps_0p25,g2,0.25,1200,1.9565825474555583,1506176,
balanced_correlated,10,g2_eps_0p25,g2,0.25,1320,1.9565825474555583,1654824,
balanced_correlated,10,g2_eps_0p25,g2,0.25,1440,1.9565825474555583,1803472,
balanced_correlated,10,g2_eps_0p25,g2,0.25,1560,1.9565825474555583,1952120,
balanced_correlated,10,g2_eps_0p25,g2,0.25,1680,1.9565825474555583,2100768,
balanced_correlated,10,g2_eps_0p25,g2,0.25,1800,1.9565825474555583,2249416,
balanced_correlated,10,g2_eps_0p25,g2,0.25,1920,1.9565825474555583,2398064,
balanced_correlated,10,g2_eps_0p25,g2,0.25,2040,1.9565825474555583,2546712,
balanced_correlated,10,g2_eps_0p25,g2,0.25,2160,1.9565825474555583,2695360,
balanced_correlated,10,g2_eps_0p25,g2,0.25,2280,1.9565825474555583,2844008,
balanced_correlated,10,g2_eps_0p25,g2,0.25,2400,1.9565825474555583,2992656,
balanced_correlated,11,g2_eps_0p25,g2,0.25,0,12.83120374198054,19696,
balanced_correlated,11,g2_eps_0p25,g2,0.25,120,2.897722770306935,168344,
balanced_correlated,11,g2_eps_0p25,g2,0.25,240,2.897722770306934,316992,
balanced_correlated,11,g2_eps_0p25,g2,0.25,360,2.897722770306934,465640,
balanced_correlated,11,g2_eps_0p25,g2,0.25,480,2.706858568642313,614288,
balanced_correlated,11,g2_eps_0p25,g2,0.25,600,2.706858568642313,762936,
balanced_correlated,11,g2_eps_0p25,g2,0.25,720,2.63843354100586,911584,
balanced_correlated,11,g2_eps_0p25,g2,0.25,840,2.638433540993986,1060232,
balanced_correlated,11,g2_eps_0p25,g2,0.25,960,2.638433540993986,1208880,
balanced_correlated,11,g2_eps_0p25,g2,0.25,1080,2.6379603124127597,1357528,
balanced_correlated,11,g2_eps_0p25,g2,0.25,1200,2.6379603124127597,1506176,
balanced_correlated,11,g2_eps_0p25,g2,0.25,1320,2.6379603124127597,1654824,
balanced_correlated,11,g2_eps_0p25,g2,0.25,1440,2.6379603124127597,1803472,
balanced_correlated,11,g2_eps_0p25,g2,0.25,1560,2.6379603124127597,1952120,
balanced_correlated,11,g2_eps_0p25,g2,0.25,1680,2.6379603124127597,2100768,
balanced_correlated,11,g2_eps_0p25,g2,0.25,1800,2.6379603124127597,2249416,
balanced_correlated,11,g2_eps_0p25,g2,0.25,1920,2.6379603124127597,2398064,
balanced_correlated,11,g2_eps_0p25,g2,0.25,2040,2.6379603124127597,2546712,
balanced_correlated,11,g2_eps_0p25,g2,0.25,2160,2.6379603124127597,2695360,
balanced_correlated,11,g2_eps_0p25,g2,0.25,2280,2.6379603124127597,2844008,
balanced_correlated,11,g2_eps_0p25,g2,0.25,2400,2.6379603124127597,2992656,
balanced_correlated,0,g2_eps_0p125,g2,0.125,0,11.39733272727027,19696,
balanced_correlated,0,g2_eps_0p125,g2,0.125,120,1.6699620938984179,168344,
balanced_correlated,0,g2_eps_0p125,g2,0.125,240,1.6699620938984179,316992,
balanced_correlated,0,g2_eps_0p125,g2,0.125,360,1.6699620938984179,465640,
balanced_correlated,0,g2_eps_0p125,g2,0.125,480,1.6699620938984179,614288,
balanced_correlated,0,g2_eps_0p125,g2,0.125,600,1.6699620938984179,762936,
balanced_correlated,0,g2_eps_0p125,g2,0.125,720,1.6699620938984179,911584,
balanced_correlated,0,g2_eps_0p125,g2,0.125,840,1.6699620938984179,1060232,
balanced_correlated,0,g2_eps_0p125,g2,0.125,960,1.6699620938984179,1208880,
balanced_correlated,0,g2_eps_0p125,g2,0.125,1080,1.6699620938984179,1357528,
balanced_correlated,0,g2_eps_0p125,g2,0.125,1200,1.6699620938984179,1506176,
balanced_correlated,0,g2_eps_0p125,g2,0.125,1320,1.6699620938984179,1654824,
balanced_correlated,0,g2_eps_0p125,g2,0.125,1440,1.6699620938984179,1803472,
balanced_correlated,0,g2_eps_0p125,g2,0.125,1560,1.6699620938984179,1952120,
balanced_correlated,0,g2_eps_0p125,g2,0.125,1680,1.6699620938984179,2100768,
balanced_correlated,0,g2_eps_0p125,g2,0.125,1800,1.6699620938984179,2249416,
balanced_correlated,0,g2_eps_0p125,g2,0.125,1920,1.6699620938984179,2398064,
balanced_correlated,0,g2_eps_0p125,g2,0.125,2040,1.6699620938984179,2546712,
balanced_correlated,0,g2_eps_0p125,g2,0.125,2160,1.6699620938984179,2695360,
balanced_correlated,0,g2_eps_0p125,g2,0.125,2280,1.6699620938984179,2844008,
balanced_correlated,0,g2_eps_0p125,g2,0.125,2400,1.6699620938984179,2992656,
balanced_correlated,1,g2_eps_0p125,g2,0.125,0,15.05584543937602,19696,
balanced_correlated,1,g2_eps_0p125,g2,0.125,120,2.9851994861655236,168344,
balanced_correlated,1,g2_eps_0p125,g2,0.125,240,2.9851994861655236,316992,
balanced_correlated,1,g2_eps_0p125,g2,0.125,360,2.9851994861655236,465640,
balanced_correlated,1,g2_eps_0p125,g2,0.125,480,2.9851994861655236,614288,
balanced_correlated,1,g2_eps_0p125,g2,0.125,600,2.9851994861655236,762936,
balanced_correlated,1,g2_eps_0p125,g2,0.125,720,2.9851994861655236,911584,
balanced_correlated,1,g2_eps_0p125,g2,0.125,840,2.9851994861655236,1060232,
balanced_correlated,1,g2_eps_0p125,g2,0.125,960,2.9851994861655236,1208880,
balanced_correlated,1,g2_eps_0p125,g2,0.125,1080,2.9851994861655236,1357528,
balanced_correlated,1,g2_eps_0p125,g2,0.125,1200,2.9851994861655236,1506176,
balanced_correlated,1,g2_eps_0p125,g2,0.125,1320,2.9851994861655236,1654824,
balanced_correlated,1,g2_eps_0p125,g2,0.125,1440,2.9851994861655236,1803472,
balanced_correlated,1,g2_eps_0p125,g2,0.125,1560,2.9851994861655236,1952120,
balanced_correlated,1,g2_eps_0p125,g2,0.125,1680,2.9851994861655236,2100768,
balanced_correlated,1,g2_eps_0p125,g2,0.125,1800,2.9851994861655236,2249416,
balanced_correlated,1,g2_eps_0p125,g2,0.125,1920,2.9851994861655236,2398064,
balanced_correlated,1,g2_eps_0p125,g2,0.125,2040,2.9851994861655236,2546712,
balanced_correlated,1,g2_eps_0p125,g2,0.125,2160,2.9851994861655236,2695360,
balanced_correlated,1,g2_eps_0p125,g2,0.125,2280,2.9851994861655236,2844008,
balanced_correlated,1,g2_eps_0p125,g2,0.125,2400,2.9851994861655236,2992656,
balanced_correlated,2,g2_eps_0p125,g2,0.125,0,11.735613424707285,19696,
balanced_correlated,2,g2_eps_0p125,g2,0.125,120,2.0614211744227076,168344,
balanced_correlated,2,g2_eps_0p125,g2,0.125,240,2.0614211744227067,316992,
balanced_correlated,2,g2_eps_0p125,g2,0.125,360,2.061418901933439,465640,
balanced_correlated,2,g2_eps_0p125,g2,0.125,480,2.061418901933439,614288,
balanced_correlated,2,g2_eps_0p125,g2,0.125,600,2.034690598646015,762936,
balanced_correlated,2,g2_eps_0p125,g2,0.125,720,2.034690598646015,911584,
balanced_correlated,2,g2_eps_0p125,g2,0.125,840,2.034690598646015,1060232,
balanced_correlated,2,g2_eps_0p125,g2,0.125,960,2.034690598646015,1208880,
balanced_correlated,2,g2_eps_0p125,g2,0.125,1080,2.034690598646015,1357528,
balanced_correlated,2,g2_eps_0p125,g2,0.125,1200,2.034690598646015,1506176,
balanced_correlated,2,g2_eps_0p125,g2,0.125,1320,2.034690598646015,1654824,
balanced_correlated,2,g2_eps_0p125,g2,0.125,1440,2.034690598646015,1803472,
balanced_correlated,2,g2_eps_0p125,g2,0.125,1560,2.034690598646015,1952120,
balanced_correlated,2,g2_eps_0p125,g2,0.125,1680,2.034690598646015,2100768,
balanced_correlated,2,g2_eps_0p125,g2,0.125,1800,2.034690598646015,2249416,
balanced_correlated,2,g2_eps_0p125,g2,0.125,1920,2.034690598646015,2398064,
balanced_correlated,2,g2_eps_0p125,g2,0.125,2040,2.034690598646015,2546712,
balanced_correlated,2,g2_eps_0p125,g2,0.125,2160,2.034690598646015,2695360,
balanced_correlated,2,g2_eps_0p125,g2,0.125,2280,2.034690598646015,2844008,
balanced_correlated,2,g2_eps_0p125,g2,0.125,2400,2.034690598646015,2992656,
balanced_correlated,3,g2_eps_0p125,g2,0.125,0,29.221827480240147,19696,
balanced_correlated,3,g2_eps_0p125,g2,0.125,120,4.5324795534485425,168344,
balanced_correlated,3,g2_eps_0p125,g2,0.125,240,4.532479553448537,316992,
balanced_correlated,3,g2_eps_0p125,g2,0.125,360,4.307653941425462,465640,
balanced_correlated,3,g2_eps_0p125,g2,0.125,480,4.307653941425462,614288,
balanced_correlated,3,g2_eps_0p125,g2,0.125,600,4.307653941425462,762936,
balanced_correlated,3,g2_eps_0p125,g2,0.125,720,4.307653941425462,911584,
balanced_correlated,3,g2_eps_0p125,g2,0.125,840,4.307653941425462,1060232,
balanced_correlated,3,g2_eps_0p125,g2,0.125,960,4.307653941425462,1208880,
balanced_correlated,3,g2_eps_0p125,g2,0.125,1080,4.307653941425462,1357528,
balanced_correlated,3,g2_eps_0p125,g2,0.125,1200,4.307653941425462,1506176,
balanced_correlated,3,g2_eps_0p125,g2,0.125,1320,4.307653941425462,1654824,
balanced_correlated,3,g2_eps_0p125,g2,0.125,1440,4.307653941425462,1803472,
balanced_correlated,3,g2_eps_0p125,g2,0.125,1560,4.307653941425462,1952120,
balanced_correlated,3,g2_eps_0p125,g2,0.125,1680,4.307653941425462,2100768,
balanced_correlated,3,g2_eps_0p125,g2,0.125,1800,4.307653941425462,2249416,
balanced_correlated,3,g2_eps_0p125,g2,0.125,1920,4.307653941425462,2398064,
balanced_correlated,3,g2_eps_0p125,g2,0.125,2040,4.307653941425462,2546712,
balanced_correlated,3,g2_eps_0p125,g2,0.125,2160,4.307653941425462,2695360,
balanced_correlated,3,g2_eps_0p125,g2,0.125,2280,4.307653941425462,2844008,
balanced_correlated,3,g2_eps_0p125,g2,0.125,2400,4.307653941425462,2992656,
balanced_correlated,4,g2_eps_0p125,g2,0.125,0,17.902193031036283,19696,
balanced_correlated,4,g2_eps_0p125,g2,0.125,120,2.4937427677529747,168344,
balanced_correlated,4,g2_eps_0p125,g2,0.125,240,2.4937427677529747,316992,
balanced_correlated,4,g2_eps_0p125,g2,0.125,360,2.4937427677529747,465640,
balanced_correlated,4,g2_eps_0p125,g2,0.125,480,2.4937427677529747,614288,
balanced_correlated,4,g2_eps_0p125,g2,0.125,600,2.4937427677529747,762936,
balanced_correlated,4,g2_eps_0p125,g2,0.125,720,2.4937427677529747,911584,
balanced_correlated,4,g2_eps_0p125,g2,0.125,840,2.4937427677529747,1060232,
balanced_correlated,4,g2_eps_0p125,g2,0.125,960,2.4937427677529747,1208880,
balanced_correlated,4,g2_eps_0p125,g2,0.125,1080,2.4937427677529747,1357528,
balanced_correlated,4,g2_eps_0p125,g2,0.125,1200,2.4937427677529747,1506176,
balanced_correlated,4,g2_eps_0p125,g2,0.125,1320,2.4937427677529747,1654824,
balanced_correlated,4,g2_eps_0p125,g2,0.125,1440,2.4937427677529747,1803472,
balanced_correlated,4,g2_eps_0p125,g2,0.125,1560,2.4937427677529747,1952120,
balanced_correlated,4,g2_eps_0p125,g2,0.125,1680,2.4937427677529747,2100768,
balanced_correlated,4,g2_eps_0p125,g2,0.125,1800,2.4937427677529747,2249416,
balanced_correlated,4,g2_eps_0p125,g2,0.125,1920,2.4937427677529747,2398064,
balanced_correlated,4,g2_eps_0p125,g2,0.125,2040,2.4937427677529747,2546712,
balanced_correlated,4,g2_eps_0p125,g2,0.125,2160,2.4937427677529747,2695360,
balanced_correlated,4,g2_eps_0p125,g2,0.125,2280,2.4937427677529747,2844008,
balanced_correlated,4,g2_eps_0p125,g2,0.125,2400,2.4937427677529747,2992656,
balanced_correlated,5,g2_eps_0p125,g2,0.125,0,6.382958766796747,19696,
balanced_correlated,5,g2_eps_0p125,g2,0.125,120,1.3083492574934708,168344,
balanced_correlated,5,g2_eps_0p125,g2,0.125,240,1.308349257493468,316992,
balanced_correlated,5,g2_eps_0p125,g2,0.125,360,1.3076208979860406,465640,
balanced_correlated,5,g2_eps_0p125,g2,0.125,480,1.3076208979860406,614288,
balanced_correlated,5,g2_eps_0p125,g2,0.125,600,1.3076208979860406,762936,
balanced_correlated,5,g2_eps_0p125,g2,0.125,720,1.3076208979860406,911584,
balanced_correlated,5,g2_eps_0p125,g2,0.125,840,1.3076208979860406,1060232,
balanced_correlated,5,g2_eps_0p125,g2,0.125,960,1.3076208979860406,1208880,
balanced_correlated,5,g2_eps_0p125,g2,0.125,1080,1.3076208979860406,1357528,
balanced_correlated,5,g2_eps_0p125,g2,0.125,1200,1.3076208979860406,1506176,
balanced_correlated,5,g2_eps_0p125,g2,0.125,1320,1.3076208979860406,1654824,
balanced_correlated,5,g2_eps_0p125,g2,0.125,1440,1.3076208979860406,1803472,
balanced_correlated,5,g2_eps_0p125,g2,0.125,1560,1.3076208979860406,1952120,
balanced_correlated,5,g2_eps_0p125,g2,0.125,1680,1.3076208979860406,2100768,
balanced_correlated,5,g2_eps_0p125,g2,0.125,1800,1.3076208979860406,2249416,
balanced_correlated,5,g2_eps_0p125,g2,0.125,1920,1.3076208979860406,2398064,
balanced_correlated,5,g2_eps_0p125,g2,0.125,2040,1.3076208979860406,2546712,
balanced_correlated,5,g2_eps_0p125,g2,0.125,2160,1.3076208979860406,2695360,
balanced_correlated,5,g2_eps_0p125,g2,0.125,2280,1.3076208979860406,2844008,
balanced_correlated,5,g2_eps_0p125,g2,0.125,2400,1.3076208979860406,2992656,
balanced_correlated,6,g2_eps_0p125,g2,0.125,0,19.262745789713527,19696,
balanced_correlated,6,g2_eps_0p125,g2,0.125,120,3.4240428390281847,168344,
balanced_correlated,6,g2_eps_0p125,g2,0.125,240,3.424042839028184,316992,
balanced_correlated,6,g2_eps_0p125,g2,0.125,360,3.424042839028184,465640,
balanced_correlated,6,g2_eps_0p125,g2,0.125,480,3.424042839028184,614288,
balanced_correlated,6,g2_eps_0p125,g2,0.125,600,3.424042839028184,762936,
balanced_correlated,6,g2_eps_0p125,g2,0.125,720,3.424042839028184,911584,
balanced_correlated,6,g2_eps_0p125,g2,0.125,840,3.424042839028184,1060232,
balanced_correlated,6,g2_eps_0p125,g2,0.125,960,3.424042839028184,1208880,
balanced_correlated,6,g2_eps_0p125,g2,0.125,1080,3.424042839028184,1357528,
balanced_correlated,6,g2_eps_0p125,g2,0.125,1200,3.424042839028184,1506176,
balanced_correlated,6,g2_eps_0p125,g2,0.125,1320,3.424042839028184,1654824,
balanced_correlated,6,g2_eps_0p125,g2,0.125,1440,3.424042839028184,1803472,
balanced_correlated,6,g2_eps_0p125,g2,0.125,1560,3.424042839028184,1952120,
balanced_correlated,6,g2_eps_0p125,g2,0.125,1680,3.424042839028184,2100768,
balanced_correlated,6,g2_eps_0p125,g2,0.125,1800,3.424042839028184,2249416,
balanced_correlated,6,g2_eps_0p125,g2,0.125,1920,3.424042839028184,2398064,
balanced_correlated,6,g2_eps_0p125,g2,0.125,2040,3.424042839028184,2546712,
balanced_correlated,6,g2_eps_0p125,g2,0.125,2160,3.424042839028184,2695360,
balanced_correlated,6,g2_eps_0p125,g2,0.125,2280,3.424042839028184,2844008,
balanced_correlated,6,g2_eps_0p125,g2,0.125,2400,3.424042839028184,2992656,
balanced_correlated,7,g2_eps_0p125,g2,0.125,0,4.634799138086766,19696,
balanced_correlated,7,g2_eps_0p125,g2,0.125,120,1.2356990820558886,168344,
balanced_correlated,7,g2_eps_0p125,g2,0.125,240,1.2356990820558886,316992,
balanced_correlated,7,g2_eps_0p125,g2,0.125,360,1.1713989890901644,465640,
balanced_correlated,7,g2_eps_0p125,g2,0.125,480,1.1713989890901644,614288,
balanced_correlated,7,g2_eps_0p125,g2,0.125,600,1.1713989890901644,762936,
balanced_correlated,7,g2_eps_0p125,g2,0.125,720,1.1713989890901644,911584,
balanced_correlated,7,g2_eps_0p125,g2,0.125,840,1.1713989890901644,1060232,
balanced_correlated,7,g2_eps_0p125,g2,0.125,960,1.1713989890901644,1208880,
balanced_correlated,7,g2_eps_0p125,g2,0.125,1080,1.1713989890901644,1357528,
balanced_correlated,7,g2_eps_0p125,g2,0.125,1200,1.1713989890901644,1506176,
balanced_correlated,7,g2_eps_0p125,g2,0.125,1320,1.1713989890901644,1654824,
balanced_correlated,7,g2_eps_0p125,g2,0.125,1440,1.1713989890901644,1803472,
balanced_correlated,7,g2_eps_0p125,g2,0.125,1560,1.1713989890901644,1952120,
balanced_correlated,7,g2_eps_0p125,g2,0.125,1680,1.1713989890901644,2100768,
balanced_correlated,7,g2_eps_0p125,g2,0.125,1800,1.1713989890901644,2249416,
balanced_correlated,7,g2_eps_0p125,g2,0.125,1920,1.1713989890901644,2398064,
balanced_correlated,7,g2_eps_0p125,g2,0.125,2040,1.1713989890901644,2546712,
balanced_correlated,7,g2_eps_0p125,g2,0.125,2160,1.1713989890901644,2695360,
balanced_correlated,7,g2_eps_0p125,g2,0.125,2280,1.169073127727882,2844008,
balanced_correlated,7,g2_eps_0p125,g2,0.125,2400,1.1690731277278816,2992656,
balanced_correlated,8,g2_eps_0p125,g2,0.125,0,18.59871817696344,19696,
balanced_correlated,8,g2_eps_0p125,g2,0.125,120,2.962801824563987,168344,
balanced_correlated,8,g2_eps_0p125,g2,0.125,240,2.962801824563987,316992,
balanced_correlated,8,g2_eps_0p125,g2,0.125,360,2.2303922585093106,465640,
balanced_correlated,8,g2_eps_0p125,g2,0.125,480,2.2303922585028375,614288,
balanced_correlated,8,g2_eps_0p125,g2,0.125,600,1.8618833527862582,762936,
balanced_correlated,8,g2_eps_0p125,g2,0.125,720,1.8618833527862582,911584,
balanced_correlated,8,g2_eps_0p125,g2,0.125,840,1.8618833527862582,1060232,
balanced_correlated,8,g2_eps_0p125,g2,0.125,960,1.8618833527862582,1208880,
balanced_correlated,8,g2_eps_0p125,g2,0.125,1080,1.8618833527862582,1357528,
balanced_correlated,8,g2_eps_0p125,g2,0.125,1200,1.8618833527862582,1506176,
balanced_correlated,8,g2_eps_0p125,g2,0.125,1320,1.8618833527862582,1654824,
balanced_correlated,8,g2_eps_0p125,g2,0.125,1440,1.8618833527862582,1803472,
balanced_correlated,8,g2_eps_0p125,g2,0.125,1560,1.8107540384972984,1952120,
balanced_correlated,8,g2_eps_0p125,g2,0.125,1680,1.8107540384972984,2100768,
balanced_correlated,8,g2_eps_0p125,g2,0.125,1800,1.8107540384972984,2249416,
balanced_correlated,8,g2_eps_0p125,g2,0.125,1920,1.8107540384972984,2398064,
balanced_correlated,8,g2_eps_0p125,g2,0.125,2040,1.8107540384972984,2546712,
balanced_correlated,8,g2_eps_0p125,g2,0.125,2160,1.8107540384972984,2695360,
balanced_correlated,8,g2_eps_0p125,g2,0.125,2280,1.8107540384972984,2844008,
balanced_correlated,8,g2_eps_0p125,g2,0.125,2400,1.8107540384972984,2992656,
balanced_correlated,9,g2_eps_0p125,g2,0.125,0,11.10218154950501,19696,
balanced_correlated,9,g2_eps_0p125,g2,0.125,120,1.6581742166465063,168344,
balanced_correlated,9,g2_eps_0p125,g2,0.125,240,1.4177654276209233,316992,
balanced_correlated,9,g2_eps_0p125,g2,0.125,360,1.4177654276209224,465640,
balanced_correlated,9,g2_eps_0p125,g2,0.125,480,1.395686490730204,614288,
balanced_correlated,9,g2_eps_0p125,g2,0.125,600,1.3956864906512694,762936,
balanced_correlated,9,g2_eps_0p125,g2,0.125,720,1.3956864906512694,911584,
balanced_correlated,9,g2_eps_0p125,g2,0.125,840,1.3956864906512694,1060232,
balanced_correlated,9,g2_eps_0p125,g2,0.125,960,1.3956864906512694,1208880,
balanced_correlated,9,g2_eps_0p125,g2,0.125,1080,1.3956864906512694,1357528,
balanced_correlated,9,g2_eps_0p125,g2,0.125,1200,1.3956864906512694,1506176,
balanced_correlated,9,g2_eps_0p125,g2,0.125,1320,1.3956864906512694,1654824,
balanced_correlated,9,g2_eps_0p125,g2,0.125,1440,1.3956864906512694,1803472,
balanced_correlated,9,g2_eps_0p125,g2,0.125,1560,1.3956864906512694,1952120,
balanced_correlated,9,g2_eps_0p125,g2,0.125,1680,1.3956864906512694,2100768,
balanced_correlated,9,g2_eps_0p125,g2,0.125,1800,1.3956864906512694,2249416,
balanced_correlated,9,g2_eps_0p125,g2,0.125,1920,1.3956864906512694,2398064,
balanced_correlated,9,g2_eps_0p125,g2,0.125,2040,1.3956864906512694,2546712,
balanced_correlated,9,g2_eps_0p125,g2,0.125,2160,1.3956864906512694,2695360,
balanced_correlated,9,g2_eps_0p125,g2,0.125,2280,1.3956864906512694,2844008,
balanced_correlated,9,g2_eps_0p125,g2,0.125,2400,1.3689658754390468,2992656,
balanced_correlated,10,g2_eps_0p125,g2,0.125,0,6.569771966741186,19696,
balanced_correlated,10,g2_eps_0p125,g2,0.125,120,1.3131147506043184,168344,
balanced_correlated,10,g2_eps_0p125,g2,0.125,240,1.3131147506043184,316992,
balanced_correlated,10,g2_eps_0p125,g2,0.125,360,1.3007218164534273,465640,
balanced_correlated,10,g2_eps_0p125,g2,0.125,480,1.3007218164534273,614288,
balanced_correlated,10,g2_eps_0p125,g2,0.125,600,1.3007218164534273,762936,
balanced_correlated,10,g2_eps_0p125,g2,0.125,720,1.3007218164534273,911584,
balanced_correlated,10,g2_eps_0p125,g2,0.125,840,1.3007218164534273,1060232,
balanced_correlated,10,g2_eps_0p125,g2,0.125,960,1.3007218164534273,1208880,
balanced_correlated,10,g2_eps_0p125,g2,0.125,1080,1.3007218164534273,1357528,
balanced_correlated,10,g2_eps_0p125,g2,0.125,1200,1.3007218164534273,1506176,
balanced_correlated,10,g2_eps_0p125,g2,0.125,1320,1.3007218164534278,1654824,
balanced_correlated,10,g2_eps_0p125,g2,0.125,1440,1.3007218164534278,1803472,
balanced_correlated,10,g2_eps_0p125,g2,0.125,1560,1.3007218164534278,1952120,
balanced_correlated,10,g2_eps_0p125,g2,0.125,1680,1.3007218164534273,2100768,
balanced_correlated,10,g2_eps_0p125,g2,0.125,1800,1.3007218164534273,2249416,
balanced_correlated,10,g2_eps_0p125,g2,0.125,1920,1.3007218164534273,2398064,
balanced_correlated,10,g2_eps_0p125,g2,0.125,2040,1.3007218164534273,2546712,
balanced_correlated,10,g2_eps_0p125,g2,0.125,2160,1.3007218164534273,2695360,
balanced_correlated,10,g2_eps_0p125,g2,0.125,2280,1.3007218164534273,2844008,
balanced_correlated,10,g2_eps_0p125,g2,0.125,2400,1.3007218164534273,2992656,
balanced_correlated,11,g2_eps_0p125,g2,0.125,0,12.83120374198054,19696,
balanced_correlated,11,g2_eps_0p125,g2,0.125,120,2.0883709438148226,168344,
balanced_correlated,11,g2_eps_0p125,g2,0.125,240,2.0883709438148226,316992,
balanced_correlated,11,g2_eps_0p125,g2,0.125,360,2.0883709438148226,465640,
balanced_correlated,11,g2_eps_0p125,g2,0.125,480,2.0883709438148226,614288,
balanced_correlated,11,g2_eps_0p125,g2,0.125,600,2.0883709438148226,762936,
balanced_correlated,11,g2_eps_0p125,g2,0.125,720,2.0883709438148226,911584,
balanced_correlated,11,g2_eps_0p125,g2,0.125,840,2.0883709438148226,1060232,
balanced_correlated,11,g2_eps_0p125,g2,0.125,960,2.0883709438148226,1208880,
balanced_correlated,11,g2_eps_0p125,g2,0.125,1080,2.0883709438148226,1357528,
balanced_correlated,11,g2_eps_0p125,g2,0.125,1200,2.0883709438148226,1506176,
balanced_correlated,11,g2_eps_0p125,g2,0.125,1320,2.0883709438148226,1654824,
balanced_correlated,11,g2_eps_0p125,g2,0.125,1440,2.0883709438148226,1803472,
balanced_correlated,11,g2_eps_0p125,g2,0.125,1560,2.0883709438148226,1952120,
balanced_correlated,11,g2_eps_0p125,g2,0.125,1680,2.0883709438148226,2100768,
balanced_correlated,11,g2_eps_0p125,g2,0.125,1800,2.0883709438148226,2249416,
balanced_correlated,11,g2_eps_0p125,g2,0.125,1920,2.0883709438148226,2398064,
balanced_correlated,11,g2_eps_0p125,g2,0.125,2040,2.0883709438148226,2546712,
balanced_correlated,11,g2_eps_0p125,g2,0.125,2160,2.0883709438148226,2695360,
balanced_correlated,11,g2_eps_0p125,g2,0.125,2280,2.0883709438148226,2844008,
balanced_correlated,11,g2_eps_0p125,g2,0.125,2400,2.0883709438148226,2992656,
balanced_correlated,0,g1_exact,g1,0.0,0,11.39733272727027,19696,941296
balanced_correlated,0,g1_exact,g1,0.0,120,0.09398811506129867,168344,1089944
balanced_correlated,0,g1_exact,g1,0.0,240,0.0140016748056353,316992,1238592
balanced_correlated,0,g1_exact,g1,0.0,360,0.0023604827560861352,465640,1387240
balanced_correlated,0,g1_exact,g1,0.0,480,0.0004277687635214633,614288,1535888
balanced_correlated,0,g1_exact,g1,0.0,600,8.643643136752033e-05,762936,1684536
balanced_correlated,0,g1_exact,g1,0.0,720,1.733568686113074e-05,911584,1833184
balanced_correlated,0,g1_exact,g1,0.0,840,3.528306744104981e-06,1060232,1981832
balanced_correlated,0,g1_exact,g1,0.0,960,7.522767040413214e-07,1208880,2130480
balanced_correlated,0,g1_exact,g1,0.0,1080,1.4256775404675182e-07,1357528,2279128
balanced_correlated,0,g1_exact,g1,0.0,1200,2.969635559679773e-08,1506176,2427776
balanced_correlated,0,g1_exact,g1,0.0,1320,6.035692834416295e-09,1654824,2576424
balanced_correlated,0,g1_exact,g1,0.0,1440,1.2071983412909049e-09,1803472,2725072
balanced_correlated,0,g1_exact,g1,0.0,1560,2.5870727782262293e-10,1952120,2873720
balanced_correlated,0,g1_exact,g1,0.0,1680,5.3081983253377985e-11,2100768,3022368
balanced_correlated,0,g1_exact,g1,0.0,1800,1.0395240224170266e-11,2249416,3171016
balanced_correlated,0,g1_exact,g1,0.0,1920,2.099209694961246e-12,2398064,3319664
balanced_correlated,0,g1_exact,g1,0.0,2040,4.2366110619695974e-13,2546712,3468312
balanced_correlated,0,g1_exact,g1,0.0,2160,8.615330671091215e-14,2695360,3616960
balanced_correlated,0,g1_exact,g1,0.0,2280,1.8207657603852567e-14,2844008,3765608
balanced_correlated,0,g1_exact,g1,0.0,2400,4.440892098500626e-15,2992656,3914256
balanced_correlated,1,g1_exact,g1,0.0,0,15.05584543937602,19696,941296
balanced_correlated,1,g1_exact,g1,0.0,120,0.05222049353554592,168344,1089944
balanced_correlated,1,g1_exact,g1,0.0,240,0.0058792613352007805,316992,1238592
balanced_correlated,1,g1_exact,g1,0.0,360,0.0008278694104020268,465640,1387240
balanced_correlated,1,g1_exact,g1,0.0,480,0.0001346325514610669,614288,1535888
balanced_correlated,1,g1_exact,g1,0.0,600,2.459774662888492e-05,762936,1684536
balanced_correlated,1,g1_exact,g1,0.0,720,4.992315315810458e-06,911584,1833184
balanced_correlated,1,g1_exact,g1,0.0,840,1.0479771646032532e-06,1060232,1981832
balanced_correlated,1,g1_exact,g1,0.0,960,2.190499563958781e-07,1208880,2130480
balanced_correlated,1,g1_exact,g1,0.0,1080,4.5284990424221405e-08,1357528,2279128
balanced_correlated,1,g1_exact,g1,0.0,1200,9.595911620863262e-09,1506176,2427776
balanced_correlated,1,g1_exact,g1,0.0,1320,1.9949926155504727e-09,1654824,2576424
balanced_correlated,1,g1_exact,g1,0.0,1440,4.301683453888927e-10,1803472,2725072
balanced_correlated,1,g1_exact,g1,0.0,1560,9.027223413227148e-11,1952120,2873720
balanced_correlated,1,g1_exact,g1,0.0,1680,1.9169110743177953e-11,2100768,3022368
balanced_correlated,1,g1_exact,g1,0.0,1800,4.077627124843275e-12,2249416,3171016
balanced_correlated,1,g1_exact,g1,0.0,1920,8.815170815523743e-13,2398064,3319664
balanced_correlated,1,g1_exact,g1,0.0,2040,1.8696155734687636e-13,2546712,3468312
balanced_correlated,1,g1_exact,g1,0.0,2160,3.774758283725532e-14,2695360,3616960
balanced_correlated,1,g1_exact,g1,0.0,2280,7.105427357601002e-15,2844008,3765608
balanced_correlated,1,g1_exact,g1,0.0,2400,4.440892098500626e-16,2992656,3914256
balanced_correlated,2,g1_exact,g1,0.0,0,11.735613424707285,19696,941296
balanced_correlated,2,g1_exact,g1,0.0,120,0.08252862988881571,168344,1089944
balanced_correlated,2,g1_exact,g1,0.0,240,0.007908896377276875,316992,1238592
balanced_correlated,2,g1_exact,g1,0.0,360,0.0009988461560661577,465640,1387240
balanced_correlated,2,g1_exact,g1,0.0,480,0.00013218063645892286,614288,1535888
balanced_correlated,2,g1_exact,g1,0.0,600,2.1232568111262395e-05,762936,1684536
balanced_correlated,2,g1_exact,g1,0.0,720,3.974267795303632e-06,911584,1833184
balanced_correlated,2,g1_exact,g1,0.0,840,7.377910744565952e-07,1060232,1981832
balanced_correlated,2,g1_exact,g1,0.0,960,1.5131004404977944e-07,1208880,2130480
balanced_correlated,2,g1_exact,g1,0.0,1080,3.3031982038522756e-08,1357528,2279128
balanced_correlated,2,g1_exact,g1,0.0,1200,6.5038894270230685e-09,1506176,2427776
balanced_correlated,2,g1_exact,g1,0.0,1320,1.3555934152975624e-09,1654824,2576424
balanced_correlated,2,g1_exact,g1,0.0,1440,2.9173286009154253e-10,1803472,2725072
balanced_correlated,2,g1_exact,g1,0.0,1560,5.988010087776274e-11,1952120,2873720
balanced_correlated,2,g1_exact,g1,0.0,1680,1.2186696096705418e-11,2100768,3022368
balanced_correlated,2,g1_exact,g1,0.0,1800,2.55440113505756e-12,2249416,3171016
balanced_correlated,2,g1_exact,g1,0.0,1920,5.253575352526241e-13,2398064,3319664
balanced_correlated,2,g1_exact,g1,0.0,2040,1.1146639167236572e-13,2546712,3468312
balanced_correlated,2,g1_exact,g1,0.0,2160,2.353672812205332e-14,2695360,3616960
balanced_correlated,2,g1_exact,g1,0.0,2280,5.329070518200751e-15,2844008,3765608
balanced_correlated,2,g1_exact,g1,0.0,2400,1.3322676295501878e-15,2992656,3914256
balanced_correlated,3,g1_exact,g1,0.0,0,29.221827480240147,19696,941296
balanced_correlated,3,g1_exact,g1,0.0,120,0.20211856910298964,168344,1089944
balanced_correlated,3,g1_exact,g1,0.0,240,0.02489118850364669,316992,1238592
balanced_correlated,3,g1_exact,g1,0.0,360,0.003326022575544041,465640,1387240
balanced_correlated,3,g1_exact,g1,0.0,480,0.0005486617360315194,614288,1535888
balanced_correlated,3,g1_exact,g1,0.0,600,0.00010214435072875006,762936,1684536
balanced_correlated,3,g1_exact,g1,0.0,720,2.051832449012636e-05,911584,1833184
balanced_correlated,3,g1_exact,g1,0.0,840,4.3433620580124455e-06,1060232,1981832
balanced_correlated,3,g1_exact,g1,0.0,960,9.648936458717117e-07,1208880,2130480
balanced_correlated,3,g1_exact,g1,0.0,1080,2.0111416265677917e-07,1357528,2279128
balanced_correlated,3,g1_exact,g1,0.0,1200,4.2864021221333815e-08,1506176,2427776
balanced_correlated,3,g1_exact,g1,0.0,1320,9.092691044543244e-09,1654824,2576424
balanced_correlated,3,g1_exact,g1,0.0,1440,2.0189565574924018e-09,1803472,2725072
balanced_correlated,3,g1_exact,g1,0.0,1560,4.218136950839835e-10,1952120,2873720
balanced_correlated,3,g1_exact,g1,0.0,1680,9.47060208034145e-11,2100768,3022368
balanced_correlated,3,g1_exact,g1,0.0,1800,1.9742874002304234e-11,2249416,3171016
balanced_correlated,3,g1_exact,g1,0.0,1920,4.296119016089506e-12,2398064,3319664
balanced_correlated,3,g1_exact,g1,0.0,2040,9.312550730555813e-13,2546712,3468312
balanced_correlated,3,g1_exact,g1,0.0,2160,2.0250467969162855e-13,2695360,3616960
balanced_correlated,3,g1_exact,g1,0.0,2280,4.440892098500626e-14,2844008,3765608
balanced_correlated,3,g1_exact,g1,0.0,2400,9.325873406851315e-15,2992656,3914256
balanced_correlated,4,g1_exact,g1,0.0,0,17.902193031036283,19696,941296
balanced_correlated,4,g1_exact,g1,0.0,120,0.11248960131203845,168344,1089944
balanced_correlated,4,g1_exact,g1,0.0,240,0.014952705432464963,316992,1238592
balanced_correlated,4,g1_exact,g1,0.0,360,0.00223211382813826,465640,1387240
balanced_correlated,4,g1_exact,g1,0.0,480,0.00033741932750253056,614288,1535888
balanced_correlated,4,g1_exact,g1,0.0,600,5.043113085534401e-05,762936,1684536
balanced_correlated,4,g1_exact,g1,0.0,720,8.533941318500382e-06,911584,1833184
balanced_correlated,4,g1_exact,g1,0.0,840,1.504173764654837e-06,1060232,1981832
balanced_correlated,4,g1_exact,g1,0.0,960,2.5775325873667043e-07,1208880,2130480
balanced_correlated,4,g1_exact,g1,0.0,1080,4.4574714141987215e-08,1357528,2279128
balanced_correlated,4,g1_exact,g1,0.0,1200,7.74074715437223e-09,1506176,2427776
balanced_correlated,4,g1_exact,g1,0.0,1320,1.4351795307732118e-09,1654824,2576424
balanced_correlated,4,g1_exact,g1,0.0,1440,2.7929258905601273e-10,1803472,2725072
balanced_correlated,4,g1_exact,g1,0.0,1560,5.128031332901628e-11,1952120,2873720
balanced_correlated,4,g1_exact,g1,0.0,1680,1.0054623800215268e-11,2100768,3022368
balanced_correlated,4,g1_exact,g1,0.0,1800,1.8323120798413584e-12,2249416,3171016
balanced_correlated,4,g1_exact,g1,0.0,1920,3.5571545708990016e-13,2398064,3319664
balanced_correlated,4,g1_exact,g1,0.0,2040,6.705747068735946e-14,2546712,3468312
balanced_correlated,4,g1_exact,g1,0.0,2160,1.199040866595169e-14,2695360,3616960
balanced_correlated,4,g1_exact,g1,0.0,2280,1.7763568394002505e-15,2844008,3765608
balanced_correlated,4,g1_exact,g1,0.0,2400,0.0,2992656,3914256
balanced_correlated,5,g1_exact,g1,0.0,0,6.382958766796747,19696,941296
balanced_correlated,5,g1_exact,g1,0.0,120,0.06630954546277978,168344,1089944
balanced_correlated,5,g1_exact,g1,0.0,240,0.008384486294754634,316992,1238592
balanced_correlated,5,g1_exact,g1,0.0,360,0.0012402420343904375,465640,1387240
balanced_correlated,5,g1_exact,g1,0.0,480,0.0002036089925190332,614288,1535888
balanced_correlated,5,g1_exact,g1,0.0,600,3.4898076413103496e-05,762936,1684536
balanced_correlated,5,g1_exact,g1,0.0,720,6.465696948065869e-06,911584,1833184
balanced_correlated,5,g1_exact,g1,0.0,840,1.147561588865642e-06,1060232,1981832
balanced_correlated,5,g1_exact,g1,0.0,960,2.0550321000456506e-07,1208880,2130480
balanced_correlated,5,g1_exact,g1,0.0,1080,3.7642667649606665e-08,1357528,2279128
balanced_correlated,5,g1_exact,g1,0.0,1200,6.780495720448698e-09,1506176,2427776
balanced_correlated,5,g1_exact,g1,0.0,1320,1.2234662172261324e-09,1654824,2576424
balanced_correlated,5,g1_exact,g1,0.0,1440,2.2379786912551936e-10,1803472,2725072
balanced_correlated,5,g1_exact,g1,0.0,1560,3.9828584874612716e-11,1952120,2873720
balanced_correlated,5,g1_exact,g1,0.0,1680,7.267075829986425e-12,2100768,3022368
balanced_correlated,5,g1_exact,g1,0.0,1800,1.319389042464536e-12,2249416,3171016
balanced_correlated,5,g1_exact,g1,0.0,1920,2.384759056894836e-13,2398064,3319664
balanced_correlated,5,g1_exact,g1,0.0,2040,4.39648317751562e-14,2546712,3468312
balanced_correlated,5,g1_exact,g1,0.0,2160,7.993605777301127e-15,2695360,3616960
balanced_correlated,5,g1_exact,g1,0.0,2280,1.7763568394002505e-15,2844008,3765608
balanced_correlated,5,g1_exact,g1,0.0,2400,4.440892098500626e-16,2992656,3914256
balanced_correlated,6,g1_exact,g1,0.0,0,19.262745789713527,19696,941296
balanced_correlated,6,g1_exact,g1,0.0,120,0.11955085045516212,168344,1089944
balanced_correlated,6,g1_exact,g1,0.0,240,0.011823601621032687,316992,1238592
balanced_correlated,6,g1_exact,g1,0.0,360,0.0015542695445627253,465640,1387240
balanced_correlated,6,g1_exact,g1,0.0,480,0.00023032648476206674,614288,1535888
balanced_correlated,6,g1_exact,g1,0.0,600,4.0543116606617247e-05,762936,1684536
balanced_correlated,6,g1_exact,g1,0.0,720,7.202447457999028e-06,911584,1833184
balanced_correlated,6,g1_exact,g1,0.0,840,1.281032557809425e-06,1060232,1981832
balanced_correlated,6,g1_exact,g1,0.0,960,2.2507622121636928e-07,1208880,2130480
balanced_correlated,6,g1_exact,g1,0.0,1080,4.00983002357691e-08,1357528,2279128
balanced_correlated,6,g1_exact,g1,0.0,1200,7.105957156028353e-09,1506176,2427776
balanced_correlated,6,g1_exact,g1,0.0,1320,1.2646914626657235e-09,1654824,2576424
balanced_correlated,6,g1_exact,g1,0.0,1440,2.2350477024701831e-10,1803472,2725072
balanced_correlated,6,g1_exact,g1,0.0,1560,3.9408032392884706e-11,1952120,2873720
balanced_correlated,6,g1_exact,g1,0.0,1680,7.008615909853688e-12,2100768,3022368
balanced_correlated,6,g1_exact,g1,0.0,1800,1.2372325386422744e-12,2249416,3171016
balanced_correlated,6,g1_exact,g1,0.0,1920,2.255973186038318e-13,2398064,3319664
balanced_correlated,6,g1_exact,g1,0.0,2040,3.907985046680551e-14,2546712,3468312
balanced_correlated,6,g1_exact,g1,0.0,2160,6.661338147750939e-15,2695360,3616960
balanced_correlated,6,g1_exact,g1,0.0,2280,8.881784197001252e-16,2844008,3765608
balanced_correlated,6,g1_exact,g1,0.0,2400,0.0,2992656,3914256
balanced_correlated,7,g1_exact,g1,0.0,0,4.634799138086766,19696,941296
balanced_correlated,7,g1_exact,g1,0.0,120,0.05295032143324585,168344,1089944
balanced_correlated,7,g1_exact,g1,0.0,240,0.0056743777042904675,316992,1238592
balanced_correlated,7,g1_exact,g1,0.0,360,0.00072025338781323,465640,1387240
balanced_correlated,7,g1_exact,g1,0.0,480,0.00010887594197894757,614288,1535888
balanced_correlated,7,g1_exact,g1,0.0,600,1.9320158318070213e-05,762936,1684536
balanced_correlated,7,g1_exact,g1,0.0,720,3.445477579688827e-06,911584,1833184
balanced_correlated,7,g1_exact,g1,0.0,840,6.059836366034688e-07,1060232,1981832
balanced_correlated,7,g1_exact,g1,0.0,960,1.1124440080223508e-07,1208880,2130480
balanced_correlated,7,g1_exact,g1,0.0,1080,2.1528916871460524e-08,1357528,2279128
balanced_correlated,7,g1_exact,g1,0.0,1200,4.2832830615679995e-09,1506176,2427776
balanced_correlated,7,g1_exact,g1,0.0,1320,8.173879351147662e-10,1654824,2576424
balanced_correlated,7,g1_exact,g1,0.0,1440,1.5554491028524353e-10,1803472,2725072
balanced_correlated,7,g1_exact,g1,0.0,1560,2.9896973785525915e-11,1952120,2873720
balanced_correlated,7,g1_exact,g1,0.0,1680,5.8757443355261785e-12,2100768,3022368
balanced_correlated,7,g1_exact,g1,0.0,1800,1.1262102361797588e-12,2249416,3171016
balanced_correlated,7,g1_exact,g1,0.0,1920,2.1804780203638074e-13,2398064,3319664
balanced_correlated,7,g1_exact,g1,0.0,2040,4.3520742565306136e-14,2546712,3468312
balanced_correlated,7,g1_exact,g1,0.0,2160,8.43769498715119e-15,2695360,3616960
balanced_correlated,7,g1_exact,g1,0.0,2280,2.220446049250313e-15,2844008,3765608
balanced_correlated,7,g1_exact,g1,0.0,2400,8.881784197001252e-16,2992656,3914256
balanced_correlated,8,g1_exact,g1,0.0,0,18.59871817696344,19696,941296
balanced_correlated,8,g1_exact,g1,0.0,120,0.09629265628621075,168344,1089944
balanced_correlated,8,g1_exact,g1,0.0,240,0.009338083792766572,316992,1238592
balanced_correlated,8,g1_exact,g1,0.0,360,0.0012826399909928732,465640,1387240
balanced_correlated,8,g1_exact,g1,0.0,480,0.0002318129376406297,614288,1535888
balanced_correlated,8,g1_exact,g1,0.0,600,4.484465515286473e-05,762936,1684536
balanced_correlated,8,g1_exact,g1,0.0,720,9.140741748847603e-06,911584,1833184
balanced_correlated,8,g1_exact,g1,0.0,840,1.9076269404116886e-06,1060232,1981832
balanced_correlated,8,g1_exact,g1,0.0,960,3.816313678406402e-07,1208880,2130480
balanced_correlated,8,g1_exact,g1,0.0,1080,7.968640236555302e-08,1357528,2279128
balanced_correlated,8,g1_exact,g1,0.0,1200,1.8043082139485023e-08,1506176,2427776
balanced_correlated,8,g1_exact,g1,0.0,1320,3.933397163535801e-09,1654824,2576424
balanced_correlated,8,g1_exact,g1,0.0,1440,9.117173682682278e-10,1803472,2725072
balanced_correlated,8,g1_exact,g1,0.0,1560,2.178195401825178e-10,1952120,2873720
balanced_correlated,8,g1_exact,g1,0.0,1680,5.1183057792059117e-11,2100768,3022368
balanced_correlated,8,g1_exact,g1,0.0,1800,1.2275513938675431e-11,2249416,3171016
balanced_correlated,8,g1_exact,g1,0.0,1920,2.9958258096485224e-12,2398064,3319664
balanced_correlated,8,g1_exact,g1,0.0,2040,7.713829575095588e-13,2546712,3468312
balanced_correlated,8,g1_exact,g1,0.0,2160,1.9806378759312793e-13,2695360,3616960
balanced_correlated,8,g1_exact,g1,0.0,2280,4.796163466380676e-14,2844008,3765608
balanced_correlated,8,g1_exact,g1,0.0,2400,1.199040866595169e-14,2992656,3914256
balanced_correlated,9,g1_exact,g1,0.0,0,11.10218154950501,19696,941296
balanced_correlated,9,g1_exact,g1,0.0,120,0.0937247874301308,168344,1089944
balanced_correlated,9,g1_exact,g1,0.0,240,0.014741922447524924,316992,1238592
balanced_correlated,9,g1_exact,g1,0.0,360,0.00236674846518925,465640,1387240
balanced_correlated,9,g1_exact,g1,0.0,480,0.00040819030120298194,614288,1535888
balanced_correlated,9,g1_exact,g1,0.0,600,6.762246549518736e-05,762936,1684536
balanced_correlated,9,g1_exact,g1,0.0,720,1.1356184992816765e-05,911584,1833184
balanced_correlated,9,g1_exact,g1,0.0,840,1.927557531811175e-06,1060232,1981832
balanced_correlated,9,g1_exact,g1,0.0,960,3.24183026645386e-07,1208880,2130480
balanced_correlated,9,g1_exact,g1,0.0,1080,5.658029911259632e-08,1357528,2279128
balanced_correlated,9,g1_exact,g1,0.0,1200,1.0106934844600346e-08,1506176,2427776
balanced_correlated,9,g1_exact,g1,0.0,1320,1.886044209697957e-09,1654824,2576424
balanced_correlated,9,g1_exact,g1,0.0,1440,3.508873192004103e-10,1803472,2725072
balanced_correlated,9,g1_exact,g1,0.0,1560,6.500977534074082e-11,1952120,2873720
balanced_correlated,9,g1_exact,g1,0.0,1680,1.2165379814632615e-11,2100768,3022368
balanced_correlated,9,g1_exact,g1,0.0,1800,2.2808421817899216e-12,2249416,3171016
balanced_correlated,9,g1_exact,g1,0.0,1920,4.289901767151605e-13,2398064,3319664
balanced_correlated,9,g1_exact,g1,0.0,2040,8.038014698286133e-14,2546712,3468312
balanced_correlated,9,g1_exact,g1,0.0,2160,1.509903313490213e-14,2695360,3616960
balanced_correlated,9,g1_exact,g1,0.0,2280,2.6645352591003757e-15,2844008,3765608
balanced_correlated,9,g1_exact,g1,0.0,2400,4.440892098500626e-16,2992656,3914256
balanced_correlated,10,g1_exact,g1,0.0,0,6.569771966741186,19696,941296
balanced_correlated,10,g1_exact,g1,0.0,120,0.06566191491466578,168344,1089944
balanced_correlated,10,g1_exact,g1,0.0,240,0.012063451962486482,316992,1238592
balanced_correlated,10,g1_exact,g1,0.0,360,0.0024651221643048338,465640,1387240
balanced_correlated,10,g1_exact,g1,0.0,480,0.0005248478423900416,614288,1535888
balanced_correlated,10,g1_exact,g1,0.0,600,0.00010901243909922087,762936,1684536
balanced_correlated,10,g1_exact,g1,0.0,720,2.3244076606143693e-05,911584,1833184
balanced_correlated,10,g1_exact,g1,0.0,840,5.022124383469162e-06,1060232,1981832
balanced_correlated,10,g1_exact,g1,0.0,960,1.159885374857339e-06,1208880,2130480
balanced_correlated,10,g1_exact,g1,0.0,1080,2.563661030130504e-07,1357528,2279128
balanced_correlated,10,g1_exact,g1,0.0,1200,5.932496982552493e-08,1506176,2427776
balanced_correlated,10,g1_exact,g1,0.0,1320,1.305655050742871e-08,1654824,2576424
balanced_correlated,10,g1_exact,g1,0.0,1440,2.9423343761436627e-09,1803472,2725072
balanced_correlated,10,g1_exact,g1,0.0,1560,6.656089013290512e-10,1952120,2873720
balanced_correlated,10,g1_exact,g1,0.0,1680,1.5334444825043647e-10,2100768,3022368
balanced_correlated,10,g1_exact,g1,0.0,1800,3.4432012796514755e-11,2249416,3171016
balanced_correlated,10,g1_exact,g1,0.0,1920,7.631673071273326e-12,2398064,3319664
balanced_correlated,10,g1_exact,g1,0.0,2040,1.7390533457728452e-12,2546712,3468312
balanced_correlated,10,g1_exact,g1,0.0,2160,3.89910326248355e-13,2695360,3616960
balanced_correlated,10,g1_exact,g1,0.0,2280,8.970602038971265e-14,2844008,3765608
balanced_correlated,10,g1_exact,g1,0.0,2400,1.9984014443252818e-14,2992656,3914256
balanced_correlated,11,g1_exact,g1,0.0,0,12.83120374198054,19696,941296
balanced_correlated,11,g1_exact,g1,0.0,120,0.13847142601139906,168344,1089944
balanced_correlated,11,g1_exact,g1,0.0,240,0.01859896699765251,316992,1238592
balanced_correlated,11,g1_exact,g1,0.0,360,0.0028353333577433304,465640,1387240
balanced_correlated,11,g1_exact,g1,0.0,480,0.00041855271998114674,614288,1535888
balanced_correlated,11,g1_exact,g1,0.0,600,6.533576955281006e-05,762936,1684536
balanced_correlated,11,g1_exact,g1,0.0,720,1.0326900698576225e-05,911584,1833184
balanced_correlated,11,g1_exact,g1,0.0,840,1.7232684674794996e-06,1060232,1981832
balanced_correlated,11,g1_exact,g1,0.0,960,2.828962935019774e-07,1208880,2130480
balanced_correlated,11,g1_exact,g1,0.0,1080,4.8686892295535245e-08,1357528,2279128
balanced_correlated,11,g1_exact,g1,0.0,1200,8.714552635069595e-09,1506176,2427776
balanced_correlated,11,g1_exact,g1,0.0,1320,1.5406662612349464e-09,1654824,2576424
balanced_correlated,11,g1_exact,g1,0.0,1440,2.924704922691035e-10,1803472,2725072
balanced_correlated,11,g1_exact,g1,0.0,1560,4.9889870012975734e-11,1952120,2873720
balanced_correlated,11,g1_exact,g1,0.0,1680,9.50084455553224e-12,2100768,3022368
balanced_correlated,11,g1_exact,g1,0.0,1800,1.8101076193488552e-12,2249416,3171016
balanced_correlated,11,g1_exact,g1,0.0,1920,3.5482727867020003e-13,2398064,3319664
balanced_correlated,11,g1_exact,g1,0.0,2040,6.661338147750939e-14,2546712,3468312
balanced_correlated,11,g1_exact,g1,0.0,2160,1.199040866595169e-14,2695360,3616960
balanced_correlated,11,g1_exact,g1,0.0,2280,2.220446049250313e-15,2844008,3765608
balanced_correlated,11,g1_exact,g1,0.0,2400,0.0,2992656,3914256
scaled_correlated,0,g3_zero,g3,,0,22.373464483790215,19696,19696
scaled_correlated,0,g3_zero,g3,,120,1.9280498610900847,168344,168344
scaled_correlated,0,g3_zero,g3,,240,0.8576336387112815,316992,316992
scaled_correlated,0,g3_zero,g3,,360,0.45543907388073546,465640,465640
scaled_correlated,0,g3_zero,g3,,480,0.2626582175684278,614288,614288
scaled_correlated,0,g3_zero,g3,,600,0.14722616511279307,762936,762936
scaled_correlated,0,g3_zero,g3,,720,0.0934516333653872,911584,911584
scaled_correlated,0,g3_zero,g3,,840,0.05267314234068099,1060232,1060232
scaled_correlated,0,g3_zero,g3,,960,0.031582315910527736,1208880,1208880
scaled_correlated,0,g3_zero,g3,,1080,0.018326041209100197,1357528,1357528
scaled_correlated,0,g3_zero,g3,,1200,0.008335222998769432,1506176,1506176
scaled_correlated,0,g3_zero,g3,,1320,0.004969334166959882,1654824,1654824
scaled_correlated,0,g3_zero,g3,,1440,0.0033584915119746483,1803472,1803472
scaled_correlated,0,g3_zero,g3,,1560,0.0020306164626662238,1952120,1952120
scaled_correlated,0,g3_zero,g3,,1680,0.0010880745854628948,2100768,2100768
scaled_correlated,0,g3_zero,g3,,1800,0.0006771135015513075,2249416,2249416
scaled_correlated,0,g3_zero,g3,,1920,0.00038843205398597647,2398064,2398064
scaled_correlated,0,g3_zero,g3,,2040,0.00022288331655273552,2546712,2546712
scaled_correlated,0,g3_zero,g3,,2160,0.00012571065725985875,2695360,2695360
scaled_correlated,0,g3_zero,g3,,2280,6.550366150159803e-05,2844008,2844008
scaled_correlated,0,g3_zero,g3,,2400,3.334714178437892e-05,2992656,2992656
scaled_correlated,1,g3_zero,g3,,0,67.99567336770971,19696,19696
scaled_correlated,1,g3_zero,g3,,120,3.8059632939747363,168344,168344
scaled_correlated,1,g3_zero,g3,,240,2.289993300175416,316992,316992
scaled_correlated,1,g3_zero,g3,,360,1.4650280157989322,465640,465640
scaled_correlated,1,g3_zero,g3,,480,0.913745414402682,614288,614288
scaled_correlated,1,g3_zero,g3,,600,0.4679795765829571,762936,762936
scaled_correlated,1,g3_zero,g3,,720,0.2799548313711364,911584,911584
scaled_correlated,1,g3_zero,g3,,840,0.12886826431942477,1060232,1060232
scaled_correlated,1,g3_zero,g3,,960,0.06446583971544317,1208880,1208880
scaled_correlated,1,g3_zero,g3,,1080,0.03907253941695599,1357528,1357528
scaled_correlated,1,g3_zero,g3,,1200,0.020631315534150207,1506176,1506176
scaled_correlated,1,g3_zero,g3,,1320,0.010179131238462702,1654824,1654824
scaled_correlated,1,g3_zero,g3,,1440,0.006331349629193461,1803472,1803472
scaled_correlated,1,g3_zero,g3,,1560,0.002907197223505964,1952120,1952120
scaled_correlated,1,g3_zero,g3,,1680,0.0014016323630703376,2100768,2100768
scaled_correlated,1,g3_zero,g3,,1800,0.000713126098287109,2249416,2249416
scaled_correlated,1,g3_zero,g3,,1920,0.0004008560324373356,2398064,2398064
scaled_correlated,1,g3_zero,g3,,2040,0.0002840927976839325,2546712,2546712
scaled_correlated,1,g3_zero,g3,,2160,0.00012543787712182564,2695360,2695360
scaled_correlated,1,g3_zero,g3,,2280,6.172444894314566e-05,2844008,2844008
scaled_correlated,1,g3_zero,g3,,2400,3.449558164003719e-05,2992656,2992656
scaled_correlated,2,g3_zero,g3,,0,45.04757741000829,19696,19696
scaled_correlated,2,g3_zero,g3,,120,6.124807934994648,168344,168344
scaled_correlated,2,g3_zero,g3,,240,3.6631804713166787,316992,316992
scaled_correlated,2,g3_zero,g3,,360,1.7430812715673762,465640,465640
scaled_correlated,2,g3_zero,g3,,480,1.012844178635162,614288,614288
scaled_correlated,2,g3_zero,g3,,600,0.46696108471488174,762936,762936
scaled_correlated,2,g3_zero,g3,,720,0.2833516354731631,911584,911584
scaled_correlated,2,g3_zero,g3,,840,0.11061849640003985,1060232,1060232
scaled_correlated,2,g3_zero,g3,,960,0.05281080352365386,1208880,1208880
scaled_correlated,2,g3_zero,g3,,1080,0.03105106997669216,1357528,1357528
scaled_correlated,2,g3_zero,g3,,1200,0.020527145627489585,1506176,1506176
scaled_correlated,2,g3_zero,g3,,1320,0.01090986935624505,1654824,1654824
scaled_correlated,2,g3_zero,g3,,1440,0.004920005732803379,1803472,1803472
scaled_correlated,2,g3_zero,g3,,1560,0.002722083006077458,1952120,1952120
scaled_correlated,2,g3_zero,g3,,1680,0.0014243496434502845,2100768,2100768
scaled_correlated,2,g3_zero,g3,,1800,0.0009759782553957486,2249416,2249416
scaled_correlated,2,g3_zero,g3,,1920,0.0007084800713794692,2398064,2398064
scaled_correlated,2,g3_zero,g3,,2040,0.00043010518283814747,2546712,2546712
scaled_correlated,2,g3_zero,g3,,2160,0.00027505265810034984,2695360,2695360
scaled_correlated,2,g3_zero,g3,,2280,0.0001639159963242598,2844008,2844008
scaled_correlated,2,g3_zero,g3,,2400,0.00010089682559044633,2992656,2992656
scaled_correlated,3,g3_zero,g3,,0,119.345541391195,19696,19696
scaled_correlated,3,g3_zero,g3,,120,6.121054955110249,168344,168344
scaled_correlated,3,g3_zero,g3,,240,3.8026961230976495,316992,316992
scaled_correlated,3,g3_zero,g3,,360,1.9044819394128192,465640,465640
scaled_correlated,3,g3_zero,g3,,480,0.8038541409885411,614288,614288
scaled_correlated,3,g3_zero,g3,,600,0.4331921589714747,762936,762936
scaled_correlated,3,g3_zero,g3,,720,0.21888711550708617,911584,911584
scaled_correlated,3,g3_zero,g3,,840,0.10980867683154649,1060232,1060232
scaled_correlated,3,g3_zero,g3,,960,0.07188919702029395,1208880,1208880
scaled_correlated,3,g3_zero,g3,,1080,0.03558145409373914,1357528,1357528
scaled_correlated,3,g3_zero,g3,,1200,0.018305066807530856,1506176,1506176
scaled_correlated,3,g3_zero,g3,,1320,0.011349810787941728,1654824,1654824
scaled_correlated,3,g3_zero,g3,,1440,0.006068308772876119,1803472,1803472
scaled_correlated,3,g3_zero,g3,,1560,0.003814963856325182,1952120,1952120
scaled_correlated,3,g3_zero,g3,,1680,0.0025508380163228317,2100768,2100768
scaled_correlated,3,g3_zero,g3,,1800,0.0015417931629899684,2249416,2249416
scaled_correlated,3,g3_zero,g3,,1920,0.000959972237483786,2398064,2398064
scaled_correlated,3,g3_zero,g3,,2040,0.0006503505066257631,2546712,2546712
scaled_correlated,3,g3_zero,g3,,2160,0.00038906267917182547,2695360,2695360
scaled_correlated,3,g3_zero,g3,,2280,0.0002496197518411236,2844008,2844008
scaled_correlated,3,g3_zero,g3,,2400,0.0001454128897031559,2992656,2992656
scaled_correlated,4,g3_zero,g3,,0,46.05491588664258,19696,19696
scaled_correlated,4,g3_zero,g3,,120,2.4619224260019545,168344,168344
scaled_correlated,4,g3_zero,g3,,240,1.274674038343091,316992,316992
scaled_correlated,4,g3_zero,g3,,360,0.6964866287036058,465640,465640
scaled_correlated,4,g3_zero,g3,,480,0.36089491115020733,614288,614288
scaled_correlated,4,g3_zero,g3,,600,0.1811524763840695,762936,762936
scaled_correlated,4,g3_zero,g3,,720,0.10277460505919134,911584,911584
scaled_correlated,4,g3_zero,g3,,840,0.06056499509463098,1060232,1060232
scaled_correlated,4,g3_zero,g3,,960,0.03846563528885971,1208880,1208880
scaled_correlated,4,g3_zero,g3,,1080,0.023790572659819986,1357528,1357528
scaled_correlated,4,g3_zero,g3,,1200,0.010567230593077959,1506176,1506176
scaled_correlated,4,g3_zero,g3,,1320,0.005706304810163321,1654824,1654824
scaled_correlated,4,g3_zero,g3,,1440,0.004210005733977784,1803472,1803472
scaled_correlated,4,g3_zero,g3,,1560,0.0024467551063933612,1952120,1952120
scaled_correlated,4,g3_zero,g3,,1680,0.0013860575246571472,2100768,2100768
scaled_correlated,4,g3_zero,g3,,1800,0.0008175631837694652,2249416,2249416
scaled_correlated,4,g3_zero,g3,,1920,0.0004884303823038394,2398064,2398064
scaled_correlated,4,g3_zero,g3,,2040,0.0003649131196019617,2546712,2546712
scaled_correlated,4,g3_zero,g3,,2160,0.00020141671367879255,2695360,2695360
scaled_correlated,4,g3_zero,g3,,2280,0.00012115490064923407,2844008,2844008
scaled_correlated,4,g3_zero,g3,,2400,7.954419079636565e-05,2992656,2992656
scaled_correlated,5,g3_zero,g3,,0,60.11994023414859,19696,19696
scaled_correlated,5,g3_zero,g3,,120,4.381876300782533,168344,168344
scaled_correlated,5,g3_zero,g3,,240,1.5843710434784009,316992,316992
scaled_correlated,5,g3_zero,g3,,360,1.2463667172958663,465640,465640
scaled_correlated,5,g3_zero,g3,,480,0.454300848766382,614288,614288
scaled_correlated,5,g3_zero,g3,,600,0.31704563768518046,762936,762936
scaled_correlated,5,g3_zero,g3,,720,0.22083964898229747,911584,911584
scaled_correlated,5,g3_zero,g3,,840,0.10038970398952651,1060232,1060232
scaled_correlated,5,g3_zero,g3,,960,0.05348860630275043,1208880,1208880
scaled_correlated,5,g3_zero,g3,,1080,0.03953530366203939,1357528,1357528
scaled_correlated,5,g3_zero,g3,,1200,0.025290148264734746,1506176,1506176
scaled_correlated,5,g3_zero,g3,,1320,0.011253684459408664,1654824,1654824
scaled_correlated,5,g3_zero,g3,,1440,0.008053253021444107,1803472,1803472
scaled_correlated,5,g3_zero,g3,,1560,0.0038621694227041203,1952120,1952120
scaled_correlated,5,g3_zero,g3,,1680,0.002110919418052415,2100768,2100768
scaled_correlated,5,g3_zero,g3,,1800,0.000858847713518518,2249416,2249416
scaled_correlated,5,g3_zero,g3,,1920,0.0005165315199198162,2398064,2398064
scaled_correlated,5,g3_zero,g3,,2040,0.0002972244041261618,2546712,2546712
scaled_correlated,5,g3_zero,g3,,2160,0.00019842994767538258,2695360,2695360
scaled_correlated,5,g3_zero,g3,,2280,0.0001352238223613078,2844008,2844008
scaled_correlated,5,g3_zero,g3,,2400,8.040498431860499e-05,2992656,2992656
scaled_correlated,6,g3_zero,g3,,0,51.729846587844904,19696,19696
scaled_correlated,6,g3_zero,g3,,120,2.097575153344865,168344,168344
scaled_correlated,6,g3_zero,g3,,240,0.7120923526522094,316992,316992
scaled_correlated,6,g3_zero,g3,,360,0.3765818821313833,465640,465640
scaled_correlated,6,g3_zero,g3,,480,0.1596348979496356,614288,614288
scaled_correlated,6,g3_zero,g3,,600,0.10481917075383018,762936,762936
scaled_correlated,6,g3_zero,g3,,720,0.0490387776190655,911584,911584
scaled_correlated,6,g3_zero,g3,,840,0.028972180657224733,1060232,1060232
scaled_correlated,6,g3_zero,g3,,960,0.017284573271784787,1208880,1208880
scaled_correlated,6,g3_zero,g3,,1080,0.009585256184202251,1357528,1357528
scaled_correlated,6,g3_zero,g3,,1200,0.0057952344189686755,1506176,1506176
scaled_correlated,6,g3_zero,g3,,1320,0.0036097840775752843,1654824,1654824
scaled_correlated,6,g3_zero,g3,,1440,0.002313553365907328,1803472,1803472
scaled_correlated,6,g3_zero,g3,,1560,0.0015126974499652945,1952120,1952120
scaled_correlated,6,g3_zero,g3,,1680,0.0009589326617556182,2100768,2100768
scaled_correlated,6,g3_zero,g3,,1800,0.0004896893578880679,2249416,2249416
scaled_correlated,6,g3_zero,g3,,1920,0.0002684334951945644,2398064,2398064
scaled_correlated,6,g3_zero,g3,,2040,0.0001616574684129013,2546712,2546712
scaled_correlated,6,g3_zero,g3,,2160,0.00010136261108861788,2695360,2695360
scaled_correlated,6,g3_zero,g3,,2280,5.9164865592986615e-05,2844008,2844008
scaled_correlated,6,g3_zero,g3,,2400,4.0544903232131446e-05,2992656,2992656
scaled_correlated,7,g3_zero,g3,,0,36.06118907602869,19696,19696
scaled_correlated,7,g3_zero,g3,,120,7.826199638183934,168344,168344
scaled_correlated,7,g3_zero,g3,,240,3.6114278513502116,316992,316992
scaled_correlated,7,g3_zero,g3,,360,1.4486597097211473,465640,465640
scaled_correlated,7,g3_zero,g3,,480,0.6594587804529293,614288,614288
scaled_correlated,7,g3_zero,g3,,600,0.38878915613296305,762936,762936
scaled_correlated,7,g3_zero,g3,,720,0.19782952813384735,911584,911584
scaled_correlated,7,g3_zero,g3,,840,0.10895869024762694,1060232,1060232
scaled_correlated,7,g3_zero,g3,,960,0.06502628335448302,1208880,1208880
scaled_correlated,7,g3_zero,g3,,1080,0.037039437618794135,1357528,1357528
scaled_correlated,7,g3_zero,g3,,1200,0.01761218551376409,1506176,1506176
scaled_correlated,7,g3_zero,g3,,1320,0.011989351521504599,1654824,1654824
scaled_correlated,7,g3_zero,g3,,1440,0.005224334788821228,1803472,1803472
scaled_correlated,7,g3_zero,g3,,1560,0.0025603505226854395,1952120,1952120
scaled_correlated,7,g3_zero,g3,,1680,0.001441793360864807,2100768,2100768
scaled_correlated,7,g3_zero,g3,,1800,0.0008514506401127164,2249416,2249416
scaled_correlated,7,g3_zero,g3,,1920,0.00042224700789583736,2398064,2398064
scaled_correlated,7,g3_zero,g3,,2040,0.00024107354734725917,2546712,2546712
scaled_correlated,7,g3_zero,g3,,2160,0.00012488775934649254,2695360,2695360
scaled_correlated,7,g3_zero,g3,,2280,8.246417918700288e-05,2844008,2844008
scaled_correlated,7,g3_zero,g3,,2400,4.802938603853946e-05,2992656,2992656
scaled_correlated,8,g3_zero,g3,,0,69.57251603322415,19696,19696
scaled_correlated,8,g3_zero,g3,,120,2.724017782691769,168344,168344
scaled_correlated,8,g3_zero,g3,,240,1.5645167455966345,316992,316992
scaled_correlated,8,g3_zero,g3,,360,0.932170775787525,465640,465640
scaled_correlated,8,g3_zero,g3,,480,0.5390527534900107,614288,614288
scaled_correlated,8,g3_zero,g3,,600,0.3193384609267933,762936,762936
scaled_correlated,8,g3_zero,g3,,720,0.1893788798056124,911584,911584
scaled_correlated,8,g3_zero,g3,,840,0.10996611497016229,1060232,1060232
scaled_correlated,8,g3_zero,g3,,960,0.049268446096641494,1208880,1208880
scaled_correlated,8,g3_zero,g3,,1080,0.026107381219737658,1357528,1357528
scaled_correlated,8,g3_zero,g3,,1200,0.014420051464028472,1506176,1506176
scaled_correlated,8,g3_zero,g3,,1320,0.007840271735076065,1654824,1654824
scaled_correlated,8,g3_zero,g3,,1440,0.004724503127318425,1803472,1803472
scaled_correlated,8,g3_zero,g3,,1560,0.002199271532165259,1952120,1952120
scaled_correlated,8,g3_zero,g3,,1680,0.0012535242085744969,2100768,2100768
scaled_correlated,8,g3_zero,g3,,1800,0.0007437583364793277,2249416,2249416
scaled_correlated,8,g3_zero,g3,,1920,0.00048551726200996015,2398064,2398064
scaled_correlated,8,g3_zero,g3,,2040,0.0002639464624971666,2546712,2546712
scaled_correlated,8,g3_zero,g3,,2160,0.00016110815217107444,2695360,2695360
scaled_correlated,8,g3_zero,g3,,2280,9.660442930181645e-05,2844008,2844008
scaled_correlated,8,g3_zero,g3,,2400,5.872811633755859e-05,2992656,2992656
scaled_correlated,9,g3_zero,g3,,0,33.37124970433512,19696,19696
scaled_correlated,9,g3_zero,g3,,120,2.6606540452236676,168344,168344
scaled_correlated,9,g3_zero,g3,,240,1.3593341833960375,316992,316992
scaled_correlated,9,g3_zero,g3,,360,0.491421277734696,465640,465640
scaled_correlated,9,g3_zero,g3,,480,0.23868798304458272,614288,614288
scaled_correlated,9,g3_zero,g3,,600,0.12842977279791956,762936,762936
scaled_correlated,9,g3_zero,g3,,720,0.08803375282987425,911584,911584
scaled_correlated,9,g3_zero,g3,,840,0.03568138929410081,1060232,1060232
scaled_correlated,9,g3_zero,g3,,960,0.014027318278147849,1208880,1208880
scaled_correlated,9,g3_zero,g3,,1080,0.00761856194939492,1357528,1357528
scaled_correlated,9,g3_zero,g3,,1200,0.004297857677621586,1506176,1506176
scaled_correlated,9,g3_zero,g3,,1320,0.0023775067991804733,1654824,1654824
scaled_correlated,9,g3_zero,g3,,1440,0.001484159720968492,1803472,1803472
scaled_correlated,9,g3_zero,g3,,1560,0.0007432474790456389,1952120,1952120
scaled_correlated,9,g3_zero,g3,,1680,0.0003152062933557964,2100768,2100768
scaled_correlated,9,g3_zero,g3,,1800,0.00015984116387190994,2249416,2249416
scaled_correlated,9,g3_zero,g3,,1920,8.57240940188575e-05,2398064,2398064
scaled_correlated,9,g3_zero,g3,,2040,5.607440392108032e-05,2546712,2546712
scaled_correlated,9,g3_zero,g3,,2160,2.986193013665428e-05,2695360,2695360
scaled_correlated,9,g3_zero,g3,,2280,1.7129202263266308e-05,2844008,2844008
scaled_correlated,9,g3_zero,g3,,2400,9.678972406668152e-06,2992656,2992656
scaled_correlated,10,g3_zero,g3,,0,55.62927047254549,19696,19696
scaled_correlated,10,g3_zero,g3,,120,4.759412880182557,168344,168344
scaled_correlated,10,g3_zero,g3,,240,2.1236091071337113,316992,316992
scaled_correlated,10,g3_zero,g3,,360,0.822663972608666,465640,465640
scaled_correlated,10,g3_zero,g3,,480,0.42889528325633863,614288,614288
scaled_correlated,10,g3_zero,g3,,600,0.21452737919953524,762936,762936
scaled_correlated,10,g3_zero,g3,,720,0.11944236037010292,911584,911584
scaled_correlated,10,g3_zero,g3,,840,0.06295539509027437,1060232,1060232
scaled_correlated,10,g3_zero,g3,,960,0.041083204663158845,1208880,1208880
scaled_correlated,10,g3_zero,g3,,1080,0.02338726758470111,1357528,1357528
scaled_correlated,10,g3_zero,g3,,1200,0.012830493026763534,1506176,1506176
scaled_correlated,10,g3_zero,g3,,1320,0.007517504021998356,1654824,1654824
scaled_correlated,10,g3_zero,g3,,1440,0.004420988406984794,1803472,1803472
scaled_correlated,10,g3_zero,g3,,1560,0.0023917351840401224,1952120,1952120
scaled_correlated,10,g3_zero,g3,,1680,0.0013829796717246268,2100768,2100768
scaled_correlated,10,g3_zero,g3,,1800,0.0007909831611603302,2249416,2249416
scaled_correlated,10,g3_zero,g3,,1920,0.00045337024492342337,2398064,2398064
scaled_correlated,10,g3_zero,g3,,2040,0.00023133684956988532,2546712,2546712
scaled_correlated,10,g3_zero,g3,,2160,0.00012547492417569472,2695360,2695360
scaled_correlated,10,g3_zero,g3,,2280,5.650466939188803e-05,2844008,2844008
scaled_correlated,10,g3_zero,g3,,2400,3.419877739085919e-05,2992656,2992656
scaled_correlated,11,g3_zero,g3,,0,126.69218421731851,19696,19696
scaled_correlated,11,g3_zero,g3,,120,11.415730989754476,168344,168344
scaled_correlated,11,g3_zero,g3,,240,6.609525850294013,316992,316992
scaled_correlated,11,g3_zero,g3,,360,2.611135125843862,465640,465640
scaled_correlated,11,g3_zero,g3,,480,1.379177919120655,614288,614288
scaled_correlated,11,g3_zero,g3,,600,0.7990833686094088,762936,762936
scaled_correlated,11,g3_zero,g3,,720,0.3801067635940818,911584,911584
scaled_correlated,11,g3_zero,g3,,840,0.1638498330102851,1060232,1060232
scaled_correlated,11,g3_zero,g3,,960,0.0757978118886169,1208880,1208880
scaled_correlated,11,g3_zero,g3,,1080,0.04369223479097384,1357528,1357528
scaled_correlated,11,g3_zero,g3,,1200,0.026615650074131025,1506176,1506176
scaled_correlated,11,g3_zero,g3,,1320,0.015086346065436018,1654824,1654824
scaled_correlated,11,g3_zero,g3,,1440,0.00876811654499976,1803472,1803472
scaled_correlated,11,g3_zero,g3,,1560,0.0049011453442671105,1952120,1952120
scaled_correlated,11,g3_zero,g3,,1680,0.003059858591215825,2100768,2100768
scaled_correlated,11,g3_zero,g3,,1800,0.0019155246989503993,2249416,2249416
scaled_correlated,11,g3_zero,g3,,1920,0.0011201689028719208,2398064,2398064
scaled_correlated,11,g3_zero,g3,,2040,0.0005727463016107492,2546712,2546712
scaled_correlated,11,g3_zero,g3,,2160,0.0003584787697730185,2695360,2695360
scaled_correlated,11,g3_zero,g3,,2280,0.0002584134978880215,2844008,2844008
scaled_correlated,11,g3_zero,g3,,2400,0.00018299413559175193,2992656,2992656
scaled_correlated,0,g2_eps_1,g2,1.0,0,22.373464483790215,19696,
scaled_correlated,0,g2_eps_1,g2,1.0,120,2.429732964004448,168344,
scaled_correlated,0,g2_eps_1,g2,1.0,240,1.2165702988867229,316992,
scaled_correlated,0,g2_eps_1,g2,1.0,360,0.5880561314473156,465640,
scaled_correlated,0,g2_eps_1,g2,1.0,480,0.3430129265319204,614288,
scaled_correlated,0,g2_eps_1,g2,1.0,600,0.19309915473596329,762936,
scaled_correlated,0,g2_eps_1,g2,1.0,720,0.11055831840592578,911584,
scaled_correlated,0,g2_eps_1,g2,1.0,840,0.06280176742399313,1060232,
scaled_correlated,0,g2_eps_1,g2,1.0,960,0.035952992994377375,1208880,
scaled_correlated,0,g2_eps_1,g2,1.0,1080,0.020973806083964153,1357528,
scaled_correlated,0,g2_eps_1,g2,1.0,1200,0.010647484017488829,1506176,
scaled_correlated,0,g2_eps_1,g2,1.0,1320,0.006235113259876357,1654824,
scaled_correlated,0,g2_eps_1,g2,1.0,1440,0.004056557509922509,1803472,
scaled_correlated,0,g2_eps_1,g2,1.0,1560,0.0024730173980653802,1952120,
scaled_correlated,0,g2_eps_1,g2,1.0,1680,0.0012757298952066343,2100768,
scaled_correlated,0,g2_eps_1,g2,1.0,1800,0.0008123458051181309,2249416,
scaled_correlated,0,g2_eps_1,g2,1.0,1920,0.0004596290072353959,2398064,
scaled_correlated,0,g2_eps_1,g2,1.0,2040,0.00027671661075023835,2546712,
scaled_correlated,0,g2_eps_1,g2,1.0,2160,0.00017420247386645826,2695360,
scaled_correlated,0,g2_eps_1,g2,1.0,2280,9.588264252746725e-05,2844008,
scaled_correlated,0,g2_eps_1,g2,1.0,2400,5.180287100570169e-05,2992656,
scaled_correlated,1,g2_eps_1,g2,1.0,0,67.99567336770971,19696,
scaled_correlated,1,g2_eps_1,g2,1.0,120,3.8938431869038777,168344,
scaled_correlated,1,g2_eps_1,g2,1.0,240,2.076280440480513,316992,
scaled_correlated,1,g2_eps_1,g2,1.0,360,1.2711289748859116,465640,
scaled_correlated,1,g2_eps_1,g2,1.0,480,0.8151471535099466,614288,
scaled_correlated,1,g2_eps_1,g2,1.0,600,0.42287897261912244,762936,
scaled_correlated,1,g2_eps_1,g2,1.0,720,0.24411197316860989,911584,
scaled_correlated,1,g2_eps_1,g2,1.0,840,0.1149558226350118,1060232,
scaled_correlated,1,g2_eps_1,g2,1.0,960,0.05707977508948492,1208880,
scaled_correlated,1,g2_eps_1,g2,1.0,1080,0.034856999925222176,1357528,
scaled_correlated,1,g2_eps_1,g2,1.0,1200,0.0183549889886363,1506176,
scaled_correlated,1,g2_eps_1,g2,1.0,1320,0.008464106347831013,1654824,
scaled_correlated,1,g2_eps_1,g2,1.0,1440,0.005214405037172298,1803472,
scaled_correlated,1,g2_eps_1,g2,1.0,1560,0.0024668654599073747,1952120,
scaled_correlated,1,g2_eps_1,g2,1.0,1680,0.0010796256406360172,2100768,
scaled_correlated,1,g2_eps_1,g2,1.0,1800,0.0005027544107978343,2249416,
scaled_correlated,1,g2_eps_1,g2,1.0,1920,0.00028687274194716395,2398064,
scaled_correlated,1,g2_eps_1,g2,1.0,2040,0.00021702394275457948,2546712,
scaled_correlated,1,g2_eps_1,g2,1.0,2160,8.869241122111404e-05,2695360,
scaled_correlated,1,g2_eps_1,g2,1.0,2280,4.184941729512559e-05,2844008,
scaled_correlated,1,g2_eps_1,g2,1.0,2400,2.0974810112761588e-05,2992656,
scaled_correlated,2,g2_eps_1,g2,1.0,0,45.04757741000829,19696,
scaled_correlated,2,g2_eps_1,g2,1.0,120,5.586761965406556,168344,
scaled_correlated,2,g2_eps_1,g2,1.0,240,3.5335260814205034,316992,
scaled_correlated,2,g2_eps_1,g2,1.0,360,1.6751036728122601,465640,
scaled_correlated,2,g2_eps_1,g2,1.0,480,0.903322430406694,614288,
scaled_correlated,2,g2_eps_1,g2,1.0,600,0.4066932908437728,762936,
scaled_correlated,2,g2_eps_1,g2,1.0,720,0.24649226896602183,911584,
scaled_correlated,2,g2_eps_1,g2,1.0,840,0.0984563851980047,1060232,
scaled_correlated,2,g2_eps_1,g2,1.0,960,0.04785880157920852,1208880,
scaled_correlated,2,g2_eps_1,g2,1.0,1080,0.027672437952104723,1357528,
scaled_correlated,2,g2_eps_1,g2,1.0,1200,0.01840159130341812,1506176,
scaled_correlated,2,g2_eps_1,g2,1.0,1320,0.010369936593560336,1654824,
scaled_correlated,2,g2_eps_1,g2,1.0,1440,0.004597511015401512,1803472,
scaled_correlated,2,g2_eps_1,g2,1.0,1560,0.002575907487700757,1952120,
scaled_correlated,2,g2_eps_1,g2,1.0,1680,0.0014138372755727602,2100768,
scaled_correlated,2,g2_eps_1,g2,1.0,1800,0.0009188630892840166,2249416,
scaled_correlated,2,g2_eps_1,g2,1.0,1920,0.0006637677475485049,2398064,
scaled_correlated,2,g2_eps_1,g2,1.0,2040,0.0003982977429179968,2546712,
scaled_correlated,2,g2_eps_1,g2,1.0,2160,0.0002590642581070668,2695360,
scaled_correlated,2,g2_eps_1,g2,1.0,2280,0.00015547198838028464,2844008,
scaled_correlated,2,g2_eps_1,g2,1.0,2400,9.51682260894593e-05,2992656,
scaled_correlated,3,g2_eps_1,g2,1.0,0,119.345541391195,19696,
scaled_correlated,3,g2_eps_1,g2,1.0,120,6.850464367903755,168344,
scaled_correlated,3,g2_eps_1,g2,1.0,240,3.9421255076825474,316992,
scaled_correlated,3,g2_eps_1,g2,1.0,360,1.9581641538420849,465640,
scaled_correlated,3,g2_eps_1,g2,1.0,480,0.7932700266098331,614288,
scaled_correlated,3,g2_eps_1,g2,1.0,600,0.4261193735404616,762936,
scaled_correlated,3,g2_eps_1,g2,1.0,720,0.19669358887121113,911584,
scaled_correlated,3,g2_eps_1,g2,1.0,840,0.09714483664988505,1060232,
scaled_correlated,3,g2_eps_1,g2,1.0,960,0.05691196315945213,1208880,
scaled_correlated,3,g2_eps_1,g2,1.0,1080,0.02890619881352796,1357528,
scaled_correlated,3,g2_eps_1,g2,1.0,1200,0.016296937522530364,1506176,
scaled_correlated,3,g2_eps_1,g2,1.0,1320,0.011135611825090486,1654824,
scaled_correlated,3,g2_eps_1,g2,1.0,1440,0.006621872200136103,1803472,
scaled_correlated,3,g2_eps_1,g2,1.0,1560,0.004708037961774103,1952120,
scaled_correlated,3,g2_eps_1,g2,1.0,1680,0.002916535642769169,2100768,
scaled_correlated,3,g2_eps_1,g2,1.0,1800,0.001555905592111273,2249416,
scaled_correlated,3,g2_eps_1,g2,1.0,1920,0.0009378228738037286,2398064,
scaled_correlated,3,g2_eps_1,g2,1.0,2040,0.0005403228802736137,2546712,
scaled_correlated,3,g2_eps_1,g2,1.0,2160,0.000297305753442334,2695360,
scaled_correlated,3,g2_eps_1,g2,1.0,2280,0.0001437398561976444,2844008,
scaled_correlated,3,g2_eps_1,g2,1.0,2400,9.231939225973207e-05,2992656,
scaled_correlated,4,g2_eps_1,g2,1.0,0,46.05491588664258,19696,
scaled_correlated,4,g2_eps_1,g2,1.0,120,3.6769772047578386,168344,
scaled_correlated,4,g2_eps_1,g2,1.0,240,1.5871691757520074,316992,
scaled_correlated,4,g2_eps_1,g2,1.0,360,0.7366119303773839,465640,
scaled_correlated,4,g2_eps_1,g2,1.0,480,0.3946453023484886,614288,
scaled_correlated,4,g2_eps_1,g2,1.0,600,0.20519153304848592,762936,
scaled_correlated,4,g2_eps_1,g2,1.0,720,0.11333579914263625,911584,
scaled_correlated,4,g2_eps_1,g2,1.0,840,0.0689857866564525,1060232,
scaled_correlated,4,g2_eps_1,g2,1.0,960,0.043966239529184215,1208880,
scaled_correlated,4,g2_eps_1,g2,1.0,1080,0.024895995698530182,1357528,
scaled_correlated,4,g2_eps_1,g2,1.0,1200,0.010255392941613373,1506176,
scaled_correlated,4,g2_eps_1,g2,1.0,1320,0.005135274789847877,1654824,
scaled_correlated,4,g2_eps_1,g2,1.0,1440,0.003528839430620767,1803472,
scaled_correlated,4,g2_eps_1,g2,1.0,1560,0.0019915223056652387,1952120,
scaled_correlated,4,g2_eps_1,g2,1.0,1680,0.0010729618396601026,2100768,
scaled_correlated,4,g2_eps_1,g2,1.0,1800,0.0005933645529605514,2249416,
scaled_correlated,4,g2_eps_1,g2,1.0,1920,0.0003509214541539407,2398064,
scaled_correlated,4,g2_eps_1,g2,1.0,2040,0.0002493191156456298,2546712,
scaled_correlated,4,g2_eps_1,g2,1.0,2160,0.0001425119404481201,2695360,
scaled_correlated,4,g2_eps_1,g2,1.0,2280,8.19842835748652e-05,2844008,
scaled_correlated,4,g2_eps_1,g2,1.0,2400,5.689193925517699e-05,2992656,
scaled_correlated,5,g2_eps_1,g2,1.0,0,60.11994023414859,19696,
scaled_correlated,5,g2_eps_1,g2,1.0,120,4.485717598846677,168344,
scaled_correlated,5,g2_eps_1,g2,1.0,240,1.6799379989646863,316992,
scaled_correlated,5,g2_eps_1,g2,1.0,360,1.2820817051914064,465640,
scaled_correlated,5,g2_eps_1,g2,1.0,480,0.4676944697423937,614288,
scaled_correlated,5,g2_eps_1,g2,1.0,600,0.3200659791214977,762936,
scaled_correlated,5,g2_eps_1,g2,1.0,720,0.21975725066026275,911584,
scaled_correlated,5,g2_eps_1,g2,1.0,840,0.0971297413942187,1060232,
scaled_correlated,5,g2_eps_1,g2,1.0,960,0.051327392263675886,1208880,
scaled_correlated,5,g2_eps_1,g2,1.0,1080,0.037824250953050864,1357528,
scaled_correlated,5,g2_eps_1,g2,1.0,1200,0.02402964287485654,1506176,
scaled_correlated,5,g2_eps_1,g2,1.0,1320,0.010710741791794653,1654824,
scaled_correlated,5,g2_eps_1,g2,1.0,1440,0.007673897281457176,1803472,
scaled_correlated,5,g2_eps_1,g2,1.0,1560,0.0036382557134260196,1952120,
scaled_correlated,5,g2_eps_1,g2,1.0,1680,0.002014330692448052,2100768,
scaled_correlated,5,g2_eps_1,g2,1.0,1800,0.0007904400663996114,2249416,
scaled_correlated,5,g2_eps_1,g2,1.0,1920,0.00048333835783331836,2398064,
scaled_correlated,5,g2_eps_1,g2,1.0,2040,0.00027867788223767676,2546712,
scaled_correlated,5,g2_eps_1,g2,1.0,2160,0.00018991247092348118,2695360,
scaled_correlated,5,g2_eps_1,g2,1.0,2280,0.00013033068996426422,2844008,
scaled_correlated,5,g2_eps_1,g2,1.0,2400,7.869831347973033e-05,2992656,
scaled_correlated,6,g2_eps_1,g2,1.0,0,51.729846587844904,19696,
scaled_correlated,6,g2_eps_1,g2,1.0,120,5.114560824982172,168344,
scaled_correlated,6,g2_eps_1,g2,1.0,240,1.4700850594775638,316992,
scaled_correlated,6,g2_eps_1,g2,1.0,360,0.8124756280815828,465640,
scaled_correlated,6,g2_eps_1,g2,1.0,480,0.3491141057475362,614288,
scaled_correlated,6,g2_eps_1,g2,1.0,600,0.17176311832071578,762936,
scaled_correlated,6,g2_eps_1,g2,1.0,720,0.07550337010345665,911584,
scaled_correlated,6,g2_eps_1,g2,1.0,840,0.050121888783258406,1060232,
scaled_correlated,6,g2_eps_1,g2,1.0,960,0.02262654405460518,1208880,
scaled_correlated,6,g2_eps_1,g2,1.0,1080,0.012144235975600548,1357528,
scaled_correlated,6,g2_eps_1,g2,1.0,1200,0.008283683914894091,1506176,
scaled_correlated,6,g2_eps_1,g2,1.0,1320,0.00431409338114408,1654824,
scaled_correlated,6,g2_eps_1,g2,1.0,1440,0.0027820338957949,1803472,
scaled_correlated,6,g2_eps_1,g2,1.0,1560,0.001297297899198302,1952120,
scaled_correlated,6,g2_eps_1,g2,1.0,1680,0.000578933859965769,2100768,
scaled_correlated,6,g2_eps_1,g2,1.0,1800,0.0002623910717933775,2249416,
scaled_correlated,6,g2_eps_1,g2,1.0,1920,0.00016010896242191208,2398064,
scaled_correlated,6,g2_eps_1,g2,1.0,2040,9.575104171188897e-05,2546712,
scaled_correlated,6,g2_eps_1,g2,1.0,2160,6.06820170094835e-05,2695360,
scaled_correlated,6,g2_eps_1,g2,1.0,2280,3.197265441023944e-05,2844008,
scaled_correlated,6,g2_eps_1,g2,1.0,2400,2.050430691680205e-05,2992656,
scaled_correlated,7,g2_eps_1,g2,1.0,0,36.06118907602869,19696,
scaled_correlated,7,g2_eps_1,g2,1.0,120,4.738590729243554,168344,
scaled_correlated,7,g2_eps_1,g2,1.0,240,2.1239499289223405,316992,
scaled_correlated,7,g2_eps_1,g2,1.0,360,0.9099421498193054,465640,
scaled_correlated,7,g2_eps_1,g2,1.0,480,0.43110147906439344,614288,
scaled_correlated,7,g2_eps_1,g2,1.0,600,0.27854035304567315,762936,
scaled_correlated,7,g2_eps_1,g2,1.0,720,0.15794936648268854,911584,
scaled_correlated,7,g2_eps_1,g2,1.0,840,0.089664638816644,1060232,
scaled_correlated,7,g2_eps_1,g2,1.0,960,0.053909975346421835,1208880,
scaled_correlated,7,g2_eps_1,g2,1.0,1080,0.032382472941450136,1357528,
scaled_correlated,7,g2_eps_1,g2,1.0,1200,0.01415803653447778,1506176,
scaled_correlated,7,g2_eps_1,g2,1.0,1320,0.010693914921172443,1654824,
scaled_correlated,7,g2_eps_1,g2,1.0,1440,0.004664022470992624,1803472,
scaled_correlated,7,g2_eps_1,g2,1.0,1560,0.0021308621513496107,1952120,
scaled_correlated,7,g2_eps_1,g2,1.0,1680,0.0012850868824791917,2100768,
scaled_correlated,7,g2_eps_1,g2,1.0,1800,0.0008174332314192512,2249416,
scaled_correlated,7,g2_eps_1,g2,1.0,1920,0.0004215110828749147,2398064,
scaled_correlated,7,g2_eps_1,g2,1.0,2040,0.00022670643115807465,2546712,
scaled_correlated,7,g2_eps_1,g2,1.0,2160,0.00010832589669451664,2695360,
scaled_correlated,7,g2_eps_1,g2,1.0,2280,7.279325576226015e-05,2844008,
scaled_correlated,7,g2_eps_1,g2,1.0,2400,4.0750854009008464e-05,2992656,
scaled_correlated,8,g2_eps_1,g2,1.0,0,69.57251603322415,19696,
scaled_correlated,8,g2_eps_1,g2,1.0,120,3.4812229141326423,168344,
scaled_correlated,8,g2_eps_1,g2,1.0,240,1.5985191268356966,316992,
scaled_correlated,8,g2_eps_1,g2,1.0,360,0.8873356985426226,465640,
scaled_correlated,8,g2_eps_1,g2,1.0,480,0.43772116193274746,614288,
scaled_correlated,8,g2_eps_1,g2,1.0,600,0.272782944401603,762936,
scaled_correlated,8,g2_eps_1,g2,1.0,720,0.15656205065604833,911584,
scaled_correlated,8,g2_eps_1,g2,1.0,840,0.08499579160197968,1060232,
scaled_correlated,8,g2_eps_1,g2,1.0,960,0.0349426266571391,1208880,
scaled_correlated,8,g2_eps_1,g2,1.0,1080,0.017832859456016426,1357528,
scaled_correlated,8,g2_eps_1,g2,1.0,1200,0.008165501439847844,1506176,
scaled_correlated,8,g2_eps_1,g2,1.0,1320,0.004833216501182402,1654824,
scaled_correlated,8,g2_eps_1,g2,1.0,1440,0.0028130018528287337,1803472,
scaled_correlated,8,g2_eps_1,g2,1.0,1560,0.0012916642629541286,1952120,
scaled_correlated,8,g2_eps_1,g2,1.0,1680,0.000675066919845424,2100768,
scaled_correlated,8,g2_eps_1,g2,1.0,1800,0.00044012958247474643,2249416,
scaled_correlated,8,g2_eps_1,g2,1.0,1920,0.0002371780619747632,2398064,
scaled_correlated,8,g2_eps_1,g2,1.0,2040,0.0001445468557697005,2546712,
scaled_correlated,8,g2_eps_1,g2,1.0,2160,6.95076787597948e-05,2695360,
scaled_correlated,8,g2_eps_1,g2,1.0,2280,5.5682028028414265e-05,2844008,
scaled_correlated,8,g2_eps_1,g2,1.0,2400,3.265669215490874e-05,2992656,
scaled_correlated,9,g2_eps_1,g2,1.0,0,33.37124970433512,19696,
scaled_correlated,9,g2_eps_1,g2,1.0,120,4.352364168342984,168344,
scaled_correlated,9,g2_eps_1,g2,1.0,240,2.432624449221273,316992,
scaled_correlated,9,g2_eps_1,g2,1.0,360,1.0928942310686809,465640,
scaled_correlated,9,g2_eps_1,g2,1.0,480,0.5757220965572207,614288,
scaled_correlated,9,g2_eps_1,g2,1.0,600,0.3256705365453847,762936,
scaled_correlated,9,g2_eps_1,g2,1.0,720,0.1781364670033252,911584,
scaled_correlated,9,g2_eps_1,g2,1.0,840,0.11366909988819351,1060232,
scaled_correlated,9,g2_eps_1,g2,1.0,960,0.04330976003420561,1208880,
scaled_correlated,9,g2_eps_1,g2,1.0,1080,0.028644500408236073,1357528,
scaled_correlated,9,g2_eps_1,g2,1.0,1200,0.02278378598757591,1506176,
scaled_correlated,9,g2_eps_1,g2,1.0,1320,0.012327034258173164,1654824,
scaled_correlated,9,g2_eps_1,g2,1.0,1440,0.010552962690626888,1803472,
scaled_correlated,9,g2_eps_1,g2,1.0,1560,0.004939738604857968,1952120,
scaled_correlated,9,g2_eps_1,g2,1.0,1680,0.002605739130895568,2100768,
scaled_correlated,9,g2_eps_1,g2,1.0,1800,0.00119312935046878,2249416,
scaled_correlated,9,g2_eps_1,g2,1.0,1920,0.0006189485602403622,2398064,
scaled_correlated,9,g2_eps_1,g2,1.0,2040,0.00033208962628217265,2546712,
scaled_correlated,9,g2_eps_1,g2,1.0,2160,0.000185425692472041,2695360,
scaled_correlated,9,g2_eps_1,g2,1.0,2280,7.754652637048665e-05,2844008,
scaled_correlated,9,g2_eps_1,g2,1.0,2400,5.098966371530622e-05,2992656,
scaled_correlated,10,g2_eps_1,g2,1.0,0,55.62927047254549,19696,
scaled_correlated,10,g2_eps_1,g2,1.0,120,4.099477578523981,168344,
scaled_correlated,10,g2_eps_1,g2,1.0,240,1.7071306669352393,316992,
scaled_correlated,10,g2_eps_1,g2,1.0,360,0.8278324770216856,465640,
scaled_correlated,10,g2_eps_1,g2,1.0,480,0.4490652349355191,614288,
scaled_correlated,10,g2_eps_1,g2,1.0,600,0.22240959323376464,762936,
scaled_correlated,10,g2_eps_1,g2,1.0,720,0.13757936709643914,911584,
scaled_correlated,10,g2_eps_1,g2,1.0,840,0.07409614889763416,1060232,
scaled_correlated,10,g2_eps_1,g2,1.0,960,0.04353234363035474,1208880,
scaled_correlated,10,g2_eps_1,g2,1.0,1080,0.025677004490592736,1357528,
scaled_correlated,10,g2_eps_1,g2,1.0,1200,0.01682446859144493,1506176,
scaled_correlated,10,g2_eps_1,g2,1.0,1320,0.011517714662634848,1654824,
scaled_correlated,10,g2_eps_1,g2,1.0,1440,0.008275655429187623,1803472,
scaled_correlated,10,g2_eps_1,g2,1.0,1560,0.004970070507385849,1952120,
scaled_correlated,10,g2_eps_1,g2,1.0,1680,0.0021017269073637657,2100768,
scaled_correlated,10,g2_eps_1,g2,1.0,1800,0.0009889370973792388,2249416,
scaled_correlated,10,g2_eps_1,g2,1.0,1920,0.0005718039713564771,2398064,
scaled_correlated,10,g2_eps_1,g2,1.0,2040,0.0003228197910654096,2546712,
scaled_correlated,10,g2_eps_1,g2,1.0,2160,0.00018972191827648643,2695360,
scaled_correlated,10,g2_eps_1,g2,1.0,2280,6.578362688758332e-05,2844008,
scaled_correlated,10,g2_eps_1,g2,1.0,2400,3.455079801595318e-05,2992656,
scaled_correlated,11,g2_eps_1,g2,1.0,0,126.69218421731851,19696,
scaled_correlated,11,g2_eps_1,g2,1.0,120,9.912242475536646,168344,
scaled_correlated,11,g2_eps_1,g2,1.0,240,5.792787240227462,316992,
scaled_correlated,11,g2_eps_1,g2,1.0,360,2.289078663598453,465640,
scaled_correlated,11,g2_eps_1,g2,1.0,480,1.2333860410850264,614288,
scaled_correlated,11,g2_eps_1,g2,1.0,600,0.7856964948017691,762936,
scaled_correlated,11,g2_eps_1,g2,1.0,720,0.4067767419949644,911584,
scaled_correlated,11,g2_eps_1,g2,1.0,840,0.18565265594516456,1060232,
scaled_correlated,11,g2_eps_1,g2,1.0,960,0.0810358728621634,1208880,
scaled_correlated,11,g2_eps_1,g2,1.0,1080,0.050584707645448646,1357528,
scaled_correlated,11,g2_eps_1,g2,1.0,1200,0.03036646789956743,1506176,
scaled_correlated,11,g2_eps_1,g2,1.0,1320,0.0177893620445313,1654824,
scaled_correlated,11,g2_eps_1,g2,1.0,1440,0.009249318912748716,1803472,
scaled_correlated,11,g2_eps_1,g2,1.0,1560,0.005546164122018471,1952120,
scaled_correlated,11,g2_eps_1,g2,1.0,1680,0.0029772626417754466,2100768,
scaled_correlated,11,g2_eps_1,g2,1.0,1800,0.0018267509451912467,2249416,
scaled_correlated,11,g2_eps_1,g2,1.0,1920,0.0010557482067423685,2398064,
scaled_correlated,11,g2_eps_1,g2,1.0,2040,0.0005472924153431258,2546712,
scaled_correlated,11,g2_eps_1,g2,1.0,2160,0.00033111750494407843,2695360,
scaled_correlated,11,g2_eps_1,g2,1.0,2280,0.0002197771549785621,2844008,
scaled_correlated,11,g2_eps_1,g2,1.0,2400,0.0001596549306790429,2992656,
scaled_correlated,0,g2_eps_0p5,g2,0.5,0,22.373464483790215,19696,
scaled_correlated,0,g2_eps_0p5,g2,0.5,120,5.76067089518399,168344,
scaled_correlated,0,g2_eps_0p5,g2,0.5,240,5.76067089518399,316992,
scaled_correlated,0,g2_eps_0p5,g2,0.5,360,5.76067089518399,465640,
scaled_correlated,0,g2_eps_0p5,g2,0.5,480,5.76067089518399,614288,
scaled_correlated,0,g2_eps_0p5,g2,0.5,600,5.76067089518399,762936,
scaled_correlated,0,g2_eps_0p5,g2,0.5,720,5.76067089518399,911584,
scaled_correlated,0,g2_eps_0p5,g2,0.5,840,5.76067089518399,1060232,
scaled_correlated,0,g2_eps_0p5,g2,0.5,960,5.76067089518399,1208880,
scaled_correlated,0,g2_eps_0p5,g2,0.5,1080,5.76067089518399,1357528,
scaled_correlated,0,g2_eps_0p5,g2,0.5,1200,5.76067089518399,1506176,
scaled_correlated,0,g2_eps_0p5,g2,0.5,1320,5.76067089518399,1654824,
scaled_correlated,0,g2_eps_0p5,g2,0.5,1440,5.76067089518399,1803472,
scaled_correlated,0,g2_eps_0p5,g2,0.5,1560,5.76067089518399,1952120,
scaled_correlated,0,g2_eps_0p5,g2,0.5,1680,5.76067089518399,2100768,
scaled_correlated,0,g2_eps_0p5,g2,0.5,1800,5.76067089518399,2249416,
scaled_correlated,0,g2_eps_0p5,g2,0.5,1920,5.76067089518399,2398064,
scaled_correlated,0,g2_eps_0p5,g2,0.5,2040,5.76067089518399,2546712,
scaled_correlated,0,g2_eps_0p5,g2,0.5,2160,5.76067089518399,2695360,
scaled_correlated,0,g2_eps_0p5,g2,0.5,2280,5.76067089518399,2844008,
scaled_correlated,0,g2_eps_0p5,g2,0.5,2400,5.76067089518399,2992656,
scaled_correlated,1,g2_eps_0p5,g2,0.5,0,67.99567336770971,19696,
scaled_correlated,1,g2_eps_0p5,g2,0.5,120,21.655332746230016,168344,
scaled_correlated,1,g2_eps_0p5,g2,0.5,240,21.655332746230016,316992,
scaled_correlated,1,g2_eps_0p5,g2,0.5,360,21.655332746230016,465640,
scaled_correlated,1,g2_eps_0p5,g2,0.5,480,21.655332746230016,614288,
scaled_correlated,1,g2_eps_0p5,g2,0.5,600,21.655332746230016,762936,
scaled_correlated,1,g2_eps_0p5,g2,0.5,720,21.655332746230016,911584,
scaled_correlated,1,g2_eps_0p5,g2,0.5,840,21.655332746230016,1060232,
scaled_correlated,1,g2_eps_0p5,g2,0.5,960,21.655332746230016,1208880,
scaled_correlated,1,g2_eps_0p5,g2,0.5,1080,21.655332746230016,1357528,
scaled_correlated,1,g2_eps_0p5,g2,0.5,1200,21.655332746230016,1506176,
scaled_correlated,1,g2_eps_0p5,g2,0.5,1320,21.655332746230016,1654824,
scaled_correlated,1,g2_eps_0p5,g2,0.5,1440,21.655332746230016,1803472,
scaled_correlated,1,g2_eps_0p5,g2,0.5,1560,21.655332746230016,1952120,
scaled_correlated,1,g2_eps_0p5,g2,0.5,1680,21.655332746230016,2100768,
scaled_correlated,1,g2_eps_0p5,g2,0.5,1800,21.655332746230016,2249416,
scaled_correlated,1,g2_eps_0p5,g2,0.5,1920,21.655332746230016,2398064,
scaled_correlated,1,g2_eps_0p5,g2,0.5,2040,21.655332746230016,2546712,
scaled_correlated,1,g2_eps_0p5,g2,0.5,2160,21.655332746230016,2695360,
scaled_correlated,1,g2_eps_0p5,g2,0.5,2280,21.655332746230016,2844008,
scaled_correlated,1,g2_eps_0p5,g2,0.5,2400,21.655332746230016,2992656,
scaled_correlated,2,g2_eps_0p5,g2,0.5,0,45.04757741000829,19696,
scaled_correlated,2,g2_eps_0p5,g2,0.5,120,12.606366306244293,168344,
scaled_correlated,2,g2_eps_0p5,g2,0.5,240,12.606366306244293,316992,
scaled_correlated,2,g2_eps_0p5,g2,0.5,360,12.606366306244293,465640,
scaled_correlated,2,g2_eps_0p5,g2,0.5,480,12.606366306244293,614288,
scaled_correlated,2,g2_eps_0p5,g2,0.5,600,12.606366306244293,762936,
scaled_correlated,2,g2_eps_0p5,g2,0.5,720,12.606366306244293,911584,
scaled_correlated,2,g2_eps_0p5,g2,0.5,840,12.606366306244293,1060232,
scaled_correlated,2,g2_eps_0p5,g2,0.5,960,12.606366306244293,1208880,
scaled_correlated,2,g2_eps_0p5,g2,0.5,1080,12.606366306244293,1357528,
scaled_correlated,2,g2_eps_0p5,g2,0.5,1200,12.606366306244293,1506176,
scaled_correlated,2,g2_eps_0p5,g2,0.5,1320,12.606366306244293,1654824,
scaled_correlated,2,g2_eps_0p5,g2,0.5,1440,12.606366306244293,1803472,
scaled_correlated,2,g2_eps_0p5,g2,0.5,1560,12.606366306244293,1952120,
scaled_correlated,2,g2_eps_0p5,g2,0.5,1680,9.481389570896294,2100768,
scaled_correlated,2,g2_eps_0p5,g2,0.5,1800,8.974501749969411,2249416,
scaled_correlated,2,g2_eps_0p5,g2,0.5,1920,8.55918439898492,2398064,
scaled_correlated,2,g2_eps_0p5,g2,0.5,2040,8.559184398954384,2546712,
scaled_correlated,2,g2_eps_0p5,g2,0.5,2160,8.559184398954386,2695360,
scaled_correlated,2,g2_eps_0p5,g2,0.5,2280,8.559184398954386,2844008,
scaled_correlated,2,g2_eps_0p5,g2,0.5,2400,8.559184398954386,2992656,
scaled_correlated,3,g2_eps_0p5,g2,0.5,0,119.345541391195,19696,
scaled_correlated,3,g2_eps_0p5,g2,0.5,120,13.696861292937168,168344,
scaled_correlated,3,g2_eps_0p5,g2,0.5,240,13.696861292937168,316992,
scaled_correlated,3,g2_eps_0p5,g2,0.5,360,13.696861292937168,465640,
scaled_correlated,3,g2_eps_0p5,g2,0.5,480,13.696861292937168,614288,
scaled_correlated,3,g2_eps_0p5,g2,0.5,600,13.696861292937168,762936,
scaled_correlated,3,g2_eps_0p5,g2,0.5,720,13.696861292937168,911584,
scaled_correlated,3,g2_eps_0p5,g2,0.5,840,13.696861292937168,1060232,
scaled_correlated,3,g2_eps_0p5,g2,0.5,960,13.696861292937168,1208880,
scaled_correlated,3,g2_eps_0p5,g2,0.5,1080,13.696861292937168,1357528,
scaled_correlated,3,g2_eps_0p5,g2,0.5,1200,13.696861292937168,1506176,
scaled_correlated,3,g2_eps_0p5,g2,0.5,1320,13.696861292937168,1654824,
scaled_correlated,3,g2_eps_0p5,g2,0.5,1440,13.696861292937168,1803472,
scaled_correlated,3,g2_eps_0p5,g2,0.5,1560,13.696861292937168,1952120,
scaled_correlated,3,g2_eps_0p5,g2,0.5,1680,13.696861292937168,2100768,
scaled_correlated,3,g2_eps_0p5,g2,0.5,1800,13.696861292937168,2249416,
scaled_correlated,3,g2_eps_0p5,g2,0.5,1920,13.696861292937168,2398064,
scaled_correlated,3,g2_eps_0p5,g2,0.5,2040,13.696861292937168,2546712,
scaled_correlated,3,g2_eps_0p5,g2,0.5,2160,13.696861292937168,2695360,
scaled_correlated,3,g2_eps_0p5,g2,0.5,2280,13.696861292937168,2844008,
scaled_correlated,3,g2_eps_0p5,g2,0.5,2400,13.696861292937168,2992656,
scaled_correlated,4,g2_eps_0p5,g2,0.5,0,46.05491588664258,19696,
scaled_correlated,4,g2_eps_0p5,g2,0.5,120,9.505351356352127,168344,
scaled_correlated,4,g2_eps_0p5,g2,0.5,240,7.560621833816679,316992,
scaled_correlated,4,g2_eps_0p5,g2,0.5,360,7.560621833816681,465640,
scaled_correlated,4,g2_eps_0p5,g2,0.5,480,7.560621833816681,614288,
scaled_correlated,4,g2_eps_0p5,g2,0.5,600,7.560621833816681,762936,
scaled_correlated,4,g2_eps_0p5,g2,0.5,720,7.560621833816681,911584,
scaled_correlated,4,g2_eps_0p5,g2,0.5,840,7.560621833816681,1060232,
scaled_correlated,4,g2_eps_0p5,g2,0.5,960,7.560621833816681,1208880,
scaled_correlated,4,g2_eps_0p5,g2,0.5,1080,7.560621833816681,1357528,
scaled_correlated,4,g2_eps_0p5,g2,0.5,1200,7.560621833816681,1506176,
scaled_correlated,4,g2_eps_0p5,g2,0.5,1320,7.560621833816681,1654824,
scaled_correlated,4,g2_eps_0p5,g2,0.5,1440,7.560621833816681,1803472,
scaled_correlated,4,g2_eps_0p5,g2,0.5,1560,7.560621833816681,1952120,
scaled_correlated,4,g2_eps_0p5,g2,0.5,1680,7.560621833816681,2100768,
scaled_correlated,4,g2_eps_0p5,g2,0.5,1800,7.560621833816681,2249416,
scaled_correlated,4,g2_eps_0p5,g2,0.5,1920,7.560621833816681,2398064,
scaled_correlated,4,g2_eps_0p5,g2,0.5,2040,7.560621833816681,2546712,
scaled_correlated,4,g2_eps_0p5,g2,0.5,2160,7.560621833816681,2695360,
scaled_correlated,4,g2_eps_0p5,g2,0.5,2280,7.560621833816681,2844008,
scaled_correlated,4,g2_eps_0p5,g2,0.5,2400,7.560621833816681,2992656,
scaled_correlated,5,g2_eps_0p5,g2,0.5,0,60.11994023414859,19696,
scaled_correlated,5,g2_eps_0p5,g2,0.5,120,11.383867043404946,168344,
scaled_correlated,5,g2_eps_0p5,g2,0.5,240,11.383853568197358,316992,
scaled_correlated,5,g2_eps_0p5,g2,0.5,360,11.383853568197358,465640,
scaled_correlated,5,g2_eps_0p5,g2,0.5,480,11.383853568197358,614288,
scaled_correlated,5,g2_eps_0p5,g2,0.5,600,11.383853568197358,762936,
scaled_correlated,5,g2_eps_0p5,g2,0.5,720,11.383853568197358,911584,
scaled_correlated,5,g2_eps_0p5,g2,0.5,840,11.383853568197358,1060232,
scaled_correlated,5,g2_eps_0p5,g2,0.5,960,11.383853568197358,1208880,
scaled_correlated,5,g2_eps_0p5,g2,0.5,1080,11.383853568197358,1357528,
scaled_correlated,5,g2_eps_0p5,g2,0.5,1200,11.383853568197358,1506176,
scaled_correlated,5,g2_eps_0p5,g2,0.5,1320,11.383853568197358,1654824,
scaled_correlated,5,g2_eps_0p5,g2,0.5,1440,11.383853568197358,1803472,
scaled_correlated,5,g2_eps_0p5,g2,0.5,1560,11.383853568197358,1952120,
scaled_correlated,5,g2_eps_0p5,g2,0.5,1680,11.383853568197358,2100768,
scaled_correlated,5,g2_eps_0p5,g2,0.5,1800,11.383853568197358,2249416,
scaled_correlated,5,g2_eps_0p5,g2,0.5,1920,11.383853568197358,2398064,
scaled_correlated,5,g2_eps_0p5,g2,0.5,2040,11.383853568197358,2546712,
scaled_correlated,5,g2_eps_0p5,g2,0.5,2160,11.383853568197358,2695360,
scaled_correlated,5,g2_eps_0p5,g2,0.5,2280,11.383853568197358,2844008,
scaled_correlated,5,g2_eps_0p5,g2,0.5,2400,11.383853568197358,2992656,
scaled_correlated,6,g2_eps_0p5,g2,0.5,0,51.729846587844904,19696,
scaled_correlated,6,g2_eps_0p5,g2,0.5,120,17.790192016529403,168344,
scaled_correlated,6,g2_eps_0p5,g2,0.5,240,17.790192016529403,316992,
scaled_correlated,6,g2_eps_0p5,g2,0.5,360,17.790192016529403,465640,
scaled_correlated,6,g2_eps_0p5,g2,0.5,480,17.790192016529403,614288,
scaled_correlated,6,g2_eps_0p5,g2,0.5,600,17.790192016529403,762936,
scaled_correlated,6,g2_eps_0p5,g2,0.5,720,17.790192016529403,911584,
scaled_correlated,6,g2_eps_0p5,g2,0.5,840,17.790192016529403,1060232,
scaled_correlated,6,g2_eps_0p5,g2,0.5,960,17.790192016529403,1208880,
scaled_correlated,6,g2_eps_0p5,g2,0.5,1080,17.790192016529403,1357528,
scaled_correlated,6,g2_eps_0p5,g2,0.5,1200,17.790192016529403,1506176,
scaled_correlated,6,g2_eps_0p5,g2,0.5,1320,17.790192016529403,1654824,
scaled_correlated,6,g2_eps_0p5,g2,0.5,1440,17.790192016529403,1803472,
scaled_correlated,6,g2_eps_0p5,g2,0.5,1560,17.790192016529403,1952120,
scaled_correlated,6,g2_eps_0p5,g2,0.5,1680,17.790192016529403,2100768,
scaled_correlated,6,g2_eps_0p5,g2,0.5,1800,17.790192016529403,2249416,
scaled_correlated,6,g2_eps_0p5,g2,0.5,1920,17.790192016529403,2398064,
scaled_correlated,6,g2_eps_0p5,g2,0.5,2040,17.790192016529403,2546712,
scaled_correlated,6,g2_eps_0p5,g2,0.5,2160,17.790192016529403,2695360,
scaled_correlated,6,g2_eps_0p5,g2,0.5,2280,17.790192016529403,2844008,
scaled_correlated,6,g2_eps_0p5,g2,0.5,2400,17.790192016529403,2992656,
scaled_correlated,7,g2_eps_0p5,g2,0.5,0,36.06118907602869,19696,
scaled_correlated,7,g2_eps_0p5,g2,0.5,120,5.982120645174221,168344,
scaled_correlated,7,g2_eps_0p5,g2,0.5,240,5.982120645174221,316992,
scaled_correlated,7,g2_eps_0p5,g2,0.5,360,5.982120645174221,465640,
scaled_correlated,7,g2_eps_0p5,g2,0.5,480,5.982120645174221,614288,
scaled_correlated,7,g2_eps_0p5,g2,0.5,600,5.982120645174221,762936,
scaled_correlated,7,g2_eps_0p5,g2,0.5,720,5.982120645174221,911584,
scaled_correlated,7,g2_eps_0p5,g2,0.5,840,5.982120645174221,1060232,
scaled_correlated,7,g2_eps_0p5,g2,0.5,960,5.982120645174221,1208880,
scaled_correlated,7,g2_eps_0p5,g2,0.5,1080,5.982120645174221,1357528,
scaled_correlated,7,g2_eps_0p5,g2,0.5,1200,5.982120645174221,1506176,
scaled_correlated,7,g2_eps_0p5,g2,0.5,1320,5.982120645174221,1654824,
scaled_correlated,7,g2_eps_0p5,g2,0.5,1440,5.982120645174221,1803472,
scaled_correlated,7,g2_eps_0p5,g2,0.5,1560,5.982120645174221,1952120,
scaled_correlated,7,g2_eps_0p5,g2,0.5,1680,5.982120645174221,2100768,
scaled_correlated,7,g2_eps_0p5,g2,0.5,1800,5.982120645174221,2249416,
scaled_correlated,7,g2_eps_0p5,g2,0.5,1920,5.982120645174221,2398064,
scaled_correlated,7,g2_eps_0p5,g2,0.5,2040,5.982120645174221,2546712,
scaled_correlated,7,g2_eps_0p5,g2,0.5,2160,5.982120645174221,2695360,
scaled_correlated,7,g2_eps_0p5,g2,0.5,2280,5.982120645174221,2844008,
scaled_correlated,7,g2_eps_0p5,g2,0.5,2400,5.982120645174221,2992656,
scaled_correlated,8,g2_eps_0p5,g2,0.5,0,69.57251603322415,19696,
scaled_correlated,8,g2_eps_0p5,g2,0.5,120,16.73311151144898,168344,
scaled_correlated,8,g2_eps_0p5,g2,0.5,240,16.73311151144898,316992,
scaled_correlated,8,g2_eps_0p5,g2,0.5,360,14.22073291887886,465640,
scaled_correlated,8,g2_eps_0p5,g2,0.5,480,9.595781437294665,614288,
scaled_correlated,8,g2_eps_0p5,g2,0.5,600,9.595781437294665,762936,
scaled_correlated,8,g2_eps_0p5,g2,0.5,720,9.318058869851697,911584,
scaled_correlated,8,g2_eps_0p5,g2,0.5,840,9.318058869851694,1060232,
scaled_correlated,8,g2_eps_0p5,g2,0.5,960,9.11389216968869,1208880,
scaled_correlated,8,g2_eps_0p5,g2,0.5,1080,9.11389216968869,1357528,
scaled_correlated,8,g2_eps_0p5,g2,0.5,1200,9.11389216968869,1506176,
scaled_correlated,8,g2_eps_0p5,g2,0.5,1320,9.11389216968869,1654824,
scaled_correlated,8,g2_eps_0p5,g2,0.5,1440,9.11389216968869,1803472,
scaled_correlated,8,g2_eps_0p5,g2,0.5,1560,9.11389216968869,1952120,
scaled_correlated,8,g2_eps_0p5,g2,0.5,1680,9.11389216968869,2100768,
scaled_correlated,8,g2_eps_0p5,g2,0.5,1800,9.11389216968869,2249416,
scaled_correlated,8,g2_eps_0p5,g2,0.5,1920,9.11389216968869,2398064,
scaled_correlated,8,g2_eps_0p5,g2,0.5,2040,9.11389216968869,2546712,
scaled_correlated,8,g2_eps_0p5,g2,0.5,2160,8.950593688315458,2695360,
scaled_correlated,8,g2_eps_0p5,g2,0.5,2280,8.535472349252291,2844008,
scaled_correlated,8,g2_eps_0p5,g2,0.5,2400,8.231690265263047,2992656,
scaled_correlated,9,g2_eps_0p5,g2,0.5,0,33.37124970433512,19696,
scaled_correlated,9,g2_eps_0p5,g2,0.5,120,4.685545685900241,168344,
scaled_correlated,9,g2_eps_0p5,g2,0.5,240,4.472388471172162,316992,
scaled_correlated,9,g2_eps_0p5,g2,0.5,360,4.472388471172157,465640,
scaled_correlated,9,g2_eps_0p5,g2,0.5,480,4.4572225903873415,614288,
scaled_correlated,9,g2_eps_0p5,g2,0.5,600,4.4572225903873415,762936,
scaled_correlated,9,g2_eps_0p5,g2,0.5,720,4.4572225903873415,911584,
scaled_correlated,9,g2_eps_0p5,g2,0.5,840,4.4572225903873415,1060232,
scaled_correlated,9,g2_eps_0p5,g2,0.5,960,4.4572225903873415,1208880,
scaled_correlated,9,g2_eps_0p5,g2,0.5,1080,4.4572225903873415,1357528,
scaled_correlated,9,g2_eps_0p5,g2,0.5,1200,4.4572225903873415,1506176,
scaled_correlated,9,g2_eps_0p5,g2,0.5,1320,4.4572225903873415,1654824,
scaled_correlated,9,g2_eps_0p5,g2,0.5,1440,4.4572225903873415,1803472,
scaled_correlated,9,g2_eps_0p5,g2,0.5,1560,4.4572225903873415,1952120,
scaled_correlated,9,g2_eps_0p5,g2,0.5,1680,4.4572225903873415,2100768,
scaled_correlated,9,g2_eps_0p5,g2,0.5,1800,4.4572225903873415,2249416,
scaled_correlated,9,g2_eps_0p5,g2,0.5,1920,4.4572225903873415,2398064,
scaled_correlated,9,g2_eps_0p5,g2,0.5,2040,4.4572225903873415,2546712,
scaled_correlated,9,g2_eps_0p5,g2,0.5,2160,4.4572225903873415,2695360,
scaled_correlated,9,g2_eps_0p5,g2,0.5,2280,4.4572225903873415,2844008,
scaled_correlated,9,g2_eps_0p5,g2,0.5,2400,4.4572225903873415,2992656,
scaled_correlated,10,g2_eps_0p5,g2,0.5,0,55.62927047254549,19696,
scaled_correlated,10,g2_eps_0p5,g2,0.5,120,12.38685014985582,168344,
scaled_correlated,10,g2_eps_0p5,g2,0.5,240,11.029870565433024,316992,
scaled_correlated,10,g2_eps_0p5,g2,0.5,360,11.029870565433024,465640,
scaled_correlated,10,g2_eps_0p5,g2,0.5,480,11.029870565433024,614288,
scaled_correlated,10,g2_eps_0p5,g2,0.5,600,11.029870565433024,762936,
scaled_correlated,10,g2_eps_0p5,g2,0.5,720,11.029870565433024,911584,
scaled_correlated,10,g2_eps_0p5,g2,0.5,840,11.029870565433024,1060232,
scaled_correlated,10,g2_eps_0p5,g2,0.5,960,11.029870565433024,1208880,
scaled_correlated,10,g2_eps_0p5,g2,0.5,1080,11.029870565433024,1357528,
scaled_correlated,10,g2_eps_0p5,g2,0.5,1200,11.029870565433024,1506176,
scaled_correlated,10,g2_eps_0p5,g2,0.5,1320,11.029870565433024,1654824,
scaled_correlated,10,g2_eps_0p5,g2,0.5,1440,11.029870565433024,1803472,
scaled_correlated,10,g2_eps_0p5,g2,0.5,1560,11.029870565433024,1952120,
scaled_correlated,10,g2_eps_0p5,g2,0.5,1680,11.029870565433024,2100768,
scaled_correlated,10,g2_eps_0p5,g2,0.5,1800,11.029870565433024,2249416,
scaled_correlated,10,g2_eps_0p5,g2,0.5,1920,11.029870565433024,2398064,
scaled_correlated,10,g2_eps_0p5,g2,0.5,2040,11.029870565433024,2546712,
scaled_correlated,10,g2_eps_0p5,g2,0.5,2160,11.029870565433024,2695360,
scaled_correlated,10,g2_eps_0p5,g2,0.5,2280,11.029870565433024,2844008,
scaled_correlated,10,g2_eps_0p5,g2,0.5,2400,11.029870565433024,2992656,
scaled_correlated,11,g2_eps_0p5,g2,0.5,0,126.69218421731851,19696,
scaled_correlated,11,g2_eps_0p5,g2,0.5,120,30.140917820691808,168344,
scaled_correlated,11,g2_eps_0p5,g2,0.5,240,30.140917820691808,316992,
scaled_correlated,11,g2_eps_0p5,g2,0.5,360,30.140917820691808,465640,
scaled_correlated,11,g2_eps_0p5,g2,0.5,480,30.140917820691808,614288,
scaled_correlated,11,g2_eps_0p5,g2,0.5,600,30.140917820691808,762936,
scaled_correlated,11,g2_eps_0p5,g2,0.5,720,30.140917820691808,911584,
scaled_correlated,11,g2_eps_0p5,g2,0.5,840,30.140917820691808,1060232,
scaled_correlated,11,g2_eps_0p5,g2,0.5,960,30.140917820691808,1208880,
scaled_correlated,11,g2_eps_0p5,g2,0.5,1080,30.140917820691808,1357528,
scaled_correlated,11,g2_eps_0p5,g2,0.5,1200,30.140917820691808,1506176,
scaled_correlated,11,g2_eps_0p5,g2,0.5,1320,30.140917820691808,1654824,
scaled_correlated,11,g2_eps_0p5,g2,0.5,1440,30.140917820691808,1803472,
scaled_correlated,11,g2_eps_0p5,g2,0.5,1560,30.140917820691808,1952120,
scaled_correlated,11,g2_eps_0p5,g2,0.5,1680,30.140917820691808,2100768,
scaled_correlated,11,g2_eps_0p5,g2,0.5,1800,30.140917820691808,2249416,
scaled_correlated,11,g2_eps_0p5,g2,0.5,1920,30.140917820691808,2398064,
scaled_correlated,11,g2_eps_0p5,g2,0.5,2040,30.140917820691808,2546712,
scaled_correlated,11,g2_eps_0p5,g2,0.5,2160,30.140917820691808,2695360,
scaled_correlated,11,g2_eps_0p5,g2,0.5,2280,30.140917820691808,2844008,
scaled_correlated,11,g2_eps_0p5,g2,0.5,2400,30.140917820691808,2992656,
scaled_correlated,0,g2_eps_0p25,g2,0.25,0,22.373464483790215,19696,
scaled_correlated,0,g2_eps_0p25,g2,0.25,120,4.964163544776834,168344,
scaled_correlated,0,g2_eps_0p25,g2,0.25,240,4.964163544776834,316992,
scaled_correlated,0,g2_eps_0p25,g2,0.25,360,4.964163544776834,465640,
scaled_correlated,0,g2_eps_0p25,g2,0.25,480,4.964163544776834,614288,
scaled_correlated,0,g2_eps_0p25,g2,0.25,600,4.964163544776834,762936,
scaled_correlated,0,g2_eps_0p25,g2,0.25,720,4.964163544776834,911584,
scaled_correlated,0,g2_eps_0p25,g2,0.25,840,4.964163544776834,1060232,
scaled_correlated,0,g2_eps_0p25,g2,0.25,960,4.964163544776834,1208880,
scaled_correlated,0,g2_eps_0p25,g2,0.25,1080,4.964163544776834,1357528,
scaled_correlated,0,g2_eps_0p25,g2,0.25,1200,4.964163544776834,1506176,
scaled_correlated,0,g2_eps_0p25,g2,0.25,1320,4.964163544776834,1654824,
scaled_correlated,0,g2_eps_0p25,g2,0.25,1440,4.964163544776834,1803472,
scaled_correlated,0,g2_eps_0p25,g2,0.25,1560,4.964163544776834,1952120,
scaled_correlated,0,g2_eps_0p25,g2,0.25,1680,4.964163544776834,2100768,
scaled_correlated,0,g2_eps_0p25,g2,0.25,1800,4.964163544776834,2249416,
scaled_correlated,0,g2_eps_0p25,g2,0.25,1920,4.964163544776834,2398064,
scaled_correlated,0,g2_eps_0p25,g2,0.25,2040,4.964163544776834,2546712,
scaled_correlated,0,g2_eps_0p25,g2,0.25,2160,4.964163544776834,2695360,
scaled_correlated,0,g2_eps_0p25,g2,0.25,2280,4.964163544776834,2844008,
scaled_correlated,0,g2_eps_0p25,g2,0.25,2400,4.964163544776834,2992656,
scaled_correlated,1,g2_eps_0p25,g2,0.25,0,67.99567336770971,19696,
scaled_correlated,1,g2_eps_0p25,g2,0.25,120,12.885281339234522,168344,
scaled_correlated,1,g2_eps_0p25,g2,0.25,240,12.885281339234522,316992,
scaled_correlated,1,g2_eps_0p25,g2,0.25,360,12.885281339234522,465640,
scaled_correlated,1,g2_eps_0p25,g2,0.25,480,12.885281339234522,614288,
scaled_correlated,1,g2_eps_0p25,g2,0.25,600,12.885281339234522,762936,
scaled_correlated,1,g2_eps_0p25,g2,0.25,720,12.885281339234522,911584,
scaled_correlated,1,g2_eps_0p25,g2,0.25,840,12.885281339234522,1060232,
scaled_correlated,1,g2_eps_0p25,g2,0.25,960,12.885281339234522,1208880,
scaled_correlated,1,g2_eps_0p25,g2,0.25,1080,12.885281339234522,1357528,
scaled_correlated,1,g2_eps_0p25,g2,0.25,1200,12.885281339234522,1506176,
scaled_correlated,1,g2_eps_0p25,g2,0.25,1320,12.885281339234522,1654824,
scaled_correlated,1,g2_eps_0p25,g2,0.25,1440,12.885281339234522,1803472,
scaled_correlated,1,g2_eps_0p25,g2,0.25,1560,12.885281339234522,1952120,
scaled_correlated,1,g2_eps_0p25,g2,0.25,1680,12.885281339234522,2100768,
scaled_correlated,1,g2_eps_0p25,g2,0.25,1800,12.885281339234522,2249416,
scaled_correlated,1,g2_eps_0p25,g2,0.25,1920,12.885281339234522,2398064,
scaled_correlated,1,g2_eps_0p25,g2,0.25,2040,12.885281339234522,2546712,
scaled_correlated,1,g2_eps_0p25,g2,0.25,2160,12.885281339234522,2695360,
scaled_correlated,1,g2_eps_0p25,g2,0.25,2280,12.885281339234522,2844008,
scaled_correlated,1,g2_eps_0p25,g2,0.25,2400,12.885281339234522,2992656,
scaled_correlated,2,g2_eps_0p25,g2,0.25,0,45.04757741000829,19696,
scaled_correlated,2,g2_eps_0p25,g2,0.25,120,7.523704452700677,168344,
scaled_correlated,2,g2_eps_0p25,g2,0.25,240,7.523704452700677,316992,
scaled_correlated,2,g2_eps_0p25,g2,0.25,360,7.523704452700677,465640,
scaled_correlated,2,g2_eps_0p25,g2,0.25,480,7.523704452700677,614288,
scaled_correlated,2,g2_eps_0p25,g2,0.25,600,7.523704452700677,762936,
scaled_correlated,2,g2_eps_0p25,g2,0.25,720,7.523704452700677,911584,
scaled_correlated,2,g2_eps_0p25,g2,0.25,840,7.523704452700677,1060232,
scaled_correlated,2,g2_eps_0p25,g2,0.25,960,7.523704452700677,1208880,
scaled_correlated,2,g2_eps_0p25,g2,0.25,1080,7.523704452700677,1357528,
scaled_correlated,2,g2_eps_0p25,g2,0.25,1200,7.523704452700677,1506176,
scaled_correlated,2,g2_eps_0p25,g2,0.25,1320,6.888051781983782,1654824,
scaled_correlated,2,g2_eps_0p25,g2,0.25,1440,6.888051781983782,1803472,
scaled_correlated,2,g2_eps_0p25,g2,0.25,1560,6.868962153332028,1952120,
scaled_correlated,2,g2_eps_0p25,g2,0.25,1680,6.868962153332028,2100768,
scaled_correlated,2,g2_eps_0p25,g2,0.25,1800,6.868962153332028,2249416,
scaled_correlated,2,g2_eps_0p25,g2,0.25,1920,6.868962153332028,2398064,
scaled_correlated,2,g2_eps_0p25,g2,0.25,2040,6.868962153332028,2546712,
scaled_correlated,2,g2_eps_0p25,g2,0.25,2160,6.868962153332028,2695360,
scaled_correlated,2,g2_eps_0p25,g2,0.25,2280,6.8689621533320295,2844008,
scaled_correlated,2,g2_eps_0p25,g2,0.25,2400,6.868962153332028,2992656,
scaled_correlated,3,g2_eps_0p25,g2,0.25,0,119.345541391195,19696,
scaled_correlated,3,g2_eps_0p25,g2,0.25,120,11.702544748920658,168344,
scaled_correlated,3,g2_eps_0p25,g2,0.25,240,11.702522664723851,316992,
scaled_correlated,3,g2_eps_0p25,g2,0.25,360,11.440285852292533,465640,
scaled_correlated,3,g2_eps_0p25,g2,0.25,480,11.440284920059284,614288,
scaled_correlated,3,g2_eps_0p25,g2,0.25,600,11.440284920059284,762936,
scaled_correlated,3,g2_eps_0p25,g2,0.25,720,11.440284920059284,911584,
scaled_correlated,3,g2_eps_0p25,g2,0.25,840,11.440284920059284,1060232,
scaled_correlated,3,g2_eps_0p25,g2,0.25,960,11.440284920059284,1208880,
scaled_correlated,3,g2_eps_0p25,g2,0.25,1080,11.440284920059284,1357528,
scaled_correlated,3,g2_eps_0p25,g2,0.25,1200,11.440284920059284,1506176,
scaled_correlated,3,g2_eps_0p25,g2,0.25,1320,11.440284920059284,1654824,
scaled_correlated,3,g2_eps_0p25,g2,0.25,1440,11.440284920059284,1803472,
scaled_correlated,3,g2_eps_0p25,g2,0.25,1560,11.440284920059284,1952120,
scaled_correlated,3,g2_eps_0p25,g2,0.25,1680,11.440284920059284,2100768,
scaled_correlated,3,g2_eps_0p25,g2,0.25,1800,11.440284920059284,2249416,
scaled_correlated,3,g2_eps_0p25,g2,0.25,1920,11.440284920059284,2398064,
scaled_correlated,3,g2_eps_0p25,g2,0.25,2040,11.440284920059284,2546712,
scaled_correlated,3,g2_eps_0p25,g2,0.25,2160,11.440284920059284,2695360,
scaled_correlated,3,g2_eps_0p25,g2,0.25,2280,11.440284920059284,2844008,
scaled_correlated,3,g2_eps_0p25,g2,0.25,2400,11.440284920059284,2992656,
scaled_correlated,4,g2_eps_0p25,g2,0.25,0,46.05491588664258,19696,
scaled_correlated,4,g2_eps_0p25,g2,0.25,120,9.534976835471866,168344,
scaled_correlated,4,g2_eps_0p25,g2,0.25,240,9.423530990083115,316992,
scaled_correlated,4,g2_eps_0p25,g2,0.25,360,9.423530990083115,465640,
scaled_correlated,4,g2_eps_0p25,g2,0.25,480,9.423530990083115,614288,
scaled_correlated,4,g2_eps_0p25,g2,0.25,600,9.423530990083115,762936,
scaled_correlated,4,g2_eps_0p25,g2,0.25,720,9.423530990083115,911584,
scaled_correlated,4,g2_eps_0p25,g2,0.25,840,9.423530990083115,1060232,
scaled_correlated,4,g2_eps_0p25,g2,0.25,960,9.423530990083115,1208880,
scaled_correlated,4,g2_eps_0p25,g2,0.25,1080,9.423530990083115,1357528,
scaled_correlated,4,g2_eps_0p25,g2,0.25,1200,9.423530990083115,1506176,
scaled_correlated,4,g2_eps_0p25,g2,0.25,1320,9.423530990083115,1654824,
scaled_correlated,4,g2_eps_0p25,g2,0.25,1440,9.423530990083115,1803472,
scaled_correlated,4,g2_eps_0p25,g2,0.25,1560,9.423530990083115,1952120,
scaled_correlated,4,g2_eps_0p25,g2,0.25,1680,9.423530990083115,2100768,
scaled_correlated,4,g2_eps_0p25,g2,0.25,1800,9.423530990083115,2249416,
scaled_correlated,4,g2_eps_0p25,g2,0.25,1920,9.423530990083115,2398064,
scaled_correlated,4,g2_eps_0p25,g2,0.25,2040,9.423530990083115,2546712,
scaled_correlated,4,g2_eps_0p25,g2,0.25,2160,9.423530990083115,2695360,
scaled_correlated,4,g2_eps_0p25,g2,0.25,2280,9.423530990083115,2844008,
scaled_correlated,4,g2_eps_0p25,g2,0.25,2400,9.423530990083115,2992656,
scaled_correlated,5,g2_eps_0p25,g2,0.25,0,60.11994023414859,19696,
scaled_correlated,5,g2_eps_0p25,g2,0.25,120,8.985932260795266,168344,
scaled_correlated,5,g2_eps_0p25,g2,0.25,240,8.985932260795266,316992,
scaled_correlated,5,g2_eps_0p25,g2,0.25,360,8.985932260795266,465640,
scaled_correlated,5,g2_eps_0p25,g2,0.25,480,8.985932260795266,614288,
scaled_correlated,5,g2_eps_0p25,g2,0.25,600,8.985932260795266,762936,
scaled_correlated,5,g2_eps_0p25,g2,0.25,720,8.985932260795266,911584,
scaled_correlated,5,g2_eps_0p25,g2,0.25,840,8.985932260795266,1060232,
scaled_correlated,5,g2_eps_0p25,g2,0.25,960,8.985932260795266,1208880,
scaled_correlated,5,g2_eps_0p25,g2,0.25,1080,8.985932260795266,1357528,
scaled_correlated,5,g2_eps_0p25,g2,0.25,1200,8.985932260795266,1506176,
scaled_correlated,5,g2_eps_0p25,g2,0.25,1320,8.985932260795266,1654824,
scaled_correlated,5,g2_eps_0p25,g2,0.25,1440,8.985932260795266,1803472,
scaled_correlated,5,g2_eps_0p25,g2,0.25,1560,8.985932260795266,1952120,
scaled_correlated,5,g2_eps_0p25,g2,0.25,1680,8.985932260795266,2100768,
scaled_correlated,5,g2_eps_0p25,g2,0.25,1800,8.985932260795266,2249416,
scaled_correlated,5,g2_eps_0p25,g2,0.25,1920,8.985932260795266,2398064,
scaled_correlated,5,g2_eps_0p25,g2,0.25,2040,8.985932260795266,2546712,
scaled_correlated,5,g2_eps_0p25,g2,0.25,2160,8.985932260795266,2695360,
scaled_correlated,5,g2_eps_0p25,g2,0.25,2280,8.985932260795266,2844008,
scaled_correlated,5,g2_eps_0p25,g2,0.25,2400,8.985932260795266,2992656,
scaled_correlated,6,g2_eps_0p25,g2,0.25,0,51.729846587844904,19696,
scaled_correlated,6,g2_eps_0p25,g2,0.25,120,9.048840088641377,168344,
scaled_correlated,6,g2_eps_0p25,g2,0.25,240,9.048840088641377,316992,
scaled_correlated,6,g2_eps_0p25,g2,0.25,360,9.048840088641377,465640,
scaled_correlated,6,g2_eps_0p25,g2,0.25,480,9.048840088641377,614288,
scaled_correlated,6,g2_eps_0p25,g2,0.25,600,9.048840088641377,762936,
scaled_correlated,6,g2_eps_0p25,g2,0.25,720,9.048840088641377,911584,
scaled_correlated,6,g2_eps_0p25,g2,0.25,840,9.048840088641377,1060232,
scaled_correlated,6,g2_eps_0p25,g2,0.25,960,9.048840088641377,1208880,
scaled_correlated,6,g2_eps_0p25,g2,0.25,1080,9.048840088641377,1357528,
scaled_correlated,6,g2_eps_0p25,g2,0.25,1200,9.048840088641377,1506176,
scaled_correlated,6,g2_eps_0p25,g2,0.25,1320,9.048840088641377,1654824,
scaled_correlated,6,g2_eps_0p25,g2,0.25,1440,6.327580039165811,1803472,
scaled_correlated,6,g2_eps_0p25,g2,0.25,1560,3.7633851646460514,1952120,
scaled_correlated,6,g2_eps_0p25,g2,0.25,1680,3.763385164646048,2100768,
scaled_correlated,6,g2_eps_0p25,g2,0.25,1800,3.763385164646048,2249416,
scaled_correlated,6,g2_eps_0p25,g2,0.25,1920,3.763385164646048,2398064,
scaled_correlated,6,g2_eps_0p25,g2,0.25,2040,3.763385164646048,2546712,
scaled_correlated,6,g2_eps_0p25,g2,0.25,2160,3.763385164646048,2695360,
scaled_correlated,6,g2_eps_0p25,g2,0.25,2280,3.763385164646048,2844008,
scaled_correlated,6,g2_eps_0p25,g2,0.25,2400,3.763385164646048,2992656,
scaled_correlated,7,g2_eps_0p25,g2,0.25,0,36.06118907602869,19696,
scaled_correlated,7,g2_eps_0p25,g2,0.25,120,5.655349970930656,168344,
scaled_correlated,7,g2_eps_0p25,g2,0.25,240,4.906232201433953,316992,
scaled_correlated,7,g2_eps_0p25,g2,0.25,360,4.906232201433953,465640,
scaled_correlated,7,g2_eps_0p25,g2,0.25,480,4.906232201433953,614288,
scaled_correlated,7,g2_eps_0p25,g2,0.25,600,4.906232201433953,762936,
scaled_correlated,7,g2_eps_0p25,g2,0.25,720,4.906232201433953,911584,
scaled_correlated,7,g2_eps_0p25,g2,0.25,840,4.906232201433953,1060232,
scaled_correlated,7,g2_eps_0p25,g2,0.25,960,4.906232201433953,1208880,
scaled_correlated,7,g2_eps_0p25,g2,0.25,1080,4.906232201433953,1357528,
scaled_correlated,7,g2_eps_0p25,g2,0.25,1200,4.906232201433953,1506176,
scaled_correlated,7,g2_eps_0p25,g2,0.25,1320,4.906232201433953,1654824,
scaled_correlated,7,g2_eps_0p25,g2,0.25,1440,4.906232201433953,1803472,
scaled_correlated,7,g2_eps_0p25,g2,0.25,1560,4.906232201433953,1952120,
scaled_correlated,7,g2_eps_0p25,g2,0.25,1680,4.906232201433953,2100768,
scaled_correlated,7,g2_eps_0p25,g2,0.25,1800,4.906232201433953,2249416,
scaled_correlated,7,g2_eps_0p25,g2,0.25,1920,4.906232201433953,2398064,
scaled_correlated,7,g2_eps_0p25,g2,0.25,2040,4.906232201433953,2546712,
scaled_correlated,7,g2_eps_0p25,g2,0.25,2160,4.906232201433953,2695360,
scaled_correlated,7,g2_eps_0p25,g2,0.25,2280,4.906232201433953,2844008,
scaled_correlated,7,g2_eps_0p25,g2,0.25,2400,4.906232201433953,2992656,
scaled_correlated,8,g2_eps_0p25,g2,0.25,0,69.57251603322415,19696,
scaled_correlated,8,g2_eps_0p25,g2,0.25,120,6.159148155304771,168344,
scaled_correlated,8,g2_eps_0p25,g2,0.25,240,6.159148155304771,316992,
scaled_correlated,8,g2_eps_0p25,g2,0.25,360,5.977088892192092,465640,
scaled_correlated,8,g2_eps_0p25,g2,0.25,480,5.798803208458778,614288,
scaled_correlated,8,g2_eps_0p25,g2,0.25,600,5.709991750428887,762936,
scaled_correlated,8,g2_eps_0p25,g2,0.25,720,5.709991750428885,911584,
scaled_correlated,8,g2_eps_0p25,g2,0.25,840,5.709991750428885,1060232,
scaled_correlated,8,g2_eps_0p25,g2,0.25,960,5.709991750428885,1208880,
scaled_correlated,8,g2_eps_0p25,g2,0.25,1080,5.685980253804902,1357528,
scaled_correlated,8,g2_eps_0p25,g2,0.25,1200,5.685980253804902,1506176,
scaled_correlated,8,g2_eps_0p25,g2,0.25,1320,5.685980253804902,1654824,
scaled_correlated,8,g2_eps_0p25,g2,0.25,1440,5.685980253804902,1803472,
scaled_correlated,8,g2_eps_0p25,g2,0.25,1560,5.685980253804902,1952120,
scaled_correlated,8,g2_eps_0p25,g2,0.25,1680,5.685980253804902,2100768,
scaled_correlated,8,g2_eps_0p25,g2,0.25,1800,5.685980253804902,2249416,
scaled_correlated,8,g2_eps_0p25,g2,0.25,1920,5.685980253804902,2398064,
scaled_correlated,8,g2_eps_0p25,g2,0.25,2040,5.685980253804902,2546712,
scaled_correlated,8,g2_eps_0p25,g2,0.25,2160,5.685980253804902,2695360,
scaled_correlated,8,g2_eps_0p25,g2,0.25,2280,5.685980253804902,2844008,
scaled_correlated,8,g2_eps_0p25,g2,0.25,2400,5.685980253804902,2992656,
scaled_correlated,9,g2_eps_0p25,g2,0.25,0,33.37124970433512,19696,
scaled_correlated,9,g2_eps_0p25,g2,0.25,120,3.2611503980981214,168344,
scaled_correlated,9,g2_eps_0p25,g2,0.25,240,3.021072039898809,316992,
scaled_correlated,9,g2_eps_0p25,g2,0.25,360,2.9899537944266674,465640,
scaled_correlated,9,g2_eps_0p25,g2,0.25,480,2.485375706382868,614288,
scaled_correlated,9,g2_eps_0p25,g2,0.25,600,2.4853751944185767,762936,
scaled_correlated,9,g2_eps_0p25,g2,0.25,720,2.3251060092971914,911584,
scaled_correlated,9,g2_eps_0p25,g2,0.25,840,2.324741878077865,1060232,
scaled_correlated,9,g2_eps_0p25,g2,0.25,960,2.3247409526159295,1208880,
scaled_correlated,9,g2_eps_0p25,g2,0.25,1080,2.3130636387347785,1357528,
scaled_correlated,9,g2_eps_0p25,g2,0.25,1200,2.3130636387347785,1506176,
scaled_correlated,9,g2_eps_0p25,g2,0.25,1320,2.3130636387347785,1654824,
scaled_correlated,9,g2_eps_0p25,g2,0.25,1440,2.3130636387347785,1803472,
scaled_correlated,9,g2_eps_0p25,g2,0.25,1560,2.3130636387347785,1952120,
scaled_correlated,9,g2_eps_0p25,g2,0.25,1680,2.3130636387347785,2100768,
scaled_correlated,9,g2_eps_0p25,g2,0.25,1800,2.3130636387347785,2249416,
scaled_correlated,9,g2_eps_0p25,g2,0.25,1920,2.3130636387347785,2398064,
scaled_correlated,9,g2_eps_0p25,g2,0.25,2040,2.3130636387347785,2546712,
scaled_correlated,9,g2_eps_0p25,g2,0.25,2160,2.3130636387347785,2695360,
scaled_correlated,9,g2_eps_0p25,g2,0.25,2280,2.3130636387347785,2844008,
scaled_correlated,9,g2_eps_0p25,g2,0.25,2400,2.3130636387347785,2992656,
scaled_correlated,10,g2_eps_0p25,g2,0.25,0,55.62927047254549,19696,
scaled_correlated,10,g2_eps_0p25,g2,0.25,120,7.638721955675631,168344,
scaled_correlated,10,g2_eps_0p25,g2,0.25,240,6.3252851789739974,316992,
scaled_correlated,10,g2_eps_0p25,g2,0.25,360,6.325277341822037,465640,
scaled_correlated,10,g2_eps_0p25,g2,0.25,480,6.325277341822037,614288,
scaled_correlated,10,g2_eps_0p25,g2,0.25,600,6.1595434691554125,762936,
scaled_correlated,10,g2_eps_0p25,g2,0.25,720,6.159543457088647,911584,
scaled_correlated,10,g2_eps_0p25,g2,0.25,840,5.991584036557281,1060232,
scaled_correlated,10,g2_eps_0p25,g2,0.25,960,5.991211290089112,1208880,
scaled_correlated,10,g2_eps_0p25,g2,0.25,1080,5.99121129008911,1357528,
scaled_correlated,10,g2_eps_0p25,g2,0.25,1200,5.99121129008911,1506176,
scaled_correlated,10,g2_eps_0p25,g2,0.25,1320,5.99121129008911,1654824,
scaled_correlated,10,g2_eps_0p25,g2,0.25,1440,5.99121129008911,1803472,
scaled_correlated,10,g2_eps_0p25,g2,0.25,1560,5.99121129008911,1952120,
scaled_correlated,10,g2_eps_0p25,g2,0.25,1680,5.99121129008911,2100768,
scaled_correlated,10,g2_eps_0p25,g2,0.25,1800,5.99121129008911,2249416,
scaled_correlated,10,g2_eps_0p25,g2,0.25,1920,5.99121129008911,2398064,
scaled_correlated,10,g2_eps_0p25,g2,0.25,2040,5.99121129008911,2546712,
scaled_correlated,10,g2_eps_0p25,g2,0.25,2160,5.99121129008911,2695360,
scaled_correlated,10,g2_eps_0p25,g2,0.25,2280,5.99121129008911,2844008,
scaled_correlated,10,g2_eps_0p25,g2,0.25,2400,5.99121129008911,2992656,
scaled_correlated,11,g2_eps_0p25,g2,0.25,0,126.69218421731851,19696,
scaled_correlated,11,g2_eps_0p25,g2,0.25,120,21.37161379800641,168344,
scaled_correlated,11,g2_eps_0p25,g2,0.25,240,21.37161379800641,316992,
scaled_correlated,11,g2_eps_0p25,g2,0.25,360,21.37161379800641,465640,
scaled_correlated,11,g2_eps_0p25,g2,0.25,480,21.37161379800641,614288,
scaled_correlated,11,g2_eps_0p25,g2,0.25,600,21.37161379800641,762936,
scaled_correlated,11,g2_eps_0p25,g2,0.25,720,21.37161379800641,911584,
scaled_correlated,11,g2_eps_0p25,g2,0.25,840,21.37161379800641,1060232,
scaled_correlated,11,g2_eps_0p25,g2,0.25,960,21.37161379800641,1208880,
scaled_correlated,11,g2_eps_0p25,g2,0.25,1080,21.37161379800641,1357528,
scaled_correlated,11,g2_eps_0p25,g2,0.25,1200,21.37161379800641,1506176,
scaled_correlated,11,g2_eps_0p25,g2,0.25,1320,21.37161379800641,1654824,
scaled_correlated,11,g2_eps_0p25,g2,0.25,1440,21.37161379800641,1803472,
scaled_correlated,11,g2_eps_0p25,g2,0.25,1560,21.37161379800641,1952120,
scaled_correlated,11,g2_eps_0p25,g2,0.25,1680,21.37161379800641,2100768,
scaled_correlated,11,g2_eps_0p25,g2,0.25,1800,21.37161379800641,2249416,
scaled_correlated,11,g2_eps_0p25,g2,0.25,1920,21.37161379800641,2398064,
scaled_correlated,11,g2_eps_0p25,g2,0.25,2040,21.37161379800641,2546712,
scaled_correlated,11,g2_eps_0p25,g2,0.25,2160,21.37161379800641,2695360,
scaled_correlated,11,g2_eps_0p25,g2,0.25,2280,21.37161379800641,2844008,
scaled_correlated,11,g2_eps_0p25,g2,0.25,2400,21.37161379800641,2992656,
scaled_correlated,0,g2_eps_0p125,g2,0.125,0,22.373464483790215,19696,
scaled_correlated,0,g2_eps_0p125,g2,0.125,120,2.843746286436548,168344,
scaled_correlated,0,g2_eps_0p125,g2,0.125,240,2.8097879190713066,316992,
scaled_correlated,0,g2_eps_0p125,g2,0.125,360,2.6895264613615075,465640,
scaled_correlated,0,g2_eps_0p125,g2,0.125,480,2.6602779757052795,614288,
scaled_correlated,0,g2_eps_0p125,g2,0.125,600,2.6602769819678644,762936,
scaled_correlated,0,g2_eps_0p125,g2,0.125,720,2.6602769819338214,911584,
scaled_correlated,0,g2_eps_0p125,g2,0.125,840,2.6602769819338197,1060232,
scaled_correlated,0,g2_eps_0p125,g2,0.125,960,2.6602769819338197,1208880,
scaled_correlated,0,g2_eps_0p125,g2,0.125,1080,2.6602769819338197,1357528,
scaled_correlated,0,g2_eps_0p125,g2,0.125,1200,2.6575589168845064,1506176,
scaled_correlated,0,g2_eps_0p125,g2,0.125,1320,2.6575589168845064,1654824,
scaled_correlated,0,g2_eps_0p125,g2,0.125,1440,2.6575589168845064,1803472,
scaled_correlated,0,g2_eps_0p125,g2,0.125,1560,2.6575589168845064,1952120,
scaled_correlated,0,g2_eps_0p125,g2,0.125,1680,2.6575589168845064,2100768,
scaled_correlated,0,g2_eps_0p125,g2,0.125,1800,2.6575589168845064,2249416,
scaled_correlated,0,g2_eps_0p125,g2,0.125,1920,2.6575589168845064,2398064,
scaled_correlated,0,g2_eps_0p125,g2,0.125,2040,2.6575589168845064,2546712,
scaled_correlated,0,g2_eps_0p125,g2,0.125,2160,2.6575589168845064,2695360,
scaled_correlated,0,g2_eps_0p125,g2,0.125,2280,2.6575589168845064,2844008,
scaled_correlated,0,g2_eps_0p125,g2,0.125,2400,2.6575589168845064,2992656,
scaled_correlated,1,g2_eps_0p125,g2,0.125,0,67.99567336770971,19696,
scaled_correlated,1,g2_eps_0p125,g2,0.125,120,7.623564744740914,168344,
scaled_correlated,1,g2_eps_0p125,g2,0.125,240,7.623564744740914,316992,
scaled_correlated,1,g2_eps_0p125,g2,0.125,360,7.623564744740914,465640,
scaled_correlated,1,g2_eps_0p125,g2,0.125,480,7.623564744740914,614288,
scaled_correlated,1,g2_eps_0p125,g2,0.125,600,7.623564744740914,762936,
scaled_correlated,1,g2_eps_0p125,g2,0.125,720,7.623564744740914,911584,
scaled_correlated,1,g2_eps_0p125,g2,0.125,840,7.623564744740914,1060232,
scaled_correlated,1,g2_eps_0p125,g2,0.125,960,7.623564744740914,1208880,
scaled_correlated,1,g2_eps_0p125,g2,0.125,1080,7.623564744740914,1357528,
scaled_correlated,1,g2_eps_0p125,g2,0.125,1200,7.623564744740914,1506176,
scaled_correlated,1,g2_eps_0p125,g2,0.125,1320,7.623564744740914,1654824,
scaled_correlated,1,g2_eps_0p125,g2,0.125,1440,7.623564744740914,1803472,
scaled_correlated,1,g2_eps_0p125,g2,0.125,1560,7.623564744740914,1952120,
scaled_correlated,1,g2_eps_0p125,g2,0.125,1680,7.623564744740914,2100768,
scaled_correlated,1,g2_eps_0p125,g2,0.125,1800,7.623564744740914,2249416,
scaled_correlated,1,g2_eps_0p125,g2,0.125,1920,7.623564744740914,2398064,
scaled_correlated,1,g2_eps_0p125,g2,0.125,2040,7.623564744740914,2546712,
scaled_correlated,1,g2_eps_0p125,g2,0.125,2160,7.623564744740914,2695360,
scaled_correlated,1,g2_eps_0p125,g2,0.125,2280,7.623564744740914,2844008,
scaled_correlated,1,g2_eps_0p125,g2,0.125,2400,7.623564744740914,2992656,
scaled_correlated,2,g2_eps_0p125,g2,0.125,0,45.04757741000829,19696,
scaled_correlated,2,g2_eps_0p125,g2,0.125,120,4.160052912098009,168344,
scaled_correlated,2,g2_eps_0p125,g2,0.125,240,4.160052912098009,316992,
scaled_correlated,2,g2_eps_0p125,g2,0.125,360,4.160052912098009,465640,
scaled_correlated,2,g2_eps_0p125,g2,0.125,480,4.160052912098009,614288,
scaled_correlated,2,g2_eps_0p125,g2,0.125,600,4.160052912098009,762936,
scaled_correlated,2,g2_eps_0p125,g2,0.125,720,4.160052912098009,911584,
scaled_correlated,2,g2_eps_0p125,g2,0.125,840,4.160052912098009,1060232,
scaled_correlated,2,g2_eps_0p125,g2,0.125,960,4.160052912098009,1208880,
scaled_correlated,2,g2_eps_0p125,g2,0.125,1080,4.160052912098009,1357528,
scaled_correlated,2,g2_eps_0p125,g2,0.125,1200,4.160052912098009,1506176,
scaled_correlated,2,g2_eps_0p125,g2,0.125,1320,4.160052912098009,1654824,
scaled_correlated,2,g2_eps_0p125,g2,0.125,1440,4.160052912098009,1803472,
scaled_correlated,2,g2_eps_0p125,g2,0.125,1560,4.160052912098009,1952120,
scaled_correlated,2,g2_eps_0p125,g2,0.125,1680,4.160052912098009,2100768,
scaled_correlated,2,g2_eps_0p125,g2,0.125,1800,4.160052912098009,2249416,
scaled_correlated,2,g2_eps_0p125,g2,0.125,1920,4.160052912098009,2398064,
scaled_correlated,2,g2_eps_0p125,g2,0.125,2040,4.160052912098009,2546712,
scaled_correlated,2,g2_eps_0p125,g2,0.125,2160,4.160052912098009,2695360,
scaled_correlated,2,g2_eps_0p125,g2,0.125,2280,4.160052912098009,2844008,
scaled_correlated,2,g2_eps_0p125,g2,0.125,2400,4.160052912098009,2992656,
scaled_correlated,3,g2_eps_0p125,g2,0.125,0,119.345541391195,19696,
scaled_correlated,3,g2_eps_0p125,g2,0.125,120,14.879640807365647,168344,
scaled_correlated,3,g2_eps_0p125,g2,0.125,240,14.879640807365647,316992,
scaled_correlated,3,g2_eps_0p125,g2,0.125,360,14.879640807365647,465640,
scaled_correlated,3,g2_eps_0p125,g2,0.125,480,14.879640807365647,614288,
scaled_correlated,3,g2_eps_0p125,g2,0.125,600,14.879640807365647,762936,
scaled_correlated,3,g2_eps_0p125,g2,0.125,720,14.879640807365647,911584,
scaled_correlated,3,g2_eps_0p125,g2,0.125,840,14.879640807365647,1060232,
scaled_correlated,3,g2_eps_0p125,g2,0.125,960,14.879640807365647,1208880,
scaled_correlated,3,g2_eps_0p125,g2,0.125,1080,14.879640807365647,1357528,
scaled_correlated,3,g2_eps_0p125,g2,0.125,1200,14.877052132899468,1506176,
scaled_correlated,3,g2_eps_0p125,g2,0.125,1320,14.877052132702559,1654824,
scaled_correlated,3,g2_eps_0p125,g2,0.125,1440,14.877052132702559,1803472,
scaled_correlated,3,g2_eps_0p125,g2,0.125,1560,14.877052132702559,1952120,
scaled_correlated,3,g2_eps_0p125,g2,0.125,1680,14.877052132702559,2100768,
scaled_correlated,3,g2_eps_0p125,g2,0.125,1800,14.877052132702559,2249416,
scaled_correlated,3,g2_eps_0p125,g2,0.125,1920,14.877052132702559,2398064,
scaled_correlated,3,g2_eps_0p125,g2,0.125,2040,14.877052132702559,2546712,
scaled_correlated,3,g2_eps_0p125,g2,0.125,2160,14.877052132702559,2695360,
scaled_correlated,3,g2_eps_0p125,g2,0.125,2280,14.877052132702559,2844008,
scaled_correlated,3,g2_eps_0p125,g2,0.125,2400,14.877052132702559,2992656,
scaled_correlated,4,g2_eps_0p125,g2,0.125,0,46.05491588664258,19696,
scaled_correlated,4,g2_eps_0p125,g2,0.125,120,6.240781809866359,168344,
scaled_correlated,4,g2_eps_0p125,g2,0.125,240,5.239052891420679,316992,
scaled_correlated,4,g2_eps_0p125,g2,0.125,360,5.239052891420679,465640,
scaled_correlated,4,g2_eps_0p125,g2,0.125,480,5.239052891420679,614288,
scaled_correlated,4,g2_eps_0p125,g2,0.125,600,5.239052891420679,762936,
scaled_correlated,4,g2_eps_0p125,g2,0.125,720,5.239052891420679,911584,
scaled_correlated,4,g2_eps_0p125,g2,0.125,840,5.239052891420679,1060232,
scaled_correlated,4,g2_eps_0p125,g2,0.125,960,5.239052891420679,1208880,
scaled_correlated,4,g2_eps_0p125,g2,0.125,1080,5.239052891420679,1357528,
scaled_correlated,4,g2_eps_0p125,g2,0.125,1200,5.239052891420679,1506176,
scaled_correlated,4,g2_eps_0p125,g2,0.125,1320,5.239052891420679,1654824,
scaled_correlated,4,g2_eps_0p125,g2,0.125,1440,5.239052891420679,1803472,
scaled_correlated,4,g2_eps_0p125,g2,0.125,1560,5.239052891420679,1952120,
scaled_correlated,4,g2_eps_0p125,g2,0.125,1680,5.239052891420679,2100768,
scaled_correlated,4,g2_eps_0p125,g2,0.125,1800,5.239052891420679,2249416,
scaled_correlated,4,g2_eps_0p125,g2,0.125,1920,5.239052891420679,2398064,
scaled_correlated,4,g2_eps_0p125,g2,0.125,2040,5.239052891420679,2546712,
scaled_correlated,4,g2_eps_0p125,g2,0.125,2160,5.239052891420679,2695360,
scaled_correlated,4,g2_eps_0p125,g2,0.125,2280,5.239052891420679,2844008,
scaled_correlated,4,g2_eps_0p125,g2,0.125,2400,5.239052891420679,2992656,
scaled_correlated,5,g2_eps_0p125,g2,0.125,0,60.11994023414859,19696,
scaled_correlated,5,g2_eps_0p125,g2,0.125,120,6.029440246432795,168344,
scaled_correlated,5,g2_eps_0p125,g2,0.125,240,6.029440246432795,316992,
scaled_correlated,5,g2_eps_0p125,g2,0.125,360,6.029440246432795,465640,
scaled_correlated,5,g2_eps_0p125,g2,0.125,480,6.029440246432795,614288,
scaled_correlated,5,g2_eps_0p125,g2,0.125,600,6.029440246432795,762936,
scaled_correlated,5,g2_eps_0p125,g2,0.125,720,6.029440246432795,911584,
scaled_correlated,5,g2_eps_0p125,g2,0.125,840,6.029440246432795,1060232,
scaled_correlated,5,g2_eps_0p125,g2,0.125,960,6.029440246432795,1208880,
scaled_correlated,5,g2_eps_0p125,g2,0.125,1080,6.029440246432797,1357528,
scaled_correlated,5,g2_eps_0p125,g2,0.125,1200,6.029440246432797,1506176,
scaled_correlated,5,g2_eps_0p125,g2,0.125,1320,6.029440246432797,1654824,
scaled_correlated,5,g2_eps_0p125,g2,0.125,1440,6.029440246432797,1803472,
scaled_correlated,5,g2_eps_0p125,g2,0.125,1560,6.029440246432797,1952120,
scaled_correlated,5,g2_eps_0p125,g2,0.125,1680,6.029440246432797,2100768,
scaled_correlated,5,g2_eps_0p125,g2,0.125,1800,6.029440246432797,2249416,
scaled_correlated,5,g2_eps_0p125,g2,0.125,1920,6.029440246432797,2398064,
scaled_correlated,5,g2_eps_0p125,g2,0.125,2040,6.029440246432797,2546712,
scaled_correlated,5,g2_eps_0p125,g2,0.125,2160,6.029440246432797,2695360,
scaled_correlated,5,g2_eps_0p125,g2,0.125,2280,6.029440246432797,2844008,
scaled_correlated,5,g2_eps_0p125,g2,0.125,2400,6.029440246432797,2992656,
scaled_correlated,6,g2_eps_0p125,g2,0.125,0,51.729846587844904,19696,
scaled_correlated,6,g2_eps_0p125,g2,0.125,120,4.0142828136399515,168344,
scaled_correlated,6,g2_eps_0p125,g2,0.125,240,3.878388256515247,316992,
scaled_correlated,6,g2_eps_0p125,g2,0.125,360,3.878388256515248,465640,
scaled_correlated,6,g2_eps_0p125,g2,0.125,480,3.878388256515248,614288,
scaled_correlated,6,g2_eps_0p125,g2,0.125,600,3.878388256515248,762936,
scaled_correlated,6,g2_eps_0p125,g2,0.125,720,3.878388256515248,911584,
scaled_correlated,6,g2_eps_0p125,g2,0.125,840,3.878388256515248,1060232,
scaled_correlated,6,g2_eps_0p125,g2,0.125,960,3.878388256515248,1208880,
scaled_correlated,6,g2_eps_0p125,g2,0.125,1080,3.878388256515248,1357528,
scaled_correlated,6,g2_eps_0p125,g2,0.125,1200,3.878388256515248,1506176,
scaled_correlated,6,g2_eps_0p125,g2,0.125,1320,3.878388256515248,1654824,
scaled_correlated,6,g2_eps_0p125,g2,0.125,1440,3.878388256515248,1803472,
scaled_correlated,6,g2_eps_0p125,g2,0.125,1560,3.878388256515248,1952120,
scaled_correlated,6,g2_eps_0p125,g2,0.125,1680,3.878388256515248,2100768,
scaled_correlated,6,g2_eps_0p125,g2,0.125,1800,3.878388256515248,2249416,
scaled_correlated,6,g2_eps_0p125,g2,0.125,1920,3.878388256515248,2398064,
scaled_correlated,6,g2_eps_0p125,g2,0.125,2040,3.878388256515248,2546712,
scaled_correlated,6,g2_eps_0p125,g2,0.125,2160,3.878388256515248,2695360,
scaled_correlated,6,g2_eps_0p125,g2,0.125,2280,3.878388256515248,2844008,
scaled_correlated,6,g2_eps_0p125,g2,0.125,2400,3.878388256515248,2992656,
scaled_correlated,7,g2_eps_0p125,g2,0.125,0,36.06118907602869,19696,
scaled_correlated,7,g2_eps_0p125,g2,0.125,120,6.36992540135154,168344,
scaled_correlated,7,g2_eps_0p125,g2,0.125,240,6.36992540135154,316992,
scaled_correlated,7,g2_eps_0p125,g2,0.125,360,6.36992540135154,465640,
scaled_correlated,7,g2_eps_0p125,g2,0.125,480,6.36992540135154,614288,
scaled_correlated,7,g2_eps_0p125,g2,0.125,600,6.36992540135154,762936,
scaled_correlated,7,g2_eps_0p125,g2,0.125,720,6.36992540135154,911584,
scaled_correlated,7,g2_eps_0p125,g2,0.125,840,6.36992540135154,1060232,
scaled_correlated,7,g2_eps_0p125,g2,0.125,960,6.36992540135154,1208880,
scaled_correlated,7,g2_eps_0p125,g2,0.125,1080,6.36992540135154,1357528,
scaled_correlated,7,g2_eps_0p125,g2,0.125,1200,6.36992540135154,1506176,
scaled_correlated,7,g2_eps_0p125,g2,0.125,1320,6.36992540135154,1654824,
scaled_correlated,7,g2_eps_0p125,g2,0.125,1440,6.36992540135154,1803472,
scaled_correlated,7,g2_eps_0p125,g2,0.125,1560,6.36992540135154,1952120,
scaled_correlated,7,g2_eps_0p125,g2,0.125,1680,6.36992540135154,2100768,
scaled_correlated,7,g2_eps_0p125,g2,0.125,1800,6.36992540135154,2249416,
scaled_correlated,7,g2_eps_0p125,g2,0.125,1920,6.36992540135154,2398064,
scaled_correlated,7,g2_eps_0p125,g2,0.125,2040,6.36992540135154,2546712,
scaled_correlated,7,g2_eps_0p125,g2,0.125,2160,6.36992540135154,2695360,
scaled_correlated,7,g2_eps_0p125,g2,0.125,2280,6.36992540135154,2844008,
scaled_correlated,7,g2_eps_0p125,g2,0.125,2400,6.36992540135154,2992656,
scaled_correlated,8,g2_eps_0p125,g2,0.125,0,69.57251603322415,19696,
scaled_correlated,8,g2_eps_0p125,g2,0.125,120,6.113809764473591,168344,
scaled_correlated,8,g2_eps_0p125,g2,0.125,240,6.113809764473589,316992,
scaled_correlated,8,g2_eps_0p125,g2,0.125,360,5.450252155548624,465640,
scaled_correlated,8,g2_eps_0p125,g2,0.125,480,5.3021406022143704,614288,
scaled_correlated,8,g2_eps_0p125,g2,0.125,600,5.3021406021747115,762936,
scaled_correlated,8,g2_eps_0p125,g2,0.125,720,5.3021406021747115,911584,
scaled_correlated,8,g2_eps_0p125,g2,0.125,840,5.299297652936328,1060232,
scaled_correlated,8,g2_eps_0p125,g2,0.125,960,5.299297652936328,1208880,
scaled_correlated,8,g2_eps_0p125,g2,0.125,1080,5.299297652936328,1357528,
scaled_correlated,8,g2_eps_0p125,g2,0.125,1200,5.299297652936328,1506176,
scaled_correlated,8,g2_eps_0p125,g2,0.125,1320,5.299297652936328,1654824,
scaled_correlated,8,g2_eps_0p125,g2,0.125,1440,5.299297652936328,1803472,
scaled_correlated,8,g2_eps_0p125,g2,0.125,1560,5.299297652936328,1952120,
scaled_correlated,8,g2_eps_0p125,g2,0.125,1680,5.299297652936329,2100768,
scaled_correlated,8,g2_eps_0p125,g2,0.125,1800,5.299297652936329,2249416,
scaled_correlated,8,g2_eps_0p125,g2,0.125,1920,5.299297652936329,2398064,
scaled_correlated,8,g2_eps_0p125,g2,0.125,2040,5.299297652936329,2546712,
scaled_correlated,8,g2_eps_0p125,g2,0.125,2160,5.299297652936329,2695360,
scaled_correlated,8,g2_eps_0p125,g2,0.125,2280,5.299297652936329,2844008,
scaled_correlated,8,g2_eps_0p125,g2,0.125,2400,5.299297652936329,2992656,
scaled_correlated,9,g2_eps_0p125,g2,0.125,0,33.37124970433512,19696,
scaled_correlated,9,g2_eps_0p125,g2,0.125,120,3.3179056270397105,168344,
scaled_correlated,9,g2_eps_0p125,g2,0.125,240,3.3179056270397087,316992,
scaled_correlated,9,g2_eps_0p125,g2,0.125,360,3.3179056270397087,465640,
scaled_correlated,9,g2_eps_0p125,g2,0.125,480,3.3179056270397087,614288,
scaled_correlated,9,g2_eps_0p125,g2,0.125,600,3.3179056270397087,762936,
scaled_correlated,9,g2_eps_0p125,g2,0.125,720,3.3179056270397087,911584,
scaled_correlated,9,g2_eps_0p125,g2,0.125,840,3.3179056270397087,1060232,
scaled_correlated,9,g2_eps_0p125,g2,0.125,960,3.3179056270397087,1208880,
scaled_correlated,9,g2_eps_0p125,g2,0.125,1080,3.3179056270397087,1357528,
scaled_correlated,9,g2_eps_0p125,g2,0.125,1200,3.3179056270397087,1506176,
scaled_correlated,9,g2_eps_0p125,g2,0.125,1320,3.3179056270397087,1654824,
scaled_correlated,9,g2_eps_0p125,g2,0.125,1440,3.3179056270397087,1803472,
scaled_correlated,9,g2_eps_0p125,g2,0.125,1560,3.3179056270397087,1952120,
scaled_correlated,9,g2_eps_0p125,g2,0.125,1680,3.3179056270397087,2100768,
scaled_correlated,9,g2_eps_0p125,g2,0.125,1800,3.3179056270397087,2249416,
scaled_correlated,9,g2_eps_0p125,g2,0.125,1920,3.3179056270397087,2398064,
scaled_correlated,9,g2_eps_0p125,g2,0.125,2040,3.3179056270397087,2546712,
scaled_correlated,9,g2_eps_0p125,g2,0.125,2160,3.3179056270397087,2695360,
scaled_correlated,9,g2_eps_0p125,g2,0.125,2280,3.3179056270397087,2844008,
scaled_correlated,9,g2_eps_0p125,g2,0.125,2400,3.3179056270397087,2992656,
scaled_correlated,10,g2_eps_0p125,g2,0.125,0,55.62927047254549,19696,
scaled_correlated,10,g2_eps_0p125,g2,0.125,120,6.146258454388333,168344,
scaled_correlated,10,g2_eps_0p125,g2,0.125,240,6.146258454262101,316992,
scaled_correlated,10,g2_eps_0p125,g2,0.125,360,6.146258454262103,465640,
scaled_correlated,10,g2_eps_0p125,g2,0.125,480,6.146258454262103,614288,
scaled_correlated,10,g2_eps_0p125,g2,0.125,600,6.146258454262103,762936,
scaled_correlated,10,g2_eps_0p125,g2,0.125,720,6.146258454262103,911584,
scaled_correlated,10,g2_eps_0p125,g2,0.125,840,6.146258454262103,1060232,
scaled_correlated,10,g2_eps_0p125,g2,0.125,960,6.146258454262103,1208880,
scaled_correlated,10,g2_eps_0p125,g2,0.125,1080,6.146258454262103,1357528,
scaled_correlated,10,g2_eps_0p125,g2,0.125,1200,6.146258454262103,1506176,
scaled_correlated,10,g2_eps_0p125,g2,0.125,1320,6.146258454262103,1654824,
scaled_correlated,10,g2_eps_0p125,g2,0.125,1440,6.146258454262103,1803472,
scaled_correlated,10,g2_eps_0p125,g2,0.125,1560,6.146258454262103,1952120,
scaled_correlated,10,g2_eps_0p125,g2,0.125,1680,6.146258454262103,2100768,
scaled_correlated,10,g2_eps_0p125,g2,0.125,1800,6.146258454262103,2249416,
scaled_correlated,10,g2_eps_0p125,g2,0.125,1920,6.146258454262103,2398064,
scaled_correlated,10,g2_eps_0p125,g2,0.125,2040,6.146258454262103,2546712,
scaled_correlated,10,g2_eps_0p125,g2,0.125,2160,6.146258454262103,2695360,
scaled_correlated,10,g2_eps_0p125,g2,0.125,2280,6.146258454262103,2844008,
scaled_correlated,10,g2_eps_0p125,g2,0.125,2400,6.146258454262103,2992656,
scaled_correlated,11,g2_eps_0p125,g2,0.125,0,126.69218421731851,19696,
scaled_correlated,11,g2_eps_0p125,g2,0.125,120,8.737368345290824,168344,
scaled_correlated,11,g2_eps_0p125,g2,0.125,240,8.691739994299757,316992,
scaled_correlated,11,g2_eps_0p125,g2,0.125,360,8.691739994299757,465640,
scaled_correlated,11,g2_eps_0p125,g2,0.125,480,8.691739994299757,614288,
scaled_correlated,11,g2_eps_0p125,g2,0.125,600,8.040404056358392,762936,
scaled_correlated,11,g2_eps_0p125,g2,0.125,720,8.040404056358394,911584,
scaled_correlated,11,g2_eps_0p125,g2,0.125,840,7.0208157007746035,1060232,
scaled_correlated,11,g2_eps_0p125,g2,0.125,960,7.020802324470081,1208880,
scaled_correlated,11,g2_eps_0p125,g2,0.125,1080,7.020802324470083,1357528,
scaled_correlated,11,g2_eps_0p125,g2,0.125,1200,7.020802324470083,1506176,
scaled_correlated,11,g2_eps_0p125,g2,0.125,1320,7.020802324470083,1654824,
scaled_correlated,11,g2_eps_0p125,g2,0.125,1440,7.020802324470083,1803472,
scaled_correlated,11,g2_eps_0p125,g2,0.125,1560,7.020802324470083,1952120,
scaled_correlated,11,g2_eps_0p125,g2,0.125,1680,7.020802324470083,2100768,
scaled_correlated,11,g2_eps_0p125,g2,0.125,1800,7.020802324470083,2249416,
scaled_correlated,11,g2_eps_0p125,g2,0.125,1920,7.020802324470083,2398064,
scaled_correlated,11,g2_eps_0p125,g2,0.125,2040,7.020802324470083,2546712,
scaled_correlated,11,g2_eps_0p125,g2,0.125,2160,7.020802324470083,2695360,
scaled_correlated,11,g2_eps_0p125,g2,0.125,2280,7.020802324470083,2844008,
scaled_correlated,11,g2_eps_0p125,g2,0.125,2400,7.020802324470083,2992656,
scaled_correlated,0,g1_exact,g1,0.0,0,22.373464483790215,19696,941296
scaled_correlated,0,g1_exact,g1,0.0,120,0.5873293055348259,168344,1089944
scaled_correlated,0,g1_exact,g1,0.0,240,0.22503066032403174,316992,1238592
scaled_correlated,0,g1_exact,g1,0.0,360,0.10903046073473499,465640,1387240
scaled_correlated,0,g1_exact,g1,0.0,480,0.04664611255259832,614288,1535888
scaled_correlated,0,g1_exact,g1,0.0,600,0.022002047802976765,762936,1684536
scaled_correlated,0,g1_exact,g1,0.0,720,0.010692577548980342,911584,1833184
scaled_correlated,0,g1_exact,g1,0.0,840,0.004111207699149855,1060232,1981832
scaled_correlated,0,g1_exact,g1,0.0,960,0.001996350080703646,1208880,2130480
scaled_correlated,0,g1_exact,g1,0.0,1080,0.0008741843981106001,1357528,2279128
scaled_correlated,0,g1_exact,g1,0.0,1200,0.00034637833598560874,1506176,2427776
scaled_correlated,0,g1_exact,g1,0.0,1320,0.00018787920316265527,1654824,2576424
scaled_correlated,0,g1_exact,g1,0.0,1440,7.976705743262258e-05,1803472,2725072
scaled_correlated,0,g1_exact,g1,0.0,1560,3.775593062060878e-05,1952120,2873720
scaled_correlated,0,g1_exact,g1,0.0,1680,1.7260077060043955e-05,2100768,3022368
scaled_correlated,0,g1_exact,g1,0.0,1800,8.321120509968694e-06,2249416,3171016
scaled_correlated,0,g1_exact,g1,0.0,1920,3.885213260446108e-06,2398064,3319664
scaled_correlated,0,g1_exact,g1,0.0,2040,1.7182852229957746e-06,2546712,3468312
scaled_correlated,0,g1_exact,g1,0.0,2160,9.132044440640641e-07,2695360,3616960
scaled_correlated,0,g1_exact,g1,0.0,2280,3.817737490585671e-07,2844008,3765608
scaled_correlated,0,g1_exact,g1,0.0,2400,2.0914141707351064e-07,2992656,3914256
scaled_correlated,1,g1_exact,g1,0.0,0,67.99567336770971,19696,941296
scaled_correlated,1,g1_exact,g1,0.0,120,0.22303347720703437,168344,1089944
scaled_correlated,1,g1_exact,g1,0.0,240,0.04259523627556838,316992,1238592
scaled_correlated,1,g1_exact,g1,0.0,360,0.01560684202942264,465640,1387240
scaled_correlated,1,g1_exact,g1,0.0,480,0.005971730234199946,614288,1535888
scaled_correlated,1,g1_exact,g1,0.0,600,0.0023706162451997415,762936,1684536
scaled_correlated,1,g1_exact,g1,0.0,720,0.0009095088042645472,911584,1833184
scaled_correlated,1,g1_exact,g1,0.0,840,0.00042913374947461946,1060232,1981832
scaled_correlated,1,g1_exact,g1,0.0,960,0.00017540736295673653,1208880,2130480
scaled_correlated,1,g1_exact,g1,0.0,1080,7.551114250681223e-05,1357528,2279128
scaled_correlated,1,g1_exact,g1,0.0,1200,3.54535693376512e-05,1506176,2427776
scaled_correlated,1,g1_exact,g1,0.0,1320,1.4701936396299686e-05,1654824,2576424
scaled_correlated,1,g1_exact,g1,0.0,1440,8.171401483458851e-06,1803472,2725072
scaled_correlated,1,g1_exact,g1,0.0,1560,3.2178693238904543e-06,1952120,2873720
scaled_correlated,1,g1_exact,g1,0.0,1680,1.3645569296727444e-06,2100768,3022368
scaled_correlated,1,g1_exact,g1,0.0,1800,6.710316133862193e-07,2249416,3171016
scaled_correlated,1,g1_exact,g1,0.0,1920,3.114344244714573e-07,2398064,3319664
scaled_correlated,1,g1_exact,g1,0.0,2040,1.3157948819397802e-07,2546712,3468312
scaled_correlated,1,g1_exact,g1,0.0,2160,5.364079758152229e-08,2695360,3616960
scaled_correlated,1,g1_exact,g1,0.0,2280,2.5125942215709074e-08,2844008,3765608
scaled_correlated,1,g1_exact,g1,0.0,2400,1.089500623052686e-08,2992656,3914256
scaled_correlated,2,g1_exact,g1,0.0,0,45.04757741000829,19696,941296
scaled_correlated,2,g1_exact,g1,0.0,120,0.2409308531608354,168344,1089944
scaled_correlated,2,g1_exact,g1,0.0,240,0.08675462899107522,316992,1238592
scaled_correlated,2,g1_exact,g1,0.0,360,0.034412595775645816,465640,1387240
scaled_correlated,2,g1_exact,g1,0.0,480,0.016467480727728745,614288,1535888
scaled_correlated,2,g1_exact,g1,0.0,600,0.005486394114150972,762936,1684536
scaled_correlated,2,g1_exact,g1,0.0,720,0.00250936866296092,911584,1833184
scaled_correlated,2,g1_exact,g1,0.0,840,0.0012844816991868235,1060232,1981832
scaled_correlated,2,g1_exact,g1,0.0,960,0.0005739855368482871,1208880,2130480
scaled_correlated,2,g1_exact,g1,0.0,1080,0.0002681349008835099,1357528,2279128
scaled_correlated,2,g1_exact,g1,0.0,1200,0.00014125504960027513,1506176,2427776
scaled_correlated,2,g1_exact,g1,0.0,1320,6.557109562521646e-05,1654824,2576424
scaled_correlated,2,g1_exact,g1,0.0,1440,3.359987138473741e-05,1803472,2725072
scaled_correlated,2,g1_exact,g1,0.0,1560,1.6710843420586485e-05,1952120,2873720
scaled_correlated,2,g1_exact,g1,0.0,1680,7.953561421469857e-06,2100768,3022368
scaled_correlated,2,g1_exact,g1,0.0,1800,4.1884876673670135e-06,2249416,3171016
scaled_correlated,2,g1_exact,g1,0.0,1920,1.9145378318263795e-06,2398064,3319664
scaled_correlated,2,g1_exact,g1,0.0,2040,9.884046381358758e-07,2546712,3468312
scaled_correlated,2,g1_exact,g1,0.0,2160,5.721176719042376e-07,2695360,3616960
scaled_correlated,2,g1_exact,g1,0.0,2280,2.4745304738615914e-07,2844008,3765608
scaled_correlated,2,g1_exact,g1,0.0,2400,1.2701263729653078e-07,2992656,3914256
scaled_correlated,3,g1_exact,g1,0.0,0,119.345541391195,19696,941296
scaled_correlated,3,g1_exact,g1,0.0,120,0.3741192560569355,168344,1089944
scaled_correlated,3,g1_exact,g1,0.0,240,0.11784808791229517,316992,1238592
scaled_correlated,3,g1_exact,g1,0.0,360,0.030098072102000994,465640,1387240
scaled_correlated,3,g1_exact,g1,0.0,480,0.009632108106317538,614288,1535888
scaled_correlated,3,g1_exact,g1,0.0,600,0.003091912591016488,762936,1684536
scaled_correlated,3,g1_exact,g1,0.0,720,0.0012536177620630085,911584,1833184
scaled_correlated,3,g1_exact,g1,0.0,840,0.0005262030834338738,1060232,1981832
scaled_correlated,3,g1_exact,g1,0.0,960,0.0002453127800032817,1208880,2130480
scaled_correlated,3,g1_exact,g1,0.0,1080,0.00011282635995124579,1357528,2279128
scaled_correlated,3,g1_exact,g1,0.0,1200,5.106985559066857e-05,1506176,2427776
scaled_correlated,3,g1_exact,g1,0.0,1320,2.483595335078803e-05,1654824,2576424
scaled_correlated,3,g1_exact,g1,0.0,1440,1.1420301838871438e-05,1803472,2725072
scaled_correlated,3,g1_exact,g1,0.0,1560,5.787399411705252e-06,1952120,2873720
scaled_correlated,3,g1_exact,g1,0.0,1680,2.6305240155011234e-06,2100768,3022368
scaled_correlated,3,g1_exact,g1,0.0,1800,1.3064721144928626e-06,2249416,3171016
scaled_correlated,3,g1_exact,g1,0.0,1920,5.676164018808549e-07,2398064,3319664
scaled_correlated,3,g1_exact,g1,0.0,2040,2.7806567715060737e-07,2546712,3468312
scaled_correlated,3,g1_exact,g1,0.0,2160,1.43241637662328e-07,2695360,3616960
scaled_correlated,3,g1_exact,g1,0.0,2280,6.418136733188362e-08,2844008,3765608
scaled_correlated,3,g1_exact,g1,0.0,2400,3.379170010475718e-08,2992656,3914256
scaled_correlated,4,g1_exact,g1,0.0,0,46.05491588664258,19696,941296
scaled_correlated,4,g1_exact,g1,0.0,120,0.3932019922135672,168344,1089944
scaled_correlated,4,g1_exact,g1,0.0,240,0.06768633487324793,316992,1238592
scaled_correlated,4,g1_exact,g1,0.0,360,0.026147854516077373,465640,1387240
scaled_correlated,4,g1_exact,g1,0.0,480,0.010309947515879436,614288,1535888
scaled_correlated,4,g1_exact,g1,0.0,600,0.0038271108397895937,762936,1684536
scaled_correlated,4,g1_exact,g1,0.0,720,0.0016673338088453171,911584,1833184
scaled_correlated,4,g1_exact,g1,0.0,840,0.0006578508527592675,1060232,1981832
scaled_correlated,4,g1_exact,g1,0.0,960,0.00031790962317534976,1208880,2130480
scaled_correlated,4,g1_exact,g1,0.0,1080,0.00012889108855906883,1357528,2279128
scaled_correlated,4,g1_exact,g1,0.0,1200,5.9821136525695096e-05,1506176,2427776
scaled_correlated,4,g1_exact,g1,0.0,1320,2.5179228851257562e-05,1654824,2576424
scaled_correlated,4,g1_exact,g1,0.0,1440,1.2675885163293543e-05,1803472,2725072
scaled_correlated,4,g1_exact,g1,0.0,1560,5.214665631303461e-06,1952120,2873720
scaled_correlated,4,g1_exact,g1,0.0,1680,2.3984697308243597e-06,2100768,3022368
scaled_correlated,4,g1_exact,g1,0.0,1800,1.0115558448653417e-06,2249416,3171016
scaled_correlated,4,g1_exact,g1,0.0,1920,4.3320913167832487e-07,2398064,3319664
scaled_correlated,4,g1_exact,g1,0.0,2040,1.8106312049681605e-07,2546712,3468312
scaled_correlated,4,g1_exact,g1,0.0,2160,8.165678933025333e-08,2695360,3616960
scaled_correlated,4,g1_exact,g1,0.0,2280,3.440610285565526e-08,2844008,3765608
scaled_correlated,4,g1_exact,g1,0.0,2400,1.4601364561883656e-08,2992656,3914256
scaled_correlated,5,g1_exact,g1,0.0,0,60.11994023414859,19696,941296
scaled_correlated,5,g1_exact,g1,0.0,120,0.32675703020226754,168344,1089944
scaled_correlated,5,g1_exact,g1,0.0,240,0.09899973743031243,316992,1238592
scaled_correlated,5,g1_exact,g1,0.0,360,0.03544027335631217,465640,1387240
scaled_correlated,5,g1_exact,g1,0.0,480,0.012758900555233765,614288,1535888
scaled_correlated,5,g1_exact,g1,0.0,600,0.004579807054887475,762936,1684536
scaled_correlated,5,g1_exact,g1,0.0,720,0.0018426252763905637,911584,1833184
scaled_correlated,5,g1_exact,g1,0.0,840,0.0006382416327883611,1060232,1981832
scaled_correlated,5,g1_exact,g1,0.0,960,0.00022962108179225282,1208880,2130480
scaled_correlated,5,g1_exact,g1,0.0,1080,8.594934630545836e-05,1357528,2279128
scaled_correlated,5,g1_exact,g1,0.0,1200,3.4451029629511964e-05,1506176,2427776
scaled_correlated,5,g1_exact,g1,0.0,1320,1.2428200395930844e-05,1654824,2576424
scaled_correlated,5,g1_exact,g1,0.0,1440,4.647848752092898e-06,1803472,2725072
scaled_correlated,5,g1_exact,g1,0.0,1560,1.7772279341521369e-06,1952120,2873720
scaled_correlated,5,g1_exact,g1,0.0,1680,7.390009337804315e-07,2100768,3022368
scaled_correlated,5,g1_exact,g1,0.0,1800,2.664172464861281e-07,2249416,3171016
scaled_correlated,5,g1_exact,g1,0.0,1920,1.0771812952725668e-07,2398064,3319664
scaled_correlated,5,g1_exact,g1,0.0,2040,4.5198599085694013e-08,2546712,3468312
scaled_correlated,5,g1_exact,g1,0.0,2160,1.554422768279551e-08,2695360,3616960
scaled_correlated,5,g1_exact,g1,0.0,2280,7.302468407743845e-09,2844008,3765608
scaled_correlated,5,g1_exact,g1,0.0,2400,2.7824911263962804e-09,2992656,3914256
scaled_correlated,6,g1_exact,g1,0.0,0,51.729846587844904,19696,941296
scaled_correlated,6,g1_exact,g1,0.0,120,0.4005476645903525,168344,1089944
scaled_correlated,6,g1_exact,g1,0.0,240,0.13108214562776377,316992,1238592
scaled_correlated,6,g1_exact,g1,0.0,360,0.06033751641145857,465640,1387240
scaled_correlated,6,g1_exact,g1,0.0,480,0.030396077717707914,614288,1535888
scaled_correlated,6,g1_exact,g1,0.0,600,0.01357022713165934,762936,1684536
scaled_correlated,6,g1_exact,g1,0.0,720,0.006492243635261907,911584,1833184
scaled_correlated,6,g1_exact,g1,0.0,840,0.00335054178337435,1060232,1981832
scaled_correlated,6,g1_exact,g1,0.0,960,0.0014429165674729738,1208880,2130480
scaled_correlated,6,g1_exact,g1,0.0,1080,0.000751402197218809,1357528,2279128
scaled_correlated,6,g1_exact,g1,0.0,1200,0.00033468394804803125,1506176,2427776
scaled_correlated,6,g1_exact,g1,0.0,1320,0.00017504412801105929,1654824,2576424
scaled_correlated,6,g1_exact,g1,0.0,1440,9.263946678750301e-05,1803472,2725072
scaled_correlated,6,g1_exact,g1,0.0,1560,4.30217088367435e-05,1952120,2873720
scaled_correlated,6,g1_exact,g1,0.0,1680,2.1037978507720823e-05,2100768,3022368
scaled_correlated,6,g1_exact,g1,0.0,1800,1.0182260663960108e-05,2249416,3171016
scaled_correlated,6,g1_exact,g1,0.0,1920,5.4620896254853335e-06,2398064,3319664
scaled_correlated,6,g1_exact,g1,0.0,2040,2.8197979378141724e-06,2546712,3468312
scaled_correlated,6,g1_exact,g1,0.0,2160,1.2665302286940516e-06,2695360,3616960
scaled_correlated,6,g1_exact,g1,0.0,2280,6.766046154460525e-07,2844008,3765608
scaled_correlated,6,g1_exact,g1,0.0,2400,3.253018703297528e-07,2992656,3914256
scaled_correlated,7,g1_exact,g1,0.0,0,36.06118907602869,19696,941296
scaled_correlated,7,g1_exact,g1,0.0,120,0.2561754823183793,168344,1089944
scaled_correlated,7,g1_exact,g1,0.0,240,0.06531025426950476,316992,1238592
scaled_correlated,7,g1_exact,g1,0.0,360,0.02392987721486195,465640,1387240
scaled_correlated,7,g1_exact,g1,0.0,480,0.009422027640586528,614288,1535888
scaled_correlated,7,g1_exact,g1,0.0,600,0.004122469631443693,762936,1684536
scaled_correlated,7,g1_exact,g1,0.0,720,0.0014831200407536826,911584,1833184
scaled_correlated,7,g1_exact,g1,0.0,840,0.0006464083611317228,1060232,1981832
scaled_correlated,7,g1_exact,g1,0.0,960,0.00021074518054042812,1208880,2130480
scaled_correlated,7,g1_exact,g1,0.0,1080,8.42127544848914e-05,1357528,2279128
scaled_correlated,7,g1_exact,g1,0.0,1200,2.9425532550586553e-05,1506176,2427776
scaled_correlated,7,g1_exact,g1,0.0,1320,1.2560304116782106e-05,1654824,2576424
scaled_correlated,7,g1_exact,g1,0.0,1440,5.320138883213588e-06,1803472,2725072
scaled_correlated,7,g1_exact,g1,0.0,1560,2.1718243004009707e-06,1952120,2873720
scaled_correlated,7,g1_exact,g1,0.0,1680,1.0465523558877976e-06,2100768,3022368
scaled_correlated,7,g1_exact,g1,0.0,1800,4.2639696307134045e-07,2249416,3171016
scaled_correlated,7,g1_exact,g1,0.0,1920,1.8918597533001957e-07,2398064,3319664
scaled_correlated,7,g1_exact,g1,0.0,2040,8.145932284264745e-08,2546712,3468312
scaled_correlated,7,g1_exact,g1,0.0,2160,3.527558112281781e-08,2695360,3616960
scaled_correlated,7,g1_exact,g1,0.0,2280,1.6154203308360593e-08,2844008,3765608
scaled_correlated,7,g1_exact,g1,0.0,2400,7.664150203368081e-09,2992656,3914256
scaled_correlated,8,g1_exact,g1,0.0,0,69.57251603322415,19696,941296
scaled_correlated,8,g1_exact,g1,0.0,120,0.2657654166502139,168344,1089944
scaled_correlated,8,g1_exact,g1,0.0,240,0.05878280514388523,316992,1238592
scaled_correlated,8,g1_exact,g1,0.0,360,0.02664870912098971,465640,1387240
scaled_correlated,8,g1_exact,g1,0.0,480,0.012209307187686758,614288,1535888
scaled_correlated,8,g1_exact,g1,0.0,600,0.00521076529354314,762936,1684536
scaled_correlated,8,g1_exact,g1,0.0,720,0.0020947296173843277,911584,1833184
scaled_correlated,8,g1_exact,g1,0.0,840,0.0009295963084658965,1060232,1981832
scaled_correlated,8,g1_exact,g1,0.0,960,0.0004728334446761906,1208880,2130480
scaled_correlated,8,g1_exact,g1,0.0,1080,0.00022248062703145166,1357528,2279128
scaled_correlated,8,g1_exact,g1,0.0,1200,9.830286105261266e-05,1506176,2427776
scaled_correlated,8,g1_exact,g1,0.0,1320,4.689989829165242e-05,1654824,2576424
scaled_correlated,8,g1_exact,g1,0.0,1440,1.8607477813681328e-05,1803472,2725072
scaled_correlated,8,g1_exact,g1,0.0,1560,8.289723808729832e-06,1952120,2873720
scaled_correlated,8,g1_exact,g1,0.0,1680,4.059642999099111e-06,2100768,3022368
scaled_correlated,8,g1_exact,g1,0.0,1800,1.6428015197078594e-06,2249416,3171016
scaled_correlated,8,g1_exact,g1,0.0,1920,7.468735230276025e-07,2398064,3319664
scaled_correlated,8,g1_exact,g1,0.0,2040,3.541272444174126e-07,2546712,3468312
scaled_correlated,8,g1_exact,g1,0.0,2160,1.601488630598169e-07,2695360,3616960
scaled_correlated,8,g1_exact,g1,0.0,2280,7.943854951619755e-08,2844008,3765608
scaled_correlated,8,g1_exact,g1,0.0,2400,3.2988063392025424e-08,2992656,3914256
scaled_correlated,9,g1_exact,g1,0.0,0,33.37124970433512,19696,941296
scaled_correlated,9,g1_exact,g1,0.0,120,0.23212962884562494,168344,1089944
scaled_correlated,9,g1_exact,g1,0.0,240,0.07020453321546993,316992,1238592
scaled_correlated,9,g1_exact,g1,0.0,360,0.024306218043962602,465640,1387240
scaled_correlated,9,g1_exact,g1,0.0,480,0.0095483924043811,614288,1535888
scaled_correlated,9,g1_exact,g1,0.0,600,0.003856110056082329,762936,1684536
scaled_correlated,9,g1_exact,g1,0.0,720,0.0017906766687914022,911584,1833184
scaled_correlated,9,g1_exact,g1,0.0,840,0.0007878003135890488,1060232,1981832
scaled_correlated,9,g1_exact,g1,0.0,960,0.0003355724898135293,1208880,2130480
scaled_correlated,9,g1_exact,g1,0.0,1080,0.00016766717157112865,1357528,2279128
scaled_correlated,9,g1_exact,g1,0.0,1200,7.192514578058251e-05,1506176,2427776
scaled_correlated,9,g1_exact,g1,0.0,1320,3.5669941903293534e-05,1654824,2576424
scaled_correlated,9,g1_exact,g1,0.0,1440,1.5522101856291215e-05,1803472,2725072
scaled_correlated,9,g1_exact,g1,0.0,1560,7.1545466560074544e-06,1952120,2873720
scaled_correlated,9,g1_exact,g1,0.0,1680,3.376839592839076e-06,2100768,3022368
scaled_correlated,9,g1_exact,g1,0.0,1800,1.4917311244033726e-06,2249416,3171016
scaled_correlated,9,g1_exact,g1,0.0,1920,7.01401128289092e-07,2398064,3319664
scaled_correlated,9,g1_exact,g1,0.0,2040,3.20853162705248e-07,2546712,3468312
scaled_correlated,9,g1_exact,g1,0.0,2160,1.4897296818361383e-07,2695360,3616960
scaled_correlated,9,g1_exact,g1,0.0,2280,6.956099563026896e-08,2844008,3765608
scaled_correlated,9,g1_exact,g1,0.0,2400,2.894360706662269e-08,2992656,3914256
scaled_correlated,10,g1_exact,g1,0.0,0,55.62927047254549,19696,941296
scaled_correlated,10,g1_exact,g1,0.0,120,0.2759409450912451,168344,1089944
scaled_correlated,10,g1_exact,g1,0.0,240,0.08044316917730354,316992,1238592
scaled_correlated,10,g1_exact,g1,0.0,360,0.033776605315041675,465640,1387240
scaled_correlated,10,g1_exact,g1,0.0,480,0.014788455556288493,614288,1535888
scaled_correlated,10,g1_exact,g1,0.0,600,0.006641323698785229,762936,1684536
scaled_correlated,10,g1_exact,g1,0.0,720,0.002734916052851588,911584,1833184
scaled_correlated,10,g1_exact,g1,0.0,840,0.0013293021795659499,1060232,1981832
scaled_correlated,10,g1_exact,g1,0.0,960,0.0006944274545976903,1208880,2130480
scaled_correlated,10,g1_exact,g1,0.0,1080,0.0003003066179991798,1357528,2279128
scaled_correlated,10,g1_exact,g1,0.0,1200,0.00013661011871590745,1506176,2427776
scaled_correlated,10,g1_exact,g1,0.0,1320,6.568456436495396e-05,1654824,2576424
scaled_correlated,10,g1_exact,g1,0.0,1440,2.9829640352918574e-05,1803472,2725072
scaled_correlated,10,g1_exact,g1,0.0,1560,1.4912381950615838e-05,1952120,2873720
scaled_correlated,10,g1_exact,g1,0.0,1680,7.4396481974936535e-06,2100768,3022368
scaled_correlated,10,g1_exact,g1,0.0,1800,3.779950982885083e-06,2249416,3171016
scaled_correlated,10,g1_exact,g1,0.0,1920,1.6223518364277822e-06,2398064,3319664
scaled_correlated,10,g1_exact,g1,0.0,2040,8.167949943072017e-07,2546712,3468312
scaled_correlated,10,g1_exact,g1,0.0,2160,3.5951836929726255e-07,2695360,3616960
scaled_correlated,10,g1_exact,g1,0.0,2280,1.7520450734664905e-07,2844008,3765608
scaled_correlated,10,g1_exact,g1,0.0,2400,8.03020898665352e-08,2992656,3914256
scaled_correlated,11,g1_exact,g1,0.0,0,126.69218421731851,19696,941296
scaled_correlated,11,g1_exact,g1,0.0,120,0.4752573241455398,168344,1089944
scaled_correlated,11,g1_exact,g1,0.0,240,0.14092079161102422,316992,1238592
scaled_correlated,11,g1_exact,g1,0.0,360,0.07286185478986829,465640,1387240
scaled_correlated,11,g1_exact,g1,0.0,480,0.033276208684560604,614288,1535888
scaled_correlated,11,g1_exact,g1,0.0,600,0.01781303666516898,762936,1684536
scaled_correlated,11,g1_exact,g1,0.0,720,0.00820213284005833,911584,1833184
scaled_correlated,11,g1_exact,g1,0.0,840,0.0036609286333315616,1060232,1981832
scaled_correlated,11,g1_exact,g1,0.0,960,0.0014584321969688396,1208880,2130480
scaled_correlated,11,g1_exact,g1,0.0,1080,0.0006025094779649187,1357528,2279128
scaled_correlated,11,g1_exact,g1,0.0,1200,0.0002720918741148104,1506176,2427776
scaled_correlated,11,g1_exact,g1,0.0,1320,0.00011468584881013655,1654824,2576424
scaled_correlated,11,g1_exact,g1,0.0,1440,5.367900251807001e-05,1803472,2725072
scaled_correlated,11,g1_exact,g1,0.0,1560,2.4371052940175275e-05,1952120,2873720
scaled_correlated,11,g1_exact,g1,0.0,1680,1.0684289131646096e-05,2100768,3022368
scaled_correlated,11,g1_exact,g1,0.0,1800,5.210668523769613e-06,2249416,3171016
scaled_correlated,11,g1_exact,g1,0.0,1920,2.375469641879846e-06,2398064,3319664
scaled_correlated,11,g1_exact,g1,0.0,2040,1.0268842203231543e-06,2546712,3468312
scaled_correlated,11,g1_exact,g1,0.0,2160,5.371574376411559e-07,2695360,3616960
scaled_correlated,11,g1_exact,g1,0.0,2280,2.1852779941156086e-07,2844008,3765608
scaled_correlated,11,g1_exact,g1,0.0,2400,1.0772303893347157e-07,2992656,3914256
diabetes,0,g3_zero,g3,,0,111.9433754500213,4882,4882
diabetes,0,g3_zero,g3,,120,0.30301159776067266,120174,120174
diabetes,0,g3_zero,g3,,240,0.0950956595833361,235466,235466
diabetes,0,g3_zero,g3,,360,0.0406652742411211,350758,350758
diabetes,0,g3_zero,g3,,480,0.01800076620463642,466050,466050
diabetes,0,g3_zero,g3,,600,0.00541162365671255,581342,581342
diabetes,0,g3_zero,g3,,720,0.0022117665282337384,696634,696634
diabetes,0,g3_zero,g3,,840,0.0013417985355488327,811926,811926
diabetes,0,g3_zero,g3,,960,0.000750908702173092,927218,927218
diabetes,0,g3_zero,g3,,1080,0.0003754170937639856,1042510,1042510
diabetes,0,g3_zero,g3,,1200,0.00018451011078468582,1157802,1157802
diabetes,0,g3_zero,g3,,1320,6.910477512178659e-05,1273094,1273094
diabetes,0,g3_zero,g3,,1440,3.2997362225728466e-05,1388386,1388386
diabetes,0,g3_zero,g3,,1560,1.5327927002317665e-05,1503678,1503678
diabetes,0,g3_zero,g3,,1680,5.067430450367283e-06,1618970,1618970
diabetes,0,g3_zero,g3,,1800,2.251807259767702e-06,1734262,1734262
diabetes,0,g3_zero,g3,,1920,9.377752263617367e-07,1849554,1849554
diabetes,0,g3_zero,g3,,2040,4.7350613385788165e-07,1964846,1964846
diabetes,0,g3_zero,g3,,2160,1.3849003721588815e-07,2080138,2080138
diabetes,0,g3_zero,g3,,2280,7.940724344734917e-08,2195430,2195430
diabetes,0,g3_zero,g3,,2400,3.40835129009065e-08,2310722,2310722
diabetes,1,g3_zero,g3,,0,111.9433754500213,4882,4882
diabetes,1,g3_zero,g3,,120,0.0725035715406932,120174,120174
diabetes,1,g3_zero,g3,,240,0.027024744510100618,235466,235466
diabetes,1,g3_zero,g3,,360,0.007350462823723092,350758,350758
diabetes,1,g3_zero,g3,,480,0.004745284872939237,466050,466050
diabetes,1,g3_zero,g3,,600,0.00200858511148283,581342,581342
diabetes,1,g3_zero,g3,,720,0.0007034375608441223,696634,696634
diabetes,1,g3_zero,g3,,840,0.00024197599304898176,811926,811926
diabetes,1,g3_zero,g3,,960,9.30591453567331e-05,927218,927218
diabetes,1,g3_zero,g3,,1080,3.20713809571771e-05,1042510,1042510
diabetes,1,g3_zero,g3,,1200,1.2762205940930471e-05,1157802,1157802
diabetes,1,g3_zero,g3,,1320,4.969317686231989e-06,1273094,1273094
diabetes,1,g3_zero,g3,,1440,2.0764347539170558e-06,1388386,1388386
diabetes,1,g3_zero,g3,,1560,8.237995245963248e-07,1503678,1503678
diabetes,1,g3_zero,g3,,1680,3.7297957078408217e-07,1618970,1618970
diabetes,1,g3_zero,g3,,1800,1.0451034881953092e-07,1734262,1734262
diabetes,1,g3_zero,g3,,1920,6.264238550102164e-08,1849554,1849554
diabetes,1,g3_zero,g3,,2040,3.286710636984935e-08,1964846,1964846
diabetes,1,g3_zero,g3,,2160,1.4840566109342035e-08,2080138,2080138
diabetes,1,g3_zero,g3,,2280,6.138904495855968e-09,2195430,2195430
diabetes,1,g3_zero,g3,,2400,2.3879209720689687e-09,2310722,2310722
diabetes,2,g3_zero,g3,,0,111.9433754500213,4882,4882
diabetes,2,g3_zero,g3,,120,0.17448357872528675,120174,120174
diabetes,2,g3_zero,g3,,240,0.0470727099210535,235466,235466
diabetes,2,g3_zero,g3,,360,0.016452317068740285,350758,350758
diabetes,2,g3_zero,g3,,480,0.007774284572363399,466050,466050
diabetes,2,g3_zero,g3,,600,0.003024389128910343,581342,581342
diabetes,2,g3_zero,g3,,720,0.0012047925198857001,696634,696634
diabetes,2,g3_zero,g3,,840,0.00041413377292087716,811926,811926
diabetes,2,g3_zero,g3,,960,0.00017151088810862802,927218,927218
diabetes,2,g3_zero,g3,,1080,0.00011058487056914146,1042510,1042510
diabetes,2,g3_zero,g3,,1200,5.010529145010878e-05,1157802,1157802
diabetes,2,g3_zero,g3,,1320,1.9511178891207237e-05,1273094,1273094
diabetes,2,g3_zero,g3,,1440,9.857138081770245e-06,1388386,1388386
diabetes,2,g3_zero,g3,,1560,4.475104773860039e-06,1503678,1503678
diabetes,2,g3_zero,g3,,1680,1.93881906795923e-06,1618970,1618970
diabetes,2,g3_zero,g3,,1800,9.395013478297187e-07,1734262,1734262
diabetes,2,g3_zero,g3,,1920,4.0507559617708466e-07,1849554,1849554
diabetes,2,g3_zero,g3,,2040,1.389581285593522e-07,1964846,1964846
diabetes,2,g3_zero,g3,,2160,6.179335798606189e-08,2080138,2080138
diabetes,2,g3_zero,g3,,2280,3.110989155175048e-08,2195430,2195430
diabetes,2,g3_zero,g3,,2400,1.5229602468025405e-08,2310722,2310722
diabetes,3,g3_zero,g3,,0,111.9433754500213,4882,4882
diabetes,3,g3_zero,g3,,120,0.03064810075143498,120174,120174
diabetes,3,g3_zero,g3,,240,0.00519421936817821,235466,235466
diabetes,3,g3_zero,g3,,360,0.0017221460541776423,350758,350758
diabetes,3,g3_zero,g3,,480,0.0007205262111824595,466050,466050
diabetes,3,g3_zero,g3,,600,0.00024796166785279183,581342,581342
diabetes,3,g3_zero,g3,,720,0.00010429919096566209,696634,696634
diabetes,3,g3_zero,g3,,840,3.9884852952809524e-05,811926,811926
diabetes,3,g3_zero,g3,,960,1.3497001347673176e-05,927218,927218
diabetes,3,g3_zero,g3,,1080,5.270431699955225e-06,1042510,1042510
diabetes,3,g3_zero,g3,,1200,2.7119481700310644e-06,1157802,1157802
diabetes,3,g3_zero,g3,,1320,1.3798877773751883e-06,1273094,1273094
diabetes,3,g3_zero,g3,,1440,4.3609107081010734e-07,1388386,1388386
diabetes,3,g3_zero,g3,,1560,1.8028558201876876e-07,1503678,1503678
diabetes,3,g3_zero,g3,,1680,6.172750488531165e-08,1618970,1618970
diabetes,3,g3_zero,g3,,1800,3.22796296359229e-08,1734262,1734262
diabetes,3,g3_zero,g3,,1920,1.4381086543835409e-08,1849554,1849554
diabetes,3,g3_zero,g3,,2040,6.017643272571149e-09,1964846,1964846
diabetes,3,g3_zero,g3,,2160,2.422567035864631e-09,2080138,2080138
diabetes,3,g3_zero,g3,,2280,9.05117758520646e-10,2195430,2195430
diabetes,3,g3_zero,g3,,2400,3.3502089991088724e-10,2310722,2310722
diabetes,4,g3_zero,g3,,0,111.9433754500213,4882,4882
diabetes,4,g3_zero,g3,,120,0.11293749146200582,120174,120174
diabetes,4,g3_zero,g3,,240,0.043958533348885,235466,235466
diabetes,4,g3_zero,g3,,360,0.01826695932807354,350758,350758
diabetes,4,g3_zero,g3,,480,0.00659414549694759,466050,466050
diabetes,4,g3_zero,g3,,600,0.002988274851645656,581342,581342
diabetes,4,g3_zero,g3,,720,0.001065230846876375,696634,696634
diabetes,4,g3_zero,g3,,840,0.0005448717234770584,811926,811926
diabetes,4,g3_zero,g3,,960,0.00022677147764227357,927218,927218
diabetes,4,g3_zero,g3,,1080,6.882604077418364e-05,1042510,1042510
diabetes,4,g3_zero,g3,,1200,2.65281879592294e-05,1157802,1157802
diabetes,4,g3_zero,g3,,1320,1.1756371691262757e-05,1273094,1273094
diabetes,4,g3_zero,g3,,1440,4.072687659117946e-06,1388386,1388386
diabetes,4,g3_zero,g3,,1560,1.6445968498146613e-06,1503678,1503678
diabetes,4,g3_zero,g3,,1680,5.35112349098199e-07,1618970,1618970
diabetes,4,g3_zero,g3,,1800,1.9566537901027914e-07,1734262,1734262
diabetes,4,g3_zero,g3,,1920,9.199176531637931e-08,1849554,1849554
diabetes,4,g3_zero,g3,,2040,4.487441174205742e-08,1964846,1964846
diabetes,4,g3_zero,g3,,2160,1.3804665854877385e-08,2080138,2080138
diabetes,4,g3_zero,g3,,2280,4.864801894655102e-09,2195430,2195430
diabetes,4,g3_zero,g3,,2400,2.3217978650791338e-09,2310722,2310722
diabetes,5,g3_zero,g3,,0,111.9433754500213,4882,4882
diabetes,5,g3_zero,g3,,120,0.012539001092079616,120174,120174
diabetes,5,g3_zero,g3,,240,0.0008441703233756925,235466,235466
diabetes,5,g3_zero,g3,,360,9.629122202170493e-05,350758,350758
diabetes,5,g3_zero,g3,,480,3.3603746658172895e-05,466050,466050
diabetes,5,g3_zero,g3,,600,1.5134121056803451e-05,581342,581342
diabetes,5,g3_zero,g3,,720,5.010738718169705e-06,696634,696634
diabetes,5,g3_zero,g3,,840,2.377784824147966e-06,811926,811926
diabetes,5,g3_zero,g3,,960,1.1309086573874083e-06,927218,927218
diabetes,5,g3_zero,g3,,1080,4.783849760769954e-07,1042510,1042510
diabetes,5,g3_zero,g3,,1200,3.1589975435508677e-07,1157802,1157802
diabetes,5,g3_zero,g3,,1320,1.3909362905906164e-07,1273094,1273094
diabetes,5,g3_zero,g3,,1440,4.412358123317972e-08,1388386,1388386
diabetes,5,g3_zero,g3,,1560,2.1276150619087275e-08,1503678,1503678
diabetes,5,g3_zero,g3,,1680,8.68885763338767e-09,1618970,1618970
diabetes,5,g3_zero,g3,,1800,3.40773453899601e-09,1734262,1734262
diabetes,5,g3_zero,g3,,1920,1.3738059578827233e-09,1849554,1849554
diabetes,5,g3_zero,g3,,2040,5.775433464805246e-10,1964846,1964846
diabetes,5,g3_zero,g3,,2160,2.3212010091810953e-10,2080138,2080138
diabetes,5,g3_zero,g3,,2280,9.211476026393939e-11,2195430,2195430
diabetes,5,g3_zero,g3,,2400,3.821298832917819e-11,2310722,2310722
diabetes,6,g3_zero,g3,,0,111.9433754500213,4882,4882
diabetes,6,g3_zero,g3,,120,0.03697569004779666,120174,120174
diabetes,6,g3_zero,g3,,240,0.010708952638424307,235466,235466
diabetes,6,g3_zero,g3,,360,0.00471852753004498,350758,350758
diabetes,6,g3_zero,g3,,480,0.0025600325055563644,466050,466050
diabetes,6,g3_zero,g3,,600,0.0009284351571636762,581342,581342
diabetes,6,g3_zero,g3,,720,0.0003460211003556424,696634,696634
diabetes,6,g3_zero,g3,,840,0.00018035884498601717,811926,811926
diabetes,6,g3_zero,g3,,960,7.348492363234982e-05,927218,927218
diabetes,6,g3_zero,g3,,1080,2.7894581037912758e-05,1042510,1042510
diabetes,6,g3_zero,g3,,1200,1.2003596552290219e-05,1157802,1157802
diabetes,6,g3_zero,g3,,1320,4.0600939854584794e-06,1273094,1273094
diabetes,6,g3_zero,g3,,1440,1.5171374343481148e-06,1388386,1388386
diabetes,6,g3_zero,g3,,1560,8.271079394717162e-07,1503678,1503678
diabetes,6,g3_zero,g3,,1680,2.509319045884695e-07,1618970,1618970
diabetes,6,g3_zero,g3,,1800,1.3461405501402623e-07,1734262,1734262
diabetes,6,g3_zero,g3,,1920,7.674324820072798e-08,1849554,1849554
diabetes,6,g3_zero,g3,,2040,3.0133946893329266e-08,1964846,1964846
diabetes,6,g3_zero,g3,,2160,1.448954378702183e-08,2080138,2080138
diabetes,6,g3_zero,g3,,2280,3.3757032724679448e-09,2195430,2195430
diabetes,6,g3_zero,g3,,2400,1.6471943808937795e-09,2310722,2310722
diabetes,7,g3_zero,g3,,0,111.9433754500213,4882,4882
diabetes,7,g3_zero,g3,,120,0.11696872638219702,120174,120174
diabetes,7,g3_zero,g3,,240,0.05299947489075407,235466,235466
diabetes,7,g3_zero,g3,,360,0.023277062230505408,350758,350758
diabetes,7,g3_zero,g3,,480,0.007212376641817286,466050,466050
diabetes,7,g3_zero,g3,,600,0.0036603781878312702,581342,581342
diabetes,7,g3_zero,g3,,720,0.0016975575646824836,696634,696634
diabetes,7,g3_zero,g3,,840,0.00056130296786705,811926,811926
diabetes,7,g3_zero,g3,,960,0.0002125877872174442,927218,927218
diabetes,7,g3_zero,g3,,1080,9.328776714312426e-05,1042510,1042510
diabetes,7,g3_zero,g3,,1200,5.170055459302603e-05,1157802,1157802
diabetes,7,g3_zero,g3,,1320,2.061559972332816e-05,1273094,1273094
diabetes,7,g3_zero,g3,,1440,1.0356300691682918e-05,1388386,1388386
diabetes,7,g3_zero,g3,,1560,2.22993405429861e-06,1503678,1503678
diabetes,7,g3_zero,g3,,1680,9.834596994551248e-07,1618970,1618970
diabetes,7,g3_zero,g3,,1800,4.918542799714487e-07,1734262,1734262
diabetes,7,g3_zero,g3,,1920,2.0636038300381188e-07,1849554,1849554
diabetes,7,g3_zero,g3,,2040,8.499083037349919e-08,1964846,1964846
diabetes,7,g3_zero,g3,,2160,3.294569239642442e-08,2080138,2080138
diabetes,7,g3_zero,g3,,2280,1.4209732057679503e-08,2195430,2195430
diabetes,7,g3_zero,g3,,2400,5.7512465900799725e-09,2310722,2310722
diabetes,8,g3_zero,g3,,0,111.9433754500213,4882,4882
diabetes,8,g3_zero,g3,,120,0.16839202040425505,120174,120174
diabetes,8,g3_zero,g3,,240,0.013935639741362138,235466,235466
diabetes,8,g3_zero,g3,,360,0.002193366016982168,350758,350758
diabetes,8,g3_zero,g3,,480,0.000899058399909336,466050,466050
diabetes,8,g3_zero,g3,,600,0.000282980997070581,581342,581342
diabetes,8,g3_zero,g3,,720,0.00011037579510286832,696634,696634
diabetes,8,g3_zero,g3,,840,4.3784517771428e-05,811926,811926
diabetes,8,g3_zero,g3,,960,1.7354354156395857e-05,927218,927218
diabetes,8,g3_zero,g3,,1080,6.519611162048022e-06,1042510,1042510
diabetes,8,g3_zero,g3,,1200,2.6751650068490562e-06,1157802,1157802
diabetes,8,g3_zero,g3,,1320,9.024621476783068e-07,1273094,1273094
diabetes,8,g3_zero,g3,,1440,2.8951075137229054e-07,1388386,1388386
diabetes,8,g3_zero,g3,,1560,1.36918856696866e-07,1503678,1503678
diabetes,8,g3_zero,g3,,1680,4.502783212956274e-08,1618970,1618970
diabetes,8,g3_zero,g3,,1800,1.9494578396006546e-08,1734262,1734262
diabetes,8,g3_zero,g3,,1920,7.346187658185954e-09,1849554,1849554
diabetes,8,g3_zero,g3,,2040,2.9660327527381014e-09,1964846,1964846
diabetes,8,g3_zero,g3,,2160,1.937834781529091e-09,2080138,2080138
diabetes,8,g3_zero,g3,,2280,8.256506589532364e-10,2195430,2195430
diabetes,8,g3_zero,g3,,2400,2.6358293325756676e-10,2310722,2310722
diabetes,9,g3_zero,g3,,0,111.9433754500213,4882,4882
diabetes,9,g3_zero,g3,,120,0.1514899932650451,120174,120174
diabetes,9,g3_zero,g3,,240,0.04344040561838369,235466,235466
diabetes,9,g3_zero,g3,,360,0.01852805253717804,350758,350758
diabetes,9,g3_zero,g3,,480,0.007658557487388862,466050,466050
diabetes,9,g3_zero,g3,,600,0.0031020566154467133,581342,581342
diabetes,9,g3_zero,g3,,720,0.0011077955776670478,696634,696634
diabetes,9,g3_zero,g3,,840,0.0007671260915884659,811926,811926
diabetes,9,g3_zero,g3,,960,0.00029131319696773517,927218,927218
diabetes,9,g3_zero,g3,,1080,0.00013923172107865867,1042510,1042510
diabetes,9,g3_zero,g3,,1200,6.614886322608982e-05,1157802,1157802
diabetes,9,g3_zero,g3,,1320,2.5252734374703323e-05,1273094,1273094
diabetes,9,g3_zero,g3,,1440,1.0889363807109476e-05,1388386,1388386
diabetes,9,g3_zero,g3,,1560,4.3331618684305795e-06,1503678,1503678
diabetes,9,g3_zero,g3,,1680,2.1597567609887847e-06,1618970,1618970
diabetes,9,g3_zero,g3,,1800,8.339628010389788e-07,1734262,1734262
diabetes,9,g3_zero,g3,,1920,3.6083453380797437e-07,1849554,1849554
diabetes,9,g3_zero,g3,,2040,1.4504863088404818e-07,1964846,1964846
diabetes,9,g3_zero,g3,,2160,5.3275599043445254e-08,2080138,2080138
diabetes,9,g3_zero,g3,,2280,2.195193360421399e-08,2195430,2195430
diabetes,9,g3_zero,g3,,2400,1.1023615797967068e-08,2310722,2310722
diabetes,10,g3_zero,g3,,0,111.9433754500213,4882,4882
diabetes,10,g3_zero,g3,,120,0.5448009255254362,120174,120174
diabetes,10,g3_zero,g3,,240,0.3102953537553077,235466,235466
diabetes,10,g3_zero,g3,,360,0.17925132166477908,350758,350758
diabetes,10,g3_zero,g3,,480,0.0832384462800917,466050,466050
diabetes,10,g3_zero,g3,,600,0.03380803477114114,581342,581342
diabetes,10,g3_zero,g3,,720,0.013934828192873283,696634,696634
diabetes,10,g3_zero,g3,,840,0.005861895716279264,811926,811926
diabetes,10,g3_zero,g3,,960,0.0016052370000778637,927218,927218
diabetes,10,g3_zero,g3,,1080,0.0007479496340607739,1042510,1042510
diabetes,10,g3_zero,g3,,1200,0.0002759210929070832,1157802,1157802
diabetes,10,g3_zero,g3,,1320,0.00010202555824889714,1273094,1273094
diabetes,10,g3_zero,g3,,1440,4.0489289943934637e-05,1388386,1388386
diabetes,10,g3_zero,g3,,1560,2.16167504021314e-05,1503678,1503678
diabetes,10,g3_zero,g3,,1680,1.0324803000116844e-05,1618970,1618970
diabetes,10,g3_zero,g3,,1800,4.03841551133155e-06,1734262,1734262
diabetes,10,g3_zero,g3,,1920,2.062791082835247e-06,1849554,1849554
diabetes,10,g3_zero,g3,,2040,8.070009869243222e-07,1964846,1964846
diabetes,10,g3_zero,g3,,2160,3.302370430446899e-07,2080138,2080138
diabetes,10,g3_zero,g3,,2280,1.2479894451189466e-07,2195430,2195430
diabetes,10,g3_zero,g3,,2400,4.6502862005581846e-08,2310722,2310722
diabetes,11,g3_zero,g3,,0,111.9433754500213,4882,4882
diabetes,11,g3_zero,g3,,120,0.011961962765170142,120174,120174
diabetes,11,g3_zero,g3,,240,0.0046754263003663254,235466,235466
diabetes,11,g3_zero,g3,,360,0.0018145867434355978,350758,350758
diabetes,11,g3_zero,g3,,480,0.0010385531749079746,466050,466050
diabetes,11,g3_zero,g3,,600,0.0004372654651660923,581342,581342
diabetes,11,g3_zero,g3,,720,0.00018824644587311923,696634,696634
diabetes,11,g3_zero,g3,,840,5.430599260591862e-05,811926,811926
diabetes,11,g3_zero,g3,,960,2.108273520207149e-05,927218,927218
diabetes,11,g3_zero,g3,,1080,6.606628517147328e-06,1042510,1042510
diabetes,11,g3_zero,g3,,1200,2.8609481859120933e-06,1157802,1157802
diabetes,11,g3_zero,g3,,1320,1.00692473381514e-06,1273094,1273094
diabetes,11,g3_zero,g3,,1440,5.351854923674182e-07,1388386,1388386
diabetes,11,g3_zero,g3,,1560,2.2050222980851686e-07,1503678,1503678
diabetes,11,g3_zero,g3,,1680,1.190094707226308e-07,1618970,1618970
diabetes,11,g3_zero,g3,,1800,6.440671995733283e-08,1734262,1734262
diabetes,11,g3_zero,g3,,1920,2.7688486170518445e-08,1849554,1849554
diabetes,11,g3_zero,g3,,2040,9.838231562753208e-09,1964846,1964846
diabetes,11,g3_zero,g3,,2160,4.23787582803925e-09,2080138,2080138
diabetes,11,g3_zero,g3,,2280,1.8052617178909713e-09,2195430,2195430
diabetes,11,g3_zero,g3,,2400,6.763229976058938e-10,2310722,2310722
diabetes,0,g2_eps_1,g2,1.0,0,111.9433754500213,4882,
diabetes,0,g2_eps_1,g2,1.0,120,0.01714585075602315,120174,
diabetes,0,g2_eps_1,g2,1.0,240,0.0016408005722894359,235466,
diabetes,0,g2_eps_1,g2,1.0,360,0.0004012350622417671,350758,
diabetes,0,g2_eps_1,g2,1.0,480,0.00014628932792959404,466050,
diabetes,0,g2_eps_1,g2,1.0,600,3.84878244688025e-05,581342,
diabetes,0,g2_eps_1,g2,1.0,720,1.5816314942185272e-05,696634,
diabetes,0,g2_eps_1,g2,1.0,840,9.37743006090841e-06,811926,
diabetes,0,g2_eps_1,g2,1.0,960,5.615167140149424e-06,927218,
diabetes,0,g2_eps_1,g2,1.0,1080,2.6184456061173478e-06,1042510,
diabetes,0,g2_eps_1,g2,1.0,1200,1.2842103700450025e-06,1157802,
diabetes,0,g2_eps_1,g2,1.0,1320,4.819620045282136e-07,1273094,
diabetes,0,g2_eps_1,g2,1.0,1440,2.3761795375776273e-07,1388386,
diabetes,0,g2_eps_1,g2,1.0,1560,1.0768013680717559e-07,1503678,
diabetes,0,g2_eps_1,g2,1.0,1680,3.796753844653722e-08,1618970,
diabetes,0,g2_eps_1,g2,1.0,1800,1.581656761118211e-08,1734262,
diabetes,0,g2_eps_1,g2,1.0,1920,7.041208505143004e-09,1849554,
diabetes,0,g2_eps_1,g2,1.0,2040,3.2955398410194903e-09,1964846,
diabetes,0,g2_eps_1,g2,1.0,2160,9.671339284977876e-10,2080138,
diabetes,0,g2_eps_1,g2,1.0,2280,5.821760851176805e-10,2195430,
diabetes,0,g2_eps_1,g2,1.0,2400,2.3726443032501265e-10,2310722,
diabetes,1,g2_eps_1,g2,1.0,0,111.9433754500213,4882,
diabetes,1,g2_eps_1,g2,1.0,120,0.07724123764261037,120174,
diabetes,1,g2_eps_1,g2,1.0,240,0.027031505724437466,235466,
diabetes,1,g2_eps_1,g2,1.0,360,0.007905343881773774,350758,
diabetes,1,g2_eps_1,g2,1.0,480,0.004745284872967659,466050,
diabetes,1,g2_eps_1,g2,1.0,600,0.002009671934047219,581342,
diabetes,1,g2_eps_1,g2,1.0,720,0.0007067211222562264,696634,
diabetes,1,g2_eps_1,g2,1.0,840,0.00025295743779452096,811926,
diabetes,1,g2_eps_1,g2,1.0,960,9.476876272174195e-05,927218,
diabetes,1,g2_eps_1,g2,1.0,1080,3.2083491277035137e-05,1042510,
diabetes,1,g2_eps_1,g2,1.0,1200,1.2840416061976612e-05,1157802,
diabetes,1,g2_eps_1,g2,1.0,1320,4.970301446860503e-06,1273094,
diabetes,1,g2_eps_1,g2,1.0,1440,2.0765588004678648e-06,1388386,
diabetes,1,g2_eps_1,g2,1.0,1560,8.238853155262404e-07,1503678,
diabetes,1,g2_eps_1,g2,1.0,1680,3.9481436431287875e-07,1618970,
diabetes,1,g2_eps_1,g2,1.0,1800,1.0458779797772877e-07,1734262,
diabetes,1,g2_eps_1,g2,1.0,1920,6.264458818350249e-08,1849554,
diabetes,1,g2_eps_1,g2,1.0,2040,3.29395959397516e-08,1964846,
diabetes,1,g2_eps_1,g2,1.0,2160,1.4849447893539036e-08,2080138,
diabetes,1,g2_eps_1,g2,1.0,2280,6.4776770614116685e-09,2195430,
diabetes,1,g2_eps_1,g2,1.0,2400,2.3942305915625184e-09,2310722,
diabetes,2,g2_eps_1,g2,1.0,0,111.9433754500213,4882,
diabetes,2,g2_eps_1,g2,1.0,120,0.16068084148531625,120174,
diabetes,2,g2_eps_1,g2,1.0,240,0.06901055989314386,235466,
diabetes,2,g2_eps_1,g2,1.0,360,0.026212899538649026,350758,
diabetes,2,g2_eps_1,g2,1.0,480,0.01249155101467636,466050,
diabetes,2,g2_eps_1,g2,1.0,600,0.004845099261231667,581342,
diabetes,2,g2_eps_1,g2,1.0,720,0.002058614533567038,696634,
diabetes,2,g2_eps_1,g2,1.0,840,0.0006960464360474816,811926,
diabetes,2,g2_eps_1,g2,1.0,960,0.00027515679202849697,927218,
diabetes,2,g2_eps_1,g2,1.0,1080,0.000186183378659166,1042510,
diabetes,2,g2_eps_1,g2,1.0,1200,8.095083401826741e-05,1157802,
diabetes,2,g2_eps_1,g2,1.0,1320,3.130949050955678e-05,1273094,
diabetes,2,g2_eps_1,g2,1.0,1440,1.5815345577152584e-05,1388386,
diabetes,2,g2_eps_1,g2,1.0,1560,7.178589498835208e-06,1503678,
diabetes,2,g2_eps_1,g2,1.0,1680,3.1112324307969175e-06,1618970,
diabetes,2,g2_eps_1,g2,1.0,1800,1.507099838704562e-06,1734262,
diabetes,2,g2_eps_1,g2,1.0,1920,6.497908344726966e-07,1849554,
diabetes,2,g2_eps_1,g2,1.0,2040,2.3497760537338763e-07,1964846,
diabetes,2,g2_eps_1,g2,1.0,2160,9.91237243397336e-08,2080138,
diabetes,2,g2_eps_1,g2,1.0,2280,4.9903846388588136e-08,2195430,
diabetes,2,g2_eps_1,g2,1.0,2400,2.4638566742396506e-08,2310722,
diabetes,3,g2_eps_1,g2,1.0,0,111.9433754500213,4882,
diabetes,3,g2_eps_1,g2,1.0,120,0.03064810075143498,120174,
diabetes,3,g2_eps_1,g2,1.0,240,0.00519421936817821,235466,
diabetes,3,g2_eps_1,g2,1.0,360,0.0017221460541776423,350758,
diabetes,3,g2_eps_1,g2,1.0,480,0.0007205262111824595,466050,
diabetes,3,g2_eps_1,g2,1.0,600,0.00024796166785279183,581342,
diabetes,3,g2_eps_1,g2,1.0,720,0.00010429919096566209,696634,
diabetes,3,g2_eps_1,g2,1.0,840,3.9884852952809524e-05,811926,
diabetes,3,g2_eps_1,g2,1.0,960,1.3497001347673176e-05,927218,
diabetes,3,g2_eps_1,g2,1.0,1080,5.270431699955225e-06,1042510,
diabetes,3,g2_eps_1,g2,1.0,1200,2.7119481700310644e-06,1157802,
diabetes,3,g2_eps_1,g2,1.0,1320,1.3798877773751883e-06,1273094,
diabetes,3,g2_eps_1,g2,1.0,1440,4.3609107081010734e-07,1388386,
diabetes,3,g2_eps_1,g2,1.0,1560,1.8028558201876876e-07,1503678,
diabetes,3,g2_eps_1,g2,1.0,1680,6.172750488531165e-08,1618970,
diabetes,3,g2_eps_1,g2,1.0,1800,3.22796296359229e-08,1734262,
diabetes,3,g2_eps_1,g2,1.0,1920,1.4381086543835409e-08,1849554,
diabetes,3,g2_eps_1,g2,1.0,2040,6.017643272571149e-09,1964846,
diabetes,3,g2_eps_1,g2,1.0,2160,2.422567035864631e-09,2080138,
diabetes,3,g2_eps_1,g2,1.0,2280,9.05117758520646e-10,2195430,
diabetes,3,g2_eps_1,g2,1.0,2400,3.3502089991088724e-10,2310722,
diabetes,4,g2_eps_1,g2,1.0,0,111.9433754500213,4882,
diabetes,4,g2_eps_1,g2,1.0,120,0.21913611910630948,120174,
diabetes,4,g2_eps_1,g2,1.0,240,0.09115636081607192,235466,
diabetes,4,g2_eps_1,g2,1.0,360,0.03906652913029518,350758,
diabetes,4,g2_eps_1,g2,1.0,480,0.01396317157660576,466050,
diabetes,4,g2_eps_1,g2,1.0,600,0.006395145666132862,581342,
diabetes,4,g2_eps_1,g2,1.0,720,0.002267289299368258,696634,
diabetes,4,g2_eps_1,g2,1.0,840,0.001160176936181756,811926,
diabetes,4,g2_eps_1,g2,1.0,960,0.0004892411969024124,927218,
diabetes,4,g2_eps_1,g2,1.0,1080,0.00014688974701471125,1042510,
diabetes,4,g2_eps_1,g2,1.0,1200,5.67734469854031e-05,1157802,
diabetes,4,g2_eps_1,g2,1.0,1320,2.5025574899473213e-05,1273094,
diabetes,4,g2_eps_1,g2,1.0,1440,8.680257806759073e-06,1388386,
diabetes,4,g2_eps_1,g2,1.0,1560,3.512664221716477e-06,1503678,
diabetes,4,g2_eps_1,g2,1.0,1680,1.1406901592181384e-06,1618970,
diabetes,4,g2_eps_1,g2,1.0,1800,4.181975299388796e-07,1734262,
diabetes,4,g2_eps_1,g2,1.0,1920,1.958238726729178e-07,1849554,
diabetes,4,g2_eps_1,g2,1.0,2040,9.55231485022523e-08,1964846,
diabetes,4,g2_eps_1,g2,1.0,2160,3.0977574283497233e-08,2080138,
diabetes,4,g2_eps_1,g2,1.0,2280,1.0357311452935392e-08,2195430,
diabetes,4,g2_eps_1,g2,1.0,2400,4.947125376020267e-09,2310722,
diabetes,5,g2_eps_1,g2,1.0,0,111.9433754500213,4882,
diabetes,5,g2_eps_1,g2,1.0,120,0.052207203228277876,120174,
diabetes,5,g2_eps_1,g2,1.0,240,0.011314500011494033,235466,
diabetes,5,g2_eps_1,g2,1.0,360,0.003335788855721944,350758,
diabetes,5,g2_eps_1,g2,1.0,480,0.00155740150712802,466050,
diabetes,5,g2_eps_1,g2,1.0,600,0.0006179067503495617,581342,
diabetes,5,g2_eps_1,g2,1.0,720,0.00020351141499475034,696634,
diabetes,5,g2_eps_1,g2,1.0,840,9.616599531625525e-05,811926,
diabetes,5,g2_eps_1,g2,1.0,960,4.580636795026294e-05,927218,
diabetes,5,g2_eps_1,g2,1.0,1080,1.9391172671134882e-05,1042510,
diabetes,5,g2_eps_1,g2,1.0,1200,1.2827180611907352e-05,1157802,
diabetes,5,g2_eps_1,g2,1.0,1320,5.63956074017824e-06,1273094,
diabetes,5,g2_eps_1,g2,1.0,1440,1.8120475715477369e-06,1388386,
diabetes,5,g2_eps_1,g2,1.0,1560,8.625789718053056e-07,1503678,
diabetes,5,g2_eps_1,g2,1.0,1680,3.5219426308685797e-07,1618970,
diabetes,5,g2_eps_1,g2,1.0,1800,1.3811360588533717e-07,1734262,
diabetes,5,g2_eps_1,g2,1.0,1920,5.63909594575307e-08,1849554,
diabetes,5,g2_eps_1,g2,1.0,2040,2.3409555183206976e-08,1964846,
diabetes,5,g2_eps_1,g2,1.0,2160,9.40964639539743e-09,2080138,
diabetes,5,g2_eps_1,g2,1.0,2280,3.73341890735901e-09,2195430,
diabetes,5,g2_eps_1,g2,1.0,2400,1.5515411178057548e-09,2310722,
diabetes,6,g2_eps_1,g2,1.0,0,111.9433754500213,4882,
diabetes,6,g2_eps_1,g2,1.0,120,0.10064016327280001,120174,
diabetes,6,g2_eps_1,g2,1.0,240,0.021319570818576494,235466,
diabetes,6,g2_eps_1,g2,1.0,360,0.008755606248556091,350758,
diabetes,6,g2_eps_1,g2,1.0,480,0.0047154005725644765,466050,
diabetes,6,g2_eps_1,g2,1.0,600,0.0017084709241004248,581342,
diabetes,6,g2_eps_1,g2,1.0,720,0.000643665522531478,696634,
diabetes,6,g2_eps_1,g2,1.0,840,0.0003317721912878824,811926,
diabetes,6,g2_eps_1,g2,1.0,960,0.00013637020957446566,927218,
diabetes,6,g2_eps_1,g2,1.0,1080,5.215215199427803e-05,1042510,
diabetes,6,g2_eps_1,g2,1.0,1200,2.2080326871787292e-05,1157802,
diabetes,6,g2_eps_1,g2,1.0,1320,7.544369665879458e-06,1273094,
diabetes,6,g2_eps_1,g2,1.0,1440,2.790739202396253e-06,1388386,
diabetes,6,g2_eps_1,g2,1.0,1560,1.634494708468992e-06,1503678,
diabetes,6,g2_eps_1,g2,1.0,1680,4.6173062173693324e-07,1618970,
diabetes,6,g2_eps_1,g2,1.0,1800,2.685134035118608e-07,1734262,
diabetes,6,g2_eps_1,g2,1.0,1920,1.4117905777766282e-07,1849554,
diabetes,6,g2_eps_1,g2,1.0,2040,5.548871229166252e-08,1964846,
diabetes,6,g2_eps_1,g2,1.0,2160,2.665325382622541e-08,2080138,
diabetes,6,g2_eps_1,g2,1.0,2280,6.214065706444671e-09,2195430,
diabetes,6,g2_eps_1,g2,1.0,2400,3.041549234694685e-09,2310722,
diabetes,7,g2_eps_1,g2,1.0,0,111.9433754500213,4882,
diabetes,7,g2_eps_1,g2,1.0,120,0.11696872638219702,120174,
diabetes,7,g2_eps_1,g2,1.0,240,0.05299947489075407,235466,
diabetes,7,g2_eps_1,g2,1.0,360,0.023277062230505408,350758,
diabetes,7,g2_eps_1,g2,1.0,480,0.007212376641817286,466050,
diabetes,7,g2_eps_1,g2,1.0,600,0.0036603781878312702,581342,
diabetes,7,g2_eps_1,g2,1.0,720,0.0016975575646824836,696634,
diabetes,7,g2_eps_1,g2,1.0,840,0.00056130296786705,811926,
diabetes,7,g2_eps_1,g2,1.0,960,0.0002125877872174442,927218,
diabetes,7,g2_eps_1,g2,1.0,1080,9.328776714312426e-05,1042510,
diabetes,7,g2_eps_1,g2,1.0,1200,5.170055459302603e-05,1157802,
diabetes,7,g2_eps_1,g2,1.0,1320,2.061559972332816e-05,1273094,
diabetes,7,g2_eps_1,g2,1.0,1440,1.0356300691682918e-05,1388386,
diabetes,7,g2_eps_1,g2,1.0,1560,2.22993405429861e-06,1503678,
diabetes,7,g2_eps_1,g2,1.0,1680,9.834596994551248e-07,1618970,
diabetes,7,g2_eps_1,g2,1.0,1800,4.918542799714487e-07,1734262,
diabetes,7,g2_eps_1,g2,1.0,1920,2.0636038300381188e-07,1849554,
diabetes,7,g2_eps_1,g2,1.0,2040,8.499083037349919e-08,1964846,
diabetes,7,g2_eps_1,g2,1.0,2160,3.294569239642442e-08,2080138,
diabetes,7,g2_eps_1,g2,1.0,2280,1.4209732057679503e-08,2195430,
diabetes,7,g2_eps_1,g2,1.0,2400,5.7512465900799725e-09,2310722,
diabetes,8,g2_eps_1,g2,1.0,0,111.9433754500213,4882,
diabetes,8,g2_eps_1,g2,1.0,120,0.15136954976489392,120174,
diabetes,8,g2_eps_1,g2,1.0,240,0.015488458698769136,235466,
diabetes,8,g2_eps_1,g2,1.0,360,0.003426561422045893,350758,
diabetes,8,g2_eps_1,g2,1.0,480,0.0014128070240815305,466050,
diabetes,8,g2_eps_1,g2,1.0,600,0.00045533697667110573,581342,
diabetes,8,g2_eps_1,g2,1.0,720,0.00017701128204805627,696634,
diabetes,8,g2_eps_1,g2,1.0,840,7.056444877662216e-05,811926,
diabetes,8,g2_eps_1,g2,1.0,960,2.799251085150445e-05,927218,
diabetes,8,g2_eps_1,g2,1.0,1080,1.1046078626009148e-05,1042510,
diabetes,8,g2_eps_1,g2,1.0,1200,4.4565233849880315e-06,1157802,
diabetes,8,g2_eps_1,g2,1.0,1320,1.4541382995503227e-06,1273094,
diabetes,8,g2_eps_1,g2,1.0,1440,4.6666121988891973e-07,1388386,
diabetes,8,g2_eps_1,g2,1.0,1560,2.244586312372121e-07,1503678,
diabetes,8,g2_eps_1,g2,1.0,1680,7.25585351801783e-08,1618970,
diabetes,8,g2_eps_1,g2,1.0,1800,3.144459981285763e-08,1734262,
diabetes,8,g2_eps_1,g2,1.0,1920,1.2490176004575915e-08,1849554,
diabetes,8,g2_eps_1,g2,1.0,2040,4.7897827926135506e-09,1964846,
diabetes,8,g2_eps_1,g2,1.0,2160,3.1223663654600387e-09,2080138,
diabetes,8,g2_eps_1,g2,1.0,2280,1.3402399190454162e-09,2195430,
diabetes,8,g2_eps_1,g2,1.0,2400,4.2504666453169193e-10,2310722,
diabetes,9,g2_eps_1,g2,1.0,0,111.9433754500213,4882,
diabetes,9,g2_eps_1,g2,1.0,120,0.15468041488406925,120174,
diabetes,9,g2_eps_1,g2,1.0,240,0.04542536453136847,235466,
diabetes,9,g2_eps_1,g2,1.0,360,0.02072722001638283,350758,
diabetes,9,g2_eps_1,g2,1.0,480,0.008586546812125562,466050,
diabetes,9,g2_eps_1,g2,1.0,600,0.0037198015352970515,581342,
diabetes,9,g2_eps_1,g2,1.0,720,0.0012526199809883565,696634,
diabetes,9,g2_eps_1,g2,1.0,840,0.0008612473101834439,811926,
diabetes,9,g2_eps_1,g2,1.0,960,0.0003270945673392589,927218,
diabetes,9,g2_eps_1,g2,1.0,1080,0.00015631766481760678,1042510,
diabetes,9,g2_eps_1,g2,1.0,1200,7.743216869471325e-05,1157802,
diabetes,9,g2_eps_1,g2,1.0,1320,2.994023967062276e-05,1273094,
diabetes,9,g2_eps_1,g2,1.0,1440,1.3302150009053548e-05,1388386,
diabetes,9,g2_eps_1,g2,1.0,1560,4.864894208367332e-06,1503678,
diabetes,9,g2_eps_1,g2,1.0,1680,2.4253642010307885e-06,1618970,
diabetes,9,g2_eps_1,g2,1.0,1800,9.367085738176684e-07,1734262,
diabetes,9,g2_eps_1,g2,1.0,1920,4.0819716673468065e-07,1849554,
diabetes,9,g2_eps_1,g2,1.0,2040,1.6347530618077144e-07,1964846,
diabetes,9,g2_eps_1,g2,1.0,2160,5.981834760859783e-08,2080138,
diabetes,9,g2_eps_1,g2,1.0,2280,2.4682321964064613e-08,2195430,
diabetes,9,g2_eps_1,g2,1.0,2400,1.240793778833904e-08,2310722,
diabetes,10,g2_eps_1,g2,1.0,0,111.9433754500213,4882,
diabetes,10,g2_eps_1,g2,1.0,120,0.13828192473491185,120174,
diabetes,10,g2_eps_1,g2,1.0,240,0.06774705178504803,235466,
diabetes,10,g2_eps_1,g2,1.0,360,0.03786941607030769,350758,
diabetes,10,g2_eps_1,g2,1.0,480,0.017468495052696653,466050,
diabetes,10,g2_eps_1,g2,1.0,600,0.0071276925350645115,581342,
diabetes,10,g2_eps_1,g2,1.0,720,0.002937707479006235,696634,
diabetes,10,g2_eps_1,g2,1.0,840,0.0012354342216838177,811926,
diabetes,10,g2_eps_1,g2,1.0,960,0.0003543073311789158,927218,
diabetes,10,g2_eps_1,g2,1.0,1080,0.00015759588066543984,1042510,
diabetes,10,g2_eps_1,g2,1.0,1200,5.8165758858308436e-05,1157802,
diabetes,10,g2_eps_1,g2,1.0,1320,2.2679843752371198e-05,1273094,
diabetes,10,g2_eps_1,g2,1.0,1440,8.565021971662645e-06,1388386,
diabetes,10,g2_eps_1,g2,1.0,1560,4.555492225222224e-06,1503678,
diabetes,10,g2_eps_1,g2,1.0,1680,2.1763975439625938e-06,1618970,
diabetes,10,g2_eps_1,g2,1.0,1800,8.510602071964968e-07,1734262,
diabetes,10,g2_eps_1,g2,1.0,1920,4.346822777279158e-07,1849554,
diabetes,10,g2_eps_1,g2,1.0,2040,1.7005638142109092e-07,1964846,
diabetes,10,g2_eps_1,g2,1.0,2160,6.975380983931245e-08,2080138,
diabetes,10,g2_eps_1,g2,1.0,2280,2.636005547174136e-08,2195430,
diabetes,10,g2_eps_1,g2,1.0,2400,9.805447120925237e-09,2310722,
diabetes,11,g2_eps_1,g2,1.0,0,111.9433754500213,4882,
diabetes,11,g2_eps_1,g2,1.0,120,0.008948914235560324,120174,
diabetes,11,g2_eps_1,g2,1.0,240,0.0033304239257603285,235466,
diabetes,11,g2_eps_1,g2,1.0,360,0.0012853094054321446,350758,
diabetes,11,g2_eps_1,g2,1.0,480,0.000739524065892283,466050,
diabetes,11,g2_eps_1,g2,1.0,600,0.00032558480364741627,581342,
diabetes,11,g2_eps_1,g2,1.0,720,0.00013393190549493283,696634,
diabetes,11,g2_eps_1,g2,1.0,840,3.911812463286424e-05,811926,
diabetes,11,g2_eps_1,g2,1.0,960,1.5834024935657e-05,927218,
diabetes,11,g2_eps_1,g2,1.0,1080,4.700511922806072e-06,1042510,
diabetes,11,g2_eps_1,g2,1.0,1200,2.0398390176978864e-06,1157802,
diabetes,11,g2_eps_1,g2,1.0,1320,7.16173687465016e-07,1273094,
diabetes,11,g2_eps_1,g2,1.0,1440,3.810252593439145e-07,1388386,
diabetes,11,g2_eps_1,g2,1.0,1560,1.6365964938813704e-07,1503678,
diabetes,11,g2_eps_1,g2,1.0,1680,8.604094148267905e-08,1618970,
diabetes,11,g2_eps_1,g2,1.0,1800,4.584461521517369e-08,1734262,
diabetes,11,g2_eps_1,g2,1.0,1920,1.9695008290909755e-08,1849554,
diabetes,11,g2_eps_1,g2,1.0,2040,7.160110726545099e-09,1964846,
diabetes,11,g2_eps_1,g2,1.0,2160,3.0218814117688453e-09,2080138,
diabetes,11,g2_eps_1,g2,1.0,2280,1.2839649343732162e-09,2195430,
diabetes,11,g2_eps_1,g2,1.0,2400,4.962998900737148e-10,2310722,
diabetes,0,g2_eps_0p5,g2,0.5,0,111.9433754500213,4882,
diabetes,0,g2_eps_0p5,g2,0.5,120,15.152312575933706,120174,
diabetes,0,g2_eps_0p5,g2,0.5,240,6.617537624894311,235466,
diabetes,0,g2_eps_0p5,g2,0.5,360,6.617537624894311,350758,
diabetes,0,g2_eps_0p5,g2,0.5,480,6.617537624894311,466050,
diabetes,0,g2_eps_0p5,g2,0.5,600,2.8538467081161087,581342,
diabetes,0,g2_eps_0p5,g2,0.5,720,2.8538467081161087,696634,
diabetes,0,g2_eps_0p5,g2,0.5,840,2.8538467081161087,811926,
diabetes,0,g2_eps_0p5,g2,0.5,960,2.8538467081161087,927218,
diabetes,0,g2_eps_0p5,g2,0.5,1080,2.8538467081161087,1042510,
diabetes,0,g2_eps_0p5,g2,0.5,1200,2.8538467081161087,1157802,
diabetes,0,g2_eps_0p5,g2,0.5,1320,2.8538467081161087,1273094,
diabetes,0,g2_eps_0p5,g2,0.5,1440,2.8538467081161087,1388386,
diabetes,0,g2_eps_0p5,g2,0.5,1560,2.8538467081161087,1503678,
diabetes,0,g2_eps_0p5,g2,0.5,1680,2.8538467081161087,1618970,
diabetes,0,g2_eps_0p5,g2,0.5,1800,2.8538467081161087,1734262,
diabetes,0,g2_eps_0p5,g2,0.5,1920,2.8538467081161087,1849554,
diabetes,0,g2_eps_0p5,g2,0.5,2040,2.8538467081161087,1964846,
diabetes,0,g2_eps_0p5,g2,0.5,2160,2.8538467081161087,2080138,
diabetes,0,g2_eps_0p5,g2,0.5,2280,2.8538467081161087,2195430,
diabetes,0,g2_eps_0p5,g2,0.5,2400,2.8538467081161087,2310722,
diabetes,1,g2_eps_0p5,g2,0.5,0,111.9433754500213,4882,
diabetes,1,g2_eps_0p5,g2,0.5,120,16.831507879788646,120174,
diabetes,1,g2_eps_0p5,g2,0.5,240,16.831507879788646,235466,
diabetes,1,g2_eps_0p5,g2,0.5,360,16.831507879788646,350758,
diabetes,1,g2_eps_0p5,g2,0.5,480,16.831507879788646,466050,
diabetes,1,g2_eps_0p5,g2,0.5,600,16.831507879788646,581342,
diabetes,1,g2_eps_0p5,g2,0.5,720,16.831507879788646,696634,
diabetes,1,g2_eps_0p5,g2,0.5,840,16.831507879788646,811926,
diabetes,1,g2_eps_0p5,g2,0.5,960,16.831507879788646,927218,
diabetes,1,g2_eps_0p5,g2,0.5,1080,16.831507879788646,1042510,
diabetes,1,g2_eps_0p5,g2,0.5,1200,16.831507879788646,1157802,
diabetes,1,g2_eps_0p5,g2,0.5,1320,16.831507879788646,1273094,
diabetes,1,g2_eps_0p5,g2,0.5,1440,16.831507879788646,1388386,
diabetes,1,g2_eps_0p5,g2,0.5,1560,16.831507879788646,1503678,
diabetes,1,g2_eps_0p5,g2,0.5,1680,16.831507879788646,1618970,
diabetes,1,g2_eps_0p5,g2,0.5,1800,16.831507879788646,1734262,
diabetes,1,g2_eps_0p5,g2,0.5,1920,16.831507879788646,1849554,
diabetes,1,g2_eps_0p5,g2,0.5,2040,16.831507879788646,1964846,
diabetes,1,g2_eps_0p5,g2,0.5,2160,16.831507879788646,2080138,
diabetes,1,g2_eps_0p5,g2,0.5,2280,16.831507879788646,2195430,
diabetes,1,g2_eps_0p5,g2,0.5,2400,16.831507879788646,2310722,
diabetes,2,g2_eps_0p5,g2,0.5,0,111.9433754500213,4882,
diabetes,2,g2_eps_0p5,g2,0.5,120,22.961655886497283,120174,
diabetes,2,g2_eps_0p5,g2,0.5,240,22.961655886497283,235466,
diabetes,2,g2_eps_0p5,g2,0.5,360,22.961655886497283,350758,
diabetes,2,g2_eps_0p5,g2,0.5,480,22.961655886497283,466050,
diabetes,2,g2_eps_0p5,g2,0.5,600,22.961655886497283,581342,
diabetes,2,g2_eps_0p5,g2,0.5,720,15.782216951893545,696634,
diabetes,2,g2_eps_0p5,g2,0.5,840,15.470893088494165,811926,
diabetes,2,g2_eps_0p5,g2,0.5,960,14.198591856247702,927218,
diabetes,2,g2_eps_0p5,g2,0.5,1080,14.197598945843026,1042510,
diabetes,2,g2_eps_0p5,g2,0.5,1200,14.197598945843026,1157802,
diabetes,2,g2_eps_0p5,g2,0.5,1320,14.197598945843026,1273094,
diabetes,2,g2_eps_0p5,g2,0.5,1440,14.197598945843026,1388386,
diabetes,2,g2_eps_0p5,g2,0.5,1560,14.197598945843026,1503678,
diabetes,2,g2_eps_0p5,g2,0.5,1680,14.197598945843026,1618970,
diabetes,2,g2_eps_0p5,g2,0.5,1800,14.197598945843026,1734262,
diabetes,2,g2_eps_0p5,g2,0.5,1920,14.197598945843026,1849554,
diabetes,2,g2_eps_0p5,g2,0.5,2040,14.197598945843026,1964846,
diabetes,2,g2_eps_0p5,g2,0.5,2160,14.197598945843026,2080138,
diabetes,2,g2_eps_0p5,g2,0.5,2280,14.197598945843026,2195430,
diabetes,2,g2_eps_0p5,g2,0.5,2400,14.197598945843026,2310722,
diabetes,3,g2_eps_0p5,g2,0.5,0,111.9433754500213,4882,
diabetes,3,g2_eps_0p5,g2,0.5,120,17.0687623954162,120174,
diabetes,3,g2_eps_0p5,g2,0.5,240,17.0687623954162,235466,
diabetes,3,g2_eps_0p5,g2,0.5,360,17.0687623954162,350758,
diabetes,3,g2_eps_0p5,g2,0.5,480,17.0687623954162,466050,
diabetes,3,g2_eps_0p5,g2,0.5,600,17.0687623954162,581342,
diabetes,3,g2_eps_0p5,g2,0.5,720,17.0687623954162,696634,
diabetes,3,g2_eps_0p5,g2,0.5,840,17.0687623954162,811926,
diabetes,3,g2_eps_0p5,g2,0.5,960,17.0687623954162,927218,
diabetes,3,g2_eps_0p5,g2,0.5,1080,17.0687623954162,1042510,
diabetes,3,g2_eps_0p5,g2,0.5,1200,17.0687623954162,1157802,
diabetes,3,g2_eps_0p5,g2,0.5,1320,17.0687623954162,1273094,
diabetes,3,g2_eps_0p5,g2,0.5,1440,17.0687623954162,1388386,
diabetes,3,g2_eps_0p5,g2,0.5,1560,17.0687623954162,1503678,
diabetes,3,g2_eps_0p5,g2,0.5,1680,17.0687623954162,1618970,
diabetes,3,g2_eps_0p5,g2,0.5,1800,17.0687623954162,1734262,
diabetes,3,g2_eps_0p5,g2,0.5,1920,17.0687623954162,1849554,
diabetes,3,g2_eps_0p5,g2,0.5,2040,17.0687623954162,1964846,
diabetes,3,g2_eps_0p5,g2,0.5,2160,17.0687623954162,2080138,
diabetes,3,g2_eps_0p5,g2,0.5,2280,17.0687623954162,2195430,
diabetes,3,g2_eps_0p5,g2,0.5,2400,17.0687623954162,2310722,
diabetes,4,g2_eps_0p5,g2,0.5,0,111.9433754500213,4882,
diabetes,4,g2_eps_0p5,g2,0.5,120,7.1490297635153155,120174,
diabetes,4,g2_eps_0p5,g2,0.5,240,7.1490297635153155,235466,
diabetes,4,g2_eps_0p5,g2,0.5,360,7.1490297635153155,350758,
diabetes,4,g2_eps_0p5,g2,0.5,480,4.448700958299753,466050,
diabetes,4,g2_eps_0p5,g2,0.5,600,4.448700958299753,581342,
diabetes,4,g2_eps_0p5,g2,0.5,720,4.448700958299753,696634,
diabetes,4,g2_eps_0p5,g2,0.5,840,4.448700958299753,811926,
diabetes,4,g2_eps_0p5,g2,0.5,960,4.448700958299753,927218,
diabetes,4,g2_eps_0p5,g2,0.5,1080,4.448700958299753,1042510,
diabetes,4,g2_eps_0p5,g2,0.5,1200,4.448700958299753,1157802,
diabetes,4,g2_eps_0p5,g2,0.5,1320,4.448700958299753,1273094,
diabetes,4,g2_eps_0p5,g2,0.5,1440,4.448700958299753,1388386,
diabetes,4,g2_eps_0p5,g2,0.5,1560,4.448700958299753,1503678,
diabetes,4,g2_eps_0p5,g2,0.5,1680,4.448700958299753,1618970,
diabetes,4,g2_eps_0p5,g2,0.5,1800,4.432811241580623,1734262,
diabetes,4,g2_eps_0p5,g2,0.5,1920,4.432811241580623,1849554,
diabetes,4,g2_eps_0p5,g2,0.5,2040,4.432811241580623,1964846,
diabetes,4,g2_eps_0p5,g2,0.5,2160,3.9381306955126547,2080138,
diabetes,4,g2_eps_0p5,g2,0.5,2280,2.6381992084737504,2195430,
diabetes,4,g2_eps_0p5,g2,0.5,2400,2.6349657508265807,2310722,
diabetes,5,g2_eps_0p5,g2,0.5,0,111.9433754500213,4882,
diabetes,5,g2_eps_0p5,g2,0.5,120,10.53870766104086,120174,
diabetes,5,g2_eps_0p5,g2,0.5,240,5.820541555790143,235466,
diabetes,5,g2_eps_0p5,g2,0.5,360,5.820541555790143,350758,
diabetes,5,g2_eps_0p5,g2,0.5,480,5.820541555790143,466050,
diabetes,5,g2_eps_0p5,g2,0.5,600,5.820541555790143,581342,
diabetes,5,g2_eps_0p5,g2,0.5,720,5.820541555790143,696634,
diabetes,5,g2_eps_0p5,g2,0.5,840,5.820541555790143,811926,
diabetes,5,g2_eps_0p5,g2,0.5,960,5.820541555790143,927218,
diabetes,5,g2_eps_0p5,g2,0.5,1080,5.820541555790143,1042510,
diabetes,5,g2_eps_0p5,g2,0.5,1200,5.820541555790143,1157802,
diabetes,5,g2_eps_0p5,g2,0.5,1320,5.820541555790143,1273094,
diabetes,5,g2_eps_0p5,g2,0.5,1440,5.820541555790143,1388386,
diabetes,5,g2_eps_0p5,g2,0.5,1560,5.820541555790143,1503678,
diabetes,5,g2_eps_0p5,g2,0.5,1680,5.820541555790143,1618970,
diabetes,5,g2_eps_0p5,g2,0.5,1800,5.820541555790143,1734262,
diabetes,5,g2_eps_0p5,g2,0.5,1920,5.820541555790143,1849554,
diabetes,5,g2_eps_0p5,g2,0.5,2040,5.820541555790143,1964846,
diabetes,5,g2_eps_0p5,g2,0.5,2160,5.820541555790143,2080138,
diabetes,5,g2_eps_0p5,g2,0.5,2280,5.820541555790143,2195430,
diabetes,5,g2_eps_0p5,g2,0.5,2400,5.820541555790143,2310722,
diabetes,6,g2_eps_0p5,g2,0.5,0,111.9433754500213,4882,
diabetes,6,g2_eps_0p5,g2,0.5,120,26.092106279608345,120174,
diabetes,6,g2_eps_0p5,g2,0.5,240,26.092106279608345,235466,
diabetes,6,g2_eps_0p5,g2,0.5,360,13.735718164747766,350758,
diabetes,6,g2_eps_0p5,g2,0.5,480,13.735718164747766,466050,
diabetes,6,g2_eps_0p5,g2,0.5,600,13.735718164747766,581342,
diabetes,6,g2_eps_0p5,g2,0.5,720,13.735718164747766,696634,
diabetes,6,g2_eps_0p5,g2,0.5,840,13.735718164747766,811926,
diabetes,6,g2_eps_0p5,g2,0.5,960,13.735718164747766,927218,
diabetes,6,g2_eps_0p5,g2,0.5,1080,13.735718164747766,1042510,
diabetes,6,g2_eps_0p5,g2,0.5,1200,13.735718164747766,1157802,
diabetes,6,g2_eps_0p5,g2,0.5,1320,13.735718164747766,1273094,
diabetes,6,g2_eps_0p5,g2,0.5,1440,13.735718164747766,1388386,
diabetes,6,g2_eps_0p5,g2,0.5,1560,13.735718164747766,1503678,
diabetes,6,g2_eps_0p5,g2,0.5,1680,13.735718164747766,1618970,
diabetes,6,g2_eps_0p5,g2,0.5,1800,13.735718164747766,1734262,
diabetes,6,g2_eps_0p5,g2,0.5,1920,13.735718164747766,1849554,
diabetes,6,g2_eps_0p5,g2,0.5,2040,13.735718164747766,1964846,
diabetes,6,g2_eps_0p5,g2,0.5,2160,13.735718164747766,2080138,
diabetes,6,g2_eps_0p5,g2,0.5,2280,13.735718164747766,2195430,
diabetes,6,g2_eps_0p5,g2,0.5,2400,13.735718164747766,2310722,
diabetes,7,g2_eps_0p5,g2,0.5,0,111.9433754500213,4882,
diabetes,7,g2_eps_0p5,g2,0.5,120,29.314641115174908,120174,
diabetes,7,g2_eps_0p5,g2,0.5,240,29.314641115174908,235466,
diabetes,7,g2_eps_0p5,g2,0.5,360,29.314641115174908,350758,
diabetes,7,g2_eps_0p5,g2,0.5,480,25.58045960309832,466050,
diabetes,7,g2_eps_0p5,g2,0.5,600,25.58045960309832,581342,
diabetes,7,g2_eps_0p5,g2,0.5,720,25.58045960309832,696634,
diabetes,7,g2_eps_0p5,g2,0.5,840,25.58045960309832,811926,
diabetes,7,g2_eps_0p5,g2,0.5,960,25.58045960309832,927218,
diabetes,7,g2_eps_0p5,g2,0.5,1080,25.58045960309832,1042510,
diabetes,7,g2_eps_0p5,g2,0.5,1200,25.58045960309832,1157802,
diabetes,7,g2_eps_0p5,g2,0.5,1320,25.58045960309832,1273094,
diabetes,7,g2_eps_0p5,g2,0.5,1440,25.58045960309832,1388386,
diabetes,7,g2_eps_0p5,g2,0.5,1560,25.58045960309832,1503678,
diabetes,7,g2_eps_0p5,g2,0.5,1680,25.58045960309832,1618970,
diabetes,7,g2_eps_0p5,g2,0.5,1800,25.58045960309832,1734262,
diabetes,7,g2_eps_0p5,g2,0.5,1920,25.58045960309832,1849554,
diabetes,7,g2_eps_0p5,g2,0.5,2040,25.58045960309832,1964846,
diabetes,7,g2_eps_0p5,g2,0.5,2160,25.58045960309832,2080138,
diabetes,7,g2_eps_0p5,g2,0.5,2280,25.58045960309832,2195430,
diabetes,7,g2_eps_0p5,g2,0.5,2400,25.58045960309832,2310722,
diabetes,8,g2_eps_0p5,g2,0.5,0,111.9433754500213,4882,
diabetes,8,g2_eps_0p5,g2,0.5,120,32.28601334761862,120174,
diabetes,8,g2_eps_0p5,g2,0.5,240,32.28601334761862,235466,
diabetes,8,g2_eps_0p5,g2,0.5,360,32.28601334761862,350758,
diabetes,8,g2_eps_0p5,g2,0.5,480,32.28601334761862,466050,
diabetes,8,g2_eps_0p5,g2,0.5,600,32.28601334761862,581342,
diabetes,8,g2_eps_0p5,g2,0.5,720,32.28601334761862,696634,
diabetes,8,g2_eps_0p5,g2,0.5,840,32.28601334761862,811926,
diabetes,8,g2_eps_0p5,g2,0.5,960,32.28601334761862,927218,
diabetes,8,g2_eps_0p5,g2,0.5,1080,32.28601334761862,1042510,
diabetes,8,g2_eps_0p5,g2,0.5,1200,32.28601334761862,1157802,
diabetes,8,g2_eps_0p5,g2,0.5,1320,32.28601334761862,1273094,
diabetes,8,g2_eps_0p5,g2,0.5,1440,32.28601334761862,1388386,
diabetes,8,g2_eps_0p5,g2,0.5,1560,32.28601334761862,1503678,
diabetes,8,g2_eps_0p5,g2,0.5,1680,32.28601334761862,1618970,
diabetes,8,g2_eps_0p5,g2,0.5,1800,32.28601334761862,1734262,
diabetes,8,g2_eps_0p5,g2,0.5,1920,32.28601334761862,1849554,
diabetes,8,g2_eps_0p5,g2,0.5,2040,32.28601334761862,1964846,
diabetes,8,g2_eps_0p5,g2,0.5,2160,32.28601334761862,2080138,
diabetes,8,g2_eps_0p5,g2,0.5,2280,32.28601334761862,2195430,
diabetes,8,g2_eps_0p5,g2,0.5,2400,32.28601334761862,2310722,
diabetes,9,g2_eps_0p5,g2,0.5,0,111.9433754500213,4882,
diabetes,9,g2_eps_0p5,g2,0.5,120,12.382829553151666,120174,
diabetes,9,g2_eps_0p5,g2,0.5,240,12.382829553151666,235466,
diabetes,9,g2_eps_0p5,g2,0.5,360,12.382829553151666,350758,
diabetes,9,g2_eps_0p5,g2,0.5,480,12.382829553151666,466050,
diabetes,9,g2_eps_0p5,g2,0.5,600,12.382829553151666,581342,
diabetes,9,g2_eps_0p5,g2,0.5,720,12.382829553151666,696634,
diabetes,9,g2_eps_0p5,g2,0.5,840,12.382829553151666,811926,
diabetes,9,g2_eps_0p5,g2,0.5,960,12.382829553151666,927218,
diabetes,9,g2_eps_0p5,g2,0.5,1080,12.382829553151666,1042510,
diabetes,9,g2_eps_0p5,g2,0.5,1200,12.382829553151666,1157802,
diabetes,9,g2_eps_0p5,g2,0.5,1320,12.382829553151666,1273094,
diabetes,9,g2_eps_0p5,g2,0.5,1440,12.382829553151666,1388386,
diabetes,9,g2_eps_0p5,g2,0.5,1560,12.382829553151666,1503678,
diabetes,9,g2_eps_0p5,g2,0.5,1680,12.382829553151666,1618970,
diabetes,9,g2_eps_0p5,g2,0.5,1800,12.382829553151666,1734262,
diabetes,9,g2_eps_0p5,g2,0.5,1920,12.382829553151666,1849554,
diabetes,9,g2_eps_0p5,g2,0.5,2040,12.382829553151666,1964846,
diabetes,9,g2_eps_0p5,g2,0.5,2160,12.382829553151666,2080138,
diabetes,9,g2_eps_0p5,g2,0.5,2280,12.382829553151666,2195430,
diabetes,9,g2_eps_0p5,g2,0.5,2400,12.382829553151666,2310722,
diabetes,10,g2_eps_0p5,g2,0.5,0,111.9433754500213,4882,
diabetes,10,g2_eps_0p5,g2,0.5,120,2.1152467946604645,120174,
diabetes,10,g2_eps_0p5,g2,0.5,240,2.1152467946604645,235466,
diabetes,10,g2_eps_0p5,g2,0.5,360,2.1152467946604645,350758,
diabetes,10,g2_eps_0p5,g2,0.5,480,2.1152467946604645,466050,
diabetes,10,g2_eps_0p5,g2,0.5,600,2.1152467946604645,581342,
diabetes,10,g2_eps_0p5,g2,0.5,720,2.1152467946604645,696634,
diabetes,10,g2_eps_0p5,g2,0.5,840,2.1152467946604645,811926,
diabetes,10,g2_eps_0p5,g2,0.5,960,2.1152467946604645,927218,
diabetes,10,g2_eps_0p5,g2,0.5,1080,2.1152467946604645,1042510,
diabetes,10,g2_eps_0p5,g2,0.5,1200,2.1152467946604645,1157802,
diabetes,10,g2_eps_0p5,g2,0.5,1320,2.1152467946604645,1273094,
diabetes,10,g2_eps_0p5,g2,0.5,1440,2.1152467946604645,1388386,
diabetes,10,g2_eps_0p5,g2,0.5,1560,0.743657610670553,1503678,
diabetes,10,g2_eps_0p5,g2,0.5,1680,0.5321612319283844,1618970,
diabetes,10,g2_eps_0p5,g2,0.5,1800,0.5321612319283844,1734262,
diabetes,10,g2_eps_0p5,g2,0.5,1920,0.5321612319283844,1849554,
diabetes,10,g2_eps_0p5,g2,0.5,2040,0.5321612319283844,1964846,
diabetes,10,g2_eps_0p5,g2,0.5,2160,0.5321612319283844,2080138,
diabetes,10,g2_eps_0p5,g2,0.5,2280,0.35996556813346103,2195430,
diabetes,10,g2_eps_0p5,g2,0.5,2400,0.35996556813346103,2310722,
diabetes,11,g2_eps_0p5,g2,0.5,0,111.9433754500213,4882,
diabetes,11,g2_eps_0p5,g2,0.5,120,10.324370472386875,120174,
diabetes,11,g2_eps_0p5,g2,0.5,240,10.324370471870935,235466,
diabetes,11,g2_eps_0p5,g2,0.5,360,10.324370471870978,350758,
diabetes,11,g2_eps_0p5,g2,0.5,480,10.324370471870978,466050,
diabetes,11,g2_eps_0p5,g2,0.5,600,10.324370471870978,581342,
diabetes,11,g2_eps_0p5,g2,0.5,720,10.324370471870978,696634,
diabetes,11,g2_eps_0p5,g2,0.5,840,10.324370471870978,811926,
diabetes,11,g2_eps_0p5,g2,0.5,960,10.324370471870978,927218,
diabetes,11,g2_eps_0p5,g2,0.5,1080,10.324370471870978,1042510,
diabetes,11,g2_eps_0p5,g2,0.5,1200,10.324370471870978,1157802,
diabetes,11,g2_eps_0p5,g2,0.5,1320,10.324370471870978,1273094,
diabetes,11,g2_eps_0p5,g2,0.5,1440,10.324370471870978,1388386,
diabetes,11,g2_eps_0p5,g2,0.5,1560,10.324370471870978,1503678,
diabetes,11,g2_eps_0p5,g2,0.5,1680,10.324370471870978,1618970,
diabetes,11,g2_eps_0p5,g2,0.5,1800,10.324370471870978,1734262,
diabetes,11,g2_eps_0p5,g2,0.5,1920,10.324370471870978,1849554,
diabetes,11,g2_eps_0p5,g2,0.5,2040,10.324370471870978,1964846,
diabetes,11,g2_eps_0p5,g2,0.5,2160,10.324370471870978,2080138,
diabetes,11,g2_eps_0p5,g2,0.5,2280,10.324370471870978,2195430,
diabetes,11,g2_eps_0p5,g2,0.5,2400,10.324370471870978,2310722,
diabetes,0,g2_eps_0p25,g2,0.25,0,111.9433754500213,4882,
diabetes,0,g2_eps_0p25,g2,0.25,120,7.976389093774614,120174,
diabetes,0,g2_eps_0p25,g2,0.25,240,5.506064967035144,235466,
diabetes,0,g2_eps_0p25,g2,0.25,360,5.506064967035144,350758,
diabetes,0,g2_eps_0p25,g2,0.25,480,5.4852282467224285,466050,
diabetes,0,g2_eps_0p25,g2,0.25,600,5.4852282467224285,581342,
diabetes,0,g2_eps_0p25,g2,0.25,720,5.4852282467224285,696634,
diabetes,0,g2_eps_0p25,g2,0.25,840,5.4852282467224285,811926,
diabetes,0,g2_eps_0p25,g2,0.25,960,5.4852282467224285,927218,
diabetes,0,g2_eps_0p25,g2,0.25,1080,5.4852282467224285,1042510,
diabetes,0,g2_eps_0p25,g2,0.25,1200,5.4852282467224285,1157802,
diabetes,0,g2_eps_0p25,g2,0.25,1320,5.4852282467224285,1273094,
diabetes,0,g2_eps_0p25,g2,0.25,1440,5.4852282467224285,1388386,
diabetes,0,g2_eps_0p25,g2,0.25,1560,5.4852282467224285,1503678,
diabetes,0,g2_eps_0p25,g2,0.25,1680,5.4852282467224285,1618970,
diabetes,0,g2_eps_0p25,g2,0.25,1800,5.4852282467224285,1734262,
diabetes,0,g2_eps_0p25,g2,0.25,1920,5.4852282467224285,1849554,
diabetes,0,g2_eps_0p25,g2,0.25,2040,5.4852282467224285,1964846,
diabetes,0,g2_eps_0p25,g2,0.25,2160,5.4852282467224285,2080138,
diabetes,0,g2_eps_0p25,g2,0.25,2280,5.4852282467224285,2195430,
diabetes,0,g2_eps_0p25,g2,0.25,2400,5.4852282467224285,2310722,
diabetes,1,g2_eps_0p25,g2,0.25,0,111.9433754500213,4882,
diabetes,1,g2_eps_0p25,g2,0.25,120,27.38469771014789,120174,
diabetes,1,g2_eps_0p25,g2,0.25,240,27.38469771014789,235466,
diabetes,1,g2_eps_0p25,g2,0.25,360,20.97212983671224,350758,
diabetes,1,g2_eps_0p25,g2,0.25,480,20.97212983671224,466050,
diabetes,1,g2_eps_0p25,g2,0.25,600,20.97212983671224,581342,
diabetes,1,g2_eps_0p25,g2,0.25,720,20.97212983671224,696634,
diabetes,1,g2_eps_0p25,g2,0.25,840,20.97212983671224,811926,
diabetes,1,g2_eps_0p25,g2,0.25,960,20.97212983671224,927218,
diabetes,1,g2_eps_0p25,g2,0.25,1080,20.97212983671224,1042510,
diabetes,1,g2_eps_0p25,g2,0.25,1200,20.97212983671224,1157802,
diabetes,1,g2_eps_0p25,g2,0.25,1320,20.97212983671224,1273094,
diabetes,1,g2_eps_0p25,g2,0.25,1440,20.97212983671224,1388386,
diabetes,1,g2_eps_0p25,g2,0.25,1560,20.97212983671224,1503678,
diabetes,1,g2_eps_0p25,g2,0.25,1680,20.97212983671224,1618970,
diabetes,1,g2_eps_0p25,g2,0.25,1800,20.97212983671224,1734262,
diabetes,1,g2_eps_0p25,g2,0.25,1920,20.97212983671224,1849554,
diabetes,1,g2_eps_0p25,g2,0.25,2040,20.97212983671224,1964846,
diabetes,1,g2_eps_0p25,g2,0.25,2160,20.97212983671224,2080138,
diabetes,1,g2_eps_0p25,g2,0.25,2280,20.97212983671224,2195430,
diabetes,1,g2_eps_0p25,g2,0.25,2400,20.97212983671224,2310722,
diabetes,2,g2_eps_0p25,g2,0.25,0,111.9433754500213,4882,
diabetes,2,g2_eps_0p25,g2,0.25,120,10.443256131754538,120174,
diabetes,2,g2_eps_0p25,g2,0.25,240,10.443256131754552,235466,
diabetes,2,g2_eps_0p25,g2,0.25,360,10.443256131754552,350758,
diabetes,2,g2_eps_0p25,g2,0.25,480,10.443256131754552,466050,
diabetes,2,g2_eps_0p25,g2,0.25,600,10.443256131754552,581342,
diabetes,2,g2_eps_0p25,g2,0.25,720,10.443256131754552,696634,
diabetes,2,g2_eps_0p25,g2,0.25,840,10.443256131754552,811926,
diabetes,2,g2_eps_0p25,g2,0.25,960,10.443256131754552,927218,
diabetes,2,g2_eps_0p25,g2,0.25,1080,10.443256131754552,1042510,
diabetes,2,g2_eps_0p25,g2,0.25,1200,10.443256131754552,1157802,
diabetes,2,g2_eps_0p25,g2,0.25,1320,10.443256131754552,1273094,
diabetes,2,g2_eps_0p25,g2,0.25,1440,10.443256131754552,1388386,
diabetes,2,g2_eps_0p25,g2,0.25,1560,10.443256131754552,1503678,
diabetes,2,g2_eps_0p25,g2,0.25,1680,10.443256131754552,1618970,
diabetes,2,g2_eps_0p25,g2,0.25,1800,10.443256131754552,1734262,
diabetes,2,g2_eps_0p25,g2,0.25,1920,9.37862874698061,1849554,
diabetes,2,g2_eps_0p25,g2,0.25,2040,9.37862874698061,1964846,
diabetes,2,g2_eps_0p25,g2,0.25,2160,9.37862874698061,2080138,
diabetes,2,g2_eps_0p25,g2,0.25,2280,9.37862874698061,2195430,
diabetes,2,g2_eps_0p25,g2,0.25,2400,9.37862874698061,2310722,
diabetes,3,g2_eps_0p25,g2,0.25,0,111.9433754500213,4882,
diabetes,3,g2_eps_0p25,g2,0.25,120,11.819177506248465,120174,
diabetes,3,g2_eps_0p25,g2,0.25,240,11.819177506248465,235466,
diabetes,3,g2_eps_0p25,g2,0.25,360,11.819177506248465,350758,
diabetes,3,g2_eps_0p25,g2,0.25,480,11.819177506248465,466050,
diabetes,3,g2_eps_0p25,g2,0.25,600,11.819177506248465,581342,
diabetes,3,g2_eps_0p25,g2,0.25,720,11.819177506248465,696634,
diabetes,3,g2_eps_0p25,g2,0.25,840,11.819177506248465,811926,
diabetes,3,g2_eps_0p25,g2,0.25,960,11.819177506248465,927218,
diabetes,3,g2_eps_0p25,g2,0.25,1080,11.819177506248465,1042510,
diabetes,3,g2_eps_0p25,g2,0.25,1200,11.819177506248465,1157802,
diabetes,3,g2_eps_0p25,g2,0.25,1320,11.819177506248465,1273094,
diabetes,3,g2_eps_0p25,g2,0.25,1440,11.819177506248465,1388386,
diabetes,3,g2_eps_0p25,g2,0.25,1560,11.819177506248465,1503678,
diabetes,3,g2_eps_0p25,g2,0.25,1680,11.819177506248465,1618970,
diabetes,3,g2_eps_0p25,g2,0.25,1800,11.819177506248465,1734262,
diabetes,3,g2_eps_0p25,g2,0.25,1920,11.819177506248465,1849554,
diabetes,3,g2_eps_0p25,g2,0.25,2040,11.819177506248465,1964846,
diabetes,3,g2_eps_0p25,g2,0.25,2160,11.819177506248465,2080138,
diabetes,3,g2_eps_0p25,g2,0.25,2280,11.819177506248465,2195430,
diabetes,3,g2_eps_0p25,g2,0.25,2400,11.819177506248465,2310722,
diabetes,4,g2_eps_0p25,g2,0.25,0,111.9433754500213,4882,
diabetes,4,g2_eps_0p25,g2,0.25,120,11.9419742995821,120174,
diabetes,4,g2_eps_0p25,g2,0.25,240,11.9419742995821,235466,
diabetes,4,g2_eps_0p25,g2,0.25,360,11.9419742995821,350758,
diabetes,4,g2_eps_0p25,g2,0.25,480,11.9419742995821,466050,
diabetes,4,g2_eps_0p25,g2,0.25,600,11.9419742995821,581342,
diabetes,4,g2_eps_0p25,g2,0.25,720,11.9419742995821,696634,
diabetes,4,g2_eps_0p25,g2,0.25,840,11.9419742995821,811926,
diabetes,4,g2_eps_0p25,g2,0.25,960,11.9419742995821,927218,
diabetes,4,g2_eps_0p25,g2,0.25,1080,11.9419742995821,1042510,
diabetes,4,g2_eps_0p25,g2,0.25,1200,11.9419742995821,1157802,
diabetes,4,g2_eps_0p25,g2,0.25,1320,11.9419742995821,1273094,
diabetes,4,g2_eps_0p25,g2,0.25,1440,11.9419742995821,1388386,
diabetes,4,g2_eps_0p25,g2,0.25,1560,11.9419742995821,1503678,
diabetes,4,g2_eps_0p25,g2,0.25,1680,11.9419742995821,1618970,
diabetes,4,g2_eps_0p25,g2,0.25,1800,11.9419742995821,1734262,
diabetes,4,g2_eps_0p25,g2,0.25,1920,11.9419742995821,1849554,
diabetes,4,g2_eps_0p25,g2,0.25,2040,11.9419742995821,1964846,
diabetes,4,g2_eps_0p25,g2,0.25,2160,11.9419742995821,2080138,
diabetes,4,g2_eps_0p25,g2,0.25,2280,11.9419742995821,2195430,
diabetes,4,g2_eps_0p25,g2,0.25,2400,11.9419742995821,2310722,
diabetes,5,g2_eps_0p25,g2,0.25,0,111.9433754500213,4882,
diabetes,5,g2_eps_0p25,g2,0.25,120,8.11259428566531,120174,
diabetes,5,g2_eps_0p25,g2,0.25,240,8.11259428566531,235466,
diabetes,5,g2_eps_0p25,g2,0.25,360,8.11259428566531,350758,
diabetes,5,g2_eps_0p25,g2,0.25,480,8.11259428566531,466050,
diabetes,5,g2_eps_0p25,g2,0.25,600,8.11259428566531,581342,
diabetes,5,g2_eps_0p25,g2,0.25,720,8.11259428566531,696634,
diabetes,5,g2_eps_0p25,g2,0.25,840,8.11259428566531,811926,
diabetes,5,g2_eps_0p25,g2,0.25,960,8.11259428566531,927218,
diabetes,5,g2_eps_0p25,g2,0.25,1080,8.11259428566531,1042510,
diabetes,5,g2_eps_0p25,g2,0.25,1200,8.11259428566531,1157802,
diabetes,5,g2_eps_0p25,g2,0.25,1320,8.11259428566531,1273094,
diabetes,5,g2_eps_0p25,g2,0.25,1440,8.11259428566531,1388386,
diabetes,5,g2_eps_0p25,g2,0.25,1560,8.11259428566531,1503678,
diabetes,5,g2_eps_0p25,g2,0.25,1680,8.11259428566531,1618970,
diabetes,5,g2_eps_0p25,g2,0.25,1800,8.11259428566531,1734262,
diabetes,5,g2_eps_0p25,g2,0.25,1920,8.11259428566531,1849554,
diabetes,5,g2_eps_0p25,g2,0.25,2040,8.11259428566531,1964846,
diabetes,5,g2_eps_0p25,g2,0.25,2160,8.11259428566531,2080138,
diabetes,5,g2_eps_0p25,g2,0.25,2280,8.11259428566531,2195430,
diabetes,5,g2_eps_0p25,g2,0.25,2400,8.11259428566531,2310722,
diabetes,6,g2_eps_0p25,g2,0.25,0,111.9433754500213,4882,
diabetes,6,g2_eps_0p25,g2,0.25,120,11.9419742995821,120174,
diabetes,6,g2_eps_0p25,g2,0.25,240,11.9419742995821,235466,
diabetes,6,g2_eps_0p25,g2,0.25,360,11.9419742995821,350758,
diabetes,6,g2_eps_0p25,g2,0.25,480,11.9419742995821,466050,
diabetes,6,g2_eps_0p25,g2,0.25,600,11.9419742995821,581342,
diabetes,6,g2_eps_0p25,g2,0.25,720,11.9419742995821,696634,
diabetes,6,g2_eps_0p25,g2,0.25,840,11.9419742995821,811926,
diabetes,6,g2_eps_0p25,g2,0.25,960,11.9419742995821,927218,
diabetes,6,g2_eps_0p25,g2,0.25,1080,11.9419742995821,1042510,
diabetes,6,g2_eps_0p25,g2,0.25,1200,11.9419742995821,1157802,
diabetes,6,g2_eps_0p25,g2,0.25,1320,11.9419742995821,1273094,
diabetes,6,g2_eps_0p25,g2,0.25,1440,11.9419742995821,1388386,
diabetes,6,g2_eps_0p25,g2,0.25,1560,11.9419742995821,1503678,
diabetes,6,g2_eps_0p25,g2,0.25,1680,11.9419742995821,1618970,
diabetes,6,g2_eps_0p25,g2,0.25,1800,11.9419742995821,1734262,
diabetes,6,g2_eps_0p25,g2,0.25,1920,11.9419742995821,1849554,
diabetes,6,g2_eps_0p25,g2,0.25,2040,11.9419742995821,1964846,
diabetes,6,g2_eps_0p25,g2,0.25,2160,11.9419742995821,2080138,
diabetes,6,g2_eps_0p25,g2,0.25,2280,11.9419742995821,2195430,
diabetes,6,g2_eps_0p25,g2,0.25,2400,11.9419742995821,2310722,
diabetes,7,g2_eps_0p25,g2,0.25,0,111.9433754500213,4882,
diabetes,7,g2_eps_0p25,g2,0.25,120,10.170165356334266,120174,
diabetes,7,g2_eps_0p25,g2,0.25,240,10.170165356334266,235466,
diabetes,7,g2_eps_0p25,g2,0.25,360,10.170165356334266,350758,
diabetes,7,g2_eps_0p25,g2,0.25,480,10.170165356334266,466050,
diabetes,7,g2_eps_0p25,g2,0.25,600,10.170165356334266,581342,
diabetes,7,g2_eps_0p25,g2,0.25,720,10.170165356334266,696634,
diabetes,7,g2_eps_0p25,g2,0.25,840,10.170165356334266,811926,
diabetes,7,g2_eps_0p25,g2,0.25,960,10.170165356334266,927218,
diabetes,7,g2_eps_0p25,g2,0.25,1080,10.170165356334266,1042510,
diabetes,7,g2_eps_0p25,g2,0.25,1200,10.170165356334266,1157802,
diabetes,7,g2_eps_0p25,g2,0.25,1320,10.170165356334266,1273094,
diabetes,7,g2_eps_0p25,g2,0.25,1440,10.170165356334266,1388386,
diabetes,7,g2_eps_0p25,g2,0.25,1560,10.170165356334266,1503678,
diabetes,7,g2_eps_0p25,g2,0.25,1680,10.170165356334266,1618970,
diabetes,7,g2_eps_0p25,g2,0.25,1800,10.170165356334266,1734262,
diabetes,7,g2_eps_0p25,g2,0.25,1920,10.170165356334266,1849554,
diabetes,7,g2_eps_0p25,g2,0.25,2040,10.170165356334266,1964846,
diabetes,7,g2_eps_0p25,g2,0.25,2160,10.170165356334266,2080138,
diabetes,7,g2_eps_0p25,g2,0.25,2280,10.170165356334266,2195430,
diabetes,7,g2_eps_0p25,g2,0.25,2400,10.170165356334266,2310722,
diabetes,8,g2_eps_0p25,g2,0.25,0,111.9433754500213,4882,
diabetes,8,g2_eps_0p25,g2,0.25,120,10.726115510936935,120174,
diabetes,8,g2_eps_0p25,g2,0.25,240,10.726115510936935,235466,
diabetes,8,g2_eps_0p25,g2,0.25,360,10.726115510936935,350758,
diabetes,8,g2_eps_0p25,g2,0.25,480,10.726115510936935,466050,
diabetes,8,g2_eps_0p25,g2,0.25,600,10.726115510936935,581342,
diabetes,8,g2_eps_0p25,g2,0.25,720,10.726115510936935,696634,
diabetes,8,g2_eps_0p25,g2,0.25,840,9.378633991308462,811926,
diabetes,8,g2_eps_0p25,g2,0.25,960,9.378633991308462,927218,
diabetes,8,g2_eps_0p25,g2,0.25,1080,9.378633991308462,1042510,
diabetes,8,g2_eps_0p25,g2,0.25,1200,7.811557346853434,1157802,
diabetes,8,g2_eps_0p25,g2,0.25,1320,7.567882082291504,1273094,
diabetes,8,g2_eps_0p25,g2,0.25,1440,6.7581646444815675,1388386,
diabetes,8,g2_eps_0p25,g2,0.25,1560,6.7581646444815675,1503678,
diabetes,8,g2_eps_0p25,g2,0.25,1680,6.7581646444815675,1618970,
diabetes,8,g2_eps_0p25,g2,0.25,1800,6.7581646444815675,1734262,
diabetes,8,g2_eps_0p25,g2,0.25,1920,6.7581646444815675,1849554,
diabetes,8,g2_eps_0p25,g2,0.25,2040,6.7581646444815675,1964846,
diabetes,8,g2_eps_0p25,g2,0.25,2160,6.7581646444815675,2080138,
diabetes,8,g2_eps_0p25,g2,0.25,2280,6.7581646444815675,2195430,
diabetes,8,g2_eps_0p25,g2,0.25,2400,6.7581646444815675,2310722,
diabetes,9,g2_eps_0p25,g2,0.25,0,111.9433754500213,4882,
diabetes,9,g2_eps_0p25,g2,0.25,120,12.804448056296877,120174,
diabetes,9,g2_eps_0p25,g2,0.25,240,12.804448056296877,235466,
diabetes,9,g2_eps_0p25,g2,0.25,360,12.804448056296877,350758,
diabetes,9,g2_eps_0p25,g2,0.25,480,11.248900383114332,466050,
diabetes,9,g2_eps_0p25,g2,0.25,600,11.248900381757153,581342,
diabetes,9,g2_eps_0p25,g2,0.25,720,11.248900381757153,696634,
diabetes,9,g2_eps_0p25,g2,0.25,840,11.248900381757153,811926,
diabetes,9,g2_eps_0p25,g2,0.25,960,11.248900381757153,927218,
diabetes,9,g2_eps_0p25,g2,0.25,1080,11.248900381757153,1042510,
diabetes,9,g2_eps_0p25,g2,0.25,1200,11.248900381757153,1157802,
diabetes,9,g2_eps_0p25,g2,0.25,1320,11.248900381757153,1273094,
diabetes,9,g2_eps_0p25,g2,0.25,1440,11.248900381757153,1388386,
diabetes,9,g2_eps_0p25,g2,0.25,1560,11.248900381757153,1503678,
diabetes,9,g2_eps_0p25,g2,0.25,1680,11.248900381757153,1618970,
diabetes,9,g2_eps_0p25,g2,0.25,1800,11.248900381757153,1734262,
diabetes,9,g2_eps_0p25,g2,0.25,1920,11.248900381757153,1849554,
diabetes,9,g2_eps_0p25,g2,0.25,2040,11.248900381757153,1964846,
diabetes,9,g2_eps_0p25,g2,0.25,2160,11.248900381757153,2080138,
diabetes,9,g2_eps_0p25,g2,0.25,2280,11.248900381757153,2195430,
diabetes,9,g2_eps_0p25,g2,0.25,2400,11.248900381757153,2310722,
diabetes,10,g2_eps_0p25,g2,0.25,0,111.9433754500213,4882,
diabetes,10,g2_eps_0p25,g2,0.25,120,6.9978733460243205,120174,
diabetes,10,g2_eps_0p25,g2,0.25,240,6.975690180850606,235466,
diabetes,10,g2_eps_0p25,g2,0.25,360,6.975690180850606,350758,
diabetes,10,g2_eps_0p25,g2,0.25,480,6.975690180850606,466050,
diabetes,10,g2_eps_0p25,g2,0.25,600,6.975690180850606,581342,
diabetes,10,g2_eps_0p25,g2,0.25,720,6.975690180850606,696634,
diabetes,10,g2_eps_0p25,g2,0.25,840,6.975690180850606,811926,
diabetes,10,g2_eps_0p25,g2,0.25,960,6.975690180850606,927218,
diabetes,10,g2_eps_0p25,g2,0.25,1080,6.975690180850606,1042510,
diabetes,10,g2_eps_0p25,g2,0.25,1200,6.917452455079129,1157802,
diabetes,10,g2_eps_0p25,g2,0.25,1320,4.161905591513687,1273094,
diabetes,10,g2_eps_0p25,g2,0.25,1440,4.161905591513687,1388386,
diabetes,10,g2_eps_0p25,g2,0.25,1560,4.161905591513687,1503678,
diabetes,10,g2_eps_0p25,g2,0.25,1680,4.161905591513687,1618970,
diabetes,10,g2_eps_0p25,g2,0.25,1800,4.161905591513687,1734262,
diabetes,10,g2_eps_0p25,g2,0.25,1920,4.161905591513687,1849554,
diabetes,10,g2_eps_0p25,g2,0.25,2040,4.161905591513687,1964846,
diabetes,10,g2_eps_0p25,g2,0.25,2160,4.161905591513687,2080138,
diabetes,10,g2_eps_0p25,g2,0.25,2280,4.161905591513687,2195430,
diabetes,10,g2_eps_0p25,g2,0.25,2400,4.161905591513687,2310722,
diabetes,11,g2_eps_0p25,g2,0.25,0,111.9433754500213,4882,
diabetes,11,g2_eps_0p25,g2,0.25,120,15.152312575933706,120174,
diabetes,11,g2_eps_0p25,g2,0.25,240,14.802905926984124,235466,
diabetes,11,g2_eps_0p25,g2,0.25,360,10.753780155281845,350758,
diabetes,11,g2_eps_0p25,g2,0.25,480,10.753780155281845,466050,
diabetes,11,g2_eps_0p25,g2,0.25,600,10.753780155281845,581342,
diabetes,11,g2_eps_0p25,g2,0.25,720,10.753780155281845,696634,
diabetes,11,g2_eps_0p25,g2,0.25,840,10.753780155281845,811926,
diabetes,11,g2_eps_0p25,g2,0.25,960,10.753780155281845,927218,
diabetes,11,g2_eps_0p25,g2,0.25,1080,10.753780155281845,1042510,
diabetes,11,g2_eps_0p25,g2,0.25,1200,10.753780155281845,1157802,
diabetes,11,g2_eps_0p25,g2,0.25,1320,10.15307683495682,1273094,
diabetes,11,g2_eps_0p25,g2,0.25,1440,10.11719361108183,1388386,
diabetes,11,g2_eps_0p25,g2,0.25,1560,10.11719361108183,1503678,
diabetes,11,g2_eps_0p25,g2,0.25,1680,10.11719361108183,1618970,
diabetes,11,g2_eps_0p25,g2,0.25,1800,10.11719361108183,1734262,
diabetes,11,g2_eps_0p25,g2,0.25,1920,10.11719361108183,1849554,
diabetes,11,g2_eps_0p25,g2,0.25,2040,10.11719361108183,1964846,
diabetes,11,g2_eps_0p25,g2,0.25,2160,10.11719361108183,2080138,
diabetes,11,g2_eps_0p25,g2,0.25,2280,10.11719361108183,2195430,
diabetes,11,g2_eps_0p25,g2,0.25,2400,10.11719361108183,2310722,
diabetes,0,g2_eps_0p125,g2,0.125,0,111.9433754500213,4882,
diabetes,0,g2_eps_0p125,g2,0.125,120,5.991231096654857,120174,
diabetes,0,g2_eps_0p125,g2,0.125,240,5.433771694075901,235466,
diabetes,0,g2_eps_0p125,g2,0.125,360,5.433771694075901,350758,
diabetes,0,g2_eps_0p125,g2,0.125,480,5.433771694075901,466050,
diabetes,0,g2_eps_0p125,g2,0.125,600,5.433771694075901,581342,
diabetes,0,g2_eps_0p125,g2,0.125,720,5.433771694075901,696634,
diabetes,0,g2_eps_0p125,g2,0.125,840,5.433771694075901,811926,
diabetes,0,g2_eps_0p125,g2,0.125,960,5.433771694075901,927218,
diabetes,0,g2_eps_0p125,g2,0.125,1080,5.433771694075901,1042510,
diabetes,0,g2_eps_0p125,g2,0.125,1200,5.433771694075901,1157802,
diabetes,0,g2_eps_0p125,g2,0.125,1320,5.433771694075901,1273094,
diabetes,0,g2_eps_0p125,g2,0.125,1440,5.433771694075901,1388386,
diabetes,0,g2_eps_0p125,g2,0.125,1560,5.433771694075901,1503678,
diabetes,0,g2_eps_0p125,g2,0.125,1680,5.433771694075901,1618970,
diabetes,0,g2_eps_0p125,g2,0.125,1800,5.433771694075901,1734262,
diabetes,0,g2_eps_0p125,g2,0.125,1920,5.433771694075901,1849554,
diabetes,0,g2_eps_0p125,g2,0.125,2040,5.433771694075901,1964846,
diabetes,0,g2_eps_0p125,g2,0.125,2160,5.433771694075901,2080138,
diabetes,0,g2_eps_0p125,g2,0.125,2280,5.433771694075901,2195430,
diabetes,0,g2_eps_0p125,g2,0.125,2400,5.433771694075901,2310722,
diabetes,1,g2_eps_0p125,g2,0.125,0,111.9433754500213,4882,
diabetes,1,g2_eps_0p125,g2,0.125,120,7.661405355814637,120174,
diabetes,1,g2_eps_0p125,g2,0.125,240,7.2653743228197385,235466,
diabetes,1,g2_eps_0p125,g2,0.125,360,7.2653743228197385,350758,
diabetes,1,g2_eps_0p125,g2,0.125,480,7.2653743228197385,466050,
diabetes,1,g2_eps_0p125,g2,0.125,600,7.2653743228197385,581342,
diabetes,1,g2_eps_0p125,g2,0.125,720,7.2653743228197385,696634,
diabetes,1,g2_eps_0p125,g2,0.125,840,7.2653743228197385,811926,
diabetes,1,g2_eps_0p125,g2,0.125,960,7.2653743228197385,927218,
diabetes,1,g2_eps_0p125,g2,0.125,1080,7.2653743228197385,1042510,
diabetes,1,g2_eps_0p125,g2,0.125,1200,7.2653743228197385,1157802,
diabetes,1,g2_eps_0p125,g2,0.125,1320,7.2653743228197385,1273094,
diabetes,1,g2_eps_0p125,g2,0.125,1440,7.2653743228197385,1388386,
diabetes,1,g2_eps_0p125,g2,0.125,1560,7.2653743228197385,1503678,
diabetes,1,g2_eps_0p125,g2,0.125,1680,7.2653743228197385,1618970,
diabetes,1,g2_eps_0p125,g2,0.125,1800,7.2653743228197385,1734262,
diabetes,1,g2_eps_0p125,g2,0.125,1920,7.2653743228197385,1849554,
diabetes,1,g2_eps_0p125,g2,0.125,2040,7.2653743228197385,1964846,
diabetes,1,g2_eps_0p125,g2,0.125,2160,7.2653743228197385,2080138,
diabetes,1,g2_eps_0p125,g2,0.125,2280,7.2653743228197385,2195430,
diabetes,1,g2_eps_0p125,g2,0.125,2400,7.2653743228197385,2310722,
diabetes,2,g2_eps_0p125,g2,0.125,0,111.9433754500213,4882,
diabetes,2,g2_eps_0p125,g2,0.125,120,7.678865606434158,120174,
diabetes,2,g2_eps_0p125,g2,0.125,240,7.678865606434158,235466,
diabetes,2,g2_eps_0p125,g2,0.125,360,7.678865606434158,350758,
diabetes,2,g2_eps_0p125,g2,0.125,480,5.418729063661587,466050,
diabetes,2,g2_eps_0p125,g2,0.125,600,4.2270582598603,581342,
diabetes,2,g2_eps_0p125,g2,0.125,720,4.2270582598603,696634,
diabetes,2,g2_eps_0p125,g2,0.125,840,4.2270582598603,811926,
diabetes,2,g2_eps_0p125,g2,0.125,960,4.2270582598603,927218,
diabetes,2,g2_eps_0p125,g2,0.125,1080,4.2270582598603,1042510,
diabetes,2,g2_eps_0p125,g2,0.125,1200,4.2270582598603,1157802,
diabetes,2,g2_eps_0p125,g2,0.125,1320,4.2270582598603,1273094,
diabetes,2,g2_eps_0p125,g2,0.125,1440,4.2270582598603,1388386,
diabetes,2,g2_eps_0p125,g2,0.125,1560,4.2270582598603,1503678,
diabetes,2,g2_eps_0p125,g2,0.125,1680,4.2270582598603,1618970,
diabetes,2,g2_eps_0p125,g2,0.125,1800,4.2270582598603,1734262,
diabetes,2,g2_eps_0p125,g2,0.125,1920,4.2270582598603,1849554,
diabetes,2,g2_eps_0p125,g2,0.125,2040,4.2270582598603,1964846,
diabetes,2,g2_eps_0p125,g2,0.125,2160,4.2270582598603,2080138,
diabetes,2,g2_eps_0p125,g2,0.125,2280,4.2270582598603,2195430,
diabetes,2,g2_eps_0p125,g2,0.125,2400,4.2270582598603,2310722,
diabetes,3,g2_eps_0p125,g2,0.125,0,111.9433754500213,4882,
diabetes,3,g2_eps_0p125,g2,0.125,120,7.542194571350649,120174,
diabetes,3,g2_eps_0p125,g2,0.125,240,7.542194571350649,235466,
diabetes,3,g2_eps_0p125,g2,0.125,360,7.542194571350649,350758,
diabetes,3,g2_eps_0p125,g2,0.125,480,7.542194571350649,466050,
diabetes,3,g2_eps_0p125,g2,0.125,600,7.542194571350649,581342,
diabetes,3,g2_eps_0p125,g2,0.125,720,7.542194571350649,696634,
diabetes,3,g2_eps_0p125,g2,0.125,840,7.542194571350649,811926,
diabetes,3,g2_eps_0p125,g2,0.125,960,7.542194571350649,927218,
diabetes,3,g2_eps_0p125,g2,0.125,1080,7.542194571350649,1042510,
diabetes,3,g2_eps_0p125,g2,0.125,1200,7.542194571350649,1157802,
diabetes,3,g2_eps_0p125,g2,0.125,1320,7.542194571350649,1273094,
diabetes,3,g2_eps_0p125,g2,0.125,1440,7.542194571350649,1388386,
diabetes,3,g2_eps_0p125,g2,0.125,1560,7.542194571350649,1503678,
diabetes,3,g2_eps_0p125,g2,0.125,1680,7.542194571350649,1618970,
diabetes,3,g2_eps_0p125,g2,0.125,1800,7.542194571350649,1734262,
diabetes,3,g2_eps_0p125,g2,0.125,1920,7.542194571350649,1849554,
diabetes,3,g2_eps_0p125,g2,0.125,2040,7.542194571350649,1964846,
diabetes,3,g2_eps_0p125,g2,0.125,2160,7.542194571350649,2080138,
diabetes,3,g2_eps_0p125,g2,0.125,2280,7.542194571350649,2195430,
diabetes,3,g2_eps_0p125,g2,0.125,2400,7.542194571350649,2310722,
diabetes,4,g2_eps_0p125,g2,0.125,0,111.9433754500213,4882,
diabetes,4,g2_eps_0p125,g2,0.125,120,4.071307267629152,120174,
diabetes,4,g2_eps_0p125,g2,0.125,240,3.850284063659643,235466,
diabetes,4,g2_eps_0p125,g2,0.125,360,3.3811165653233957,350758,
diabetes,4,g2_eps_0p125,g2,0.125,480,3.3811165653233957,466050,
diabetes,4,g2_eps_0p125,g2,0.125,600,3.3811165653233957,581342,
diabetes,4,g2_eps_0p125,g2,0.125,720,3.3811165653233957,696634,
diabetes,4,g2_eps_0p125,g2,0.125,840,3.3811165653233957,811926,
diabetes,4,g2_eps_0p125,g2,0.125,960,3.3811165653233957,927218,
diabetes,4,g2_eps_0p125,g2,0.125,1080,3.3811165653233957,1042510,
diabetes,4,g2_eps_0p125,g2,0.125,1200,3.3811165653233957,1157802,
diabetes,4,g2_eps_0p125,g2,0.125,1320,3.3811165653233957,1273094,
diabetes,4,g2_eps_0p125,g2,0.125,1440,3.3811165653233957,1388386,
diabetes,4,g2_eps_0p125,g2,0.125,1560,3.3811165653233957,1503678,
diabetes,4,g2_eps_0p125,g2,0.125,1680,3.3811165653233957,1618970,
diabetes,4,g2_eps_0p125,g2,0.125,1800,3.3811165653233957,1734262,
diabetes,4,g2_eps_0p125,g2,0.125,1920,3.3811165653233957,1849554,
diabetes,4,g2_eps_0p125,g2,0.125,2040,3.3811165653233957,1964846,
diabetes,4,g2_eps_0p125,g2,0.125,2160,3.3811165653233957,2080138,
diabetes,4,g2_eps_0p125,g2,0.125,2280,3.3811165653233957,2195430,
diabetes,4,g2_eps_0p125,g2,0.125,2400,3.3811165653233957,2310722,
diabetes,5,g2_eps_0p125,g2,0.125,0,111.9433754500213,4882,
diabetes,5,g2_eps_0p125,g2,0.125,120,7.65334908168947,120174,
diabetes,5,g2_eps_0p125,g2,0.125,240,7.65334908168947,235466,
diabetes,5,g2_eps_0p125,g2,0.125,360,7.65334908168947,350758,
diabetes,5,g2_eps_0p125,g2,0.125,480,7.65334908168947,466050,
diabetes,5,g2_eps_0p125,g2,0.125,600,7.65334908168947,581342,
diabetes,5,g2_eps_0p125,g2,0.125,720,7.65334908168947,696634,
diabetes,5,g2_eps_0p125,g2,0.125,840,7.65334908168947,811926,
diabetes,5,g2_eps_0p125,g2,0.125,960,7.65334908168947,927218,
diabetes,5,g2_eps_0p125,g2,0.125,1080,7.65334908168947,1042510,
diabetes,5,g2_eps_0p125,g2,0.125,1200,7.65334908168947,1157802,
diabetes,5,g2_eps_0p125,g2,0.125,1320,7.65334908168947,1273094,
diabetes,5,g2_eps_0p125,g2,0.125,1440,7.65334908168947,1388386,
diabetes,5,g2_eps_0p125,g2,0.125,1560,7.65334908168947,1503678,
diabetes,5,g2_eps_0p125,g2,0.125,1680,7.65334908168947,1618970,
diabetes,5,g2_eps_0p125,g2,0.125,1800,7.65334908168947,1734262,
diabetes,5,g2_eps_0p125,g2,0.125,1920,7.65334908168947,1849554,
diabetes,5,g2_eps_0p125,g2,0.125,2040,7.65334908168947,1964846,
diabetes,5,g2_eps_0p125,g2,0.125,2160,7.65334908168947,2080138,
diabetes,5,g2_eps_0p125,g2,0.125,2280,7.65334908168947,2195430,
diabetes,5,g2_eps_0p125,g2,0.125,2400,7.65334908168947,2310722,
diabetes,6,g2_eps_0p125,g2,0.125,0,111.9433754500213,4882,
diabetes,6,g2_eps_0p125,g2,0.125,120,6.4601118209012185,120174,
diabetes,6,g2_eps_0p125,g2,0.125,240,6.4601118209012185,235466,
diabetes,6,g2_eps_0p125,g2,0.125,360,6.4601118209012185,350758,
diabetes,6,g2_eps_0p125,g2,0.125,480,6.4601118209012185,466050,
diabetes,6,g2_eps_0p125,g2,0.125,600,6.4601118209012185,581342,
diabetes,6,g2_eps_0p125,g2,0.125,720,6.4601118209012185,696634,
diabetes,6,g2_eps_0p125,g2,0.125,840,6.4601118209012185,811926,
diabetes,6,g2_eps_0p125,g2,0.125,960,6.4601118209012185,927218,
diabetes,6,g2_eps_0p125,g2,0.125,1080,6.4601118209012185,1042510,
diabetes,6,g2_eps_0p125,g2,0.125,1200,6.4601118209012185,1157802,
diabetes,6,g2_eps_0p125,g2,0.125,1320,6.4601118209012185,1273094,
diabetes,6,g2_eps_0p125,g2,0.125,1440,6.4601118209012185,1388386,
diabetes,6,g2_eps_0p125,g2,0.125,1560,6.4601118209012185,1503678,
diabetes,6,g2_eps_0p125,g2,0.125,1680,6.460111820901204,1618970,
diabetes,6,g2_eps_0p125,g2,0.125,1800,6.0330211209456195,1734262,
diabetes,6,g2_eps_0p125,g2,0.125,1920,6.030412299484155,1849554,
diabetes,6,g2_eps_0p125,g2,0.125,2040,6.030412299484155,1964846,
diabetes,6,g2_eps_0p125,g2,0.125,2160,6.0304077422745905,2080138,
diabetes,6,g2_eps_0p125,g2,0.125,2280,5.311732821807169,2195430,
diabetes,6,g2_eps_0p125,g2,0.125,2400,1.6016425880861505,2310722,
diabetes,7,g2_eps_0p125,g2,0.125,0,111.9433754500213,4882,
diabetes,7,g2_eps_0p125,g2,0.125,120,4.648477648781565,120174,
diabetes,7,g2_eps_0p125,g2,0.125,240,4.648477648731486,235466,
diabetes,7,g2_eps_0p125,g2,0.125,360,4.648477648731486,350758,
diabetes,7,g2_eps_0p125,g2,0.125,480,4.648477648731486,466050,
diabetes,7,g2_eps_0p125,g2,0.125,600,4.648477648731486,581342,
diabetes,7,g2_eps_0p125,g2,0.125,720,4.648477648731486,696634,
diabetes,7,g2_eps_0p125,g2,0.125,840,4.648477648731486,811926,
diabetes,7,g2_eps_0p125,g2,0.125,960,4.648477648731486,927218,
diabetes,7,g2_eps_0p125,g2,0.125,1080,4.648477648731486,1042510,
diabetes,7,g2_eps_0p125,g2,0.125,1200,4.648477648731486,1157802,
diabetes,7,g2_eps_0p125,g2,0.125,1320,4.648477648731486,1273094,
diabetes,7,g2_eps_0p125,g2,0.125,1440,4.648477648731486,1388386,
diabetes,7,g2_eps_0p125,g2,0.125,1560,4.648477648731486,1503678,
diabetes,7,g2_eps_0p125,g2,0.125,1680,4.648477648731486,1618970,
diabetes,7,g2_eps_0p125,g2,0.125,1800,4.648477648731486,1734262,
diabetes,7,g2_eps_0p125,g2,0.125,1920,4.648477648731486,1849554,
diabetes,7,g2_eps_0p125,g2,0.125,2040,4.648477648731486,1964846,
diabetes,7,g2_eps_0p125,g2,0.125,2160,4.648477648731486,2080138,
diabetes,7,g2_eps_0p125,g2,0.125,2280,4.648477648731486,2195430,
diabetes,7,g2_eps_0p125,g2,0.125,2400,4.648477648731486,2310722,
diabetes,8,g2_eps_0p125,g2,0.125,0,111.9433754500213,4882,
diabetes,8,g2_eps_0p125,g2,0.125,120,7.678865606434158,120174,
diabetes,8,g2_eps_0p125,g2,0.125,240,7.678865606434158,235466,
diabetes,8,g2_eps_0p125,g2,0.125,360,7.678865606434158,350758,
diabetes,8,g2_eps_0p125,g2,0.125,480,4.289637730273455,466050,
diabetes,8,g2_eps_0p125,g2,0.125,600,4.288672619875072,581342,
diabetes,8,g2_eps_0p125,g2,0.125,720,4.288672619875072,696634,
diabetes,8,g2_eps_0p125,g2,0.125,840,4.288672619875072,811926,
diabetes,8,g2_eps_0p125,g2,0.125,960,4.288672619875072,927218,
diabetes,8,g2_eps_0p125,g2,0.125,1080,4.288672619875072,1042510,
diabetes,8,g2_eps_0p125,g2,0.125,1200,4.288672619875072,1157802,
diabetes,8,g2_eps_0p125,g2,0.125,1320,4.288672619875072,1273094,
diabetes,8,g2_eps_0p125,g2,0.125,1440,4.288672619875072,1388386,
diabetes,8,g2_eps_0p125,g2,0.125,1560,4.288672619875072,1503678,
diabetes,8,g2_eps_0p125,g2,0.125,1680,4.288672619875072,1618970,
diabetes,8,g2_eps_0p125,g2,0.125,1800,4.288672619875072,1734262,
diabetes,8,g2_eps_0p125,g2,0.125,1920,4.288672619875072,1849554,
diabetes,8,g2_eps_0p125,g2,0.125,2040,4.288672619875072,1964846,
diabetes,8,g2_eps_0p125,g2,0.125,2160,4.288672619875072,2080138,
diabetes,8,g2_eps_0p125,g2,0.125,2280,4.288672619875072,2195430,
diabetes,8,g2_eps_0p125,g2,0.125,2400,4.288672619875072,2310722,
diabetes,9,g2_eps_0p125,g2,0.125,0,111.9433754500213,4882,
diabetes,9,g2_eps_0p125,g2,0.125,120,7.2511538815866885,120174,
diabetes,9,g2_eps_0p125,g2,0.125,240,7.249538484496668,235466,
diabetes,9,g2_eps_0p125,g2,0.125,360,7.249538484496668,350758,
diabetes,9,g2_eps_0p125,g2,0.125,480,7.249538484496668,466050,
diabetes,9,g2_eps_0p125,g2,0.125,600,4.885209454642407,581342,
diabetes,9,g2_eps_0p125,g2,0.125,720,4.885209454642279,696634,
diabetes,9,g2_eps_0p125,g2,0.125,840,4.885209454642279,811926,
diabetes,9,g2_eps_0p125,g2,0.125,960,4.885209454642279,927218,
diabetes,9,g2_eps_0p125,g2,0.125,1080,4.885209454642279,1042510,
diabetes,9,g2_eps_0p125,g2,0.125,1200,4.885209454642279,1157802,
diabetes,9,g2_eps_0p125,g2,0.125,1320,4.885209454642279,1273094,
diabetes,9,g2_eps_0p125,g2,0.125,1440,4.885209454642279,1388386,
diabetes,9,g2_eps_0p125,g2,0.125,1560,4.885209454642279,1503678,
diabetes,9,g2_eps_0p125,g2,0.125,1680,4.885209454642279,1618970,
diabetes,9,g2_eps_0p125,g2,0.125,1800,3.984089323261074,1734262,
diabetes,9,g2_eps_0p125,g2,0.125,1920,3.98401742787091,1849554,
diabetes,9,g2_eps_0p125,g2,0.125,2040,3.9840174278708815,1964846,
diabetes,9,g2_eps_0p125,g2,0.125,2160,3.9840174278708673,2080138,
diabetes,9,g2_eps_0p125,g2,0.125,2280,3.9840174278708673,2195430,
diabetes,9,g2_eps_0p125,g2,0.125,2400,3.9547509953881104,2310722,
diabetes,10,g2_eps_0p125,g2,0.125,0,111.9433754500213,4882,
diabetes,10,g2_eps_0p125,g2,0.125,120,5.635060667949205,120174,
diabetes,10,g2_eps_0p125,g2,0.125,240,5.635060667949205,235466,
diabetes,10,g2_eps_0p125,g2,0.125,360,5.635060667949205,350758,
diabetes,10,g2_eps_0p125,g2,0.125,480,5.635060667949205,466050,
diabetes,10,g2_eps_0p125,g2,0.125,600,5.635060667949205,581342,
diabetes,10,g2_eps_0p125,g2,0.125,720,5.635060667949205,696634,
diabetes,10,g2_eps_0p125,g2,0.125,840,5.635060667949219,811926,
diabetes,10,g2_eps_0p125,g2,0.125,960,5.63498679477641,927218,
diabetes,10,g2_eps_0p125,g2,0.125,1080,5.63498679477641,1042510,
diabetes,10,g2_eps_0p125,g2,0.125,1200,5.63498679477641,1157802,
diabetes,10,g2_eps_0p125,g2,0.125,1320,5.63498679477641,1273094,
diabetes,10,g2_eps_0p125,g2,0.125,1440,5.63498679477641,1388386,
diabetes,10,g2_eps_0p125,g2,0.125,1560,5.63498679477641,1503678,
diabetes,10,g2_eps_0p125,g2,0.125,1680,5.63498679477641,1618970,
diabetes,10,g2_eps_0p125,g2,0.125,1800,5.63498679477641,1734262,
diabetes,10,g2_eps_0p125,g2,0.125,1920,5.63498679477641,1849554,
diabetes,10,g2_eps_0p125,g2,0.125,2040,5.63498679477641,1964846,
diabetes,10,g2_eps_0p125,g2,0.125,2160,5.63498679477641,2080138,
diabetes,10,g2_eps_0p125,g2,0.125,2280,5.63498679477641,2195430,
diabetes,10,g2_eps_0p125,g2,0.125,2400,5.63498679477641,2310722,
diabetes,11,g2_eps_0p125,g2,0.125,0,111.9433754500213,4882,
diabetes,11,g2_eps_0p125,g2,0.125,120,10.108351159503727,120174,
diabetes,11,g2_eps_0p125,g2,0.125,240,8.349092991654743,235466,
diabetes,11,g2_eps_0p125,g2,0.125,360,8.349092991654743,350758,
diabetes,11,g2_eps_0p125,g2,0.125,480,8.349092991654743,466050,
diabetes,11,g2_eps_0p125,g2,0.125,600,8.349092991654743,581342,
diabetes,11,g2_eps_0p125,g2,0.125,720,8.349092991654743,696634,
diabetes,11,g2_eps_0p125,g2,0.125,840,8.349092991654743,811926,
diabetes,11,g2_eps_0p125,g2,0.125,960,8.349092991654743,927218,
diabetes,11,g2_eps_0p125,g2,0.125,1080,8.349092991654743,1042510,
diabetes,11,g2_eps_0p125,g2,0.125,1200,8.349092991654743,1157802,
diabetes,11,g2_eps_0p125,g2,0.125,1320,8.349092991654743,1273094,
diabetes,11,g2_eps_0p125,g2,0.125,1440,8.349092991654743,1388386,
diabetes,11,g2_eps_0p125,g2,0.125,1560,8.349092991654743,1503678,
diabetes,11,g2_eps_0p125,g2,0.125,1680,8.349092991654743,1618970,
diabetes,11,g2_eps_0p125,g2,0.125,1800,8.349092991654743,1734262,
diabetes,11,g2_eps_0p125,g2,0.125,1920,8.349092991654743,1849554,
diabetes,11,g2_eps_0p125,g2,0.125,2040,8.349092991654743,1964846,
diabetes,11,g2_eps_0p125,g2,0.125,2160,8.349092991654743,2080138,
diabetes,11,g2_eps_0p125,g2,0.125,2280,8.349092991654743,2195430,
diabetes,11,g2_eps_0p125,g2,0.125,2400,8.349092991654743,2310722,
diabetes,0,g1_exact,g1,0.0,0,111.9433754500213,4882,49082
diabetes,0,g1_exact,g1,0.0,120,5.414874829057226e-05,120174,164374
diabetes,0,g1_exact,g1,0.0,240,8.470409653682509e-07,235466,279666
diabetes,0,g1_exact,g1,0.0,360,1.332666954567685e-08,350758,394958
diabetes,0,g1_exact,g1,0.0,480,2.1333335098461248e-10,466050,510250
diabetes,0,g1_exact,g1,0.0,600,3.410605131648481e-12,581342,625542
diabetes,0,g1_exact,g1,0.0,720,7.105427357601002e-14,696634,740834
diabetes,0,g1_exact,g1,0.0,840,2.842170943040401e-14,811926,856126
diabetes,0,g1_exact,g1,0.0,960,0.0,927218,971418
diabetes,0,g1_exact,g1,0.0,1080,1.4210854715202004e-14,1042510,1086710
diabetes,0,g1_exact,g1,0.0,1200,4.263256414560601e-14,1157802,1202002
diabetes,0,g1_exact,g1,0.0,1320,2.842170943040401e-14,1273094,1317294
diabetes,0,g1_exact,g1,0.0,1440,2.842170943040401e-14,1388386,1432586
diabetes,0,g1_exact,g1,0.0,1560,1.4210854715202004e-14,1503678,1547878
diabetes,0,g1_exact,g1,0.0,1680,1.4210854715202004e-14,1618970,1663170
diabetes,0,g1_exact,g1,0.0,1800,2.842170943040401e-14,1734262,1778462
diabetes,0,g1_exact,g1,0.0,1920,2.842170943040401e-14,1849554,1893754
diabetes,0,g1_exact,g1,0.0,2040,2.842170943040401e-14,1964846,2009046
diabetes,0,g1_exact,g1,0.0,2160,2.842170943040401e-14,2080138,2124338
diabetes,0,g1_exact,g1,0.0,2280,2.842170943040401e-14,2195430,2239630
diabetes,0,g1_exact,g1,0.0,2400,2.842170943040401e-14,2310722,2354922
diabetes,1,g1_exact,g1,0.0,0,111.9433754500213,4882,49082
diabetes,1,g1_exact,g1,0.0,120,5.414874829057226e-05,120174,164374
diabetes,1,g1_exact,g1,0.0,240,8.470409653682509e-07,235466,279666
diabetes,1,g1_exact,g1,0.0,360,1.332666954567685e-08,350758,394958
diabetes,1,g1_exact,g1,0.0,480,2.1333335098461248e-10,466050,510250
diabetes,1,g1_exact,g1,0.0,600,3.410605131648481e-12,581342,625542
diabetes,1,g1_exact,g1,0.0,720,7.105427357601002e-14,696634,740834
diabetes,1,g1_exact,g1,0.0,840,2.842170943040401e-14,811926,856126
diabetes,1,g1_exact,g1,0.0,960,0.0,927218,971418
diabetes,1,g1_exact,g1,0.0,1080,1.4210854715202004e-14,1042510,1086710
diabetes,1,g1_exact,g1,0.0,1200,4.263256414560601e-14,1157802,1202002
diabetes,1,g1_exact,g1,0.0,1320,2.842170943040401e-14,1273094,1317294
diabetes,1,g1_exact,g1,0.0,1440,2.842170943040401e-14,1388386,1432586
diabetes,1,g1_exact,g1,0.0,1560,1.4210854715202004e-14,1503678,1547878
diabetes,1,g1_exact,g1,0.0,1680,1.4210854715202004e-14,1618970,1663170
diabetes,1,g1_exact,g1,0.0,1800,2.842170943040401e-14,1734262,1778462
diabetes,1,g1_exact,g1,0.0,1920,2.842170943040401e-14,1849554,1893754
diabetes,1,g1_exact,g1,0.0,2040,2.842170943040401e-14,1964846,2009046
diabetes,1,g1_exact,g1,0.0,2160,2.842170943040401e-14,2080138,2124338
diabetes,1,g1_exact,g1,0.0,2280,2.842170943040401e-14,2195430,2239630
diabetes,1,g1_exact,g1,0.0,2400,2.842170943040401e-14,2310722,2354922
diabetes,2,g1_exact,g1,0.0,0,111.9433754500213,4882,49082
diabetes,2,g1_exact,g1,0.0,120,5.414874829057226e-05,120174,164374
diabetes,2,g1_exact,g1,0.0,240,8.470409653682509e-07,235466,279666
diabetes,2,g1_exact,g1,0.0,360,1.332666954567685e-08,350758,394958
diabetes,2,g1_exact,g1,0.0,480,2.1333335098461248e-10,466050,510250
diabetes,2,g1_exact,g1,0.0,600,3.410605131648481e-12,581342,625542
diabetes,2,g1_exact,g1,0.0,720,7.105427357601002e-14,696634,740834
diabetes,2,g1_exact,g1,0.0,840,2.842170943040401e-14,811926,856126
diabetes,2,g1_exact,g1,0.0,960,0.0,927218,971418
diabetes,2,g1_exact,g1,0.0,1080,1.4210854715202004e-14,1042510,1086710
diabetes,2,g1_exact,g1,0.0,1200,4.263256414560601e-14,1157802,1202002
diabetes,2,g1_exact,g1,0.0,1320,2.842170943040401e-14,1273094,1317294
diabetes,2,g1_exact,g1,0.0,1440,2.842170943040401e-14,1388386,1432586
diabetes,2,g1_exact,g1,0.0,1560,1.4210854715202004e-14,1503678,1547878
diabetes,2,g1_exact,g1,0.0,1680,1.4210854715202004e-14,1618970,1663170
diabetes,2,g1_exact,g1,0.0,1800,2.842170943040401e-14,1734262,1778462
diabetes,2,g1_exact,g1,0.0,1920,2.842170943040401e-14,1849554,1893754
diabetes,2,g1_exact,g1,0.0,2040,2.842170943040401e-14,1964846,2009046
diabetes,2,g1_exact,g1,0.0,2160,2.842170943040401e-14,2080138,2124338
diabetes,2,g1_exact,g1,0.0,2280,2.842170943040401e-14,2195430,2239630
diabetes,2,g1_exact,g1,0.0,2400,2.842170943040401e-14,2310722,2354922
diabetes,3,g1_exact,g1,0.0,0,111.9433754500213,4882,49082
diabetes,3,g1_exact,g1,0.0,120,5.414874829057226e-05,120174,164374
diabetes,3,g1_exact,g1,0.0,240,8.470409653682509e-07,235466,279666
diabetes,3,g1_exact,g1,0.0,360,1.332666954567685e-08,350758,394958
diabetes,3,g1_exact,g1,0.0,480,2.1333335098461248e-10,466050,510250
diabetes,3,g1_exact,g1,0.0,600,3.410605131648481e-12,581342,625542
diabetes,3,g1_exact,g1,0.0,720,7.105427357601002e-14,696634,740834
diabetes,3,g1_exact,g1,0.0,840,2.842170943040401e-14,811926,856126
diabetes,3,g1_exact,g1,0.0,960,0.0,927218,971418
diabetes,3,g1_exact,g1,0.0,1080,1.4210854715202004e-14,1042510,1086710
diabetes,3,g1_exact,g1,0.0,1200,4.263256414560601e-14,1157802,1202002
diabetes,3,g1_exact,g1,0.0,1320,2.842170943040401e-14,1273094,1317294
diabetes,3,g1_exact,g1,0.0,1440,2.842170943040401e-14,1388386,1432586
diabetes,3,g1_exact,g1,0.0,1560,1.4210854715202004e-14,1503678,1547878
diabetes,3,g1_exact,g1,0.0,1680,1.4210854715202004e-14,1618970,1663170
diabetes,3,g1_exact,g1,0.0,1800,2.842170943040401e-14,1734262,1778462
diabetes,3,g1_exact,g1,0.0,1920,2.842170943040401e-14,1849554,1893754
diabetes,3,g1_exact,g1,0.0,2040,2.842170943040401e-14,1964846,2009046
diabetes,3,g1_exact,g1,0.0,2160,2.842170943040401e-14,2080138,2124338
diabetes,3,g1_exact,g1,0.0,2280,2.842170943040401e-14,2195430,2239630
diabetes,3,g1_exact,g1,0.0,2400,2.842170943040401e-14,2310722,2354922
diabetes,4,g1_exact,g1,0.0,0,111.9433754500213,4882,49082
diabetes,4,g1_exact,g1,0.0,120,5.414874829057226e-05,120174,164374
diabetes,4,g1_exact,g1,0.0,240,8.470409653682509e-07,235466,279666
diabetes,4,g1_exact,g1,0.0,360,1.332666954567685e-08,350758,394958
diabetes,4,g1_exact,g1,0.0,480,2.1333335098461248e-10,466050,510250
diabetes,4,g1_exact,g1,0.0,600,3.410605131648481e-12,581342,625542
diabetes,4,g1_exact,g1,0.0,720,7.105427357601002e-14,696634,740834
diabetes,4,g1_exact,g1,0.0,840,2.842170943040401e-14,811926,856126
diabetes,4,g1_exact,g1,0.0,960,0.0,927218,971418
diabetes,4,g1_exact,g1,0.0,1080,1.4210854715202004e-14,1042510,1086710
diabetes,4,g1_exact,g1,0.0,1200,4.263256414560601e-14,1157802,1202002
diabetes,4,g1_exact,g1,0.0,1320,2.842170943040401e-14,1273094,1317294
diabetes,4,g1_exact,g1,0.0,1440,2.842170943040401e-14,1388386,1432586
diabetes,4,g1_exact,g1,0.0,1560,1.4210854715202004e-14,1503678,1547878
diabetes,4,g1_exact,g1,0.0,1680,1.4210854715202004e-14,1618970,1663170
diabetes,4,g1_exact,g1,0.0,1800,2.842170943040401e-14,1734262,1778462
diabetes,4,g1_exact,g1,0.0,1920,2.842170943040401e-14,1849554,1893754
diabetes,4,g1_exact,g1,0.0,2040,2.842170943040401e-14,1964846,2009046
diabetes,4,g1_exact,g1,0.0,2160,2.842170943040401e-14,2080138,2124338
diabetes,4,g1_exact,g1,0.0,2280,2.842170943040401e-14,2195430,2239630
diabetes,4,g1_exact,g1,0.0,2400,2.842170943040401e-14,2310722,2354922
diabetes,5,g1_exact,g1,0.0,0,111.9433754500213,4882,49082
diabetes,5,g1_exact,g1,0.0,120,5.414874829057226e-05,120174,164374
diabetes,5,g1_exact,g1,0.0,240,8.470409653682509e-07,235466,279666
diabetes,5,g1_exact,g1,0.0,360,1.332666954567685e-08,350758,394958
diabetes,5,g1_exact,g1,0.0,480,2.1333335098461248e-10,466050,510250
diabetes,5,g1_exact,g1,0.0,600,3.410605131648481e-12,581342,625542
diabetes,5,g1_exact,g1,0.0,720,7.105427357601002e-14,696634,740834
diabetes,5,g1_exact,g1,0.0,840,2.842170943040401e-14,811926,856126
diabetes,5,g1_exact,g1,0.0,960,0.0,927218,971418
diabetes,5,g1_exact,g1,0.0,1080,1.4210854715202004e-14,1042510,1086710
diabetes,5,g1_exact,g1,0.0,1200,4.263256414560601e-14,1157802,1202002
diabetes,5,g1_exact,g1,0.0,1320,2.842170943040401e-14,1273094,1317294
diabetes,5,g1_exact,g1,0.0,1440,2.842170943040401e-14,1388386,1432586
diabetes,5,g1_exact,g1,0.0,1560,1.4210854715202004e-14,1503678,1547878
diabetes,5,g1_exact,g1,0.0,1680,1.4210854715202004e-14,1618970,1663170
diabetes,5,g1_exact,g1,0.0,1800,2.842170943040401e-14,1734262,1778462
diabetes,5,g1_exact,g1,0.0,1920,2.842170943040401e-14,1849554,1893754
diabetes,5,g1_exact,g1,0.0,2040,2.842170943040401e-14,1964846,2009046
diabetes,5,g1_exact,g1,0.0,2160,2.842170943040401e-14,2080138,2124338
diabetes,5,g1_exact,g1,0.0,2280,2.842170943040401e-14,2195430,2239630
diabetes,5,g1_exact,g1,0.0,2400,2.842170943040401e-14,2310722,2354922
diabetes,6,g1_exact,g1,0.0,0,111.9433754500213,4882,49082
diabetes,6,g1_exact,g1,0.0,120,5.414874829057226e-05,120174,164374
diabetes,6,g1_exact,g1,0.0,240,8.470409653682509e-07,235466,279666
diabetes,6,g1_exact,g1,0.0,360,1.332666954567685e-08,350758,394958
diabetes,6,g1_exact,g1,0.0,480,2.1333335098461248e-10,466050,510250
diabetes,6,g1_exact,g1,0.0,600,3.410605131648481e-12,581342,625542
diabetes,6,g1_exact,g1,0.0,720,7.105427357601002e-14,696634,740834
diabetes,6,g1_exact,g1,0.0,840,2.842170943040401e-14,811926,856126
diabetes,6,g1_exact,g1,0.0,960,0.0,927218,971418
diabetes,6,g1_exact,g1,0.0,1080,1.4210854715202004e-14,1042510,1086710
diabetes,6,g1_exact,g1,0.0,1200,4.263256414560601e-14,1157802,1202002
diabetes,6,g1_exact,g1,0.0,1320,2.842170943040401e-14,1273094,1317294
diabetes,6,g1_exact,g1,0.0,1440,2.842170943040401e-14,1388386,1432586
diabetes,6,g1_exact,g1,0.0,1560,1.4210854715202004e-14,1503678,1547878
diabetes,6,g1_exact,g1,0.0,1680,1.4210854715202004e-14,1618970,1663170
diabetes,6,g1_exact,g1,0.0,1800,2.842170943040401e-14,1734262,1778462
diabetes,6,g1_exact,g1,0.0,1920,2.842170943040401e-14,1849554,1893754
diabetes,6,g1_exact,g1,0.0,2040,2.842170943040401e-14,1964846,2009046
diabetes,6,g1_exact,g1,0.0,2160,2.842170943040401e-14,2080138,2124338
diabetes,6,g1_exact,g1,0.0,2280,2.842170943040401e-14,2195430,2239630
diabetes,6,g1_exact,g1,0.0,2400,2.842170943040401e-14,2310722,2354922
diabetes,7,g1_exact,g1,0.0,0,111.9433754500213,4882,49082
diabetes,7,g1_exact,g1,0.0,120,5.414874829057226e-05,120174,164374
diabetes,7,g1_exact,g1,0.0,240,8.470409653682509e-07,235466,279666
diabetes,7,g1_exact,g1,0.0,360,1.332666954567685e-08,350758,394958
diabetes,7,g1_exact,g1,0.0,480,2.1333335098461248e-10,466050,510250
diabetes,7,g1_exact,g1,0.0,600,3.410605131648481e-12,581342,625542
diabetes,7,g1_exact,g1,0.0,720,7.105427357601002e-14,696634,740834
diabetes,7,g1_exact,g1,0.0,840,2.842170943040401e-14,811926,856126
diabetes,7,g1_exact,g1,0.0,960,0.0,927218,971418
diabetes,7,g1_exact,g1,0.0,1080,1.4210854715202004e-14,1042510,1086710
diabetes,7,g1_exact,g1,0.0,1200,4.263256414560601e-14,1157802,1202002
diabetes,7,g1_exact,g1,0.0,1320,2.842170943040401e-14,1273094,1317294
diabetes,7,g1_exact,g1,0.0,1440,2.842170943040401e-14,1388386,1432586
diabetes,7,g1_exact,g1,0.0,1560,1.4210854715202004e-14,1503678,1547878
diabetes,7,g1_exact,g1,0.0,1680,1.4210854715202004e-14,1618970,1663170
diabetes,7,g1_exact,g1,0.0,1800,2.842170943040401e-14,1734262,1778462
diabetes,7,g1_exact,g1,0.0,1920,2.842170943040401e-14,1849554,1893754
diabetes,7,g1_exact,g1,0.0,2040,2.842170943040401e-14,1964846,2009046
diabetes,7,g1_exact,g1,0.0,2160,2.842170943040401e-14,2080138,2124338
diabetes,7,g1_exact,g1,0.0,2280,2.842170943040401e-14,2195430,2239630
diabetes,7,g1_exact,g1,0.0,2400,2.842170943040401e-14,2310722,2354922
diabetes,8,g1_exact,g1,0.0,0,111.9433754500213,4882,49082
diabetes,8,g1_exact,g1,0.0,120,5.414874829057226e-05,120174,164374
diabetes,8,g1_exact,g1,0.0,240,8.470409653682509e-07,235466,279666
diabetes,8,g1_exact,g1,0.0,360,1.332666954567685e-08,350758,394958
diabetes,8,g1_exact,g1,0.0,480,2.1333335098461248e-10,466050,510250
diabetes,8,g1_exact,g1,0.0,600,3.410605131648481e-12,581342,625542
diabetes,8,g1_exact,g1,0.0,720,7.105427357601002e-14,696634,740834
diabetes,8,g1_exact,g1,0.0,840,2.842170943040401e-14,811926,856126
diabetes,8,g1_exact,g1,0.0,960,0.0,927218,971418
diabetes,8,g1_exact,g1,0.0,1080,1.4210854715202004e-14,1042510,1086710
diabetes,8,g1_exact,g1,0.0,1200,4.263256414560601e-14,1157802,1202002
diabetes,8,g1_exact,g1,0.0,1320,2.842170943040401e-14,1273094,1317294
diabetes,8,g1_exact,g1,0.0,1440,2.842170943040401e-14,1388386,1432586
diabetes,8,g1_exact,g1,0.0,1560,1.4210854715202004e-14,1503678,1547878
diabetes,8,g1_exact,g1,0.0,1680,1.4210854715202004e-14,1618970,1663170
diabetes,8,g1_exact,g1,0.0,1800,2.842170943040401e-14,1734262,1778462
diabetes,8,g1_exact,g1,0.0,1920,2.842170943040401e-14,1849554,1893754
diabetes,8,g1_exact,g1,0.0,2040,2.842170943040401e-14,1964846,2009046
diabetes,8,g1_exact,g1,0.0,2160,2.842170943040401e-14,2080138,2124338
diabetes,8,g1_exact,g1,0.0,2280,2.842170943040401e-14,2195430,2239630
diabetes,8,g1_exact,g1,0.0,2400,2.842170943040401e-14,2310722,2354922
diabetes,9,g1_exact,g1,0.0,0,111.9433754500213,4882,49082
diabetes,9,g1_exact,g1,0.0,120,5.414874829057226e-05,120174,164374
diabetes,9,g1_exact,g1,0.0,240,8.470409653682509e-07,235466,279666
diabetes,9,g1_exact,g1,0.0,360,1.332666954567685e-08,350758,394958
diabetes,9,g1_exact,g1,0.0,480,2.1333335098461248e-10,466050,510250
diabetes,9,g1_exact,g1,0.0,600,3.410605131648481e-12,581342,625542
diabetes,9,g1_exact,g1,0.0,720,7.105427357601002e-14,696634,740834
diabetes,9,g1_exact,g1,0.0,840,2.842170943040401e-14,811926,856126
diabetes,9,g1_exact,g1,0.0,960,0.0,927218,971418
diabetes,9,g1_exact,g1,0.0,1080,1.4210854715202004e-14,1042510,1086710
diabetes,9,g1_exact,g1,0.0,1200,4.263256414560601e-14,1157802,1202002
diabetes,9,g1_exact,g1,0.0,1320,2.842170943040401e-14,1273094,1317294
diabetes,9,g1_exact,g1,0.0,1440,2.842170943040401e-14,1388386,1432586
diabetes,9,g1_exact,g1,0.0,1560,1.4210854715202004e-14,1503678,1547878
diabetes,9,g1_exact,g1,0.0,1680,1.4210854715202004e-14,1618970,1663170
diabetes,9,g1_exact,g1,0.0,1800,2.842170943040401e-14,1734262,1778462
diabetes,9,g1_exact,g1,0.0,1920,2.842170943040401e-14,1849554,1893754
diabetes,9,g1_exact,g1,0.0,2040,2.842170943040401e-14,1964846,2009046
diabetes,9,g1_exact,g1,0.0,2160,2.842170943040401e-14,2080138,2124338
diabetes,9,g1_exact,g1,0.0,2280,2.842170943040401e-14,2195430,2239630
diabetes,9,g1_exact,g1,0.0,2400,2.842170943040401e-14,2310722,2354922
diabetes,10,g1_exact,g1,0.0,0,111.9433754500213,4882,49082
diabetes,10,g1_exact,g1,0.0,120,5.414874829057226e-05,120174,164374
diabetes,10,g1_exact,g1,0.0,240,8.470409653682509e-07,235466,279666
diabetes,10,g1_exact,g1,0.0,360,1.332666954567685e-08,350758,394958
diabetes,10,g1_exact,g1,0.0,480,2.1333335098461248e-10,466050,510250
diabetes,10,g1_exact,g1,0.0,600,3.410605131648481e-12,581342,625542
diabetes,10,g1_exact,g1,0.0,720,7.105427357601002e-14,696634,740834
diabetes,10,g1_exact,g1,0.0,840,2.842170943040401e-14,811926,856126
diabetes,10,g1_exact,g1,0.0,960,0.0,927218,971418
diabetes,10,g1_exact,g1,0.0,1080,1.4210854715202004e-14,1042510,1086710
diabetes,10,g1_exact,g1,0.0,1200,4.263256414560601e-14,1157802,1202002
diabetes,10,g1_exact,g1,0.0,1320,2.842170943040401e-14,1273094,1317294
diabetes,10,g1_exact,g1,0.0,1440,2.842170943040401e-14,1388386,1432586
diabetes,10,g1_exact,g1,0.0,1560,1.4210854715202004e-14,1503678,1547878
diabetes,10,g1_exact,g1,0.0,1680,1.4210854715202004e-14,1618970,1663170
diabetes,10,g1_exact,g1,0.0,1800,2.842170943040401e-14,1734262,1778462
diabetes,10,g1_exact,g1,0.0,1920,2.842170943040401e-14,1849554,1893754
diabetes,10,g1_exact,g1,0.0,2040,2.842170943040401e-14,1964846,2009046
diabetes,10,g1_exact,g1,0.0,2160,2.842170943040401e-14,2080138,2124338
diabetes,10,g1_exact,g1,0.0,2280,2.842170943040401e-14,2195430,2239630
diabetes,10,g1_exact,g1,0.0,2400,2.842170943040401e-14,2310722,2354922
diabetes,11,g1_exact,g1,0.0,0,111.9433754500213,4882,49082
diabetes,11,g1_exact,g1,0.0,120,5.414874829057226e-05,120174,164374
diabetes,11,g1_exact,g1,0.0,240,8.470409653682509e-07,235466,279666
diabetes,11,g1_exact,g1,0.0,360,1.332666954567685e-08,350758,394958
diabetes,11,g1_exact,g1,0.0,480,2.1333335098461248e-10,466050,510250
diabetes,11,g1_exact,g1,0.0,600,3.410605131648481e-12,581342,625542
diabetes,11,g1_exact,g1,0.0,720,7.105427357601002e-14,696634,740834
diabetes,11,g1_exact,g1,0.0,840,2.842170943040401e-14,811926,856126
diabetes,11,g1_exact,g1,0.0,960,0.0,927218,971418
diabetes,11,g1_exact,g1,0.0,1080,1.4210854715202004e-14,1042510,1086710
diabetes,11,g1_exact,g1,0.0,1200,4.263256414560601e-14,1157802,1202002
diabetes,11,g1_exact,g1,0.0,1320,2.842170943040401e-14,1273094,1317294
diabetes,11,g1_exact,g1,0.0,1440,2.842170943040401e-14,1388386,1432586
diabetes,11,g1_exact,g1,0.0,1560,1.4210854715202004e-14,1503678,1547878
diabetes,11,g1_exact,g1,0.0,1680,1.4210854715202004e-14,1618970,1663170
diabetes,11,g1_exact,g1,0.0,1800,2.842170943040401e-14,1734262,1778462
diabetes,11,g1_exact,g1,0.0,1920,2.842170943040401e-14,1849554,1893754
diabetes,11,g1_exact,g1,0.0,2040,2.842170943040401e-14,1964846,2009046
diabetes,11,g1_exact,g1,0.0,2160,2.842170943040401e-14,2080138,2124338
diabetes,11,g1_exact,g1,0.0,2280,2.842170943040401e-14,2195430,2239630
diabetes,11,g1_exact,g1,0.0,2400,2.842170943040401e-14,2310722,2354922
