case,seed,method,steps,gap,proxy_work,seconds
balanced_independent,0,ascd_zero_oracle,0,28.767916123777322,19696,9.300012607127428e-06
balanced_independent,0,ascd_zero_oracle,120,2.390371552099502,168344,0.002127500018104911
balanced_independent,0,ascd_zero_oracle,240,0.1759237698563294,316992,0.0045267000095918775
balanced_independent,0,ascd_zero_oracle,360,0.030533905380639048,465640,0.0065475000301375985
balanced_independent,0,ascd_zero_oracle,480,0.0007312026409276307,614288,0.008597000036388636
balanced_independent,0,ascd_zero_oracle,600,0.00014309614521756941,762936,0.010593299986794591
balanced_independent,0,ascd_zero_oracle,720,1.0052526863812972e-05,911584,0.012572200037539005
balanced_independent,0,ascd_zero_oracle,840,6.201451925313961e-07,1060232,0.01696310000261292
balanced_independent,0,ascd_zero_oracle,960,1.7525058293443863e-08,1208880,0.02038840000750497
balanced_independent,0,ascd_zero_oracle,1080,5.27774712821838e-10,1357528,0.0226124000037089
balanced_independent,0,ascd_zero_oracle,1200,3.240785417801817e-11,1506176,0.024650600040331483
balanced_independent,0,ascd_zero_oracle,1320,2.433608869978343e-12,1654824,0.02667330001713708
balanced_independent,0,ascd_zero_oracle,1440,5.679900993982301e-13,1803472,0.028644500009249896
balanced_independent,0,ascd_zero_oracle,1560,1.2745360322696797e-13,1952120,0.030674100038595498
balanced_independent,0,ascd_zero_oracle,1680,6.661338147750939e-15,2100768,0.03263349999906495
balanced_independent,0,ascd_zero_oracle,1800,2.220446049250313e-15,2249416,0.03458350000437349
balanced_independent,0,ascd_zero_oracle,1920,8.881784197001252e-16,2398064,0.03735749999759719
balanced_independent,0,ascd_zero_oracle,2040,8.881784197001252e-16,2546712,0.03968009998789057
balanced_independent,0,ascd_zero_oracle,2160,8.881784197001252e-16,2695360,0.04165229998761788
balanced_independent,0,ascd_zero_oracle,2280,8.881784197001252e-16,2844008,0.043602899997495115
balanced_independent,0,ascd_zero_oracle,2400,1.3322676295501878e-15,2992656,0.04603510000742972
balanced_independent,1,ascd_zero_oracle,0,24.162466066812307,19696,7.499998901039362e-06
balanced_independent,1,ascd_zero_oracle,120,0.3925561920452969,168344,0.0020730000105686486
balanced_independent,1,ascd_zero_oracle,240,0.022986235553164036,316992,0.004077000019606203
balanced_independent,1,ascd_zero_oracle,360,0.000543257760532434,465640,0.006087700021453202
balanced_independent,1,ascd_zero_oracle,480,1.2158729796318823e-05,614288,0.008026299998164177
balanced_independent,1,ascd_zero_oracle,600,6.764458264640894e-07,762936,0.009959099988918751
balanced_independent,1,ascd_zero_oracle,720,2.5041170381712163e-07,911584,0.011892999988049269
balanced_independent,1,ascd_zero_oracle,840,1.5783508544586766e-07,1060232,0.013821100001223385
balanced_independent,1,ascd_zero_oracle,960,1.0893694391000963e-08,1208880,0.019128300016745925
balanced_independent,1,ascd_zero_oracle,1080,3.7894931637083573e-10,1357528,0.02336459996877238
balanced_independent,1,ascd_zero_oracle,1200,6.313216616149475e-11,1506176,0.025804799981415272
balanced_independent,1,ascd_zero_oracle,1320,5.170086581074429e-12,1654824,0.02773989998968318
balanced_independent,1,ascd_zero_oracle,1440,1.567634910770721e-13,1803472,0.029672999982722104
balanced_independent,1,ascd_zero_oracle,1560,1.021405182655144e-14,1952120,0.033899899979587644
balanced_independent,1,ascd_zero_oracle,1680,0.0,2100768,0.03624149999814108
balanced_independent,1,ascd_zero_oracle,1800,0.0,2249416,0.03816029999870807
balanced_independent,1,ascd_zero_oracle,1920,0.0,2398064,0.040101799997501075
balanced_independent,1,ascd_zero_oracle,2040,0.0,2546712,0.04210770002100617
balanced_independent,1,ascd_zero_oracle,2160,0.0,2695360,0.04404820001218468
balanced_independent,1,ascd_zero_oracle,2280,0.0,2844008,0.04700409999350086
balanced_independent,1,ascd_zero_oracle,2400,0.0,2992656,0.0520556999836117
balanced_independent,2,ascd_zero_oracle,0,31.76498611637578,19696,1.8000020645558834e-05
balanced_independent,2,ascd_zero_oracle,120,2.126959596826442,168344,0.0020207000197842717
balanced_independent,2,ascd_zero_oracle,240,0.37567050801248136,316992,0.003934700042009354
balanced_independent,2,ascd_zero_oracle,360,0.006176745657648475,465640,0.005844900035299361
balanced_independent,2,ascd_zero_oracle,480,0.0011979815237279645,614288,0.0077550000278279185
balanced_independent,2,ascd_zero_oracle,600,5.5866837879392506e-05,762936,0.012067000032402575
balanced_independent,2,ascd_zero_oracle,720,2.9707959035008003e-06,911584,0.01592150004580617
balanced_independent,2,ascd_zero_oracle,840,1.3510479091038974e-07,1060232,0.01816460001282394
balanced_independent,2,ascd_zero_oracle,960,6.953411180177227e-09,1208880,0.020117000036407262
balanced_independent,2,ascd_zero_oracle,1080,3.6113587675856706e-09,1357528,0.022062000003643334
balanced_independent,2,ascd_zero_oracle,1200,4.2042502812478233e-10,1506176,0.02435350004816428
balanced_independent,2,ascd_zero_oracle,1320,1.5192735958180492e-11,1654824,0.02863630000501871
balanced_independent,2,ascd_zero_oracle,1440,5.683453707661101e-12,1803472,0.03118350001750514
balanced_independent,2,ascd_zero_oracle,1560,2.3092638912203256e-13,1952120,0.03312600002391264
balanced_independent,2,ascd_zero_oracle,1680,1.7763568394002505e-15,2100768,0.035073500010184944
balanced_independent,2,ascd_zero_oracle,1800,8.881784197001252e-16,2249416,0.0370346000418067
balanced_independent,2,ascd_zero_oracle,1920,0.0,2398064,0.039009900006931275
balanced_independent,2,ascd_zero_oracle,2040,0.0,2546712,0.043545200023800135
balanced_independent,2,ascd_zero_oracle,2160,4.440892098500626e-16,2695360,0.04892070003552362
balanced_independent,2,ascd_zero_oracle,2280,0.0,2844008,0.05166510003618896
balanced_independent,2,ascd_zero_oracle,2400,0.0,2992656,0.05586370005039498
balanced_independent,3,ascd_zero_oracle,0,27.202406399348924,19696,8.100003469735384e-06
balanced_independent,3,ascd_zero_oracle,120,4.243089098415151,168344,0.002902400039602071
balanced_independent,3,ascd_zero_oracle,240,0.43869730111052396,316992,0.005387600045651197
balanced_independent,3,ascd_zero_oracle,360,0.0027769146326397376,465640,0.007392600004095584
balanced_independent,3,ascd_zero_oracle,480,0.00023556577445571492,614288,0.00939780002227053
balanced_independent,3,ascd_zero_oracle,600,1.0166545787893e-05,762936,0.011351200053468347
balanced_independent,3,ascd_zero_oracle,720,2.939977350457923e-07,911584,0.01347090001218021
balanced_independent,3,ascd_zero_oracle,840,1.2374052449359851e-08,1060232,0.015941100020427257
balanced_independent,3,ascd_zero_oracle,960,2.27995800017311e-09,1208880,0.01798070000950247
balanced_independent,3,ascd_zero_oracle,1080,1.478226430151608e-10,1357528,0.019938800018280745
balanced_independent,3,ascd_zero_oracle,1200,1.0625722524082448e-11,1506176,0.022030699998140335
balanced_independent,3,ascd_zero_oracle,1320,7.430056570001398e-12,1654824,0.02400960004888475
balanced_independent,3,ascd_zero_oracle,1440,3.206324095117452e-13,1803472,0.02597529999911785
balanced_independent,3,ascd_zero_oracle,1560,2.708944180085382e-14,1952120,0.02793150005163625
balanced_independent,3,ascd_zero_oracle,1680,8.881784197001252e-16,2100768,0.02992080000694841
balanced_independent,3,ascd_zero_oracle,1800,0.0,2249416,0.03257710003526881
balanced_independent,3,ascd_zero_oracle,1920,0.0,2398064,0.03456739999819547
balanced_independent,3,ascd_zero_oracle,2040,0.0,2546712,0.03653060004580766
balanced_independent,3,ascd_zero_oracle,2160,0.0,2695360,0.038473500055260956
balanced_independent,3,ascd_zero_oracle,2280,0.0,2844008,0.04039950005244464
balanced_independent,3,ascd_zero_oracle,2400,0.0,2992656,0.04233050002949312
balanced_independent,4,ascd_zero_oracle,0,32.6068226667799,19696,7.599999662488699e-06
balanced_independent,4,ascd_zero_oracle,120,2.7262182735976843,168344,0.0019907999667339027
balanced_independent,4,ascd_zero_oracle,240,1.1472005717602305,316992,0.004798799986019731
balanced_independent,4,ascd_zero_oracle,360,0.024260112191369476,465640,0.006878199987113476
balanced_independent,4,ascd_zero_oracle,480,0.0012743827593260093,614288,0.00880219996906817
balanced_independent,4,ascd_zero_oracle,600,0.0001027441765848458,762936,0.010832600004505366
balanced_independent,4,ascd_zero_oracle,720,1.762471961663792e-05,911584,0.01278479996835813
balanced_independent,4,ascd_zero_oracle,840,1.403689052992263e-06,1060232,0.014716000005137175
balanced_independent,4,ascd_zero_oracle,960,2.4211489879633064e-07,1208880,0.01664159999927506
balanced_independent,4,ascd_zero_oracle,1080,1.1806486455157028e-08,1357528,0.018565199978183955
balanced_independent,4,ascd_zero_oracle,1200,2.5750850340955367e-09,1506176,0.021444299956783652
balanced_independent,4,ascd_zero_oracle,1320,1.7490275894260776e-10,1654824,0.023902199987787753
balanced_independent,4,ascd_zero_oracle,1440,1.0981437981172348e-11,1803472,0.025882699992507696
balanced_independent,4,ascd_zero_oracle,1560,8.215650382226158e-13,1952120,0.02791179995983839
balanced_independent,4,ascd_zero_oracle,1680,6.039613253960852e-14,2100768,0.029856499982997775
balanced_independent,4,ascd_zero_oracle,1800,7.105427357601002e-15,2249416,0.03180389996850863
balanced_independent,4,ascd_zero_oracle,1920,8.881784197001252e-16,2398064,0.03384170000208542
balanced_independent,4,ascd_zero_oracle,2040,8.881784197001252e-16,2546712,0.035850999993272126
balanced_independent,4,ascd_zero_oracle,2160,8.881784197001252e-16,2695360,0.038206800003536046
balanced_independent,4,ascd_zero_oracle,2280,0.0,2844008,0.0402843999909237
balanced_independent,4,ascd_zero_oracle,2400,0.0,2992656,0.04224219999741763
balanced_independent,5,ascd_zero_oracle,0,24.247718561444692,19696,7.399998139590025e-06
balanced_independent,5,ascd_zero_oracle,120,1.1137739093283847,168344,0.002124299993738532
balanced_independent,5,ascd_zero_oracle,240,0.05751441973098759,316992,0.00412190001225099
balanced_independent,5,ascd_zero_oracle,360,0.007135586126547189,465640,0.006101700011640787
balanced_independent,5,ascd_zero_oracle,480,0.00026683087630363644,614288,0.008071999996900558
balanced_independent,5,ascd_zero_oracle,600,6.9314813290422e-05,762936,0.010050100041553378
balanced_independent,5,ascd_zero_oracle,720,7.276464887073786e-06,911584,0.012599900015629828
balanced_independent,5,ascd_zero_oracle,840,4.7339956754655077e-07,1060232,0.014621500042267144
balanced_independent,5,ascd_zero_oracle,960,2.637966689533755e-08,1208880,0.01662639999995008
balanced_independent,5,ascd_zero_oracle,1080,2.778964613980861e-09,1357528,0.018682199995964766
balanced_independent,5,ascd_zero_oracle,1200,2.8041480248930384e-10,1506176,0.020706200040876865
balanced_independent,5,ascd_zero_oracle,1320,6.019007514623809e-11,1654824,0.02274590003071353
balanced_independent,5,ascd_zero_oracle,1440,2.043698543729988e-12,1803472,0.02473840001039207
balanced_independent,5,ascd_zero_oracle,1560,1.1590728377086634e-13,1952120,0.02675170003203675
balanced_independent,5,ascd_zero_oracle,1680,2.4868995751603507e-14,2100768,0.028909599990583956
balanced_independent,5,ascd_zero_oracle,1800,1.3322676295501878e-15,2249416,0.031019699992612004
balanced_independent,5,ascd_zero_oracle,1920,0.0,2398064,0.03298610000638291
balanced_independent,5,ascd_zero_oracle,2040,0.0,2546712,0.03504730004351586
balanced_independent,5,ascd_zero_oracle,2160,0.0,2695360,0.037061500013805926
balanced_independent,5,ascd_zero_oracle,2280,4.440892098500626e-16,2844008,0.039046999998390675
balanced_independent,5,ascd_zero_oracle,2400,4.440892098500626e-16,2992656,0.041015900031197816
balanced_independent,6,ascd_zero_oracle,0,22.521416477727392,19696,7.90000194683671e-06
balanced_independent,6,ascd_zero_oracle,120,0.3640954207178444,168344,0.002137599978595972
balanced_independent,6,ascd_zero_oracle,240,0.020589069764343382,316992,0.005452900019008666
balanced_independent,6,ascd_zero_oracle,360,0.001996789476343963,465640,0.007785299967508763
balanced_independent,6,ascd_zero_oracle,480,0.00012781943825013187,614288,0.009821699990425259
balanced_independent,6,ascd_zero_oracle,600,4.6826256888454765e-05,762936,0.011798599967733026
balanced_independent,6,ascd_zero_oracle,720,9.406656564792115e-07,911584,0.013763499970082194
balanced_independent,6,ascd_zero_oracle,840,5.2151935658883986e-08,1060232,0.01842639996903017
balanced_independent,6,ascd_zero_oracle,960,3.6540028780507328e-09,1208880,0.023435499984771013
balanced_independent,6,ascd_zero_oracle,1080,1.0630429869706859e-09,1357528,0.028514500008895993
balanced_independent,6,ascd_zero_oracle,1200,3.4232616741292077e-11,1506176,0.03179689997341484
balanced_independent,6,ascd_zero_oracle,1320,2.0965451597021456e-12,1654824,0.03386339999269694
balanced_independent,6,ascd_zero_oracle,1440,4.649614027130156e-13,1803472,0.03578669996932149
balanced_independent,6,ascd_zero_oracle,1560,1.9984014443252818e-14,1952120,0.038721000018995255
balanced_independent,6,ascd_zero_oracle,1680,4.884981308350689e-15,2100768,0.04073539999080822
balanced_independent,6,ascd_zero_oracle,1800,4.440892098500626e-16,2249416,0.04273360001388937
balanced_independent,6,ascd_zero_oracle,1920,0.0,2398064,0.0447029999922961
balanced_independent,6,ascd_zero_oracle,2040,0.0,2546712,0.04666779999388382
balanced_independent,6,ascd_zero_oracle,2160,0.0,2695360,0.048634600010700524
balanced_independent,6,ascd_zero_oracle,2280,0.0,2844008,0.05059140000957996
balanced_independent,6,ascd_zero_oracle,2400,0.0,2992656,0.05254629999399185
balanced_independent,7,ascd_zero_oracle,0,21.535782521704903,19696,7.199996616691351e-06
balanced_independent,7,ascd_zero_oracle,120,2.667264324813784,168344,0.0020806000102311373
balanced_independent,7,ascd_zero_oracle,240,0.06083607765236154,316992,0.0041049999999813735
balanced_independent,7,ascd_zero_oracle,360,0.003925725891560816,465640,0.006100800004787743
balanced_independent,7,ascd_zero_oracle,480,0.0003422488025193182,614288,0.008070899988524616
balanced_independent,7,ascd_zero_oracle,600,5.156044302490059e-05,762936,0.010034699982497841
balanced_independent,7,ascd_zero_oracle,720,2.7655391030556586e-06,911584,0.01200089999474585
balanced_independent,7,ascd_zero_oracle,840,1.1919846762964426e-06,1060232,0.013959000003524125
balanced_independent,7,ascd_zero_oracle,960,9.774143983065642e-07,1208880,0.01595259999157861
balanced_independent,7,ascd_zero_oracle,1080,2.3924150660548094e-08,1357528,0.021540499990805984
balanced_independent,7,ascd_zero_oracle,1200,7.747424923820745e-10,1506176,0.02449079998768866
balanced_independent,7,ascd_zero_oracle,1320,4.242739493065528e-11,1654824,0.026697799970861524
balanced_independent,7,ascd_zero_oracle,1440,8.775646875847087e-12,1803472,0.028790100011974573
balanced_independent,7,ascd_zero_oracle,1560,7.629452625224076e-13,1952120,0.03077000001212582
balanced_independent,7,ascd_zero_oracle,1680,1.7186252421197423e-13,2100768,0.032781200017780066
balanced_independent,7,ascd_zero_oracle,1800,2.353672812205332e-14,2249416,0.0353643000125885
balanced_independent,7,ascd_zero_oracle,1920,2.220446049250313e-15,2398064,0.03743129997747019
balanced_independent,7,ascd_zero_oracle,2040,0.0,2546712,0.03938739997101948
balanced_independent,7,ascd_zero_oracle,2160,0.0,2695360,0.042500299983657897
balanced_independent,7,ascd_zero_oracle,2280,0.0,2844008,0.04738750000251457
balanced_independent,7,ascd_zero_oracle,2400,0.0,2992656,0.0499030000064522
balanced_independent,8,ascd_zero_oracle,0,23.422822430530402,19696,7.299997378140688e-06
balanced_independent,8,ascd_zero_oracle,120,0.8660628587715005,168344,0.00224760000128299
balanced_independent,8,ascd_zero_oracle,240,0.06400296230619507,316992,0.0042069999617524445
balanced_independent,8,ascd_zero_oracle,360,0.007604485951125284,465640,0.006216799956746399
balanced_independent,8,ascd_zero_oracle,480,0.00044521842785449905,614288,0.010884199989959598
balanced_independent,8,ascd_zero_oracle,600,1.9870276723121805e-05,762936,0.013645600003656
balanced_independent,8,ascd_zero_oracle,720,8.785753031759214e-07,911584,0.01564869994763285
balanced_independent,8,ascd_zero_oracle,840,2.3620295497295274e-07,1060232,0.017951599962543696
balanced_independent,8,ascd_zero_oracle,960,1.139120442417152e-08,1208880,0.020006399950943887
balanced_independent,8,ascd_zero_oracle,1080,4.1678660522848077e-10,1357528,0.021937499986961484
balanced_independent,8,ascd_zero_oracle,1200,3.149480676256644e-11,1506176,0.024107899982482195
balanced_independent,8,ascd_zero_oracle,1320,3.2853719744707632e-12,1654824,0.02619619999313727
balanced_independent,8,ascd_zero_oracle,1440,2.8688162956314045e-13,1803472,0.02819499996257946
balanced_independent,8,ascd_zero_oracle,1560,3.375077994860476e-14,1952120,0.03019819996552542
balanced_independent,8,ascd_zero_oracle,1680,9.325873406851315e-15,2100768,0.03217449999647215
balanced_independent,8,ascd_zero_oracle,1800,8.881784197001252e-16,2249416,0.034587199974339455
balanced_independent,8,ascd_zero_oracle,1920,0.0,2398064,0.036633199953939766
balanced_independent,8,ascd_zero_oracle,2040,4.440892098500626e-16,2546712,0.038664499996230006
balanced_independent,8,ascd_zero_oracle,2160,0.0,2695360,0.04064899997320026
balanced_independent,8,ascd_zero_oracle,2280,0.0,2844008,0.04266019997885451
balanced_independent,8,ascd_zero_oracle,2400,0.0,2992656,0.04464350000489503
balanced_independent,9,ascd_zero_oracle,0,17.51485017784784,19696,7.099995855242014e-06
balanced_independent,9,ascd_zero_oracle,120,0.6549231199691303,168344,0.0019902000203728676
balanced_independent,9,ascd_zero_oracle,240,0.041154294256602775,316992,0.0039499999838881195
balanced_independent,9,ascd_zero_oracle,360,0.0009509929362918612,465640,0.009232099982909858
balanced_independent,9,ascd_zero_oracle,480,0.0001214120202619462,614288,0.013213999976869673
balanced_independent,9,ascd_zero_oracle,600,0.00010179100516927164,762936,0.015524499991443008
balanced_independent,9,ascd_zero_oracle,720,2.540040860310455e-06,911584,0.01747870002873242
balanced_independent,9,ascd_zero_oracle,840,4.482527637961198e-08,1060232,0.019424700003582984
balanced_independent,9,ascd_zero_oracle,960,3.852107077761957e-09,1208880,0.022847499989438802
balanced_independent,9,ascd_zero_oracle,1080,9.497069797248514e-11,1357528,0.028201700013596565
balanced_independent,9,ascd_zero_oracle,1200,8.269385176618016e-12,1506176,0.03245729999616742
balanced_independent,9,ascd_zero_oracle,1320,3.623767952376511e-13,1654824,0.03481129999272525
balanced_independent,9,ascd_zero_oracle,1440,1.9984014443252818e-14,1803472,0.03680040000472218
balanced_independent,9,ascd_zero_oracle,1560,1.7763568394002505e-15,1952120,0.04185370000777766
balanced_independent,9,ascd_zero_oracle,1680,4.440892098500626e-16,2100768,0.045740799978375435
balanced_independent,9,ascd_zero_oracle,1800,4.440892098500626e-16,2249416,0.047735200030729175
balanced_independent,9,ascd_zero_oracle,1920,0.0,2398064,0.04971240001032129
balanced_independent,9,ascd_zero_oracle,2040,0.0,2546712,0.05166920000920072
balanced_independent,9,ascd_zero_oracle,2160,0.0,2695360,0.053615299984812737
balanced_independent,9,ascd_zero_oracle,2280,0.0,2844008,0.05921849998412654
balanced_independent,9,ascd_zero_oracle,2400,0.0,2992656,0.06300219998229295
balanced_independent,10,ascd_zero_oracle,0,22.573340406858694,19696,9.400013368576765e-06
balanced_independent,10,ascd_zero_oracle,120,2.536076809188768,168344,0.0021153000416234136
balanced_independent,10,ascd_zero_oracle,240,0.1581935442413278,316992,0.004058800055645406
balanced_independent,10,ascd_zero_oracle,360,0.032075875870059445,465640,0.006065500027034432
balanced_independent,10,ascd_zero_oracle,480,0.002054363463777964,614288,0.008454400056507438
balanced_independent,10,ascd_zero_oracle,600,0.00011873732715628194,762936,0.012366500042844564
balanced_independent,10,ascd_zero_oracle,720,5.30956624178458e-06,911584,0.016006800055038184
balanced_independent,10,ascd_zero_oracle,840,1.6706440169045322e-06,1060232,0.01809040002990514
balanced_independent,10,ascd_zero_oracle,960,3.917184252522077e-07,1208880,0.02004600001964718
balanced_independent,10,ascd_zero_oracle,1080,1.5468353709024996e-08,1357528,0.02198830002453178
balanced_independent,10,ascd_zero_oracle,1200,1.4980270357511927e-09,1506176,0.024269700050354004
balanced_independent,10,ascd_zero_oracle,1320,4.707878531462484e-11,1654824,0.029150000016670674
balanced_independent,10,ascd_zero_oracle,1440,3.922195901395753e-12,1803472,0.0323179000406526
balanced_independent,10,ascd_zero_oracle,1560,1.6200374375330284e-12,1952120,0.034331200004089624
balanced_independent,10,ascd_zero_oracle,1680,1.8207657603852567e-14,2100768,0.03632760001346469
balanced_independent,10,ascd_zero_oracle,1800,4.884981308350689e-15,2249416,0.038333000033162534
balanced_independent,10,ascd_zero_oracle,1920,0.0,2398064,0.040353700052946806
balanced_independent,10,ascd_zero_oracle,2040,0.0,2546712,0.04449390002992004
balanced_independent,10,ascd_zero_oracle,2160,0.0,2695360,0.04749260004609823
balanced_independent,10,ascd_zero_oracle,2280,0.0,2844008,0.04957150004338473
balanced_independent,10,ascd_zero_oracle,2400,0.0,2992656,0.051548700022976846
balanced_independent,11,ascd_zero_oracle,0,18.90269119585936,19696,7.099995855242014e-06
balanced_independent,11,ascd_zero_oracle,120,0.332515173846303,168344,0.0020087999873794615
balanced_independent,11,ascd_zero_oracle,240,0.00608847442200755,316992,0.0039650999824516475
balanced_independent,11,ascd_zero_oracle,360,8.792119640244067e-05,465640,0.008142300008330494
balanced_independent,11,ascd_zero_oracle,480,6.674027688280404e-06,614288,0.011142600036691874
balanced_independent,11,ascd_zero_oracle,600,1.132610098597553e-06,762936,0.013251000025775284
balanced_independent,11,ascd_zero_oracle,720,8.976475247557403e-07,911584,0.015251500008162111
balanced_independent,11,ascd_zero_oracle,840,1.9630157277461535e-07,1060232,0.017267799994442612
balanced_independent,11,ascd_zero_oracle,960,1.9957862029684748e-09,1208880,0.019237600034102798
balanced_independent,11,ascd_zero_oracle,1080,3.5817793175851875e-10,1357528,0.0212477000313811
balanced_independent,11,ascd_zero_oracle,1200,2.909721352750694e-10,1506176,0.023677300021518022
balanced_independent,11,ascd_zero_oracle,1320,1.0171419262405834e-11,1654824,0.0256661000312306
balanced_independent,11,ascd_zero_oracle,1440,2.857269976175303e-12,1803472,0.02770129998680204
balanced_independent,11,ascd_zero_oracle,1560,2.802647003363745e-12,1952120,0.02967050002189353
balanced_independent,11,ascd_zero_oracle,1680,1.723066134218243e-13,2100768,0.03161469998303801
balanced_independent,11,ascd_zero_oracle,1800,3.2862601528904634e-14,2249416,0.033568000013474375
balanced_independent,11,ascd_zero_oracle,1920,1.3322676295501878e-15,2398064,0.03549949999433011
balanced_independent,11,ascd_zero_oracle,2040,0.0,2546712,0.037907599995378405
balanced_independent,11,ascd_zero_oracle,2160,0.0,2695360,0.040963999985251576
balanced_independent,11,ascd_zero_oracle,2280,0.0,2844008,0.04293090000282973
balanced_independent,11,ascd_zero_oracle,2400,0.0,2992656,0.04504970001289621
scaled_independent,0,ascd_zero_oracle,0,167.46074682362197,19696,8.100003469735384e-06
scaled_independent,0,ascd_zero_oracle,120,12.883679219914525,168344,0.002068699977826327
scaled_independent,0,ascd_zero_oracle,240,0.6915368649509079,316992,0.004036500002257526
scaled_independent,0,ascd_zero_oracle,360,0.030961623433981345,465640,0.005980200017802417
scaled_independent,0,ascd_zero_oracle,480,0.0011889245517093805,614288,0.009645599988289177
scaled_independent,0,ascd_zero_oracle,600,0.00025207047165132224,762936,0.0120380999869667
scaled_independent,0,ascd_zero_oracle,720,9.197185645515304e-06,911584,0.01400109997484833
scaled_independent,0,ascd_zero_oracle,840,4.0207489160337673e-07,1060232,0.016003799973987043
scaled_independent,0,ascd_zero_oracle,960,1.73072187692469e-08,1208880,0.017955099989194423
scaled_independent,0,ascd_zero_oracle,1080,1.0208318634852276e-09,1357528,0.01989180000964552
scaled_independent,0,ascd_zero_oracle,1200,4.417621823904483e-11,1506176,0.021823599992785603
scaled_independent,0,ascd_zero_oracle,1320,2.275513111271721e-12,1654824,0.025430899986531585
scaled_independent,0,ascd_zero_oracle,1440,2.886579864025407e-13,1803472,0.02952219999860972
scaled_independent,0,ascd_zero_oracle,1560,6.661338147750939e-14,1952120,0.034075899980962276
scaled_independent,0,ascd_zero_oracle,1680,2.6645352591003757e-15,2100768,0.036606799985747784
scaled_independent,0,ascd_zero_oracle,1800,1.3322676295501878e-15,2249416,0.03856760001508519
scaled_independent,0,ascd_zero_oracle,1920,4.440892098500626e-16,2398064,0.04107639996800572
scaled_independent,0,ascd_zero_oracle,2040,8.881784197001252e-16,2546712,0.04358150000916794
scaled_independent,0,ascd_zero_oracle,2160,8.881784197001252e-16,2695360,0.04561670002294704
scaled_independent,0,ascd_zero_oracle,2280,8.881784197001252e-16,2844008,0.04754040000261739
scaled_independent,0,ascd_zero_oracle,2400,8.881784197001252e-16,2992656,0.04956959997070953
scaled_independent,1,ascd_zero_oracle,0,123.09127736407206,19696,6.89999433234334e-06
scaled_independent,1,ascd_zero_oracle,120,0.7743135918450008,168344,0.002002499997615814
scaled_independent,1,ascd_zero_oracle,240,0.08022862521330332,316992,0.0039450000040233135
scaled_independent,1,ascd_zero_oracle,360,0.002666365123518144,465640,0.006971700000576675
scaled_independent,1,ascd_zero_oracle,480,7.025140390126694e-05,614288,0.008999999961815774
scaled_independent,1,ascd_zero_oracle,600,4.033762790456308e-06,762936,0.011486299976240844
scaled_independent,1,ascd_zero_oracle,720,2.6197482121403937e-06,911584,0.013489599979948252
scaled_independent,1,ascd_zero_oracle,840,1.8646077979411757e-06,1060232,0.01549469999736175
scaled_independent,1,ascd_zero_oracle,960,3.7585325962652405e-08,1208880,0.017467400000896305
scaled_independent,1,ascd_zero_oracle,1080,8.508234117243774e-10,1357528,0.01940599997760728
scaled_independent,1,ascd_zero_oracle,1200,8.917933058683047e-11,1506176,0.024322399985976517
scaled_independent,1,ascd_zero_oracle,1320,6.115108419635362e-12,1654824,0.027464099985081702
scaled_independent,1,ascd_zero_oracle,1440,5.369038547087257e-13,1803472,0.030389799969270825
scaled_independent,1,ascd_zero_oracle,1560,4.4853010194856324e-14,1952120,0.03319259994896129
scaled_independent,1,ascd_zero_oracle,1680,3.9968028886505635e-15,2100768,0.035231899993959814
scaled_independent,1,ascd_zero_oracle,1800,4.440892098500626e-16,2249416,0.04000129998894408
scaled_independent,1,ascd_zero_oracle,1920,8.881784197001252e-16,2398064,0.04422290000366047
scaled_independent,1,ascd_zero_oracle,2040,8.881784197001252e-16,2546712,0.046279999951366335
scaled_independent,1,ascd_zero_oracle,2160,8.881784197001252e-16,2695360,0.048260999959893525
scaled_independent,1,ascd_zero_oracle,2280,4.440892098500626e-16,2844008,0.050308299949392676
scaled_independent,1,ascd_zero_oracle,2400,8.881784197001252e-16,2992656,0.05368459998862818
scaled_independent,2,ascd_zero_oracle,0,119.26154378927664,19696,7.399998139590025e-06
scaled_independent,2,ascd_zero_oracle,120,5.035183825060638,168344,0.001989400014281273
scaled_independent,2,ascd_zero_oracle,240,0.21568883195289734,316992,0.00392330001341179
scaled_independent,2,ascd_zero_oracle,360,0.00906031881354119,465640,0.006381899991538376
scaled_independent,2,ascd_zero_oracle,480,0.0018872075027824842,614288,0.008433000009972602
scaled_independent,2,ascd_zero_oracle,600,4.850507338138854e-05,762936,0.010356899991165847
scaled_independent,2,ascd_zero_oracle,720,4.311485512165092e-06,911584,0.01303090003784746
scaled_independent,2,ascd_zero_oracle,840,9.949498025463299e-08,1060232,0.017684100021142513
scaled_independent,2,ascd_zero_oracle,960,3.939148562892569e-09,1208880,0.020176200021523982
scaled_independent,2,ascd_zero_oracle,1080,2.497250406463536e-09,1357528,0.022401600028388202
scaled_independent,2,ascd_zero_oracle,1200,1.9488988201032953e-10,1506176,0.024644699995405972
scaled_independent,2,ascd_zero_oracle,1320,8.22852896931181e-12,1654824,0.026622100034728646
scaled_independent,2,ascd_zero_oracle,1440,2.8834712395564566e-12,1803472,0.02866330003598705
scaled_independent,2,ascd_zero_oracle,1560,1.141309269314661e-13,1952120,0.03060679999180138
scaled_independent,2,ascd_zero_oracle,1680,4.440892098500626e-16,2100768,0.03254380001453683
scaled_independent,2,ascd_zero_oracle,1800,0.0,2249416,0.03446679998887703
scaled_independent,2,ascd_zero_oracle,1920,0.0,2398064,0.03638110001338646
scaled_independent,2,ascd_zero_oracle,2040,0.0,2546712,0.038661900034639984
scaled_independent,2,ascd_zero_oracle,2160,0.0,2695360,0.04395790002308786
scaled_independent,2,ascd_zero_oracle,2280,0.0,2844008,0.048627100011799484
scaled_independent,2,ascd_zero_oracle,2400,0.0,2992656,0.05131350003648549
scaled_independent,3,ascd_zero_oracle,0,103.09704763681736,19696,6.999995093792677e-06
scaled_independent,3,ascd_zero_oracle,120,5.247953573194463,168344,0.0020061999675817788
scaled_independent,3,ascd_zero_oracle,240,3.776577668258924,316992,0.004382599960081279
scaled_independent,3,ascd_zero_oracle,360,0.04992868451425947,465640,0.00763019995065406
scaled_independent,3,ascd_zero_oracle,480,0.0026938768770388144,614288,0.010454599978402257
scaled_independent,3,ascd_zero_oracle,600,9.937394811077027e-05,762936,0.012490499997511506
scaled_independent,3,ascd_zero_oracle,720,5.141182739087924e-06,911584,0.014422899985220283
scaled_independent,3,ascd_zero_oracle,840,1.3916913932376929e-07,1060232,0.016347699973266572
scaled_independent,3,ascd_zero_oracle,960,2.4044803037526208e-08,1208880,0.01827569998567924
scaled_independent,3,ascd_zero_oracle,1080,9.374692133690132e-10,1357528,0.021291599958203733
scaled_independent,3,ascd_zero_oracle,1200,9.138423351373604e-11,1506176,0.024591199995484203
scaled_independent,3,ascd_zero_oracle,1320,4.341549342257167e-11,1654824,0.02729099994758144
scaled_independent,3,ascd_zero_oracle,1440,1.765698698363849e-12,1803472,0.029362899949774146
scaled_independent,3,ascd_zero_oracle,1560,1.4477308241112041e-13,1952120,0.03130189998773858
scaled_independent,3,ascd_zero_oracle,1680,7.993605777301127e-15,2100768,0.03323989995988086
scaled_independent,3,ascd_zero_oracle,1800,4.440892098500626e-15,2249416,0.035182899970095605
scaled_independent,3,ascd_zero_oracle,1920,0.0,2398064,0.037203599989879876
scaled_independent,3,ascd_zero_oracle,2040,0.0,2546712,0.0405007999506779
scaled_independent,3,ascd_zero_oracle,2160,0.0,2695360,0.0436222999705933
scaled_independent,3,ascd_zero_oracle,2280,0.0,2844008,0.04564679996110499
scaled_independent,3,ascd_zero_oracle,2400,4.440892098500626e-16,2992656,0.0475878999568522
scaled_independent,4,ascd_zero_oracle,0,131.58493879924953,19696,7.299997378140688e-06
scaled_independent,4,ascd_zero_oracle,120,4.369394681882398,168344,0.0019987000268884003
scaled_independent,4,ascd_zero_oracle,240,1.5902873024415536,316992,0.0039796000346541405
scaled_independent,4,ascd_zero_oracle,360,0.019173516021642634,465640,0.00804820004850626
scaled_independent,4,ascd_zero_oracle,480,0.0004474011361379482,614288,0.011117100017145276
scaled_independent,4,ascd_zero_oracle,600,2.5679359576979977e-05,762936,0.013207700045313686
scaled_independent,4,ascd_zero_oracle,720,1.2418649459888798e-06,911584,0.015176300017628819
scaled_independent,4,ascd_zero_oracle,840,1.7786991346468994e-07,1060232,0.0171274000313133
scaled_independent,4,ascd_zero_oracle,960,1.8996760164924353e-08,1208880,0.019076100026722997
scaled_independent,4,ascd_zero_oracle,1080,7.719962447083617e-10,1357528,0.021021599997766316
scaled_independent,4,ascd_zero_oracle,1200,1.0080336565465586e-10,1506176,0.023673999996390194
scaled_independent,4,ascd_zero_oracle,1320,4.009681475736215e-12,1654824,0.02580050000688061
scaled_independent,4,ascd_zero_oracle,1440,2.389199948993337e-13,1803472,0.027861400041729212
scaled_independent,4,ascd_zero_oracle,1560,7.993605777301127e-15,1952120,0.029830100014805794
scaled_independent,4,ascd_zero_oracle,1680,0.0,2100768,0.03179100004490465
scaled_independent,4,ascd_zero_oracle,1800,0.0,2249416,0.03373330004978925
scaled_independent,4,ascd_zero_oracle,1920,0.0,2398064,0.035725100024137646
scaled_independent,4,ascd_zero_oracle,2040,0.0,2546712,0.03766230004839599
scaled_independent,4,ascd_zero_oracle,2160,0.0,2695360,0.04054460005136207
scaled_independent,4,ascd_zero_oracle,2280,0.0,2844008,0.04252770001767203
scaled_independent,4,ascd_zero_oracle,2400,0.0,2992656,0.0445119000505656
scaled_independent,5,ascd_zero_oracle,0,105.09501901081273,19696,7.399998139590025e-06
scaled_independent,5,ascd_zero_oracle,120,25.99606828380793,168344,0.001981500012334436
scaled_independent,5,ascd_zero_oracle,240,0.8150824305505715,316992,0.0039030000334605575
scaled_independent,5,ascd_zero_oracle,360,0.2587650638894181,465640,0.005817500001285225
scaled_independent,5,ascd_zero_oracle,480,0.010930541587369724,614288,0.007731700025033206
scaled_independent,5,ascd_zero_oracle,600,0.003784601276576982,762936,0.009671800013165921
scaled_independent,5,ascd_zero_oracle,720,0.0003642926170934757,911584,0.014354400045704097
scaled_independent,5,ascd_zero_oracle,840,1.7429651641087673e-05,1060232,0.018532500020228326
scaled_independent,5,ascd_zero_oracle,960,6.556934657453439e-07,1208880,0.02084170002490282
scaled_independent,5,ascd_zero_oracle,1080,7.034651838822015e-08,1357528,0.022835400013718754
scaled_independent,5,ascd_zero_oracle,1200,5.804766445294263e-09,1506176,0.024801300023682415
scaled_independent,5,ascd_zero_oracle,1320,2.1485320189640333e-09,1654824,0.027552400017157197
scaled_independent,5,ascd_zero_oracle,1440,3.2440716779547074e-11,1803472,0.029777700023259968
scaled_independent,5,ascd_zero_oracle,1560,1.2145839889399213e-12,1952120,0.03173350001452491
scaled_independent,5,ascd_zero_oracle,1680,7.460698725481052e-14,2100768,0.033765100000891834
scaled_independent,5,ascd_zero_oracle,1800,3.552713678800501e-15,2249416,0.03573540004435927
scaled_independent,5,ascd_zero_oracle,1920,0.0,2398064,0.03767830005381256
scaled_independent,5,ascd_zero_oracle,2040,0.0,2546712,0.03961470001377165
scaled_independent,5,ascd_zero_oracle,2160,0.0,2695360,0.041555200004950166
scaled_independent,5,ascd_zero_oracle,2280,0.0,2844008,0.044234000029973686
scaled_independent,5,ascd_zero_oracle,2400,0.0,2992656,0.046296700020320714
scaled_independent,6,ascd_zero_oracle,0,160.017828976917,19696,7.399998139590025e-06
scaled_independent,6,ascd_zero_oracle,120,0.6598972581367533,168344,0.0020721000037156045
scaled_independent,6,ascd_zero_oracle,240,0.03217752663706097,316992,0.0040552999707870185
scaled_independent,6,ascd_zero_oracle,360,0.0020391901983303207,465640,0.006041600019671023
scaled_independent,6,ascd_zero_oracle,480,0.00013893875109882714,614288,0.007980700000189245
scaled_independent,6,ascd_zero_oracle,600,4.8455548113501834e-05,762936,0.009933399967849255
scaled_independent,6,ascd_zero_oracle,720,7.27128566246904e-07,911584,0.011861499981023371
scaled_independent,6,ascd_zero_oracle,840,1.3250011310361742e-08,1060232,0.014820999989751726
scaled_independent,6,ascd_zero_oracle,960,1.3079808347526978e-09,1208880,0.016867099970113486
scaled_independent,6,ascd_zero_oracle,1080,5.12254683115998e-10,1357528,0.01878659997601062
scaled_independent,6,ascd_zero_oracle,1200,1.7850609879133117e-11,1506176,0.02078069996787235
scaled_independent,6,ascd_zero_oracle,1320,6.732392421326949e-13,1654824,0.022717899992130697
scaled_independent,6,ascd_zero_oracle,1440,1.8252066524837574e-13,1803472,0.02464509999845177
scaled_independent,6,ascd_zero_oracle,1560,7.993605777301127e-15,1952120,0.027034499973524362
scaled_independent,6,ascd_zero_oracle,1680,3.1086244689504383e-15,2100768,0.028957400005310774
scaled_independent,6,ascd_zero_oracle,1800,4.440892098500626e-16,2249416,0.03356850001728162
scaled_independent,6,ascd_zero_oracle,1920,4.440892098500626e-16,2398064,0.03824189997976646
scaled_independent,6,ascd_zero_oracle,2040,4.440892098500626e-16,2546712,0.04125509998993948
scaled_independent,6,ascd_zero_oracle,2160,4.440892098500626e-16,2695360,0.043564199993852526
scaled_independent,6,ascd_zero_oracle,2280,8.881784197001252e-16,2844008,0.04554119997192174
scaled_independent,6,ascd_zero_oracle,2400,8.881784197001252e-16,2992656,0.04776500002481043
scaled_independent,7,ascd_zero_oracle,0,91.89537272481977,19696,6.89999433234334e-06
scaled_independent,7,ascd_zero_oracle,120,20.37534443555518,168344,0.00212899997131899
scaled_independent,7,ascd_zero_oracle,240,0.3987536440491213,316992,0.004429599968716502
scaled_independent,7,ascd_zero_oracle,360,0.009408196404488312,465640,0.0064978000009432435
scaled_independent,7,ascd_zero_oracle,480,0.0003569025080127908,614288,0.008495200017932802
scaled_independent,7,ascd_zero_oracle,600,7.750778228254873e-05,762936,0.010529400024097413
scaled_independent,7,ascd_zero_oracle,720,2.0048854918464087e-06,911584,0.012459099991247058
scaled_independent,7,ascd_zero_oracle,840,5.865573622365616e-07,1060232,0.014474599971435964
scaled_independent,7,ascd_zero_oracle,960,3.611078724929939e-07,1208880,0.016786099993623793
scaled_independent,7,ascd_zero_oracle,1080,4.548841303630979e-09,1357528,0.018724999972619116
scaled_independent,7,ascd_zero_oracle,1200,1.0230749580841803e-10,1506176,0.02076889999443665
scaled_independent,7,ascd_zero_oracle,1320,4.800604358479177e-12,1654824,0.022732499986886978
scaled_independent,7,ascd_zero_oracle,1440,1.3851142455223453e-12,1803472,0.024679899972397834
scaled_independent,7,ascd_zero_oracle,1560,4.973799150320701e-14,1952120,0.026614999980665743
scaled_independent,7,ascd_zero_oracle,1680,2.398081733190338e-14,2100768,0.028545800014398992
scaled_independent,7,ascd_zero_oracle,1800,4.440892098500626e-16,2249416,0.03047970001352951
scaled_independent,7,ascd_zero_oracle,1920,0.0,2398064,0.03260279999813065
scaled_independent,7,ascd_zero_oracle,2040,0.0,2546712,0.03460269997594878
scaled_independent,7,ascd_zero_oracle,2160,0.0,2695360,0.03659400000469759
scaled_independent,7,ascd_zero_oracle,2280,0.0,2844008,0.03853780002100393
scaled_independent,7,ascd_zero_oracle,2400,0.0,2992656,0.041491599986329675
scaled_independent,8,ascd_zero_oracle,0,116.17441165032336,19696,1.92999723367393e-05
scaled_independent,8,ascd_zero_oracle,120,11.218451963878,168344,0.004833900020457804
scaled_independent,8,ascd_zero_oracle,240,0.26533148131584383,316992,0.0068301999708637595
scaled_independent,8,ascd_zero_oracle,360,0.06495141640352697,465640,0.008804799988865852
scaled_independent,8,ascd_zero_oracle,480,0.0023654925407274874,614288,0.010776599985547364
scaled_independent,8,ascd_zero_oracle,600,7.592883015128393e-05,762936,0.012703399988822639
scaled_independent,8,ascd_zero_oracle,720,4.828690096658761e-06,911584,0.014627499971538782
scaled_independent,8,ascd_zero_oracle,840,1.9084081266385056e-06,1060232,0.016548299987334758
scaled_independent,8,ascd_zero_oracle,960,4.047590174138804e-08,1208880,0.018463500018697232
scaled_independent,8,ascd_zero_oracle,1080,3.2193936405633394e-09,1357528,0.020374700019601732
scaled_independent,8,ascd_zero_oracle,1200,6.344507141875511e-10,1506176,0.02229049999732524
scaled_independent,8,ascd_zero_oracle,1320,3.3709124380720823e-10,1654824,0.02419030002783984
scaled_independent,8,ascd_zero_oracle,1440,1.318989362175671e-11,1803472,0.026082900003530085
scaled_independent,8,ascd_zero_oracle,1560,6.039613253960852e-13,1952120,0.027980700018815696
scaled_independent,8,ascd_zero_oracle,1680,1.1501910535116622e-13,2100768,0.02988400001777336
scaled_independent,8,ascd_zero_oracle,1800,6.661338147750939e-15,2249416,0.03186320001259446
scaled_independent,8,ascd_zero_oracle,1920,1.7763568394002505e-15,2398064,0.033824199985247105
scaled_independent,8,ascd_zero_oracle,2040,8.881784197001252e-16,2546712,0.035757699981331825
scaled_independent,8,ascd_zero_oracle,2160,8.881784197001252e-16,2695360,0.03766839997842908
scaled_independent,8,ascd_zero_oracle,2280,4.440892098500626e-16,2844008,0.0395783000276424
scaled_independent,8,ascd_zero_oracle,2400,4.440892098500626e-16,2992656,0.041488600021693856
scaled_independent,9,ascd_zero_oracle,0,40.364307525216795,19696,6.599992047995329e-06
scaled_independent,9,ascd_zero_oracle,120,4.269518654318416,168344,0.0019567999988794327
scaled_independent,9,ascd_zero_oracle,240,0.17930547561016263,316992,0.00528189999749884
scaled_independent,9,ascd_zero_oracle,360,0.0040834770569562195,465640,0.010222900018561631
scaled_independent,9,ascd_zero_oracle,480,0.00024093758122978315,614288,0.01374040002701804
scaled_independent,9,ascd_zero_oracle,600,0.0001583302115362173,762936,0.01587509998353198
scaled_independent,9,ascd_zero_oracle,720,3.0895918574636028e-06,911584,0.0178029999951832
scaled_independent,9,ascd_zero_oracle,840,6.484168491027731e-08,1060232,0.02007590001448989
scaled_independent,9,ascd_zero_oracle,960,8.57749293814436e-09,1208880,0.022067299985792488
scaled_independent,9,ascd_zero_oracle,1080,1.7146328801231903e-10,1357528,0.024049100000411272
scaled_independent,9,ascd_zero_oracle,1200,8.671730000742173e-12,1506176,0.025997399992775172
scaled_independent,9,ascd_zero_oracle,1320,3.375077994860476e-13,1654824,0.02793400001246482
scaled_independent,9,ascd_zero_oracle,1440,1.865174681370263e-14,1803472,0.02986339997733012
scaled_independent,9,ascd_zero_oracle,1560,1.7763568394002505e-15,1952120,0.03179089998593554
scaled_independent,9,ascd_zero_oracle,1680,8.881784197001252e-16,2100768,0.03371420002076775
scaled_independent,9,ascd_zero_oracle,1800,4.440892098500626e-16,2249416,0.03642810002202168
scaled_independent,9,ascd_zero_oracle,1920,8.881784197001252e-16,2398064,0.0414703999995254
scaled_independent,9,ascd_zero_oracle,2040,8.881784197001252e-16,2546712,0.045282999984920025
scaled_independent,9,ascd_zero_oracle,2160,8.881784197001252e-16,2695360,0.04761379997944459
scaled_independent,9,ascd_zero_oracle,2280,4.440892098500626e-16,2844008,0.04957010003272444
scaled_independent,9,ascd_zero_oracle,2400,8.881784197001252e-16,2992656,0.051572600030340254
scaled_independent,10,ascd_zero_oracle,0,92.9592808084531,19696,1.3300043065100908e-05
scaled_independent,10,ascd_zero_oracle,120,10.216293698140063,168344,0.001985000038985163
scaled_independent,10,ascd_zero_oracle,240,0.5078247381945595,316992,0.0039101000293157995
scaled_independent,10,ascd_zero_oracle,360,0.10080877115484244,465640,0.005821700033266097
scaled_independent,10,ascd_zero_oracle,480,0.00347609380224867,614288,0.007734200044069439
scaled_independent,10,ascd_zero_oracle,600,0.00014004839703529726,762936,0.00965280004311353
scaled_independent,10,ascd_zero_oracle,720,1.02587206347593e-05,911584,0.011569600028451532
scaled_independent,10,ascd_zero_oracle,840,1.4940604495805587e-06,1060232,0.013489500037394464
scaled_independent,10,ascd_zero_oracle,960,4.2972808422803155e-07,1208880,0.01692310004727915
scaled_independent,10,ascd_zero_oracle,1080,1.1739214045292101e-08,1357528,0.019982800004072487
scaled_independent,10,ascd_zero_oracle,1200,6.167928390254929e-10,1506176,0.02205500000854954
scaled_independent,10,ascd_zero_oracle,1320,2.1826984664130578e-11,1654824,0.02397999999811873
scaled_independent,10,ascd_zero_oracle,1440,9.920952948050399e-13,1803472,0.02590599999530241
scaled_independent,10,ascd_zero_oracle,1560,2.8466118351389014e-13,1952120,0.02787490002810955
scaled_independent,10,ascd_zero_oracle,1680,2.6645352591003757e-15,2100768,0.02984550001565367
scaled_independent,10,ascd_zero_oracle,1800,0.0,2249416,0.03215370001271367
scaled_independent,10,ascd_zero_oracle,1920,0.0,2398064,0.03415100002894178
scaled_independent,10,ascd_zero_oracle,2040,0.0,2546712,0.036107300024013966
scaled_independent,10,ascd_zero_oracle,2160,0.0,2695360,0.038052799995057285
scaled_independent,10,ascd_zero_oracle,2280,0.0,2844008,0.039995200000703335
scaled_independent,10,ascd_zero_oracle,2400,0.0,2992656,0.041940700029954314
scaled_independent,11,ascd_zero_oracle,0,60.069266323601795,19696,6.999995093792677e-06
scaled_independent,11,ascd_zero_oracle,120,1.378356398340482,168344,0.00196749996393919
scaled_independent,11,ascd_zero_oracle,240,0.01555827365655249,316992,0.003882099990732968
scaled_independent,11,ascd_zero_oracle,360,0.0013592719211414916,465640,0.008771699969656765
scaled_independent,11,ascd_zero_oracle,480,9.38135749750657e-05,614288,0.013022999977692962
scaled_independent,11,ascd_zero_oracle,600,4.821767204576943e-05,762936,0.015434900007676333
scaled_independent,11,ascd_zero_oracle,720,3.549733313734649e-05,911584,0.017385699960868806
scaled_independent,11,ascd_zero_oracle,840,7.791829133019235e-07,1060232,0.019323599990457296
scaled_independent,11,ascd_zero_oracle,960,2.4721925395709832e-08,1208880,0.021332699980121106
scaled_independent,11,ascd_zero_oracle,1080,2.055087655605803e-09,1357528,0.023279699962586164
scaled_independent,11,ascd_zero_oracle,1200,1.0051710574998651e-09,1506176,0.025223499978892505
scaled_independent,11,ascd_zero_oracle,1320,2.1237678282659544e-11,1654824,0.027154100011102855
scaled_independent,11,ascd_zero_oracle,1440,6.632028259900835e-12,1803472,0.029096199956256896
scaled_independent,11,ascd_zero_oracle,1560,6.503242389044317e-12,1952120,0.031022699957247823
scaled_independent,11,ascd_zero_oracle,1680,4.0323300254385686e-13,2100768,0.032949699962046
scaled_independent,11,ascd_zero_oracle,1800,7.638334409421077e-14,2249416,0.034884999971836805
scaled_independent,11,ascd_zero_oracle,1920,2.220446049250313e-15,2398064,0.03825179999694228
scaled_independent,11,ascd_zero_oracle,2040,0.0,2546712,0.04286280000815168
scaled_independent,11,ascd_zero_oracle,2160,0.0,2695360,0.04551029996946454
scaled_independent,11,ascd_zero_oracle,2280,0.0,2844008,0.04753759998129681
scaled_independent,11,ascd_zero_oracle,2400,0.0,2992656,0.0494988999562338
balanced_correlated,0,ascd_zero_oracle,0,11.39733272727027,19696,6.999995093792677e-06
balanced_correlated,0,ascd_zero_oracle,120,0.8421882154793718,168344,0.0021785999997518957
balanced_correlated,0,ascd_zero_oracle,240,0.34268039283914087,316992,0.004132699978072196
balanced_correlated,0,ascd_zero_oracle,360,0.17113993186137622,465640,0.006161800003610551
balanced_correlated,0,ascd_zero_oracle,480,0.07704311609793013,614288,0.00813239999115467
balanced_correlated,0,ascd_zero_oracle,600,0.03849784887703933,762936,0.010090700001455843
balanced_correlated,0,ascd_zero_oracle,720,0.013771874651433702,911584,0.01204679999500513
balanced_correlated,0,ascd_zero_oracle,840,0.00698057014205089,1060232,0.013998699956573546
balanced_correlated,0,ascd_zero_oracle,960,0.0037525613902276156,1208880,0.015948999964166433
balanced_correlated,0,ascd_zero_oracle,1080,0.00214257071180457,1357528,0.017894099990371615
balanced_correlated,0,ascd_zero_oracle,1200,0.0010134739020801753,1506176,0.019886999973095953
balanced_correlated,0,ascd_zero_oracle,1320,0.0005850393513124885,1654824,0.02188909996766597
balanced_correlated,0,ascd_zero_oracle,1440,0.00033177733353007,1803472,0.023904900008346885
balanced_correlated,0,ascd_zero_oracle,1560,0.00021760998492181827,1952120,0.025882399990223348
balanced_correlated,0,ascd_zero_oracle,1680,0.00012311431850564603,2100768,0.027880300011020154
balanced_correlated,0,ascd_zero_oracle,1800,6.295388683685843e-05,2249416,0.029829600010998547
balanced_correlated,0,ascd_zero_oracle,1920,3.363838534653496e-05,2398064,0.03176559996791184
balanced_correlated,0,ascd_zero_oracle,2040,1.9697475400537456e-05,2546712,0.033708499977365136
balanced_correlated,0,ascd_zero_oracle,2160,1.2014893016942807e-05,2695360,0.03566679998766631
balanced_correlated,0,ascd_zero_oracle,2280,6.714180801559166e-06,2844008,0.03758969996124506
balanced_correlated,0,ascd_zero_oracle,2400,3.92959172712537e-06,2992656,0.039507799956481904
balanced_correlated,1,ascd_zero_oracle,0,15.05584543937602,19696,7.199996616691351e-06
balanced_correlated,1,ascd_zero_oracle,120,1.1341735072436014,168344,0.001995400001760572
balanced_correlated,1,ascd_zero_oracle,240,0.49169404293813157,316992,0.00392180000199005
balanced_correlated,1,ascd_zero_oracle,360,0.2446359416166799,465640,0.005853000038769096
balanced_correlated,1,ascd_zero_oracle,480,0.11750327995158072,614288,0.007778800034429878
balanced_correlated,1,ascd_zero_oracle,600,0.0475390436533929,762936,0.009713100036606193
balanced_correlated,1,ascd_zero_oracle,720,0.023507585130175368,911584,0.011640800046734512
balanced_correlated,1,ascd_zero_oracle,840,0.01591454770705303,1060232,0.013653200003318489
balanced_correlated,1,ascd_zero_oracle,960,0.008228853487128429,1208880,0.015712200023699552
balanced_correlated,1,ascd_zero_oracle,1080,0.0035788243085321803,1357528,0.017732500040438026
balanced_correlated,1,ascd_zero_oracle,1200,0.0020241772408597924,1506176,0.01969360001385212
balanced_correlated,1,ascd_zero_oracle,1320,0.001080798677477457,1654824,0.021642600011546165
balanced_correlated,1,ascd_zero_oracle,1440,0.0006716904927319689,1803472,0.02358860004460439
balanced_correlated,1,ascd_zero_oracle,1560,0.00019353575466274364,1952120,0.027219600044190884
balanced_correlated,1,ascd_zero_oracle,1680,0.00011290187872914359,2100768,0.032021300052292645
balanced_correlated,1,ascd_zero_oracle,1800,6.910190402997785e-05,2249416,0.03425070003140718
balanced_correlated,1,ascd_zero_oracle,1920,2.7530899862959757e-05,2398064,0.03615729999728501
balanced_correlated,1,ascd_zero_oracle,2040,1.8385538786525046e-05,2546712,0.03806230000918731
balanced_correlated,1,ascd_zero_oracle,2160,9.583119742195834e-06,2695360,0.0399697000393644
balanced_correlated,1,ascd_zero_oracle,2280,5.13541928715e-06,2844008,0.044062400003895164
balanced_correlated,1,ascd_zero_oracle,2400,2.4403774552261837e-06,2992656,0.048945700051262975
balanced_correlated,2,ascd_zero_oracle,0,11.735613424707285,19696,1.1300027836114168e-05
balanced_correlated,2,ascd_zero_oracle,120,1.1597233502271553,168344,0.0027008000179193914
balanced_correlated,2,ascd_zero_oracle,240,0.5636009913066911,316992,0.004627900023479015
balanced_correlated,2,ascd_zero_oracle,360,0.28131951827837387,465640,0.0065654999925754964
balanced_correlated,2,ascd_zero_oracle,480,0.12529203266289146,614288,0.008515699999406934
balanced_correlated,2,ascd_zero_oracle,600,0.043118446103692865,762936,0.01054610003484413
balanced_correlated,2,ascd_zero_oracle,720,0.021840662306733982,911584,0.012508500018157065
balanced_correlated,2,ascd_zero_oracle,840,0.010976858615308949,1060232,0.014454299991484731
balanced_correlated,2,ascd_zero_oracle,960,0.005084539474216498,1208880,0.016402200039010495
balanced_correlated,2,ascd_zero_oracle,1080,0.0026553051415993956,1357528,0.018329400045331568
balanced_correlated,2,ascd_zero_oracle,1200,0.001479336564516931,1506176,0.0202611000277102
balanced_correlated,2,ascd_zero_oracle,1320,0.0008226862701774529,1654824,0.022187800030224025
balanced_correlated,2,ascd_zero_oracle,1440,0.0004341343618792237,1803472,0.02693410002393648
balanced_correlated,2,ascd_zero_oracle,1560,0.00020417649125370474,1952120,0.031388400006107986
balanced_correlated,2,ascd_zero_oracle,1680,0.00012663323231887347,2100768,0.03554330003680661
balanced_correlated,2,ascd_zero_oracle,1800,7.964468138510483e-05,2249416,0.037937199987936765
balanced_correlated,2,ascd_zero_oracle,1920,4.494776851071691e-05,2398064,0.04227910004556179
balanced_correlated,2,ascd_zero_oracle,2040,2.5487123804346368e-05,2546712,0.0464094000053592
balanced_correlated,2,ascd_zero_oracle,2160,1.61281659498691e-05,2695360,0.048779500008095056
balanced_correlated,2,ascd_zero_oracle,2280,9.462303912854964e-06,2844008,0.05072530003963038
balanced_correlated,2,ascd_zero_oracle,2400,5.626565926952765e-06,2992656,0.052658400032669306
balanced_correlated,3,ascd_zero_oracle,0,29.221827480240147,19696,7.299997378140688e-06
balanced_correlated,3,ascd_zero_oracle,120,2.80432831867101,168344,0.0037471999530680478
balanced_correlated,3,ascd_zero_oracle,240,1.673939526048375,316992,0.008021899964660406
balanced_correlated,3,ascd_zero_oracle,360,0.6129727915555323,465640,0.010580799949821085
balanced_correlated,3,ascd_zero_oracle,480,0.25593829912752764,614288,0.012597199995070696
balanced_correlated,3,ascd_zero_oracle,600,0.11969736493782879,762936,0.01456280000275001
balanced_correlated,3,ascd_zero_oracle,720,0.05693328108998674,911584,0.016514599963556975
balanced_correlated,3,ascd_zero_oracle,840,0.029364315627006032,1060232,0.01855259999865666
balanced_correlated,3,ascd_zero_oracle,960,0.018499447464118024,1208880,0.020564899954479188
balanced_correlated,3,ascd_zero_oracle,1080,0.008392505951350326,1357528,0.022565199993550777
balanced_correlated,3,ascd_zero_oracle,1200,0.003960202625854947,1506176,0.024525999964680523
balanced_correlated,3,ascd_zero_oracle,1320,0.002091876256792524,1654824,0.026508399983868003
balanced_correlated,3,ascd_zero_oracle,1440,0.0010042592086860758,1803472,0.028465399984270334
balanced_correlated,3,ascd_zero_oracle,1560,0.0005723790314315913,1952120,0.03044999996200204
balanced_correlated,3,ascd_zero_oracle,1680,0.00027043736619836167,2100768,0.03242919995682314
balanced_correlated,3,ascd_zero_oracle,1800,0.00014330932482176095,2249416,0.034439199953339994
balanced_correlated,3,ascd_zero_oracle,1920,7.537039980265448e-05,2398064,0.03639839997049421
balanced_correlated,3,ascd_zero_oracle,2040,4.12620305607625e-05,2546712,0.03835599997546524
balanced_correlated,3,ascd_zero_oracle,2160,2.3820301040089475e-05,2695360,0.04031149996444583
balanced_correlated,3,ascd_zero_oracle,2280,1.3547494893462186e-05,2844008,0.0425798999494873
balanced_correlated,3,ascd_zero_oracle,2400,7.523670940479121e-06,2992656,0.04461109999101609
balanced_correlated,4,ascd_zero_oracle,0,17.902193031036283,19696,6.799993570894003e-06
balanced_correlated,4,ascd_zero_oracle,120,1.028721780003516,168344,0.0019922999781556427
balanced_correlated,4,ascd_zero_oracle,240,0.5894734625905182,316992,0.0039926000172272325
balanced_correlated,4,ascd_zero_oracle,360,0.33914471356493525,465640,0.006028399977367371
balanced_correlated,4,ascd_zero_oracle,480,0.2023321372772542,614288,0.008004600007552654
balanced_correlated,4,ascd_zero_oracle,600,0.07417643818624464,762936,0.009968400001525879
balanced_correlated,4,ascd_zero_oracle,720,0.04416151819712377,911584,0.01192840002477169
balanced_correlated,4,ascd_zero_oracle,840,0.029913777175335277,1060232,0.013916499970946461
balanced_correlated,4,ascd_zero_oracle,960,0.017317497509491186,1208880,0.015914599993266165
balanced_correlated,4,ascd_zero_oracle,1080,0.00719533223627522,1357528,0.017995200003497303
balanced_correlated,4,ascd_zero_oracle,1200,0.004219781973479275,1506176,0.021771500003524125
balanced_correlated,4,ascd_zero_oracle,1320,0.002317386073994232,1654824,0.026184900023508817
balanced_correlated,4,ascd_zero_oracle,1440,0.0012318180794173017,1803472,0.028720200003590435
balanced_correlated,4,ascd_zero_oracle,1560,0.0007133590210308682,1952120,0.03066489996854216
balanced_correlated,4,ascd_zero_oracle,1680,0.0003024671846034721,2100768,0.03259499999694526
balanced_correlated,4,ascd_zero_oracle,1800,0.0001644483567861954,2249416,0.03451879997737706
balanced_correlated,4,ascd_zero_oracle,1920,9.353856029559182e-05,2398064,0.03943840001011267
balanced_correlated,4,ascd_zero_oracle,2040,7.440134441294433e-05,2546712,0.04336090001743287
balanced_correlated,4,ascd_zero_oracle,2160,5.524748534169177e-05,2695360,0.045345299993641675
balanced_correlated,4,ascd_zero_oracle,2280,2.636549207091221e-05,2844008,0.047349700005725026
balanced_correlated,4,ascd_zero_oracle,2400,1.6883812621326655e-05,2992656,0.049382600001990795
balanced_correlated,5,ascd_zero_oracle,0,6.382958766796747,19696,7.399998139590025e-06
balanced_correlated,5,ascd_zero_oracle,120,0.8737809337125513,168344,0.0019919999758712947
balanced_correlated,5,ascd_zero_oracle,240,0.39242215338824593,316992,0.0039298999472521245
balanced_correlated,5,ascd_zero_oracle,360,0.20579986777471593,465640,0.005854699993506074
balanced_correlated,5,ascd_zero_oracle,480,0.08087455555502565,614288,0.00777839997317642
balanced_correlated,5,ascd_zero_oracle,600,0.05094138230012257,762936,0.009701899951323867
balanced_correlated,5,ascd_zero_oracle,720,0.027651796849259114,911584,0.01162619999377057
balanced_correlated,5,ascd_zero_oracle,840,0.012953968572611885,1060232,0.013542599976062775
balanced_correlated,5,ascd_zero_oracle,960,0.006055891717188011,1208880,0.015457100002095103
balanced_correlated,5,ascd_zero_oracle,1080,0.00299426493804944,1357528,0.019431699998676777
balanced_correlated,5,ascd_zero_oracle,1200,0.0015756734318124188,1506176,0.022389299992937595
balanced_correlated,5,ascd_zero_oracle,1320,0.000862833421458209,1654824,0.024399399990215898
balanced_correlated,5,ascd_zero_oracle,1440,0.00042515610621496336,1803472,0.02632959996117279
balanced_correlated,5,ascd_zero_oracle,1560,0.00022347459398064373,1952120,0.02825409994693473
balanced_correlated,5,ascd_zero_oracle,1680,0.00012371019715651244,2100768,0.03142809995915741
balanced_correlated,5,ascd_zero_oracle,1800,7.251358245419226e-05,2249416,0.037226099986582994
balanced_correlated,5,ascd_zero_oracle,1920,4.607342818196969e-05,2398064,0.041537499986588955
balanced_correlated,5,ascd_zero_oracle,2040,2.4500315470632472e-05,2546712,0.04406039998866618
balanced_correlated,5,ascd_zero_oracle,2160,1.268459786807341e-05,2695360,0.04602759995032102
balanced_correlated,5,ascd_zero_oracle,2280,8.269670910276972e-06,2844008,0.048798599978908896
balanced_correlated,5,ascd_zero_oracle,2400,3.303780389707356e-06,2992656,0.0522971999598667
balanced_correlated,6,ascd_zero_oracle,0,19.262745789713527,19696,8.200004231184721e-06
balanced_correlated,6,ascd_zero_oracle,120,1.1422445965848667,168344,0.002058300015050918
balanced_correlated,6,ascd_zero_oracle,240,0.5350485229444919,316992,0.004037300008349121
balanced_correlated,6,ascd_zero_oracle,360,0.17380050453760676,465640,0.006050999974831939
balanced_correlated,6,ascd_zero_oracle,480,0.07054027812342856,614288,0.008056099992245436
balanced_correlated,6,ascd_zero_oracle,600,0.025439645207775197,762936,0.01001109997741878
balanced_correlated,6,ascd_zero_oracle,720,0.013984179143820441,911584,0.012130199989769608
balanced_correlated,6,ascd_zero_oracle,840,0.0060982607692374735,1060232,0.01408270001411438
balanced_correlated,6,ascd_zero_oracle,960,0.0034998585859180587,1208880,0.016030600003432482
balanced_correlated,6,ascd_zero_oracle,1080,0.0016511850337384004,1357528,0.017969699983950704
balanced_correlated,6,ascd_zero_oracle,1200,0.0007771533694200805,1506176,0.01990249997470528
balanced_correlated,6,ascd_zero_oracle,1320,0.0005056782155947737,1654824,0.021835299965459853
balanced_correlated,6,ascd_zero_oracle,1440,0.00028382213208999474,1803472,0.023769599967636168
balanced_correlated,6,ascd_zero_oracle,1560,0.00017072681797536404,1952120,0.025693300005514175
balanced_correlated,6,ascd_zero_oracle,1680,0.00011140247812546633,2100768,0.029225600010249764
balanced_correlated,6,ascd_zero_oracle,1800,7.555085622312774e-05,2249416,0.033938199980184436
balanced_correlated,6,ascd_zero_oracle,1920,4.415270763313828e-05,2398064,0.037709099997300655
balanced_correlated,6,ascd_zero_oracle,2040,1.596912146961671e-05,2546712,0.039866200007963926
balanced_correlated,6,ascd_zero_oracle,2160,9.937720724106924e-06,2695360,0.04180309997173026
balanced_correlated,6,ascd_zero_oracle,2280,4.77899998685416e-06,2844008,0.04624709999188781
balanced_correlated,6,ascd_zero_oracle,2400,2.41157837521655e-06,2992656,0.05037199996877462
balanced_correlated,7,ascd_zero_oracle,0,4.634799138086766,19696,9.800016414374113e-06
balanced_correlated,7,ascd_zero_oracle,120,0.9593329277454834,168344,0.0022914999863132834
balanced_correlated,7,ascd_zero_oracle,240,0.3419120110448697,316992,0.0042159000295214355
balanced_correlated,7,ascd_zero_oracle,360,0.13291226119956923,465640,0.006133000017143786
balanced_correlated,7,ascd_zero_oracle,480,0.06034598803670699,614288,0.009731800004374236
balanced_correlated,7,ascd_zero_oracle,600,0.03468426785066514,762936,0.012236199981998652
balanced_correlated,7,ascd_zero_oracle,720,0.016473133841168774,911584,0.01414350001141429
balanced_correlated,7,ascd_zero_oracle,840,0.010379889392085229,1060232,0.016164100030437112
balanced_correlated,7,ascd_zero_oracle,960,0.00585858871038214,1208880,0.018820299999788404
balanced_correlated,7,ascd_zero_oracle,1080,0.003230833327245275,1357528,0.020824400009587407
balanced_correlated,7,ascd_zero_oracle,1200,0.0013926866588871434,1506176,0.022778799990192056
balanced_correlated,7,ascd_zero_oracle,1320,0.0009131639170365524,1654824,0.025060900021344423
balanced_correlated,7,ascd_zero_oracle,1440,0.0003874758801174494,1803472,0.027045800001360476
balanced_correlated,7,ascd_zero_oracle,1560,0.0001748213709449331,1952120,0.02900089998729527
balanced_correlated,7,ascd_zero_oracle,1680,0.00010565960251396334,2100768,0.031031900027301162
balanced_correlated,7,ascd_zero_oracle,1800,6.411144235318744e-05,2249416,0.03299209999386221
balanced_correlated,7,ascd_zero_oracle,1920,2.7866166129264514e-05,2398064,0.034948599990457296
balanced_correlated,7,ascd_zero_oracle,2040,1.5683921724019e-05,2546712,0.0368964999797754
balanced_correlated,7,ascd_zero_oracle,2160,8.837669364769596e-06,2695360,0.04128479998325929
balanced_correlated,7,ascd_zero_oracle,2280,4.460869033717785e-06,2844008,0.04727039998397231
balanced_correlated,7,ascd_zero_oracle,2400,2.3653185405869692e-06,2992656,0.05040860001463443
balanced_correlated,8,ascd_zero_oracle,0,18.59871817696344,19696,7.199996616691351e-06
balanced_correlated,8,ascd_zero_oracle,120,1.0742660679269607,168344,0.002029700030107051
balanced_correlated,8,ascd_zero_oracle,240,0.5609837617960651,316992,0.003991600009612739
balanced_correlated,8,ascd_zero_oracle,360,0.2936407512140007,465640,0.008616000006441027
balanced_correlated,8,ascd_zero_oracle,480,0.11945606387739138,614288,0.01186770002823323
balanced_correlated,8,ascd_zero_oracle,600,0.06061245161489959,762936,0.013912700000219047
balanced_correlated,8,ascd_zero_oracle,720,0.03240630828541047,911584,0.015825400012545288
balanced_correlated,8,ascd_zero_oracle,840,0.012567699274241395,1060232,0.017732400039676577
balanced_correlated,8,ascd_zero_oracle,960,0.00539088120376352,1208880,0.019648700021207333
balanced_correlated,8,ascd_zero_oracle,1080,0.002877663277129905,1357528,0.024991200014483184
balanced_correlated,8,ascd_zero_oracle,1200,0.001412887934316931,1506176,0.02913280000211671
balanced_correlated,8,ascd_zero_oracle,1320,0.0008754292231976102,1654824,0.03156670002499595
balanced_correlated,8,ascd_zero_oracle,1440,0.0005313414733971733,1803472,0.033513000002130866
balanced_correlated,8,ascd_zero_oracle,1560,0.0002264834460605769,1952120,0.03544890001649037
balanced_correlated,8,ascd_zero_oracle,1680,0.00011118219269379281,2100768,0.03774200001498684
balanced_correlated,8,ascd_zero_oracle,1800,5.948126939525622e-05,2249416,0.03969540004618466
balanced_correlated,8,ascd_zero_oracle,1920,3.994156468900556e-05,2398064,0.04162120004184544
balanced_correlated,8,ascd_zero_oracle,2040,2.7707404368193522e-05,2546712,0.04354390001390129
balanced_correlated,8,ascd_zero_oracle,2160,1.631962058157299e-05,2695360,0.04545900004450232
balanced_correlated,8,ascd_zero_oracle,2280,9.831146414729375e-06,2844008,0.04736240004422143
balanced_correlated,8,ascd_zero_oracle,2400,4.846549483072948e-06,2992656,0.049259699997492135
balanced_correlated,9,ascd_zero_oracle,0,11.10218154950501,19696,1.1699972674250603e-05
balanced_correlated,9,ascd_zero_oracle,120,0.8777914069060717,168344,0.0020711999968625605
balanced_correlated,9,ascd_zero_oracle,240,0.37737966425605807,316992,0.004052700009196997
balanced_correlated,9,ascd_zero_oracle,360,0.15126580044776095,465640,0.005964700016193092
balanced_correlated,9,ascd_zero_oracle,480,0.062474564394545684,614288,0.00787749997107312
balanced_correlated,9,ascd_zero_oracle,600,0.03280423411482891,762936,0.009782799985259771
balanced_correlated,9,ascd_zero_oracle,720,0.015789672381475217,911584,0.011693199980072677
balanced_correlated,9,ascd_zero_oracle,840,0.009179739693556677,1060232,0.013596999982837588
balanced_correlated,9,ascd_zero_oracle,960,0.004957007064887442,1208880,0.015501399990171194
balanced_correlated,9,ascd_zero_oracle,1080,0.002810298319166016,1357528,0.017402599973138422
balanced_correlated,9,ascd_zero_oracle,1200,0.0020725814454958247,1506176,0.02237359998980537
balanced_correlated,9,ascd_zero_oracle,1320,0.0011780210687049042,1654824,0.02655339997727424
balanced_correlated,9,ascd_zero_oracle,1440,0.0008738667110677056,1803472,0.028555699973367155
balanced_correlated,9,ascd_zero_oracle,1560,0.0004885965581684637,1952120,0.030536999984178692
balanced_correlated,9,ascd_zero_oracle,1680,0.0001673011946241587,2100768,0.0328068999806419
balanced_correlated,9,ascd_zero_oracle,1800,9.297427998200547e-05,2249416,0.036551999975927174
balanced_correlated,9,ascd_zero_oracle,1920,6.10115936403588e-05,2398064,0.04114869999466464
balanced_correlated,9,ascd_zero_oracle,2040,2.937841525962881e-05,2546712,0.044023700000252575
balanced_correlated,9,ascd_zero_oracle,2160,1.60721403843489e-05,2695360,0.04602909996174276
balanced_correlated,9,ascd_zero_oracle,2280,6.2369392295202886e-06,2844008,0.04798209998989478
balanced_correlated,9,ascd_zero_oracle,2400,4.006589000127292e-06,2992656,0.049948600004427135
balanced_correlated,10,ascd_zero_oracle,0,6.569771966741186,19696,6.999995093792677e-06
balanced_correlated,10,ascd_zero_oracle,120,0.5243293298730012,168344,0.002092299982905388
balanced_correlated,10,ascd_zero_oracle,240,0.23929769262249279,316992,0.004045000008773059
balanced_correlated,10,ascd_zero_oracle,360,0.1069754513360035,465640,0.005989899975247681
balanced_correlated,10,ascd_zero_oracle,480,0.057257593820073005,614288,0.007933299988508224
balanced_correlated,10,ascd_zero_oracle,600,0.023954489283691593,762936,0.009945300000254065
balanced_correlated,10,ascd_zero_oracle,720,0.013054308486681432,911584,0.011985199991613626
balanced_correlated,10,ascd_zero_oracle,840,0.0066245988543762735,1060232,0.014003199990838766
balanced_correlated,10,ascd_zero_oracle,960,0.0035895309020510524,1208880,0.01902399997925386
balanced_correlated,10,ascd_zero_oracle,1080,0.0018775032805349312,1357528,0.022444400005042553
balanced_correlated,10,ascd_zero_oracle,1200,0.0008307601508796836,1506176,0.024541900027543306
balanced_correlated,10,ascd_zero_oracle,1320,0.00047429464443027314,1654824,0.026473600009921938
balanced_correlated,10,ascd_zero_oracle,1440,0.00026556256334853146,1803472,0.028404299984686077
balanced_correlated,10,ascd_zero_oracle,1560,0.00014186638698276965,1952120,0.03032830002484843
balanced_correlated,10,ascd_zero_oracle,1680,7.780919554978283e-05,2100768,0.03268840000964701
balanced_correlated,10,ascd_zero_oracle,1800,3.3322913437494606e-05,2249416,0.03463820001343265
balanced_correlated,10,ascd_zero_oracle,1920,2.014693761953623e-05,2398064,0.03659869998227805
balanced_correlated,10,ascd_zero_oracle,2040,1.2470004573827964e-05,2546712,0.03855529997963458
balanced_correlated,10,ascd_zero_oracle,2160,7.835499453268113e-06,2695360,0.040562600013799965
balanced_correlated,10,ascd_zero_oracle,2280,3.760140839137449e-06,2844008,0.04259189998265356
balanced_correlated,10,ascd_zero_oracle,2400,2.1957233218294903e-06,2992656,0.044591200014110655
balanced_correlated,11,ascd_zero_oracle,0,12.83120374198054,19696,7.299997378140688e-06
balanced_correlated,11,ascd_zero_oracle,120,1.3222979386292808,168344,0.0020108000026084483
balanced_correlated,11,ascd_zero_oracle,240,0.6994308065898931,316992,0.003947200020775199
balanced_correlated,11,ascd_zero_oracle,360,0.23653600920885864,465640,0.005875200033187866
balanced_correlated,11,ascd_zero_oracle,480,0.11702078011155903,614288,0.0078032000456005335
balanced_correlated,11,ascd_zero_oracle,600,0.059460474190999424,762936,0.00971650000428781
balanced_correlated,11,ascd_zero_oracle,720,0.027087244115381548,911584,0.01164540002355352
balanced_correlated,11,ascd_zero_oracle,840,0.013211894174552707,1060232,0.013665300037246197
balanced_correlated,11,ascd_zero_oracle,960,0.006252534960590861,1208880,0.015616499993484467
balanced_correlated,11,ascd_zero_oracle,1080,0.004317284673499788,1357528,0.017555200029164553
balanced_correlated,11,ascd_zero_oracle,1200,0.0027816331686345563,1506176,0.026274000003468245
balanced_correlated,11,ascd_zero_oracle,1320,0.0014533532567928553,1654824,0.03024250001180917
balanced_correlated,11,ascd_zero_oracle,1440,0.0008989191402357655,1803472,0.03250200004549697
balanced_correlated,11,ascd_zero_oracle,1560,0.0006451591640126431,1952120,0.03449450002517551
balanced_correlated,11,ascd_zero_oracle,1680,0.0003031880578956425,2100768,0.03666510002221912
balanced_correlated,11,ascd_zero_oracle,1800,0.00014379121516894244,2249416,0.03968030004762113
balanced_correlated,11,ascd_zero_oracle,1920,7.721235378799207e-05,2398064,0.04191940004238859
balanced_correlated,11,ascd_zero_oracle,2040,3.65049429000841e-05,2546712,0.04396530002122745
balanced_correlated,11,ascd_zero_oracle,2160,2.430003666775704e-05,2695360,0.04600810003466904
balanced_correlated,11,ascd_zero_oracle,2280,1.358924095518077e-05,2844008,0.04814640001859516
balanced_correlated,11,ascd_zero_oracle,2400,6.834687397816452e-06,2992656,0.05075390002457425
scaled_correlated,0,ascd_zero_oracle,0,22.373464483790215,19696,1.0400020983070135e-05
scaled_correlated,0,ascd_zero_oracle,120,1.9280498610900847,168344,0.002499299996998161
scaled_correlated,0,ascd_zero_oracle,240,0.8576336387112815,316992,0.004682500031776726
scaled_correlated,0,ascd_zero_oracle,360,0.45543907388073546,465640,0.006651800009422004
scaled_correlated,0,ascd_zero_oracle,480,0.2626582175684278,614288,0.008675899996887892
scaled_correlated,0,ascd_zero_oracle,600,0.14722616511279307,762936,0.010722200036980212
scaled_correlated,0,ascd_zero_oracle,720,0.0934516333653872,911584,0.012722900020889938
scaled_correlated,0,ascd_zero_oracle,840,0.05267314234068099,1060232,0.01496860000770539
scaled_correlated,0,ascd_zero_oracle,960,0.031582315910527736,1208880,0.017034800024703145
scaled_correlated,0,ascd_zero_oracle,1080,0.018326041209100197,1357528,0.019035300007089972
scaled_correlated,0,ascd_zero_oracle,1200,0.008335222998769432,1506176,0.021023700013756752
scaled_correlated,0,ascd_zero_oracle,1320,0.004969334166959882,1654824,0.022991000034380704
scaled_correlated,0,ascd_zero_oracle,1440,0.0033584915119746483,1803472,0.025001500034704804
scaled_correlated,0,ascd_zero_oracle,1560,0.0020306164626662238,1952120,0.02696250000735745
scaled_correlated,0,ascd_zero_oracle,1680,0.0010880745854628948,2100768,0.0317656000261195
scaled_correlated,0,ascd_zero_oracle,1800,0.0006771135015513075,2249416,0.034185800002887845
scaled_correlated,0,ascd_zero_oracle,1920,0.00038843205398597647,2398064,0.03618100000312552
scaled_correlated,0,ascd_zero_oracle,2040,0.00022288331655273552,2546712,0.03812270000344142
scaled_correlated,0,ascd_zero_oracle,2160,0.00012571065725985875,2695360,0.040053100034128875
scaled_correlated,0,ascd_zero_oracle,2280,6.550366150159803e-05,2844008,0.041977700020652264
scaled_correlated,0,ascd_zero_oracle,2400,3.334714178437892e-05,2992656,0.04514290002407506
scaled_correlated,1,ascd_zero_oracle,0,67.99567336770971,19696,1.9600032828748226e-05
scaled_correlated,1,ascd_zero_oracle,120,3.8059632939747363,168344,0.005125700030475855
scaled_correlated,1,ascd_zero_oracle,240,2.289993300175416,316992,0.008127600012812763
scaled_correlated,1,ascd_zero_oracle,360,1.4650280157989322,465640,0.010142199986148626
scaled_correlated,1,ascd_zero_oracle,480,0.913745414402682,614288,0.012079400010406971
scaled_correlated,1,ascd_zero_oracle,600,0.4679795765829571,762936,0.014010999992024153
scaled_correlated,1,ascd_zero_oracle,720,0.2799548313711364,911584,0.015932000009343028
scaled_correlated,1,ascd_zero_oracle,840,0.12886826431942477,1060232,0.017898500023875386
scaled_correlated,1,ascd_zero_oracle,960,0.06446583971544317,1208880,0.019897299993317574
scaled_correlated,1,ascd_zero_oracle,1080,0.03907253941695599,1357528,0.02184750000014901
scaled_correlated,1,ascd_zero_oracle,1200,0.020631315534150207,1506176,0.023780399991665035
scaled_correlated,1,ascd_zero_oracle,1320,0.010179131238462702,1654824,0.025715099996887147
scaled_correlated,1,ascd_zero_oracle,1440,0.006331349629193461,1803472,0.02765250002266839
scaled_correlated,1,ascd_zero_oracle,1560,0.002907197223505964,1952120,0.0295878000324592
scaled_correlated,1,ascd_zero_oracle,1680,0.0014016323630703376,2100768,0.03151840000646189
scaled_correlated,1,ascd_zero_oracle,1800,0.000713126098287109,2249416,0.03345799999078736
scaled_correlated,1,ascd_zero_oracle,1920,0.0004008560324373356,2398064,0.03538110002409667
scaled_correlated,1,ascd_zero_oracle,2040,0.0002840927976839325,2546712,0.037304500001482666
scaled_correlated,1,ascd_zero_oracle,2160,0.00012543787712182564,2695360,0.03922110004350543
scaled_correlated,1,ascd_zero_oracle,2280,6.172444894314566e-05,2844008,0.04113269998924807
scaled_correlated,1,ascd_zero_oracle,2400,3.449558164003719e-05,2992656,0.04305740003474057
scaled_correlated,2,ascd_zero_oracle,0,45.04757741000829,19696,6.699992809444666e-06
scaled_correlated,2,ascd_zero_oracle,120,6.124807934994648,168344,0.00195720000192523
scaled_correlated,2,ascd_zero_oracle,240,3.6631804713166787,316992,0.003913499996997416
scaled_correlated,2,ascd_zero_oracle,360,1.7430812715673762,465640,0.005875900038518012
scaled_correlated,2,ascd_zero_oracle,480,1.012844178635162,614288,0.007823600026313215
scaled_correlated,2,ascd_zero_oracle,600,0.46696108471488174,762936,0.009764200018253177
scaled_correlated,2,ascd_zero_oracle,720,0.2833516354731631,911584,0.011687299993354827
scaled_correlated,2,ascd_zero_oracle,840,0.11061849640003985,1060232,0.013605399988591671
scaled_correlated,2,ascd_zero_oracle,960,0.05281080352365386,1208880,0.01553030003560707
scaled_correlated,2,ascd_zero_oracle,1080,0.03105106997669216,1357528,0.01881919999141246
scaled_correlated,2,ascd_zero_oracle,1200,0.020527145627489585,1506176,0.023533100029453635
scaled_correlated,2,ascd_zero_oracle,1320,0.01090986935624505,1654824,0.02637570002116263
scaled_correlated,2,ascd_zero_oracle,1440,0.004920005732803379,1803472,0.02833569998620078
scaled_correlated,2,ascd_zero_oracle,1560,0.002722083006077458,1952120,0.03025150002213195
scaled_correlated,2,ascd_zero_oracle,1680,0.0014243496434502845,2100768,0.032209400029387325
scaled_correlated,2,ascd_zero_oracle,1800,0.0009759782553957486,2249416,0.03734420001273975
scaled_correlated,2,ascd_zero_oracle,1920,0.0007084800713794692,2398064,0.04184020002139732
scaled_correlated,2,ascd_zero_oracle,2040,0.00043010518283814747,2546712,0.045321699988562614
scaled_correlated,2,ascd_zero_oracle,2160,0.00027505265810034984,2695360,0.047349700005725026
scaled_correlated,2,ascd_zero_oracle,2280,0.0001639159963242598,2844008,0.049375200003851205
scaled_correlated,2,ascd_zero_oracle,2400,0.00010089682559044633,2992656,0.05141210003057495
scaled_correlated,3,ascd_zero_oracle,0,119.345541391195,19696,7.499998901039362e-06
scaled_correlated,3,ascd_zero_oracle,120,6.121054955110249,168344,0.002026400004979223
scaled_correlated,3,ascd_zero_oracle,240,3.8026961230976495,316992,0.004031200020108372
scaled_correlated,3,ascd_zero_oracle,360,1.9044819394128192,465640,0.006033300014678389
scaled_correlated,3,ascd_zero_oracle,480,0.8038541409885411,614288,0.008549900026991963
scaled_correlated,3,ascd_zero_oracle,600,0.4331921589714747,762936,0.010550800012424588
scaled_correlated,3,ascd_zero_oracle,720,0.21888711550708617,911584,0.01280249998671934
scaled_correlated,3,ascd_zero_oracle,840,0.10980867683154649,1060232,0.01478189998306334
scaled_correlated,3,ascd_zero_oracle,960,0.07188919702029395,1208880,0.01674829999683425
scaled_correlated,3,ascd_zero_oracle,1080,0.03558145409373914,1357528,0.018676800013054162
scaled_correlated,3,ascd_zero_oracle,1200,0.018305066807530856,1506176,0.020654299994930625
scaled_correlated,3,ascd_zero_oracle,1320,0.011349810787941728,1654824,0.022645500022917986
scaled_correlated,3,ascd_zero_oracle,1440,0.006068308772876119,1803472,0.02463150001130998
scaled_correlated,3,ascd_zero_oracle,1560,0.003814963856325182,1952120,0.026609199994709343
scaled_correlated,3,ascd_zero_oracle,1680,0.0025508380163228317,2100768,0.029615100007504225
scaled_correlated,3,ascd_zero_oracle,1800,0.0015417931629899684,2249416,0.03162899997550994
scaled_correlated,3,ascd_zero_oracle,1920,0.000959972237483786,2398064,0.033612500003073364
scaled_correlated,3,ascd_zero_oracle,2040,0.0006503505066257631,2546712,0.03557150001870468
scaled_correlated,3,ascd_zero_oracle,2160,0.00038906267917182547,2695360,0.037549000000581145
scaled_correlated,3,ascd_zero_oracle,2280,0.0002496197518411236,2844008,0.039789100002963096
scaled_correlated,3,ascd_zero_oracle,2400,0.0001454128897031559,2992656,0.04182310000760481
scaled_correlated,4,ascd_zero_oracle,0,46.05491588664258,19696,6.89999433234334e-06
scaled_correlated,4,ascd_zero_oracle,120,2.4619224260019545,168344,0.0028439000016078353
scaled_correlated,4,ascd_zero_oracle,240,1.274674038343091,316992,0.004865799972321838
scaled_correlated,4,ascd_zero_oracle,360,0.6964866287036058,465640,0.006877399981021881
scaled_correlated,4,ascd_zero_oracle,480,0.36089491115020733,614288,0.008853500010445714
scaled_correlated,4,ascd_zero_oracle,600,0.1811524763840695,762936,0.01083949999883771
scaled_correlated,4,ascd_zero_oracle,720,0.10277460505919134,911584,0.01278459996683523
scaled_correlated,4,ascd_zero_oracle,840,0.06056499509463098,1060232,0.014714699995238334
scaled_correlated,4,ascd_zero_oracle,960,0.03846563528885971,1208880,0.01664300000993535
scaled_correlated,4,ascd_zero_oracle,1080,0.023790572659819986,1357528,0.01857939996989444
scaled_correlated,4,ascd_zero_oracle,1200,0.010567230593077959,1506176,0.02050529996631667
scaled_correlated,4,ascd_zero_oracle,1320,0.005706304810163321,1654824,0.02268459997139871
scaled_correlated,4,ascd_zero_oracle,1440,0.004210005733977784,1803472,0.02461530000437051
scaled_correlated,4,ascd_zero_oracle,1560,0.0024467551063933612,1952120,0.02654439996695146
scaled_correlated,4,ascd_zero_oracle,1680,0.0013860575246571472,2100768,0.028536500001791865
scaled_correlated,4,ascd_zero_oracle,1800,0.0008175631837694652,2249416,0.03057130001252517
scaled_correlated,4,ascd_zero_oracle,1920,0.0004884303823038394,2398064,0.036274899961426854
scaled_correlated,4,ascd_zero_oracle,2040,0.0003649131196019617,2546712,0.03970949997892603
scaled_correlated,4,ascd_zero_oracle,2160,0.00020141671367879255,2695360,0.041623600001912564
scaled_correlated,4,ascd_zero_oracle,2280,0.00012115490064923407,2844008,0.04355569998733699
scaled_correlated,4,ascd_zero_oracle,2400,7.954419079636565e-05,2992656,0.04546399996615946
scaled_correlated,5,ascd_zero_oracle,0,60.11994023414859,19696,7.299997378140688e-06
scaled_correlated,5,ascd_zero_oracle,120,4.381876300782533,168344,0.00196749996393919
scaled_correlated,5,ascd_zero_oracle,240,1.5843710434784009,316992,0.003872699977364391
scaled_correlated,5,ascd_zero_oracle,360,1.2463667172958663,465640,0.005773500015493482
scaled_correlated,5,ascd_zero_oracle,480,0.454300848766382,614288,0.007677699963096529
scaled_correlated,5,ascd_zero_oracle,600,0.31704563768518046,762936,0.009569299989379942
scaled_correlated,5,ascd_zero_oracle,720,0.22083964898229747,911584,0.011457499989774078
scaled_correlated,5,ascd_zero_oracle,840,0.10038970398952651,1060232,0.013385600002948195
scaled_correlated,5,ascd_zero_oracle,960,0.05348860630275043,1208880,0.015333999996073544
scaled_correlated,5,ascd_zero_oracle,1080,0.03953530366203939,1357528,0.017294199962634593
scaled_correlated,5,ascd_zero_oracle,1200,0.025290148264734746,1506176,0.02209819998824969
scaled_correlated,5,ascd_zero_oracle,1320,0.011253684459408664,1654824,0.026540499995462596
scaled_correlated,5,ascd_zero_oracle,1440,0.008053253021444107,1803472,0.029122999985702336
scaled_correlated,5,ascd_zero_oracle,1560,0.0038621694227041203,1952120,0.031033299979753792
scaled_correlated,5,ascd_zero_oracle,1680,0.002110919418052415,2100768,0.03294060000916943
scaled_correlated,5,ascd_zero_oracle,1800,0.000858847713518518,2249416,0.037091100006364286
scaled_correlated,5,ascd_zero_oracle,1920,0.0005165315199198162,2398064,0.040808499965351075
scaled_correlated,5,ascd_zero_oracle,2040,0.0002972244041261618,2546712,0.04297670000232756
scaled_correlated,5,ascd_zero_oracle,2160,0.00019842994767538258,2695360,0.044926900009159
scaled_correlated,5,ascd_zero_oracle,2280,0.0001352238223613078,2844008,0.04689870000584051
scaled_correlated,5,ascd_zero_oracle,2400,8.040498431860499e-05,2992656,0.048855400003958493
scaled_correlated,6,ascd_zero_oracle,0,51.729846587844904,19696,7.099995855242014e-06
scaled_correlated,6,ascd_zero_oracle,120,2.097575153344865,168344,0.0019838999724015594
scaled_correlated,6,ascd_zero_oracle,240,0.7120923526522094,316992,0.003914700006134808
scaled_correlated,6,ascd_zero_oracle,360,0.3765818821313833,465640,0.00582419999409467
scaled_correlated,6,ascd_zero_oracle,480,0.1596348979496356,614288,0.007736700004898012
scaled_correlated,6,ascd_zero_oracle,600,0.10481917075383018,762936,0.009648400009609759
scaled_correlated,6,ascd_zero_oracle,720,0.0490387776190655,911584,0.011551400006283075
scaled_correlated,6,ascd_zero_oracle,840,0.028972180657224733,1060232,0.013462200004141778
scaled_correlated,6,ascd_zero_oracle,960,0.017284573271784787,1208880,0.015394199988804758
scaled_correlated,6,ascd_zero_oracle,1080,0.009585256184202251,1357528,0.017369400011375546
scaled_correlated,6,ascd_zero_oracle,1200,0.0057952344189686755,1506176,0.019306099973618984
scaled_correlated,6,ascd_zero_oracle,1320,0.0036097840775752843,1654824,0.021231100021395832
scaled_correlated,6,ascd_zero_oracle,1440,0.002313553365907328,1803472,0.023141900019254535
scaled_correlated,6,ascd_zero_oracle,1560,0.0015126974499652945,1952120,0.025123799976427108
scaled_correlated,6,ascd_zero_oracle,1680,0.0009589326617556182,2100768,0.027089999988675117
scaled_correlated,6,ascd_zero_oracle,1800,0.0004896893578880679,2249416,0.029015199979767203
scaled_correlated,6,ascd_zero_oracle,1920,0.0002684334951945644,2398064,0.030930400011129677
scaled_correlated,6,ascd_zero_oracle,2040,0.0001616574684129013,2546712,0.03287689998978749
scaled_correlated,6,ascd_zero_oracle,2160,0.00010136261108861788,2695360,0.03479519998654723
scaled_correlated,6,ascd_zero_oracle,2280,5.9164865592986615e-05,2844008,0.03670990001410246
scaled_correlated,6,ascd_zero_oracle,2400,4.0544903232131446e-05,2992656,0.03861519997008145
scaled_correlated,7,ascd_zero_oracle,0,36.06118907602869,19696,6.999995093792677e-06
scaled_correlated,7,ascd_zero_oracle,120,7.826199638183934,168344,0.001954900042619556
scaled_correlated,7,ascd_zero_oracle,240,3.6114278513502116,316992,0.003856100025586784
scaled_correlated,7,ascd_zero_oracle,360,1.4486597097211473,465640,0.005754400044679642
scaled_correlated,7,ascd_zero_oracle,480,0.6594587804529293,614288,0.00766140001360327
scaled_correlated,7,ascd_zero_oracle,600,0.38878915613296305,762936,0.009595200011972338
scaled_correlated,7,ascd_zero_oracle,720,0.19782952813384735,911584,0.011576000018976629
scaled_correlated,7,ascd_zero_oracle,840,0.10895869024762694,1060232,0.013517900020815432
scaled_correlated,7,ascd_zero_oracle,960,0.06502628335448302,1208880,0.015492300037294626
scaled_correlated,7,ascd_zero_oracle,1080,0.037039437618794135,1357528,0.01748760003829375
scaled_correlated,7,ascd_zero_oracle,1200,0.01761218551376409,1506176,0.0194356000283733
scaled_correlated,7,ascd_zero_oracle,1320,0.011989351521504599,1654824,0.021373199997469783
scaled_correlated,7,ascd_zero_oracle,1440,0.005224334788821228,1803472,0.023312700039241463
scaled_correlated,7,ascd_zero_oracle,1560,0.0025603505226854395,1952120,0.02524069999344647
scaled_correlated,7,ascd_zero_oracle,1680,0.001441793360864807,2100768,0.027192900015506893
scaled_correlated,7,ascd_zero_oracle,1800,0.0008514506401127164,2249416,0.02911940001649782
scaled_correlated,7,ascd_zero_oracle,1920,0.00042224700789583736,2398064,0.03103970002848655
scaled_correlated,7,ascd_zero_oracle,2040,0.00024107354734725917,2546712,0.03295520000392571
scaled_correlated,7,ascd_zero_oracle,2160,0.00012488775934649254,2695360,0.03487090003909543
scaled_correlated,7,ascd_zero_oracle,2280,8.246417918700288e-05,2844008,0.03679300000658259
scaled_correlated,7,ascd_zero_oracle,2400,4.802938603853946e-05,2992656,0.03875780000817031
scaled_correlated,8,ascd_zero_oracle,0,69.57251603322415,19696,6.799993570894003e-06
scaled_correlated,8,ascd_zero_oracle,120,2.724017782691769,168344,0.005494899989571422
scaled_correlated,8,ascd_zero_oracle,240,1.5645167455966345,316992,0.009939699957612902
scaled_correlated,8,ascd_zero_oracle,360,0.932170775787525,465640,0.01189729996258393
scaled_correlated,8,ascd_zero_oracle,480,0.5390527534900107,614288,0.01384409994352609
scaled_correlated,8,ascd_zero_oracle,600,0.3193384609267933,762936,0.015788399963639677
scaled_correlated,8,ascd_zero_oracle,720,0.1893788798056124,911584,0.01778659998672083
scaled_correlated,8,ascd_zero_oracle,840,0.10996611497016229,1060232,0.019777299952693284
scaled_correlated,8,ascd_zero_oracle,960,0.049268446096641494,1208880,0.02177789999404922
scaled_correlated,8,ascd_zero_oracle,1080,0.026107381219737658,1357528,0.023747499973978847
scaled_correlated,8,ascd_zero_oracle,1200,0.014420051464028472,1506176,0.025699399993754923
scaled_correlated,8,ascd_zero_oracle,1320,0.007840271735076065,1654824,0.027643099951092154
scaled_correlated,8,ascd_zero_oracle,1440,0.004724503127318425,1803472,0.029592599952593446
scaled_correlated,8,ascd_zero_oracle,1560,0.002199271532165259,1952120,0.03153009997913614
scaled_correlated,8,ascd_zero_oracle,1680,0.0012535242085744969,2100768,0.034557499981019646
scaled_correlated,8,ascd_zero_oracle,1800,0.0007437583364793277,2249416,0.03969409997807816
scaled_correlated,8,ascd_zero_oracle,1920,0.00048551726200996015,2398064,0.0430523999966681
scaled_correlated,8,ascd_zero_oracle,2040,0.0002639464624971666,2546712,0.045142099959775805
scaled_correlated,8,ascd_zero_oracle,2160,0.00016110815217107444,2695360,0.047054899972863495
scaled_correlated,8,ascd_zero_oracle,2280,9.660442930181645e-05,2844008,0.048963099950924516
scaled_correlated,8,ascd_zero_oracle,2400,5.872811633755859e-05,2992656,0.0579946999787353
scaled_correlated,9,ascd_zero_oracle,0,33.37124970433512,19696,8.700008038431406e-06
scaled_correlated,9,ascd_zero_oracle,120,2.6606540452236676,168344,0.0023873000172898173
scaled_correlated,9,ascd_zero_oracle,240,1.3593341833960375,316992,0.0044732000096701086
scaled_correlated,9,ascd_zero_oracle,360,0.491421277734696,465640,0.007029000029433519
scaled_correlated,9,ascd_zero_oracle,480,0.23868798304458272,614288,0.009600099991075695
scaled_correlated,9,ascd_zero_oracle,600,0.12842977279791956,762936,0.011629400018136948
scaled_correlated,9,ascd_zero_oracle,720,0.08803375282987425,911584,0.013725500029977411
scaled_correlated,9,ascd_zero_oracle,840,0.03568138929410081,1060232,0.015946800005622208
scaled_correlated,9,ascd_zero_oracle,960,0.014027318278147849,1208880,0.017943400016520172
scaled_correlated,9,ascd_zero_oracle,1080,0.00761856194939492,1357528,0.019899000006262213
scaled_correlated,9,ascd_zero_oracle,1200,0.004297857677621586,1506176,0.02229510003235191
scaled_correlated,9,ascd_zero_oracle,1320,0.0023775067991804733,1654824,0.02478719997452572
scaled_correlated,9,ascd_zero_oracle,1440,0.001484159720968492,1803472,0.02737239998532459
scaled_correlated,9,ascd_zero_oracle,1560,0.0007432474790456389,1952120,0.03006600000662729
scaled_correlated,9,ascd_zero_oracle,1680,0.0003152062933557964,2100768,0.032062600017525256
scaled_correlated,9,ascd_zero_oracle,1800,0.00015984116387190994,2249416,0.03405030001886189
scaled_correlated,9,ascd_zero_oracle,1920,8.57240940188575e-05,2398064,0.036003899993374944
scaled_correlated,9,ascd_zero_oracle,2040,5.607440392108032e-05,2546712,0.03806260001147166
scaled_correlated,9,ascd_zero_oracle,2160,2.986193013665428e-05,2695360,0.040426200022920966
scaled_correlated,9,ascd_zero_oracle,2280,1.7129202263266308e-05,2844008,0.04235950001748279
scaled_correlated,9,ascd_zero_oracle,2400,9.678972406668152e-06,2992656,0.044270900019910187
scaled_correlated,10,ascd_zero_oracle,0,55.62927047254549,19696,6.89999433234334e-06
scaled_correlated,10,ascd_zero_oracle,120,4.759412880182557,168344,0.0019743999582715333
scaled_correlated,10,ascd_zero_oracle,240,2.1236091071337113,316992,0.003889599989634007
scaled_correlated,10,ascd_zero_oracle,360,0.822663972608666,465640,0.005796499957796186
scaled_correlated,10,ascd_zero_oracle,480,0.42889528325633863,614288,0.007709599973168224
scaled_correlated,10,ascd_zero_oracle,600,0.21452737919953524,762936,0.00983489997452125
scaled_correlated,10,ascd_zero_oracle,720,0.11944236037010292,911584,0.011831799987703562
scaled_correlated,10,ascd_zero_oracle,840,0.06295539509027437,1060232,0.01378039998235181
scaled_correlated,10,ascd_zero_oracle,960,0.041083204663158845,1208880,0.015712899970822036
scaled_correlated,10,ascd_zero_oracle,1080,0.02338726758470111,1357528,0.017646799969952554
scaled_correlated,10,ascd_zero_oracle,1200,0.012830493026763534,1506176,0.019571499957237393
scaled_correlated,10,ascd_zero_oracle,1320,0.007517504021998356,1654824,0.02152899996144697
scaled_correlated,10,ascd_zero_oracle,1440,0.004420988406984794,1803472,0.023484499950427562
scaled_correlated,10,ascd_zero_oracle,1560,0.0023917351840401224,1952120,0.025464499951340258
scaled_correlated,10,ascd_zero_oracle,1680,0.0013829796717246268,2100768,0.02741569996578619
scaled_correlated,10,ascd_zero_oracle,1800,0.0007909831611603302,2249416,0.02935649995924905
scaled_correlated,10,ascd_zero_oracle,1920,0.00045337024492342337,2398064,0.03128699999069795
scaled_correlated,10,ascd_zero_oracle,2040,0.00023133684956988532,2546712,0.03321199998026714
scaled_correlated,10,ascd_zero_oracle,2160,0.00012547492417569472,2695360,0.035123699984978884
scaled_correlated,10,ascd_zero_oracle,2280,5.650466939188803e-05,2844008,0.037042199983261526
scaled_correlated,10,ascd_zero_oracle,2400,3.419877739085919e-05,2992656,0.038950599962845445
scaled_correlated,11,ascd_zero_oracle,0,126.69218421731851,19696,7.299997378140688e-06
scaled_correlated,11,ascd_zero_oracle,120,11.415730989754476,168344,0.003287400002591312
scaled_correlated,11,ascd_zero_oracle,240,6.609525850294013,316992,0.005467499955557287
scaled_correlated,11,ascd_zero_oracle,360,2.611135125843862,465640,0.007467599993105978
scaled_correlated,11,ascd_zero_oracle,480,1.379177919120655,614288,0.009426499949768186
scaled_correlated,11,ascd_zero_oracle,600,0.7990833686094088,762936,0.011368899955414236
scaled_correlated,11,ascd_zero_oracle,720,0.3801067635940818,911584,0.013350399967748672
scaled_correlated,11,ascd_zero_oracle,840,0.1638498330102851,1060232,0.015278399980161339
scaled_correlated,11,ascd_zero_oracle,960,0.0757978118886169,1208880,0.017238899949006736
scaled_correlated,11,ascd_zero_oracle,1080,0.04369223479097384,1357528,0.019163399992976338
scaled_correlated,11,ascd_zero_oracle,1200,0.026615650074131025,1506176,0.02107699995394796
scaled_correlated,11,ascd_zero_oracle,1320,0.015086346065436018,1654824,0.022993999999016523
scaled_correlated,11,ascd_zero_oracle,1440,0.00876811654499976,1803472,0.024912299995776266
scaled_correlated,11,ascd_zero_oracle,1560,0.0049011453442671105,1952120,0.026827699970453978
scaled_correlated,11,ascd_zero_oracle,1680,0.003059858591215825,2100768,0.028748099983204156
scaled_correlated,11,ascd_zero_oracle,1800,0.0019155246989503993,2249416,0.030665499973110855
scaled_correlated,11,ascd_zero_oracle,1920,0.0011201689028719208,2398064,0.03320599999278784
scaled_correlated,11,ascd_zero_oracle,2040,0.0005727463016107492,2546712,0.035818699980154634
scaled_correlated,11,ascd_zero_oracle,2160,0.0003584787697730185,2695360,0.03780759999062866
scaled_correlated,11,ascd_zero_oracle,2280,0.0002584134978880215,2844008,0.03974959999322891
scaled_correlated,11,ascd_zero_oracle,2400,0.00018299413559175193,2992656,0.042211599997244775
diabetes,0,ascd_zero_oracle,0,111.9433754500213,4882,9.200011845678091e-06
diabetes,0,ascd_zero_oracle,120,0.30301159776067266,120174,0.0021712000016123056
diabetes,0,ascd_zero_oracle,240,0.0950956595833361,235466,0.004067700006999075
diabetes,0,ascd_zero_oracle,360,0.0406652742411211,350758,0.005973500024992973
diabetes,0,ascd_zero_oracle,480,0.01800076620463642,466050,0.007873499998822808
diabetes,0,ascd_zero_oracle,600,0.00541162365671255,581342,0.009764700022060424
diabetes,0,ascd_zero_oracle,720,0.0022117665282337384,696634,0.011648799991235137
diabetes,0,ascd_zero_oracle,840,0.0013417985355488327,811926,0.013529599993489683
diabetes,0,ascd_zero_oracle,960,0.000750908702173092,927218,0.01540269999532029
diabetes,0,ascd_zero_oracle,1080,0.0003754170937639856,1042510,0.017270500015001744
diabetes,0,ascd_zero_oracle,1200,0.00018451011078468582,1157802,0.019144800025969744
diabetes,0,ascd_zero_oracle,1320,6.910477512178659e-05,1273094,0.022185200010426342
diabetes,0,ascd_zero_oracle,1440,3.2997362225728466e-05,1388386,0.02416359999915585
diabetes,0,ascd_zero_oracle,1560,1.5327927002317665e-05,1503678,0.026062100019771606
diabetes,0,ascd_zero_oracle,1680,5.067430450367283e-06,1618970,0.029371700016781688
diabetes,0,ascd_zero_oracle,1800,2.251807259767702e-06,1734262,0.034058300021570176
diabetes,0,ascd_zero_oracle,1920,9.377752263617367e-07,1849554,0.03686699998797849
diabetes,0,ascd_zero_oracle,2040,4.7350613385788165e-07,1964846,0.03877320000901818
diabetes,0,ascd_zero_oracle,2160,1.3849003721588815e-07,2080138,0.0406024000258185
diabetes,0,ascd_zero_oracle,2280,7.940724344734917e-08,2195430,0.04256400000303984
diabetes,0,ascd_zero_oracle,2400,3.40835129009065e-08,2310722,0.04451330000301823
diabetes,1,ascd_zero_oracle,0,111.9433754500213,4882,6.799993570894003e-06
diabetes,1,ascd_zero_oracle,120,0.0725035715406932,120174,0.001921400020364672
diabetes,1,ascd_zero_oracle,240,0.027024744510100618,235466,0.0038133999914862216
diabetes,1,ascd_zero_oracle,360,0.007350462823723092,350758,0.005717099993489683
diabetes,1,ascd_zero_oracle,480,0.004745284872939237,466050,0.00858449999941513
diabetes,1,ascd_zero_oracle,600,0.00200858511148283,581342,0.010643100016750395
diabetes,1,ascd_zero_oracle,720,0.0007034375608441223,696634,0.01404699997510761
diabetes,1,ascd_zero_oracle,840,0.00024197599304898176,811926,0.01594670000486076
diabetes,1,ascd_zero_oracle,960,9.30591453567331e-05,927218,0.01792309997836128
diabetes,1,ascd_zero_oracle,1080,3.20713809571771e-05,1042510,0.01981209998484701
diabetes,1,ascd_zero_oracle,1200,1.2762205940930471e-05,1157802,0.021692599984817207
diabetes,1,ascd_zero_oracle,1320,4.969317686231989e-06,1273094,0.023632199969142675
diabetes,1,ascd_zero_oracle,1440,2.0764347539170558e-06,1388386,0.025515399989672005
diabetes,1,ascd_zero_oracle,1560,8.237995245963248e-07,1503678,0.027389499999117106
diabetes,1,ascd_zero_oracle,1680,3.7297957078408217e-07,1618970,0.029440600017551333
diabetes,1,ascd_zero_oracle,1800,1.0451034881953092e-07,1734262,0.03141019999748096
diabetes,1,ascd_zero_oracle,1920,6.264238550102164e-08,1849554,0.035064399999100715
diabetes,1,ascd_zero_oracle,2040,3.286710636984935e-08,1964846,0.03723409998929128
diabetes,1,ascd_zero_oracle,2160,1.4840566109342035e-08,2080138,0.039190499985124916
diabetes,1,ascd_zero_oracle,2280,6.138904495855968e-09,2195430,0.04105639999033883
diabetes,1,ascd_zero_oracle,2400,2.3879209720689687e-09,2310722,0.0429277999792248
diabetes,2,ascd_zero_oracle,0,111.9433754500213,4882,6.699992809444666e-06
diabetes,2,ascd_zero_oracle,120,0.17448357872528675,120174,0.005371699982788414
diabetes,2,ascd_zero_oracle,240,0.0470727099210535,235466,0.008275599975604564
diabetes,2,ascd_zero_oracle,360,0.016452317068740285,350758,0.010186899977270514
diabetes,2,ascd_zero_oracle,480,0.007774284572363399,466050,0.01204399997368455
diabetes,2,ascd_zero_oracle,600,0.003024389128910343,581342,0.01389010000275448
diabetes,2,ascd_zero_oracle,720,0.0012047925198857001,696634,0.015731199993751943
diabetes,2,ascd_zero_oracle,840,0.00041413377292087716,811926,0.018289199972059578
diabetes,2,ascd_zero_oracle,960,0.00017151088810862802,927218,0.02020889997947961
diabetes,2,ascd_zero_oracle,1080,0.00011058487056914146,1042510,0.022138500004075468
diabetes,2,ascd_zero_oracle,1200,5.010529145010878e-05,1157802,0.024020499957259744
diabetes,2,ascd_zero_oracle,1320,1.9511178891207237e-05,1273094,0.025889799988362938
diabetes,2,ascd_zero_oracle,1440,9.857138081770245e-06,1388386,0.027754299982916564
diabetes,2,ascd_zero_oracle,1560,4.475104773860039e-06,1503678,0.029604799987282604
diabetes,2,ascd_zero_oracle,1680,1.93881906795923e-06,1618970,0.03145889996085316
diabetes,2,ascd_zero_oracle,1800,9.395013478297187e-07,1734262,0.03331229998730123
diabetes,2,ascd_zero_oracle,1920,4.0507559617708466e-07,1849554,0.03516889997990802
diabetes,2,ascd_zero_oracle,2040,1.389581285593522e-07,1964846,0.03702479996718466
diabetes,2,ascd_zero_oracle,2160,6.179335798606189e-08,2080138,0.03887619997840375
diabetes,2,ascd_zero_oracle,2280,3.110989155175048e-08,2195430,0.04072319995611906
diabetes,2,ascd_zero_oracle,2400,1.5229602468025405e-08,2310722,0.04255600000033155
diabetes,3,ascd_zero_oracle,0,111.9433754500213,4882,6.600050255656242e-06
diabetes,3,ascd_zero_oracle,120,0.03064810075143498,120174,0.0019122000085189939
diabetes,3,ascd_zero_oracle,240,0.00519421936817821,235466,0.004311299999244511
diabetes,3,ascd_zero_oracle,360,0.0017221460541776423,350758,0.006158800038974732
diabetes,3,ascd_zero_oracle,480,0.0007205262111824595,466050,0.008091900032013655
diabetes,3,ascd_zero_oracle,600,0.00024796166785279183,581342,0.009974500047974288
diabetes,3,ascd_zero_oracle,720,0.00010429919096566209,696634,0.011840100050903857
diabetes,3,ascd_zero_oracle,840,3.9884852952809524e-05,811926,0.01369610003894195
diabetes,3,ascd_zero_oracle,960,1.3497001347673176e-05,927218,0.015543300018180162
diabetes,3,ascd_zero_oracle,1080,5.270431699955225e-06,1042510,0.01738650002516806
diabetes,3,ascd_zero_oracle,1200,2.7119481700310644e-06,1157802,0.01962540001841262
diabetes,3,ascd_zero_oracle,1320,1.3798877773751883e-06,1273094,0.024103700008708984
diabetes,3,ascd_zero_oracle,1440,4.3609107081010734e-07,1388386,0.02689130004728213
diabetes,3,ascd_zero_oracle,1560,1.8028558201876876e-07,1503678,0.028791700024157763
diabetes,3,ascd_zero_oracle,1680,6.172750488531165e-08,1618970,0.030597000033594668
diabetes,3,ascd_zero_oracle,1800,3.22796296359229e-08,1734262,0.03241360001266003
diabetes,3,ascd_zero_oracle,1920,1.4381086543835409e-08,1849554,0.03421360003994778
diabetes,3,ascd_zero_oracle,2040,6.017643272571149e-09,1964846,0.0360791000421159
diabetes,3,ascd_zero_oracle,2160,2.422567035864631e-09,2080138,0.037892599997576326
diabetes,3,ascd_zero_oracle,2280,9.05117758520646e-10,2195430,0.039703300048131496
diabetes,3,ascd_zero_oracle,2400,3.3502089991088724e-10,2310722,0.041506400040816516
diabetes,4,ascd_zero_oracle,0,111.9433754500213,4882,6.699992809444666e-06
diabetes,4,ascd_zero_oracle,120,0.11293749146200582,120174,0.0018952999962493777
diabetes,4,ascd_zero_oracle,240,0.043958533348885,235466,0.0037198999780230224
diabetes,4,ascd_zero_oracle,360,0.01826695932807354,350758,0.005544499959796667
diabetes,4,ascd_zero_oracle,480,0.00659414549694759,466050,0.007365399971604347
diabetes,4,ascd_zero_oracle,600,0.002988274851645656,581342,0.010354599973652512
diabetes,4,ascd_zero_oracle,720,0.001065230846876375,696634,0.012327999982517213
diabetes,4,ascd_zero_oracle,840,0.0005448717234770584,811926,0.014245299971662462
diabetes,4,ascd_zero_oracle,960,0.00022677147764227357,927218,0.016125999973155558
diabetes,4,ascd_zero_oracle,1080,6.882604077418364e-05,1042510,0.017997999966610223
diabetes,4,ascd_zero_oracle,1200,2.65281879592294e-05,1157802,0.019868599949404597
diabetes,4,ascd_zero_oracle,1320,1.1756371691262757e-05,1273094,0.021789299964439124
diabetes,4,ascd_zero_oracle,1440,4.072687659117946e-06,1388386,0.025593700003810227
diabetes,4,ascd_zero_oracle,1560,1.6445968498146613e-06,1503678,0.03034009999828413
diabetes,4,ascd_zero_oracle,1680,5.35112349098199e-07,1618970,0.03374009998515248
diabetes,4,ascd_zero_oracle,1800,1.9566537901027914e-07,1734262,0.035862699965946376
diabetes,4,ascd_zero_oracle,1920,9.199176531637931e-08,1849554,0.03769789997022599
diabetes,4,ascd_zero_oracle,2040,4.487441174205742e-08,1964846,0.041509299946483225
diabetes,4,ascd_zero_oracle,2160,1.3804665854877385e-08,2080138,0.04619480000110343
diabetes,4,ascd_zero_oracle,2280,4.864801894655102e-09,2195430,0.04947769996942952
diabetes,4,ascd_zero_oracle,2400,2.3217978650791338e-09,2310722,0.051522099995054305
diabetes,5,ascd_zero_oracle,0,111.9433754500213,4882,6.699992809444666e-06
diabetes,5,ascd_zero_oracle,120,0.012539001092079616,120174,0.003720399981830269
diabetes,5,ascd_zero_oracle,240,0.0008441703233756925,235466,0.008708100009243935
diabetes,5,ascd_zero_oracle,360,9.629122202170493e-05,350758,0.011230900010559708
diabetes,5,ascd_zero_oracle,480,3.3603746658172895e-05,466050,0.013150999962817878
diabetes,5,ascd_zero_oracle,600,1.5134121056803451e-05,581342,0.015078699972946197
diabetes,5,ascd_zero_oracle,720,5.010738718169705e-06,696634,0.01777639996726066
diabetes,5,ascd_zero_oracle,840,2.377784824147966e-06,811926,0.01972879999084398
diabetes,5,ascd_zero_oracle,960,1.1309086573874083e-06,927218,0.02187019999837503
diabetes,5,ascd_zero_oracle,1080,4.783849760769954e-07,1042510,0.023792399966623634
diabetes,5,ascd_zero_oracle,1200,3.1589975435508677e-07,1157802,0.02573399996617809
diabetes,5,ascd_zero_oracle,1320,1.3909362905906164e-07,1273094,0.027656199992634356
diabetes,5,ascd_zero_oracle,1440,4.412358123317972e-08,1388386,0.029580999980680645
diabetes,5,ascd_zero_oracle,1560,2.1276150619087275e-08,1503678,0.03153249999741092
diabetes,5,ascd_zero_oracle,1680,8.68885763338767e-09,1618970,0.03341909998562187
diabetes,5,ascd_zero_oracle,1800,3.40773453899601e-09,1734262,0.035292499989736825
diabetes,5,ascd_zero_oracle,1920,1.3738059578827233e-09,1849554,0.0371630999725312
diabetes,5,ascd_zero_oracle,2040,5.775433464805246e-10,1964846,0.03902669996023178
diabetes,5,ascd_zero_oracle,2160,2.3212010091810953e-10,2080138,0.04089110001223162
diabetes,5,ascd_zero_oracle,2280,9.211476026393939e-11,2195430,0.04372039996087551
diabetes,5,ascd_zero_oracle,2400,3.821298832917819e-11,2310722,0.045672699983697385
diabetes,6,ascd_zero_oracle,0,111.9433754500213,4882,6.599992047995329e-06
diabetes,6,ascd_zero_oracle,120,0.03697569004779666,120174,0.00221060001058504
diabetes,6,ascd_zero_oracle,240,0.010708952638424307,235466,0.004128200002014637
diabetes,6,ascd_zero_oracle,360,0.00471852753004498,350758,0.005995200015604496
diabetes,6,ascd_zero_oracle,480,0.0025600325055563644,466050,0.00791480002226308
diabetes,6,ascd_zero_oracle,600,0.0009284351571636762,581342,0.009759899985510856
diabetes,6,ascd_zero_oracle,720,0.0003460211003556424,696634,0.011642299999948591
diabetes,6,ascd_zero_oracle,840,0.00018035884498601717,811926,0.013582799991127104
diabetes,6,ascd_zero_oracle,960,7.348492363234982e-05,927218,0.015441700001247227
diabetes,6,ascd_zero_oracle,1080,2.7894581037912758e-05,1042510,0.017287799972109497
diabetes,6,ascd_zero_oracle,1200,1.2003596552290219e-05,1157802,0.019119700009468943
diabetes,6,ascd_zero_oracle,1320,4.0600939854584794e-06,1273094,0.020956599968485534
diabetes,6,ascd_zero_oracle,1440,1.5171374343481148e-06,1388386,0.022790999966673553
diabetes,6,ascd_zero_oracle,1560,8.271079394717162e-07,1503678,0.024610599968582392
diabetes,6,ascd_zero_oracle,1680,2.509319045884695e-07,1618970,0.026430899975821376
diabetes,6,ascd_zero_oracle,1800,1.3461405501402623e-07,1734262,0.02825119998306036
diabetes,6,ascd_zero_oracle,1920,7.674324820072798e-08,1849554,0.031082200002856553
diabetes,6,ascd_zero_oracle,2040,3.0133946893329266e-08,1964846,0.03306909999810159
diabetes,6,ascd_zero_oracle,2160,1.448954378702183e-08,2080138,0.034966600011102855
diabetes,6,ascd_zero_oracle,2280,3.3757032724679448e-09,2195430,0.036851199984084815
diabetes,6,ascd_zero_oracle,2400,1.6471943808937795e-09,2310722,0.03870089998235926
diabetes,7,ascd_zero_oracle,0,111.9433754500213,4882,6.599992047995329e-06
diabetes,7,ascd_zero_oracle,120,0.11696872638219702,120174,0.002294000005349517
diabetes,7,ascd_zero_oracle,240,0.05299947489075407,235466,0.004172299988567829
diabetes,7,ascd_zero_oracle,360,0.023277062230505408,350758,0.006041000015102327
diabetes,7,ascd_zero_oracle,480,0.007212376641817286,466050,0.00795020000077784
diabetes,7,ascd_zero_oracle,600,0.0036603781878312702,581342,0.009822399995755404
diabetes,7,ascd_zero_oracle,720,0.0016975575646824836,696634,0.011681500007398427
diabetes,7,ascd_zero_oracle,840,0.00056130296786705,811926,0.013538600003812462
diabetes,7,ascd_zero_oracle,960,0.0002125877872174442,927218,0.015377099975012243
diabetes,7,ascd_zero_oracle,1080,9.328776714312426e-05,1042510,0.017212999984622
diabetes,7,ascd_zero_oracle,1200,5.170055459302603e-05,1157802,0.01906059996690601
diabetes,7,ascd_zero_oracle,1320,2.061559972332816e-05,1273094,0.02089629997499287
diabetes,7,ascd_zero_oracle,1440,1.0356300691682918e-05,1388386,0.022750800009816885
diabetes,7,ascd_zero_oracle,1560,2.22993405429861e-06,1503678,0.02462549996562302
diabetes,7,ascd_zero_oracle,1680,9.834596994551248e-07,1618970,0.026509999996051192
diabetes,7,ascd_zero_oracle,1800,4.918542799714487e-07,1734262,0.028365599981043488
diabetes,7,ascd_zero_oracle,1920,2.0636038300381188e-07,1849554,0.03020420001121238
diabetes,7,ascd_zero_oracle,2040,8.499083037349919e-08,1964846,0.032083400001283735
diabetes,7,ascd_zero_oracle,2160,3.294569239642442e-08,2080138,0.033998999977484345
diabetes,7,ascd_zero_oracle,2280,1.4209732057679503e-08,2195430,0.03585139999631792
diabetes,7,ascd_zero_oracle,2400,5.7512465900799725e-09,2310722,0.03822430002037436
diabetes,8,ascd_zero_oracle,0,111.9433754500213,4882,6.699992809444666e-06
diabetes,8,ascd_zero_oracle,120,0.16839202040425505,120174,0.0021457000402733684
diabetes,8,ascd_zero_oracle,240,0.013935639741362138,235466,0.003988799988292158
diabetes,8,ascd_zero_oracle,360,0.002193366016982168,350758,0.005862299993168563
diabetes,8,ascd_zero_oracle,480,0.000899058399909336,466050,0.00775759998941794
diabetes,8,ascd_zero_oracle,600,0.000282980997070581,581342,0.00962299999082461
diabetes,8,ascd_zero_oracle,720,0.00011037579510286832,696634,0.011472999991383404
diabetes,8,ascd_zero_oracle,840,4.3784517771428e-05,811926,0.013694100023712963
diabetes,8,ascd_zero_oracle,960,1.7354354156395857e-05,927218,0.01791400002548471
diabetes,8,ascd_zero_oracle,1080,6.519611162048022e-06,1042510,0.02201539999805391
diabetes,8,ascd_zero_oracle,1200,2.6751650068490562e-06,1157802,0.024182200024370104
diabetes,8,ascd_zero_oracle,1320,9.024621476783068e-07,1273094,0.026038300013169646
diabetes,8,ascd_zero_oracle,1440,2.8951075137229054e-07,1388386,0.02788090001558885
diabetes,8,ascd_zero_oracle,1560,1.36918856696866e-07,1503678,0.03004119999241084
diabetes,8,ascd_zero_oracle,1680,4.502783212956274e-08,1618970,0.03187980002257973
diabetes,8,ascd_zero_oracle,1800,1.9494578396006546e-08,1734262,0.03374169999733567
diabetes,8,ascd_zero_oracle,1920,7.346187658185954e-09,1849554,0.03567870002007112
diabetes,8,ascd_zero_oracle,2040,2.9660327527381014e-09,1964846,0.037528200016822666
diabetes,8,ascd_zero_oracle,2160,1.937834781529091e-09,2080138,0.03936870000325143
diabetes,8,ascd_zero_oracle,2280,8.256506589532364e-10,2195430,0.04120909998891875
diabetes,8,ascd_zero_oracle,2400,2.6358293325756676e-10,2310722,0.04304950003279373
diabetes,9,ascd_zero_oracle,0,111.9433754500213,4882,6.799993570894003e-06
diabetes,9,ascd_zero_oracle,120,0.1514899932650451,120174,0.0018986999639309943
diabetes,9,ascd_zero_oracle,240,0.04344040561838369,235466,0.0037275999784469604
diabetes,9,ascd_zero_oracle,360,0.01852805253717804,350758,0.00569379999069497
diabetes,9,ascd_zero_oracle,480,0.007658557487388862,466050,0.007576700008939952
diabetes,9,ascd_zero_oracle,600,0.0031020566154467133,581342,0.009513499971944839
diabetes,9,ascd_zero_oracle,720,0.0011077955776670478,696634,0.01141869998537004
diabetes,9,ascd_zero_oracle,840,0.0007671260915884659,811926,0.013287999958265573
diabetes,9,ascd_zero_oracle,960,0.00029131319696773517,927218,0.018368199991527945
diabetes,9,ascd_zero_oracle,1080,0.00013923172107865867,1042510,0.0232253999565728
diabetes,9,ascd_zero_oracle,1200,6.614886322608982e-05,1157802,0.026042699988465756
diabetes,9,ascd_zero_oracle,1320,2.5252734374703323e-05,1273094,0.029150899965316057
diabetes,9,ascd_zero_oracle,1440,1.0889363807109476e-05,1388386,0.03274539997801185
diabetes,9,ascd_zero_oracle,1560,4.3331618684305795e-06,1503678,0.03468290000455454
diabetes,9,ascd_zero_oracle,1680,2.1597567609887847e-06,1618970,0.03661229996941984
diabetes,9,ascd_zero_oracle,1800,8.339628010389788e-07,1734262,0.03856899996753782
diabetes,9,ascd_zero_oracle,1920,3.6083453380797437e-07,1849554,0.040463199955411255
diabetes,9,ascd_zero_oracle,2040,1.4504863088404818e-07,1964846,0.04233709996333346
diabetes,9,ascd_zero_oracle,2160,5.3275599043445254e-08,2080138,0.044188199972268194
diabetes,9,ascd_zero_oracle,2280,2.195193360421399e-08,2195430,0.04603949998272583
diabetes,9,ascd_zero_oracle,2400,1.1023615797967068e-08,2310722,0.04809599998407066
diabetes,10,ascd_zero_oracle,0,111.9433754500213,4882,6.999995093792677e-06
diabetes,10,ascd_zero_oracle,120,0.5448009255254362,120174,0.0020409999997355044
diabetes,10,ascd_zero_oracle,240,0.3102953537553077,235466,0.0039443999994546175
diabetes,10,ascd_zero_oracle,360,0.17925132166477908,350758,0.005839599994942546
diabetes,10,ascd_zero_oracle,480,0.0832384462800917,466050,0.007681399991270155
diabetes,10,ascd_zero_oracle,600,0.03380803477114114,581342,0.009518100006971508
diabetes,10,ascd_zero_oracle,720,0.013934828192873283,696634,0.011361900018528104
diabetes,10,ascd_zero_oracle,840,0.005861895716279264,811926,0.014240899996366352
diabetes,10,ascd_zero_oracle,960,0.0016052370000778637,927218,0.016240999975707382
diabetes,10,ascd_zero_oracle,1080,0.0007479496340607739,1042510,0.018154999997932464
diabetes,10,ascd_zero_oracle,1200,0.0002759210929070832,1157802,0.02012479997938499
diabetes,10,ascd_zero_oracle,1320,0.00010202555824889714,1273094,0.02207010000711307
diabetes,10,ascd_zero_oracle,1440,4.0489289943934637e-05,1388386,0.024007599975448102
diabetes,10,ascd_zero_oracle,1560,2.16167504021314e-05,1503678,0.0258703000145033
diabetes,10,ascd_zero_oracle,1680,1.0324803000116844e-05,1618970,0.02772970002843067
diabetes,10,ascd_zero_oracle,1800,4.03841551133155e-06,1734262,0.03081899997778237
diabetes,10,ascd_zero_oracle,1920,2.062791082835247e-06,1849554,0.03600109997205436
diabetes,10,ascd_zero_oracle,2040,8.070009869243222e-07,1964846,0.03907569998409599
diabetes,10,ascd_zero_oracle,2160,3.302370430446899e-07,2080138,0.04383129999041557
diabetes,10,ascd_zero_oracle,2280,1.2479894451189466e-07,2195430,0.0486187000060454
diabetes,10,ascd_zero_oracle,2400,4.6502862005581846e-08,2310722,0.050969499978236854
diabetes,11,ascd_zero_oracle,0,111.9433754500213,4882,6.799993570894003e-06
diabetes,11,ascd_zero_oracle,120,0.011961962765170142,120174,0.0019388999789953232
diabetes,11,ascd_zero_oracle,240,0.0046754263003663254,235466,0.0037953999708406627
diabetes,11,ascd_zero_oracle,360,0.0018145867434355978,350758,0.005642900010570884
diabetes,11,ascd_zero_oracle,480,0.0010385531749079746,466050,0.007832199975382537
diabetes,11,ascd_zero_oracle,600,0.0004372654651660923,581342,0.009700299997348338
diabetes,11,ascd_zero_oracle,720,0.00018824644587311923,696634,0.011550199997145683
diabetes,11,ascd_zero_oracle,840,5.430599260591862e-05,811926,0.01574200001778081
diabetes,11,ascd_zero_oracle,960,2.108273520207149e-05,927218,0.018930799968075007
diabetes,11,ascd_zero_oracle,1080,6.606628517147328e-06,1042510,0.02099129999987781
diabetes,11,ascd_zero_oracle,1200,2.8609481859120933e-06,1157802,0.022882599965669215
diabetes,11,ascd_zero_oracle,1320,1.00692473381514e-06,1273094,0.028067799983546138
diabetes,11,ascd_zero_oracle,1440,5.351854923674182e-07,1388386,0.03198540001176298
diabetes,11,ascd_zero_oracle,1560,2.2050222980851686e-07,1503678,0.03427989996271208
diabetes,11,ascd_zero_oracle,1680,1.190094707226308e-07,1618970,0.03613759996369481
diabetes,11,ascd_zero_oracle,1800,6.440671995733283e-08,1734262,0.03799019998405129
diabetes,11,ascd_zero_oracle,1920,2.7688486170518445e-08,1849554,0.041798199992626905
diabetes,11,ascd_zero_oracle,2040,9.838231562753208e-09,1964846,0.046452099981252104
diabetes,11,ascd_zero_oracle,2160,4.23787582803925e-09,2080138,0.04960239998763427
diabetes,11,ascd_zero_oracle,2280,1.8052617178909713e-09,2195430,0.051648099964950234
diabetes,11,ascd_zero_oracle,2400,6.763229976058938e-10,2310722,0.05357200000435114
