problem_id,kind,case,problem_seed,algorithm_seed,method,n,d,max_steps,checkpoint_steps,max_coordinate_epochs,primary_target,secondary_target,success_primary,success_secondary,steps_to_primary,epochs_to_primary,steps_to_secondary,epochs_to_secondary,initial_objective,reference_objective,initial_absolute_gap,final_objective,final_absolute_gap,final_relative_gap,median_setup_seconds,median_oracle_setup_seconds,median_update_seconds,median_total_method_seconds,median_evaluation_seconds_excluded,median_seconds_to_primary,median_seconds_to_secondary,repeat1_total_method_seconds,repeat2_total_method_seconds,repeat3_total_method_seconds,repeat1_seconds_to_primary,repeat2_seconds_to_primary,repeat3_seconds_to_primary,proxy_common_setup,proxy_method_setup,proxy_oracle_setup,proxy_per_update,proxy_core_to_primary,proxy_costed_to_primary,proxy_core_final,proxy_costed_final,evaluation_proxy_work_excluded,median_active_set_size,median_active_set_fraction,full_active_fraction,pruned_fraction,half_or_less_active_fraction,median_zero_lower_fraction,reference_test_rmse_standardized,final_test_rmse_standardized,test_rmse_difference_standardized,reference_test_rmse_original,final_test_rmse_original,test_rmse_difference_original,final_weights_sha256
heldout_balanced_moderate_seed100,synthetic,heldout_balanced_moderate,100,9100,uniform,800,96,19200,480,200.0,1e-06,0.0001,1,1,3360,35.0,1920,20.0,319.3726731746011,8.186886940854693,311.1857862337464,8.186886940854698,5.329070518200751e-15,1.7125044760874244e-17,0.00011709996033459902,0.0,0.10060999967390671,0.100723099661991,0.00012130016693845391,0.0147956000873819,0.008193200046662241,0.13699079974321648,0.08365129999583587,0.100723099661991,0.032176699896808714,0.0147956000873819,0.013856699923053384,76896,0,0,1603,5462976,5462976,30854496,30854496,36736,,,,,,,,,,,,,503cd3e22553e3709fdc04d1184419c0fd61bc40b374a5999352735322b325be
heldout_balanced_moderate_seed100,synthetic,heldout_balanced_moderate,100,9100,lipschitz,800,96,19200,480,200.0,1e-06,0.0001,1,1,3360,35.0,2400,25.0,319.3726731746011,8.186886940854693,311.1857862337464,8.186886940854695,1.7763568394002505e-15,5.708348253624748e-18,0.0001248999615199864,0.0,0.24137840024195611,0.2415033002034761,0.00014689983800053596,0.03378100006375462,0.02384479995816946,0.2415033002034761,0.1995511000859551,0.25863530015340075,0.04084550007246435,0.03378100006375462,0.03239109989954159,76896,192,0,1603,5463168,5463168,30854688,30854688,36736,,,,,,,,,,,,,6aeb60344f86754542fc28eff70861a5d76acc530a62e00478edd09db064a123
heldout_balanced_moderate_seed100,synthetic,heldout_balanced_moderate,100,9100,ascd_g3_zero,800,96,19200,480,200.0,1e-06,0.0001,1,1,3360,35.0,1920,20.0,319.3726731746011,8.186886940854693,311.1857862337464,8.186886940854704,1.0658141036401503e-14,3.425008952174849e-17,0.00032519997330382466,0.0,0.516111800330691,0.5164370003039949,0.0001809997484087944,0.10001510009169579,0.06903900002362207,0.6548708999180235,0.5164370003039949,0.44041729997843504,0.15488310001092032,0.10001510009169579,0.07563399994978681,76896,76896,0,2563,8765472,8765472,49363392,49363392,36736,96.0,1.0,0.9999479166666667,5.2083333333285964e-05,5.208333333333334e-05,1.0,,,,,,,206352c3614793209d1ca79c53376ca849056571176ac68b113161d86b843552
heldout_balanced_moderate_seed100,synthetic,heldout_balanced_moderate,100,9100,ascd_g1_exact,800,96,19200,480,200.0,1e-06,0.0001,1,1,1440,15.0,960,10.0,319.3726731746011,8.186886940854693,311.1857862337464,8.186886940854686,0.0,0.0,0.0003591999993659556,0.00021929998183622956,1.418502599815838,1.418861799815204,0.00022689998149871826,0.09883530007209629,0.0632816000143066,1.418861799815204,1.4776992000406608,1.1569750002236106,0.11213010002393275,0.08296809991588816,0.09883530007209629,76896,76896,7372800,2563,3844512,11217312,49363392,56736192,36736,1.0,0.010416666666666666,0.0,1.0,1.0,0.010416666666666666,,,,,,,1ce794b26334bc71bcaa528d4886c255459d842f41ba953df476dee55815421b
heldout_balanced_moderate_seed101,synthetic,heldout_balanced_moderate,101,9101,uniform,800,96,19200,480,200.0,1e-06,0.0001,1,1,3360,35.0,1920,20.0,474.9372550325113,8.329486567739677,466.60776846477165,8.32948656773968,3.552713678800501e-15,7.613918839134644e-18,0.00011239998275414109,0.0,0.08706270024413243,0.08717050025006756,0.00016540009528398514,0.014272999949753284,0.007948700047563761,0.1390874999924563,0.08600749971810728,0.08717050025006756,0.02271009993273765,0.014272999949753284,0.013697100104764104,76896,0,0,1603,5462976,5462976,30854496,30854496,36736,,,,,,,,,,,,,345179f52ee3a67a9321bb4ebd01f1b99a0c0228816f48fef693d8a185566caa
heldout_balanced_moderate_seed101,synthetic,heldout_balanced_moderate,101,9101,lipschitz,800,96,19200,480,200.0,1e-06,0.0001,1,1,3840,40.0,2400,25.0,474.9372550325113,8.329486567739677,466.60776846477165,8.329486567739677,0.0,0.0,0.00011490000179037452,0.0,0.2209922003094107,0.2212450003135018,0.00014670001110062003,0.044274100102484226,0.027583299961406738,0.2212450003135018,0.19816180010093376,0.22250900004291907,0.044274100102484226,0.03981130005558953,0.04930010001407936,76896,192,0,1603,6232608,6232608,30854688,30854688,36736,,,,,,,,,,,,,2afcb905d07cb4c62fa4319efd6db47e03b5ac6793dcd64b998bf62c9da92525
heldout_balanced_moderate_seed101,synthetic,heldout_balanced_moderate,101,9101,ascd_g3_zero,800,96,19200,480,200.0,1e-06,0.0001,1,1,3360,35.0,1920,20.0,474.9372550325113,8.329486567739677,466.60776846477165,8.329486567739673,0.0,0.0,0.00012700003571808338,0.0,0.4222143000806682,0.42234130011638626,0.00014679977903142571,0.07480059989029542,0.03877749998355284,0.427176000259351,0.42234130011638626,0.3880819996120408,0.0663799000903964,0.08533200004603714,0.07480059989029542,76896,76896,0,2563,8765472,8765472,49363392,49363392,36736,96.0,1.0,0.9999479166666667,5.2083333333285964e-05,5.208333333333334e-05,1.0,,,,,,,4e7ed2296f1bb9b0b77c48eab0c77a68af6b4806f3eff2b66b3f5ef81f18f1d1
heldout_balanced_moderate_seed101,synthetic,heldout_balanced_moderate,101,9101,ascd_g1_exact,800,96,19200,480,200.0,1e-06,0.0001,1,1,1440,15.0,960,10.0,474.9372550325113,8.329486567739677,466.60776846477165,8.329486567739671,0.0,0.0,0.001006399979814887,0.0007283999584615231,1.3508053000550717,1.3521690000779927,0.00022350007202476263,0.13035609992220998,0.09351289994083345,1.3521690000779927,1.3726930999546312,1.2713417001068592,0.13237930001923814,0.07924650004133582,0.13035609992220998,76896,76896,7372800,2563,3844512,11217312,49363392,56736192,36736,1.0,0.010416666666666666,0.0,1.0,1.0,0.010416666666666666,,,,,,,f1702bd781644de42f443f64d0b568c876f118cbfb8b821855084b14b35260be
heldout_balanced_moderate_seed102,synthetic,heldout_balanced_moderate,102,9102,uniform,800,96,19200,480,200.0,1e-06,0.0001,1,1,3360,35.0,1920,20.0,415.749951290701,8.242937957445127,407.5070133332559,8.242937957445134,7.105427357601002e-15,1.743633146208024e-17,0.00011830002767965198,0.0,0.13136929995380342,0.13148509996244684,0.00016739993588998914,0.017177099944092333,0.008326999959535897,0.14705730008427054,0.13148509996244684,0.08597740018740296,0.02991250017657876,0.017177099944092333,0.013842399988789111,76896,0,0,1603,5462976,5462976,30854496,30854496,36736,,,,,,,,,,,,,3983740068d204849ab40cb69a84770a853a2bde472832705b2e9f76bc36923b
heldout_balanced_moderate_seed102,synthetic,heldout_balanced_moderate,102,9102,lipschitz,800,96,19200,480,200.0,1e-06,0.0001,1,1,3360,35.0,1920,20.0,415.749951290701,8.242937957445127,407.5070133332559,8.24293795744513,3.552713678800501e-15,8.71816573104012e-18,0.00012149999383836985,0.0,0.20309669960988685,0.20320769964018837,0.00014790025306865573,0.033529199950862676,0.01834229991072789,0.20320769964018837,0.20134009968023747,0.21306670003104955,0.033529199950862676,0.03307669988134876,0.036747400008607656,76896,192,0,1603,5463168,5463168,30854688,30854688,36736,,,,,,,,,,,,,67da47535a38d4efedf534934cb970ceac1dd1ca35a737542450e39fc87cf76d
heldout_balanced_moderate_seed102,synthetic,heldout_balanced_moderate,102,9102,ascd_g3_zero,800,96,19200,480,200.0,1e-06,0.0001,1,1,3360,35.0,1920,20.0,415.749951290701,8.242937957445127,407.5070133332559,8.242937957445127,0.0,0.0,0.00013319996651262045,0.0,0.4087693998590112,0.40890269982628524,0.0001636002562008798,0.07125430001178756,0.043045699945650995,0.40890269982628524,0.4156292998814024,0.40129569970304146,0.07110739994095638,0.07125430001178756,0.07149789977120236,76896,76896,0,2563,8765472,8765472,49363392,49363392,36736,96.0,1.0,0.9999479166666667,5.2083333333285964e-05,5.208333333333334e-05,1.0,,,,,,,71bdda6860d83dfede77d88194e22cd38e2bc3959e0c55bc243d3a8aa4b501b0
heldout_balanced_moderate_seed102,synthetic,heldout_balanced_moderate,102,9102,ascd_g1_exact,800,96,19200,480,200.0,1e-06,0.0001,1,1,960,10.0,960,10.0,415.749951290701,8.242937957445127,407.5070133332559,8.242937957445122,0.0,0.0,0.00034140003845095634,0.00021710002329200506,0.9754065001616254,0.9757506001624279,0.00014719972386956215,0.05113150004763156,0.05113150004763156,0.9757506001624279,0.9943996001384221,0.9736791996401735,0.044628200004808605,0.05113150004763156,0.05644010001560673,76896,76896,7372800,2563,2614272,9987072,49363392,56736192,36736,1.0,0.010416666666666666,0.0,1.0,1.0,0.010416666666666666,,,,,,,cf2e9c92172b2ea567c54f07256e763a703aa0cc279fd5e74851498295590081
heldout_balanced_moderate_seed103,synthetic,heldout_balanced_moderate,103,9103,uniform,800,96,19200,480,200.0,1e-06,0.0001,1,1,3360,35.0,1920,20.0,382.45282252767765,7.694293527206198,374.75852900047147,7.69429352720619,0.0,0.0,0.00013830000534653664,0.0,0.10435099992901087,0.1044892999343574,0.0001328998478129506,0.018104399903677404,0.01178589992923662,0.1044892999343574,0.08637580001959577,0.10858430003281683,0.018104399903677404,0.016975799924694,0.02454590005800128,76896,0,0,1603,5462976,5462976,30854496,30854496,36736,,,,,,,,,,,,,1e5f8cc9565c5c92e8e8a7f16364f045fac232437dea9303a2551f7fccdb4677
heldout_balanced_moderate_seed103,synthetic,heldout_balanced_moderate,103,9103,lipschitz,800,96,19200,480,200.0,1e-06,0.0001,1,1,2880,30.0,1920,20.0,382.45282252767765,7.694293527206198,374.75852900047147,7.694293527206194,0.0,0.0,0.00011520000407472253,0.0,0.21719769993796945,0.21731069992529228,0.00015100016025826335,0.03043240011902526,0.021173000044655055,0.21731069992529228,0.20694379997439682,0.23322309996001422,0.02672349993372336,0.03043240011902526,0.03344829997513443,76896,192,0,1603,4693728,4693728,30854688,30854688,36736,,,,,,,,,,,,,26d14dbabd3859b9d14f824c72a0f57ea88c96ca7ba603b9b55b3fbbd85aa34b
heldout_balanced_moderate_seed103,synthetic,heldout_balanced_moderate,103,9103,ascd_g3_zero,800,96,19200,480,200.0,1e-06,0.0001,1,1,2880,30.0,1920,20.0,382.45282252767765,7.694293527206198,374.75852900047147,7.694293527206189,0.0,0.0,0.0001317000132985413,0.0,0.44180539989611134,0.4419370999094099,0.00016799999866634607,0.06695949990535155,0.039536100055556744,0.4419370999094099,0.4765118997893296,0.41999319999013096,0.06695949990535155,0.07909200002904981,0.06465840007876977,76896,76896,0,2563,7535232,7535232,49363392,49363392,36736,96.0,1.0,0.9999479166666667,5.2083333333285964e-05,5.208333333333334e-05,1.0,,,,,,,916c0d60390b3fddf8436a3897e2352b6c2ff7f6c8df83cd81578f8805d0a0c8
heldout_balanced_moderate_seed103,synthetic,heldout_balanced_moderate,103,9103,ascd_g1_exact,800,96,19200,480,200.0,1e-06,0.0001,1,1,960,10.0,480,5.0,382.45282252767765,7.694293527206198,374.75852900047147,7.694293527206195,0.0,0.0,0.000347500026691705,0.00021959998412057757,1.059058699873276,1.0599137998651713,0.000168000056874007,0.04684730008011684,0.026377600035630167,1.0599137998651713,1.0785844001802616,1.0184195000911132,0.08051770000020042,0.04213950003031641,0.04684730008011684,76896,76896,7372800,2563,2614272,9987072,49363392,56736192,36736,1.0,0.010416666666666666,0.0,1.0,1.0,0.010416666666666666,,,,,,,b7f341111bbdb6600a130ecf1e8f4e4bc7ed0bdcba74bcccaf4973170270ce1e
heldout_balanced_moderate_seed104,synthetic,heldout_balanced_moderate,104,9104,uniform,800,96,19200,480,200.0,1e-06,0.0001,1,1,2880,30.0,1920,20.0,451.06670496434157,7.1463036294131,443.92040133492844,7.146303629413098,0.0,0.0,0.00013770000077784061,0.0,0.09270390000892803,0.09284160000970587,0.00010759994620457292,0.013248200120870024,0.009342800069134682,0.09284160000970587,0.09228349989280105,0.09887319977860898,0.013248200120870024,0.012837600079365075,0.020612199907191098,76896,0,0,1603,4693536,4693536,30854496,30854496,36736,,,,,,,,,,,,,af411a131b0c49a9c306ca72be57b6c45e1306291881b2f3a12d67e5842e98c8
heldout_balanced_moderate_seed104,synthetic,heldout_balanced_moderate,104,9104,lipschitz,800,96,19200,480,200.0,1e-06,0.0001,1,1,3360,35.0,2400,25.0,451.06670496434157,7.1463036294131,443.92040133492844,7.146303629413105,5.329070518200751e-15,1.2004563210376272e-17,0.0001142999972216785,0.0,0.20986539992736652,0.20997689996147528,0.00013829994713887572,0.0359647999284789,0.02759179996792227,0.17849229980492964,0.20997689996147528,0.22187069989740849,0.029595999978482723,0.0359647999284789,0.048644799913745373,76896,192,0,1603,5463168,5463168,30854688,30854688,36736,,,,,,,,,,,,,b8cf7c7f7cb61b2e9e55186274361ca0a4e1c892387859b68176a313a6a69545
heldout_balanced_moderate_seed104,synthetic,heldout_balanced_moderate,104,9104,ascd_g3_zero,800,96,19200,480,200.0,1e-06,0.0001,1,1,2880,30.0,1920,20.0,451.06670496434157,7.1463036294131,443.92040133492844,7.146303629413107,7.105427357601002e-15,1.6006084280501695e-17,0.00012340000830590725,0.0,0.6141772000701167,0.6143006000784226,0.00022649974562227726,0.08555489999707788,0.052724999957717955,0.6942113001132384,0.6143006000784226,0.44882760022301227,0.125112300098408,0.08555489999707788,0.07166810007765889,76896,76896,0,2563,7535232,7535232,49363392,49363392,36736,96.0,1.0,0.9999479166666667,5.2083333333285964e-05,5.208333333333334e-05,1.0,,,,,,,f24d6d5be0b3416a62c279df6655ae6a5f73440f911e1e57f7465807f5291c48
heldout_balanced_moderate_seed104,synthetic,heldout_balanced_moderate,104,9104,ascd_g1_exact,800,96,19200,480,200.0,1e-06,0.0001,1,1,1440,15.0,960,10.0,451.06670496434157,7.1463036294131,443.92040133492844,7.146303629413099,0.0,0.0,0.0004167999722994864,0.0002607000060379505,1.0810834002913907,1.0815002002636902,0.00016469985712319613,0.0833303999970667,0.050812600005883723,1.059475099958945,1.617889299930539,1.0815002002636902,0.0833303999970667,0.10127889993600547,0.07209129998227581,76896,76896,7372800,2563,3844512,11217312,49363392,56736192,36736,1.0,0.010416666666666666,0.0,1.0,1.0,0.010416666666666666,,,,,,,b62d96138384665ed999862824f33bbe81aced1c8b634551c2e94b00d2d14410
heldout_balanced_moderate_seed105,synthetic,heldout_balanced_moderate,105,9105,uniform,800,96,19200,480,200.0,1e-06,0.0001,1,1,3360,35.0,2400,25.0,366.94520500272466,8.133069169307163,358.8121358334175,8.133069169307168,5.329070518200751e-15,1.485197959044181e-17,0.00011179997818544507,0.0,0.09884460031753406,0.09939100028714165,0.000141700089443475,0.020017599978018552,0.014305900025647134,0.09796720003942028,0.11661949986591935,0.09939100028714165,0.013731999846640974,0.020017599978018552,0.02438989997608587,76896,0,0,1603,5462976,5462976,30854496,30854496,36736,,,,,,,,,,,,,99d141f2cdeac25a865efa019e7388f308d502c01204602ca67ebef9f33dd548
heldout_balanced_moderate_seed105,synthetic,heldout_balanced_moderate,105,9105,lipschitz,800,96,19200,480,200.0,1e-06,0.0001,1,1,3360,35.0,2400,25.0,366.94520500272466,8.133069169307163,358.8121358334175,8.133069169307179,1.5987211554602254e-14,4.4555938771325426e-17,0.00015979999443516135,0.0,0.21075560012832284,0.21086980012478307,0.00014369975542649627,0.04025530000217259,0.029638700012583286,0.2329224001732655,0.20744560012826696,0.21086980012478307,0.04723009996814653,0.04025530000217259,0.033523700141813606,76896,192,0,1603,5463168,5463168,30854688,30854688,36736,,,,,,,,,,,,,287e588812a5d5b2d8a619ab8d56621a667c51691b540b6a80646a98fe09fc65
heldout_balanced_moderate_seed105,synthetic,heldout_balanced_moderate,105,9105,ascd_g3_zero,800,96,19200,480,200.0,1e-06,0.0001,1,1,3840,40.0,2400,25.0,366.94520500272466,8.133069169307163,358.8121358334175,8.133069169307165,1.7763568394002505e-15,4.9506598634806035e-18,0.00012509996304288507,0.0,0.37383690022397786,0.37395760021172464,0.000137000170070678,0.07766609999816865,0.04924610001035035,0.40521529997931793,0.369809299998451,0.37395760021172464,0.08221799996681511,0.07086129998788238,0.07766609999816865,76896,76896,0,2563,9995712,9995712,49363392,49363392,36736,96.0,1.0,0.9999479166666667,5.2083333333285964e-05,5.208333333333334e-05,1.0,,,,,,,27af36353da2a1d9a68cc57197305cfe7ff0aa8811cef23af816055840b6c76e
heldout_balanced_moderate_seed105,synthetic,heldout_balanced_moderate,105,9105,ascd_g1_exact,800,96,19200,480,200.0,1e-06,0.0001,1,1,960,10.0,960,10.0,366.94520500272466,8.133069169307163,358.8121358334175,8.133069169307168,5.329070518200751e-15,1.485197959044181e-17,0.0003377999528311193,0.00021700002253055573,0.9716461001662537,0.9719784001354128,0.00014659989392384887,0.045016099989879876,0.045016099989879876,0.9791456001112238,0.9719784001354128,0.958350199915003,0.04183889995329082,0.045016099989879876,0.05421669996576384,76896,76896,7372800,2563,2614272,9987072,49363392,56736192,36736,1.0,0.010416666666666666,0.0,1.0,1.0,0.010416666666666666,,,,,,,1d73ab34bd2bf65410eee271cd4c7d4ff3f61d0575374ca7d5e37c6d47c20923
heldout_balanced_moderate_seed106,synthetic,heldout_balanced_moderate,106,9106,uniform,800,96,19200,480,200.0,1e-06,0.0001,1,1,3360,35.0,1920,20.0,357.5215602555019,8.15322651340295,349.36833374209897,8.153226513402947,0.0,0.0,0.00011180003639310598,0.0,0.09568120032781735,0.09579300036421046,0.00011609983630478382,0.019733200140763074,0.008783600060269237,0.09823729994241148,0.0931348002050072,0.09579300036421046,0.013902699924074113,0.019733200140763074,0.01985680009238422,76896,0,0,1603,5462976,5462976,30854496,30854496,36736,,,,,,,,,,,,,347d2a24d21a34ccc3926626499b192eea472cfe01aa4209a4f7de4cc1560d22
heldout_balanced_moderate_seed106,synthetic,heldout_balanced_moderate,106,9106,lipschitz,800,96,19200,480,200.0,1e-06,0.0001,1,1,3360,35.0,2400,25.0,357.5215602555019,8.15322651340295,349.36833374209897,8.153226513402947,0.0,0.0,0.00011879997327923775,0.0,0.18199329962953925,0.1821120996028185,0.00011880026431754231,0.03097170003456995,0.021955500007607043,0.19165399990743026,0.1821120996028185,0.1782066999003291,0.031151600007433444,0.029833799926564097,0.03097170003456995,76896,192,0,1603,5463168,5463168,30854688,30854688,36736,,,,,,,,,,,,,630ff750dd026e09fcee394137f4ee03ae1c3c12102013fe06fe8be4f88e1f0a
heldout_balanced_moderate_seed106,synthetic,heldout_balanced_moderate,106,9106,ascd_g3_zero,800,96,19200,480,200.0,1e-06,0.0001,1,1,3360,35.0,1920,20.0,357.5215602555019,8.15322651340295,349.36833374209897,8.153226513402963,1.2434497875801753e-14,3.559137069640892e-17,0.0001357000437565148,0.0,0.3922989996499382,0.39244369964580983,0.00014310010010376573,0.06767069990746677,0.03891040000598878,0.39244369964580983,0.4159828003612347,0.37970460020005703,0.06767069990746677,0.07682400004705414,0.05969230004120618,76896,76896,0,2563,8765472,8765472,49363392,49363392,36736,96.0,1.0,0.9998958333333333,0.00010416666666668295,5.208333333333334e-05,1.0,,,,,,,85acdf6be28ae23bb06360c25b3befa8d50fb14785036f0f835ffbf5e96c50c4
heldout_balanced_moderate_seed106,synthetic,heldout_balanced_moderate,106,9106,ascd_g1_exact,800,96,19200,480,200.0,1e-06,0.0001,1,1,960,10.0,480,5.0,357.5215602555019,8.15322651340295,349.36833374209897,8.153226513402945,0.0,0.0,0.00040169997373595834,0.00024750002194195986,1.0120879000169225,1.0124199000420049,0.00014590000500902534,0.046769100008532405,0.02350539999315515,0.9668265000800602,1.0315365000860766,1.0124199000420049,0.046769100008532405,0.04463760001817718,0.05249460006598383,76896,76896,7372800,2563,2614272,9987072,49363392,56736192,36736,1.0,0.010416666666666666,0.0,1.0,1.0,0.010416666666666666,,,,,,,c42a4bb9fbd6410275edc687113598e8fa85f2d6e22ecda47d6d2d47a57c6e52
heldout_balanced_moderate_seed107,synthetic,heldout_balanced_moderate,107,9107,uniform,800,96,19200,480,200.0,1e-06,0.0001,1,1,2880,30.0,1920,20.0,367.1680837596945,8.142091568047446,359.0259921916471,8.142091568047446,0.0,0.0,0.000242499983869493,0.0,0.08637490012915805,0.08649110014084727,0.000105199811514467,0.013308300112839788,0.00934160005999729,0.08538710023276508,0.08649110014084727,0.10518820001743734,0.013308300112839788,0.011772199999541044,0.018868699902668595,76896,0,0,1603,4693536,4693536,30854496,30854496,36736,,,,,,,,,,,,,c3b2066e9279fd569f91ef5754add557e4c93ec49830f3761632f7a6b51e4133
heldout_balanced_moderate_seed107,synthetic,heldout_balanced_moderate,107,9107,lipschitz,800,96,19200,480,200.0,1e-06,0.0001,1,1,2880,30.0,1920,20.0,367.1680837596945,8.142091568047446,359.0259921916471,8.142091568047437,0.0,0.0,0.00011260004248470068,0.0,0.21778629993787035,0.21789889998035505,0.00013320008292794228,0.033391500008292496,0.023746400023810565,0.2253229003981687,0.2015517000691034,0.21789889998035505,0.03420260001439601,0.026127300050575286,0.033391500008292496,76896,192,0,1603,4693728,4693728,30854688,30854688,36736,,,,,,,,,,,,,70c6b14cb791e9fc0dbf630198f1300a0e8b7bcd10dbb1b4189fc1aecf28c8b5
heldout_balanced_moderate_seed107,synthetic,heldout_balanced_moderate,107,9107,ascd_g3_zero,800,96,19200,480,200.0,1e-06,0.0001,1,1,2880,30.0,1920,20.0,367.1680837596945,8.142091568047446,359.0259921916471,8.142091568047462,1.5987211554602254e-14,4.452939871291637e-17,0.00012879999121651053,0.0,0.3985657998127863,0.39871219982160255,0.00014560000272467732,0.05694089998723939,0.03438199998345226,0.39871219982160255,0.37202190019888803,0.4026246002758853,0.05694089998723939,0.049194300023373216,0.06313399999635294,76896,76896,0,2563,7535232,7535232,49363392,49363392,36736,96.0,1.0,0.9999479166666667,5.2083333333285964e-05,5.208333333333334e-05,1.0,,,,,,,56c0d84089cb85d46ef5e47677cb5e9d94f1ad4206aac7691bfc9200b318800a
heldout_balanced_moderate_seed107,synthetic,heldout_balanced_moderate,107,9107,ascd_g1_exact,800,96,19200,480,200.0,1e-06,0.0001,1,1,960,10.0,960,10.0,367.1680837596945,8.142091568047446,359.0259921916471,8.142091568047446,0.0,0.0,0.00033469998743385077,0.0002185999765060842,1.001964800118003,1.0024875000817701,0.00016950006829574704,0.0507719999877736,0.0507719999877736,1.0024875000817701,1.0067658003536053,0.9413713000249118,0.0507719999877736,0.05801500001689419,0.05074830004014075,76896,76896,7372800,2563,2614272,9987072,49363392,56736192,36736,1.0,0.010416666666666666,0.0,1.0,1.0,0.010416666666666666,,,,,,,168c08be585cea1e280733e286dbd265c117ab13b03baa7f74e598bc8833a825
heldout_balanced_moderate_seed108,synthetic,heldout_balanced_moderate,108,9108,uniform,800,96,19200,480,200.0,1e-06,0.0001,1,1,2880,30.0,1920,20.0,422.97962968514713,8.382222131438082,414.59740755370905,8.382222131438079,0.0,0.0,0.00010389997623860836,0.0,0.09060790005605668,0.09070820006309077,0.0001064998796209693,0.017399100004695356,0.008157200063578784,0.08849509991705418,0.09910690010292456,0.09070820006309077,0.011830099974758923,0.017399100004695356,0.01832580001791939,76896,0,0,1603,4693536,4693536,30854496,30854496,36736,,,,,,,,,,,,,05d91cc0d44517092c5dd2e8370800d0cd681940b2c0f735b0832d77ac99fb11
heldout_balanced_moderate_seed108,synthetic,heldout_balanced_moderate,108,9108,lipschitz,800,96,19200,480,200.0,1e-06,0.0001,1,1,3360,35.0,1920,20.0,422.97962968514713,8.382222131438082,414.59740755370905,8.382222131438082,0.0,0.0,0.0001107999705709517,0.0,0.20782279985724017,0.20793329982552677,0.00012650014832615852,0.03481249988544732,0.022228599875234067,0.19646100007230416,0.20793329982552677,0.21185899985721335,0.03166309982771054,0.03481249988544732,0.03967249987181276,76896,192,0,1603,5463168,5463168,30854688,30854688,36736,,,,,,,,,,,,,d2ae17ed4c63f5781ddaeeee6e0114036f9a5cbb92fdcf4c427b3ec69bce6a86
heldout_balanced_moderate_seed108,synthetic,heldout_balanced_moderate,108,9108,ascd_g3_zero,800,96,19200,480,200.0,1e-06,0.0001,1,1,3360,35.0,1920,20.0,422.97962968514713,8.382222131438082,414.59740755370905,8.382222131438075,0.0,0.0,0.0001218999968841672,0.0,0.4169437996461056,0.4170656996429898,0.0001428000396117568,0.07482410012744367,0.040529000107198954,0.3897183997905813,0.4170656996429898,0.4334451004397124,0.059731299814302474,0.07616349990712479,0.07482410012744367,76896,76896,0,2563,8765472,8765472,49363392,49363392,36736,96.0,1.0,0.9999479166666667,5.2083333333285964e-05,5.208333333333334e-05,1.0,,,,,,,e2b8506140d0e3ba3c7594a756c633d051429608e55e20931604efa3dc3f0a73
heldout_balanced_moderate_seed108,synthetic,heldout_balanced_moderate,108,9108,ascd_g1_exact,800,96,19200,480,200.0,1e-06,0.0001,1,1,960,10.0,480,5.0,422.97962968514713,8.382222131438082,414.59740755370905,8.382222131438084,1.7763568394002505e-15,4.284534362820714e-18,0.00035099999513477087,0.00022149999858811498,0.9745901997084729,0.9749622996896505,0.0001555999624542892,0.04766569996718317,0.021514899970497936,0.9749622996896505,1.0072341000195593,0.9712838001432829,0.06023520004237071,0.042505000019446015,0.04766569996718317,76896,76896,7372800,2563,2614272,9987072,49363392,56736192,36736,1.0,0.010416666666666666,0.0,1.0,1.0,0.010416666666666666,,,,,,,dceff51c28fd2fb1b9b2d2fa6b9fe178489ba42ae421b0be3e7c87c22aa00fcc
heldout_balanced_moderate_seed109,synthetic,heldout_balanced_moderate,109,9109,uniform,800,96,19200,480,200.0,1e-06,0.0001,1,1,3360,35.0,2400,25.0,374.20591478672475,8.021639424187066,366.1842753625377,8.021639424187061,0.0,0.0,0.00010890001431107521,0.0,0.0911284001194872,0.09136200009379536,0.00010699988342821598,0.013909100031014532,0.01002169999992475,0.09905810019699857,0.09136200009379536,0.08724719990277663,0.013858100050128996,0.01541020005242899,0.013909100031014532,76896,0,0,1603,5462976,5462976,30854496,30854496,36736,,,,,,,,,,,,,cd12caa81e7f186d01d6a79fdd23db65718a930191a16383c0fd319988deaec6
heldout_balanced_moderate_seed109,synthetic,heldout_balanced_moderate,109,9109,lipschitz,800,96,19200,480,200.0,1e-06,0.0001,1,1,2880,30.0,1920,20.0,374.20591478672475,8.021639424187066,366.1842753625377,8.021639424187056,0.0,0.0,0.00011589995119720697,0.0,0.206120400223881,0.20623250026255846,0.00013610016321763396,0.027842499897815287,0.017950199893675745,0.18751850008266047,0.2170711996150203,0.20623250026255846,0.030826900096144527,0.027842499897815287,0.025520200084429234,76896,192,0,1603,4693728,4693728,30854688,30854688,36736,,,,,,,,,,,,,ffd598469bbef04d60a72ba10b581232e5b9cace72524cb928bcd8dfffd3235e
heldout_balanced_moderate_seed109,synthetic,heldout_balanced_moderate,109,9109,ascd_g3_zero,800,96,19200,480,200.0,1e-06,0.0001,1,1,3360,35.0,2400,25.0,374.20591478672475,8.021639424187066,366.1842753625377,8.021639424187079,1.2434497875801753e-14,3.3956941115210594e-17,0.00012420001439750195,0.0,0.38184999994700775,0.38197289989329875,0.00014210009248927236,0.06272240012185648,0.04605880007147789,0.3918240997591056,0.38197289989329875,0.3792659998871386,0.06272240012185648,0.06875829998170957,0.06272080005146563,76896,76896,0,2563,8765472,8765472,49363392,49363392,36736,96.0,1.0,0.9999479166666667,5.2083333333285964e-05,5.208333333333334e-05,1.0,,,,,,,5df91c36a9823985d767c980ee603b4c76b5a07674b5750611464a58b13954b2
heldout_balanced_moderate_seed109,synthetic,heldout_balanced_moderate,109,9109,ascd_g1_exact,800,96,19200,480,200.0,1e-06,0.0001,1,1,960,10.0,960,10.0,374.20591478672475,8.021639424187066,366.1842753625377,8.021639424187072,5.329070518200751e-15,1.4552974763661683e-17,0.0008345999522134662,0.000541499990504235,1.1181980997789651,1.119603399769403,0.00017200008733198047,0.05629169999156147,0.05629169999156147,1.026714100211393,1.4061116999946535,1.119603399769403,0.05404419993283227,0.05629169999156147,0.08393630001228303,76896,76896,7372800,2563,2614272,9987072,49363392,56736192,36736,1.0,0.010416666666666666,0.0,1.0,1.0,0.010416666666666666,,,,,,,d630fb32e469224be250cf97dfc00dd0ca04aa6d65c10b9130404a9add25f305
heldout_balanced_moderate_seed110,synthetic,heldout_balanced_moderate,110,9110,uniform,800,96,19200,480,200.0,1e-06,0.0001,1,1,2880,30.0,1920,20.0,437.41580648077047,7.974872613452074,429.4409338673184,7.974872613452077,2.6645352591003757e-15,6.204660638903184e-18,0.00011530000483617187,0.0,0.1439534998498857,0.14406699984101579,0.00020339986076578498,0.017765199998393655,0.00830589997349307,0.14406699984101579,0.14210769993951544,0.15289679990382865,0.01239209994673729,0.024088300007861108,0.017765199998393655,76896,0,0,1603,4693536,4693536,30854496,30854496,36736,,,,,,,,,,,,,95aca9cb26ede5274c3c5cfc0ca26e263fd1047ae0122a6d39dbe10813888b01
heldout_balanced_moderate_seed110,synthetic,heldout_balanced_moderate,110,9110,lipschitz,800,96,19200,480,200.0,1e-06,0.0001,1,1,3360,35.0,1920,20.0,437.41580648077047,7.974872613452074,429.4409338673184,7.974872613452075,8.881784197001252e-16,2.068220212967728e-18,0.00011330004781484604,0.0,0.21162839990574867,0.2117416999535635,0.0001428999239578843,0.035563499957788736,0.018169300048612058,0.2117416999535635,0.21885649987962097,0.18746849987655878,0.03187240002444014,0.04333440004847944,0.035563499957788736,76896,192,0,1603,5463168,5463168,30854688,30854688,36736,,,,,,,,,,,,,d4696f4dc5ec9fdd577777297443fbfcc36d2dc6eb70c5300ebb9e7b0543f96d
heldout_balanced_moderate_seed110,synthetic,heldout_balanced_moderate,110,9110,ascd_g3_zero,800,96,19200,480,200.0,1e-06,0.0001,1,1,2880,30.0,1920,20.0,437.41580648077047,7.974872613452074,429.4409338673184,7.974872613452077,2.6645352591003757e-15,6.204660638903184e-18,0.00013719999697059393,0.0,0.4383866999996826,0.4385238999966532,0.0001563999685458839,0.06714070006273687,0.042577399988658726,0.40946789988083765,0.45419889979530126,0.4385238999966532,0.0607174999313429,0.06714070006273687,0.07837820000713691,76896,76896,0,2563,7535232,7535232,49363392,49363392,36736,96.0,1.0,0.9999479166666667,5.2083333333285964e-05,5.208333333333334e-05,1.0,,,,,,,01998e60b1848a8c1e6ea411809c367c692bcdf536575eab4de922fad5a0b86b
heldout_balanced_moderate_seed110,synthetic,heldout_balanced_moderate,110,9110,ascd_g1_exact,800,96,19200,480,200.0,1e-06,0.0001,1,1,1440,15.0,960,10.0,437.41580648077047,7.974872613452074,429.4409338673184,7.974872613452076,1.7763568394002505e-15,4.136440425935456e-18,0.000722800032235682,0.00045009999303147197,1.1122669003088959,1.1130813003401272,0.00018869969062507153,0.09176499996101484,0.06682609999552369,1.0313863003975712,1.2075397999142297,1.1130813003401272,0.07228660001419485,0.09176499996101484,0.1224939000676386,76896,76896,7372800,2563,3844512,11217312,49363392,56736192,36736,1.0,0.010416666666666666,0.0,1.0,1.0,0.010416666666666666,,,,,,,d87dc79f28b9ef5fb827a95ac4ded9758310b3ff790e644900449b5e9acc7a6e
heldout_balanced_moderate_seed111,synthetic,heldout_balanced_moderate,111,9111,uniform,800,96,19200,480,200.0,1e-06,0.0001,1,1,3360,35.0,1920,20.0,418.1060632334301,8.303997536166717,409.8020656972634,8.303997536166715,0.0,0.0,0.00011470000026747584,0.0,0.1287556997849606,0.12887039978522807,0.000163900142069906,0.018892699910793453,0.009401099989190698,0.11763150000479072,0.15476409997791052,0.12887039978522807,0.019185000041034073,0.018892699910793453,0.0174311000155285,76896,0,0,1603,5462976,5462976,30854496,30854496,36736,,,,,,,,,,,,,f250aec8c651a2c256e49d9b0d68494a8b9ca53ea7913a32f574ea8d2a15a2ef
heldout_balanced_moderate_seed111,synthetic,heldout_balanced_moderate,111,9111,lipschitz,800,96,19200,480,200.0,1e-06,0.0001,1,1,3840,40.0,2400,25.0,418.1060632334301,8.303997536166717,409.8020656972634,8.303997536166712,0.0,0.0,0.0001200000406242907,0.0,0.20263229997362942,0.20274969999445602,0.00012809981126338243,0.04012670018710196,0.026305500068701804,0.20274969999445602,0.2062501999316737,0.19758160010678694,0.04012670018710196,0.04921720002312213,0.03641240001888946,76896,192,0,1603,6232608,6232608,30854688,30854688,36736,,,,,,,,,,,,,390ee0636048e481a66512a3acd7cf3ca27563a8e7664d1911499ab104df3658
heldout_balanced_moderate_seed111,synthetic,heldout_balanced_moderate,111,9111,ascd_g3_zero,800,96,19200,480,200.0,1e-06,0.0001,1,1,3360,35.0,1920,20.0,418.1060632334301,8.303997536166717,409.8020656972634,8.303997536166706,0.0,0.0,0.00012260000221431255,0.0,0.39034689986146986,0.39048129989532754,0.0001286001061089337,0.06573069997830316,0.03862059989478439,0.39048129989532754,0.40085369994631037,0.3724668998620473,0.06573069997830316,0.08078749995911494,0.06402509985491633,76896,76896,0,2563,8765472,8765472,49363392,49363392,36736,96.0,1.0,0.9999479166666667,5.2083333333285964e-05,5.208333333333334e-05,1.0,,,,,,,4b5e9f24ea4fb55500b630d68681e6221a9e430a0aa056411c315e763c1087ef
heldout_balanced_moderate_seed111,synthetic,heldout_balanced_moderate,111,9111,ascd_g1_exact,800,96,19200,480,200.0,1e-06,0.0001,1,1,960,10.0,960,10.0,418.1060632334301,8.303997536166717,409.8020656972634,8.303997536166712,0.0,0.0,0.000507800024934113,0.0003842000151053071,0.9986460999934934,0.9994427000056021,0.00014969997573643923,0.04891099996166304,0.04891099996166304,0.9994427000056021,1.0425336002372205,0.9556957998429425,0.04891099996166304,0.05375520006055012,0.0430777000146918,76896,76896,7372800,2563,2614272,9987072,49363392,56736192,36736,1.0,0.010416666666666666,0.0,1.0,1.0,0.010416666666666666,,,,,,,5c80074a68cb34cf5bf94d72ca8e45e3837b7968e676db3f4c7c6212bc407f01
heldout_balanced_strong_seed100,synthetic,heldout_balanced_strong,100,9100,uniform,800,96,19200,480,200.0,1e-06,0.0001,1,1,12000,125.0,6720,70.0,225.4215966447518,8.186762762418514,217.23483388233328,8.186763310994872,5.485763576729141e-07,2.5252688432558393e-09,0.0001058999914675951,0.0,0.08508279983652756,0.08519389986759052,8.809997234493494e-05,0.055799299909267575,0.027900899935048074,0.08519389986759052,0.08365409984253347,0.09375840006396174,0.055799299909267575,0.054409499920438975,0.05772510019596666,76896,0,0,1603,19312896,19312896,30854496,30854496,36736,,,,,,,,,,,,,c5f5be364d2e2c9733b322c9741e2c5ff33c17bb9637000d2e8b1d027e827083
heldout_balanced_strong_seed100,synthetic,heldout_balanced_strong,100,9100,lipschitz,800,96,19200,480,200.0,1e-06,0.0001,1,1,12000,125.0,6720,70.0,225.4215966447518,8.186762762418514,217.23483388233328,8.186763295976633,5.335581185761384e-07,2.4561351834814107e-09,0.00011370005086064339,0.0,0.20612699975026771,0.20624069980112836,0.0001267001498490572,0.13004760013427585,0.06722760002594441,0.20624069980112836,0.1818358000018634,0.2115629002219066,0.13096039998345077,0.11730229994282126,0.13004760013427585,76896,192,0,1603,19313088,19313088,30854688,30854688,36736,,,,,,,,,,,,,f87b800684ec5fdb43d572895cd12b540be4937f4abbd2cfc0206c1c9b4ad5bf
heldout_balanced_strong_seed100,synthetic,heldout_balanced_strong,100,9100,ascd_g3_zero,800,96,19200,480,200.0,1e-06,0.0001,1,1,11520,120.0,6720,70.0,225.4215966447518,8.186762762418514,217.23483388233328,8.186763039647573,2.772290592645277e-07,1.2761722156157086e-09,0.00012129999231547117,0.0,0.38234659982845187,0.38247699983185157,0.0001273000380024314,0.22941069985972717,0.13386809988878667,0.38247699983185157,0.3670197998872027,0.3964070000802167,0.22941069985972717,0.2199698998592794,0.2450018001254648,76896,76896,0,2563,29679552,29679552,49363392,49363392,36736,96.0,1.0,0.9999479166666667,5.2083333333285964e-05,5.208333333333334e-05,1.0,,,,,,,b53a4a4d0113ffc5bc2da36ff77d7e0e798ca0ffdde90c992bb9f16a3b895545
heldout_balanced_strong_seed100,synthetic,heldout_balanced_strong,100,9100,ascd_g1_exact,800,96,19200,480,200.0,1e-06,0.0001,1,1,4320,45.0,2400,25.0,225.4215966447518,8.186762762418514,217.23483388233328,8.186762762418514,0.0,0.0,0.00034199998481199145,0.00021689996356144547,0.9921125998953357,0.9924545998801477,0.0001484001404605806,0.2224494001129642,0.12371110008098185,0.9781776000163518,0.9985141996876337,0.9924545998801477,0.2224494001129642,0.22966970002744347,0.21822030004113913,76896,76896,7372800,2563,11225952,18598752,49363392,56736192,36736,1.0,0.010416666666666666,0.0,1.0,1.0,0.010416666666666666,,,,,,,519e7bcf96327a53298b025b162d69850770ee96754da835db5fe4ca441451cd
heldout_balanced_strong_seed101,synthetic,heldout_balanced_strong,101,9101,uniform,800,96,19200,480,200.0,1e-06,0.0001,1,1,12000,125.0,6240,65.0,846.627895621369,8.329890072314615,838.2980055490544,8.329893965566649,3.893252033648764e-06,4.644233921442801e-09,0.0001105000264942646,0.0,0.09077230031834915,0.090883300290443,0.00010910001583397388,0.05631109996465966,0.03175529994769022,0.0902308999793604,0.09762109979055822,0.090883300290443,0.05631109996465966,0.06232169986469671,0.054912200022954494,76896,0,0,1603,19312896,19312896,30854496,30854496,36736,,,,,,,,,,,,,2ba73e436744f670b10438c752d56bc70e0a3f2fa27b8ec4546a014636bc69f8
heldout_balanced_strong_seed101,synthetic,heldout_balanced_strong,101,9101,lipschitz,800,96,19200,480,200.0,1e-06,0.0001,1,1,12480,130.0,6720,70.0,846.627895621369,8.329890072314615,838.2980055490544,8.329893396874528,3.3245599126985326e-06,3.96584495095043e-09,0.00011659995652735233,0.0,0.20486890006577596,0.20498060004319996,0.00012709974544122815,0.1387803999823518,0.07425780000630766,0.20498060004319996,0.20612520014401525,0.1989462001947686,0.14157210005214438,0.1387803999823518,0.13480790029279888,76896,192,0,1603,20082528,20082528,30854688,30854688,36736,,,,,,,,,,,,,652151d676bf88fcc458f00df105ea1c1214940b583b1ba398d54af972d85b08
heldout_balanced_strong_seed101,synthetic,heldout_balanced_strong,101,9101,ascd_g3_zero,800,96,19200,480,200.0,1e-06,0.0001,1,1,12480,130.0,6720,70.0,846.627895621369,8.329890072314615,838.2980055490544,8.329896146995026,6.074680410250721e-06,7.2464450231776806e-09,0.00015169999096542597,0.0,0.38686839980073273,0.387027999793645,0.00013850018149241805,0.24985799985006452,0.1460852999589406,0.3835562999593094,0.4090536002186127,0.387027999793645,0.24985799985006452,0.26380100019741803,0.24866379972081631,76896,76896,0,2563,32140032,32140032,49363392,49363392,36736,96.0,1.0,0.9999479166666667,5.2083333333285964e-05,5.208333333333334e-05,1.0,,,,,,,6ac7a2d06ed40cb04717abfe99126171b49474ce0047a0c007c0c3f946aecf86
heldout_balanced_strong_seed101,synthetic,heldout_balanced_strong,101,9101,ascd_g1_exact,800,96,19200,480,200.0,1e-06,0.0001,1,1,3840,40.0,1920,20.0,846.627895621369,8.329890072314615,838.2980055490544,8.329890072314601,0.0,0.0,0.00034880003659054637,0.00021819997346028686,1.0105347998905927,1.0108835999271832,0.00014690018724650145,0.20858620008220896,0.10226600005989894,1.0116701999795623,0.9866611000616103,1.0108835999271832,0.21257410006364807,0.19919970002956688,0.20858620008220896,76896,76896,7372800,2563,9995712,17368512,49363392,56736192,36736,1.0,0.010416666666666666,0.0,1.0,1.0,0.010416666666666666,,,,,,,aee54c0929f2c2b8eeaa1e70229503012c2f8233e566d168d62f026c388205bd
heldout_balanced_strong_seed102,synthetic,heldout_balanced_strong,102,9102,uniform,800,96,19200,480,200.0,1e-06,0.0001,1,1,11040,115.0,6240,65.0,499.49611629809414,8.24252283429112,491.25359346380304,8.24252324481204,4.105209185922831e-07,8.356598792442858e-10,0.00011419999646022916,0.0,0.09738659998402,0.09749059996102005,0.00011440005619078875,0.058035099878907204,0.03252239996800199,0.10022820020094514,0.09339059994090348,0.09749059996102005,0.05859760020393878,0.053531999816186726,0.058035099878907204,76896,0,0,1603,17774016,17774016,30854496,30854496,36736,,,,,,,,,,,,,12fd4003a726989447c20956dcafda8004456aee39157854730c66bb9838b788
heldout_balanced_strong_seed102,synthetic,heldout_balanced_strong,102,9102,lipschitz,800,96,19200,480,200.0,1e-06,0.0001,1,1,11520,120.0,5760,60.0,499.49611629809414,8.24252283429112,491.25359346380304,8.242523706221352,8.719302311277488e-07,1.7749086067336729e-09,0.00011369999265298247,0.0,0.19122720026643947,0.19134090025909245,0.00012340029934421182,0.11963900015689433,0.0580217000679113,0.2103420002385974,0.189443499839399,0.19134090025909245,0.13844570005312562,0.1150980000384152,0.11963900015689433,76896,192,0,1603,18543648,18543648,30854688,30854688,36736,,,,,,,,,,,,,faa73519022ee0217c2ffda672765d2ed4603a3ed7c0c84c094c7a5f7f039ccf
heldout_balanced_strong_seed102,synthetic,heldout_balanced_strong,102,9102,ascd_g3_zero,800,96,19200,480,200.0,1e-06,0.0001,1,1,10560,110.0,5760,60.0,499.49611629809414,8.24252283429112,491.25359346380304,8.242523103927683,2.696365619669905e-07,5.488744826593478e-10,0.00012589996913447976,0.0,0.41722669964656234,0.41735009965486825,0.00015000015264376998,0.23409909976180643,0.1382711999467574,0.3679118996951729,0.41735009965486825,0.5967963997973129,0.20080029987730086,0.23409909976180643,0.3187911998247728,76896,76896,0,2563,27219072,27219072,49363392,49363392,36736,96.0,1.0,0.9998958333333333,0.00010416666666668295,5.208333333333334e-05,1.0,,,,,,,830a4032defdbe58aa76e40759f44b18383c040fba23f683919b7fc741b547d0
heldout_balanced_strong_seed102,synthetic,heldout_balanced_strong,102,9102,ascd_g1_exact,800,96,19200,480,200.0,1e-06,0.0001,1,1,3360,35.0,1440,15.0,499.49611629809414,8.24252283429112,491.25359346380304,8.242522834291123,1.7763568394002505e-15,3.615967115630143e-18,0.00035559997195377946,0.0002201999886892736,1.4854916000040248,1.486008399981074,0.0002682000049389899,0.2370008999714628,0.1059001000248827,1.5502824001014233,1.486008399981074,1.2094180000131018,0.25616849999642,0.2370008999714628,0.22733439999865368,76896,76896,7372800,2563,8765472,16138272,49363392,56736192,36736,1.0,0.010416666666666666,0.0,1.0,1.0,0.010416666666666666,,,,,,,5ec65fa567631adfbbbfc5082e57129fefbf292fbd204e26877e53d3fbebfd5e
heldout_balanced_strong_seed103,synthetic,heldout_balanced_strong,103,9103,uniform,800,96,19200,480,200.0,1e-06,0.0001,1,1,12000,125.0,6720,70.0,448.4842276465862,7.69468679592478,440.7895408506614,7.694687633237635,8.373128546068642e-07,1.899575141894177e-09,0.00011920003453269601,0.0,0.12908570014405996,0.12933480011997744,0.0001561999088153243,0.08318870002403855,0.041097500070463866,0.148384400177747,0.12933480011997744,0.11825179995503277,0.08483560016611591,0.0751241001416929,0.08318870002403855,76896,0,0,1603,19312896,19312896,30854496,30854496,36736,,,,,,,,,,,,,d7d84f5510718e05c0f6d5d38549e72fcae737d435aff2031cfc6284f7224494
heldout_balanced_strong_seed103,synthetic,heldout_balanced_strong,103,9103,lipschitz,800,96,19200,480,200.0,1e-06,0.0001,1,1,12000,125.0,6720,70.0,448.4842276465862,7.69468679592478,440.7895408506614,7.69468801948452,1.2235597397491915e-06,2.77583659854518e-09,0.00011520000407472253,0.0,0.21127919986611232,0.21139439987018704,0.00014479999663308263,0.128269599925261,0.06915859994478524,0.18797509977594018,0.21139439987018704,0.2272725998191163,0.12335669994354248,0.128269599925261,0.14077639998868108,76896,192,0,1603,19313088,19313088,30854688,30854688,36736,,,,,,,,,,,,,80d0a5f4253b4729c228d599240d642f5db96ccfd54167b86efc85bbc9db63c1
heldout_balanced_strong_seed103,synthetic,heldout_balanced_strong,103,9103,ascd_g3_zero,800,96,19200,480,200.0,1e-06,0.0001,1,1,12000,125.0,6240,65.0,448.4842276465862,7.69468679592478,440.7895408506614,7.694687728220779,9.322959986235446e-07,2.115059256679152e-09,0.0001303000026382506,0.0,0.44476870010839775,0.444899000111036,0.000163900142069906,0.2801489999401383,0.14025480003328994,0.444899000111036,0.5118112002382986,0.4103959998465143,0.2888177999993786,0.2801489999401383,0.26030039991019294,76896,76896,0,2563,30909792,30909792,49363392,49363392,36736,96.0,1.0,0.9999479166666667,5.2083333333285964e-05,5.208333333333334e-05,1.0,,,,,,,af6282ac71688c84e9a196f1417e1d47f437f0fb303869808962550d9893743d
heldout_balanced_strong_seed103,synthetic,heldout_balanced_strong,103,9103,ascd_g1_exact,800,96,19200,480,200.0,1e-06,0.0001,1,1,3840,40.0,1920,20.0,448.4842276465862,7.69468679592478,440.7895408506614,7.694686795924777,0.0,0.0,0.00034550001146271825,0.00022819999139755964,1.030266499845311,1.0306119998567738,0.00015230017015710473,0.21342419990105554,0.11070679989643395,1.056335500383284,1.0306119998567738,0.9953723999788053,0.24795100005576387,0.21342419990105554,0.2089260997599922,76896,76896,7372800,2563,9995712,17368512,49363392,56736192,36736,1.0,0.010416666666666666,0.0,1.0,1.0,0.010416666666666666,,,,,,,ad6ef312c5c795f8ff89ef1f3fb20d730128dc091fac8a5e0ce464fb616e9c28
heldout_balanced_strong_seed104,synthetic,heldout_balanced_strong,104,9104,uniform,800,96,19200,480,200.0,1e-06,0.0001,1,1,10560,110.0,5760,60.0,797.0343416496594,7.14679100292837,789.887550646731,7.146791416923282,4.139949121295672e-07,5.241187961382646e-10,0.00011449999874457717,0.0,0.09071520017459989,0.09082970017334446,0.00010339997243136168,0.05301039997721091,0.026260600076057017,0.08948530006455258,0.09082970017334446,0.09921549999853596,0.05367850000038743,0.045838700025342405,0.05301039997721091,76896,0,0,1603,17004576,17004576,30854496,30854496,36736,,,,,,,,,,,,,ca877a358623796a8d36bc9e03307a5270576b120d9cf2ac38975771d351ac4b
heldout_balanced_strong_seed104,synthetic,heldout_balanced_strong,104,9104,lipschitz,800,96,19200,480,200.0,1e-06,0.0001,1,1,11040,115.0,5760,60.0,797.0343416496594,7.14679100292837,789.887550646731,7.146792103971821,1.1010434510794198e-06,1.3939242999562732e-09,0.0002413999754935503,0.0,0.21654499985743314,0.21665659989230335,0.00014240009477362037,0.12141249963315204,0.061906700022518635,0.21665659989230335,0.21259649959392846,0.2287331994739361,0.11485019978135824,0.12141249963315204,0.12404619954759255,76896,192,0,1603,17774208,17774208,30854688,30854688,36736,,,,,,,,,,,,,964ab51311527d536238e1f709e02fff22d13b6ff9050dbd4653b666afed42f8
heldout_balanced_strong_seed104,synthetic,heldout_balanced_strong,104,9104,ascd_g3_zero,800,96,19200,480,200.0,1e-06,0.0001,1,1,10560,110.0,5760,60.0,797.0343416496594,7.14679100292837,789.887550646731,7.14679134530483,3.423764605159363e-07,4.3344962233625656e-10,0.00014080002438277006,0.0,0.4834415001096204,0.4835645001148805,0.00019060011254623532,0.22770479990867898,0.12435959989670664,0.4010454999515787,0.4835645001148805,0.5785860999603756,0.21912409999640658,0.22770479990867898,0.3426408998784609,76896,76896,0,2563,27219072,27219072,49363392,49363392,36736,96.0,1.0,0.9998958333333333,0.00010416666666668295,5.208333333333334e-05,1.0,,,,,,,46fcf80b6568771f54be74650fa5d1a1d4b86f7fd68c1938e22c90585ebae109
heldout_balanced_strong_seed104,synthetic,heldout_balanced_strong,104,9104,ascd_g1_exact,800,96,19200,480,200.0,1e-06,0.0001,1,1,3840,40.0,1920,20.0,797.0343416496594,7.14679100292837,789.887550646731,7.146791002928371,8.881784197001252e-16,1.1244365340014757e-18,0.0005518000107258558,0.00026189995696768165,1.1020709996810183,1.102631799702067,0.000166000216268003,0.21394180011702701,0.11114120006095618,1.102631799702067,0.9838974999729544,1.1783841002034023,0.22456509986659512,0.19206469994969666,0.21394180011702701,76896,76896,7372800,2563,9995712,17368512,49363392,56736192,36736,1.0,0.010416666666666666,0.0,1.0,1.0,0.010416666666666666,,,,,,,6f36cc6327fada28a17a9d8ba16492c77978a487b0d32698226a3fa3ebfaa5f9
heldout_balanced_strong_seed105,synthetic,heldout_balanced_strong,105,9105,uniform,800,96,19200,480,200.0,1e-06,0.0001,1,1,13920,145.0,7200,75.0,322.82537718279673,8.133784858160855,314.69159232463585,8.133790246689408,5.388528553140759e-06,1.7123204701261776e-08,0.0001699999556876719,0.0,0.12063319986918941,0.12075049988925457,0.00017769989790394902,0.09049599996069446,0.05852939997566864,0.11852949991589412,0.12075049988925457,0.1488189998199232,0.09049599996069446,0.08409579982981086,0.12026749982032925,76896,0,0,1603,22390656,22390656,30854496,30854496,36736,,,,,,,,,,,,,21c7b3547dc816b0f8abc29487fd2406a776fdd976a0dc1ec75cd4de42f8bb15
heldout_balanced_strong_seed105,synthetic,heldout_balanced_strong,105,9105,lipschitz,800,96,19200,480,200.0,1e-06,0.0001,1,1,12480,130.0,6720,70.0,322.82537718279673,8.133784858160855,314.69159232463585,8.133786244479522,1.386318666973807e-06,4.405324771256299e-09,0.00017179996939375997,0.0,0.2941183999646455,0.29429019993403926,0.00025889999233186245,0.1878254001494497,0.1186738001415506,0.3725914997048676,0.29357580025680363,0.29429019993403926,0.276592799811624,0.1878254001494497,0.18268410000018775,76896,192,0,1603,20082528,20082528,30854688,30854688,36736,,,,,,,,,,,,,6ff123bb94e8cb43c4b06a0bcae6029bf0e443f56c15cc101303e3d3f52ee8df
heldout_balanced_strong_seed105,synthetic,heldout_balanced_strong,105,9105,ascd_g3_zero,800,96,19200,480,200.0,1e-06,0.0001,1,1,13440,140.0,7200,75.0,322.82537718279673,8.133784858160855,314.69159232463585,8.13378848593135,3.6277704946741096e-06,1.1528018489072633e-08,0.00020249997032806277,0.0,0.4565325001021847,0.4567350000725128,0.00016959995264187455,0.32161170011386275,0.17905930004781112,0.4664412999409251,0.44782759982626885,0.4567350000725128,0.3445496999192983,0.2912030999432318,0.32161170011386275,76896,76896,0,2563,34600512,34600512,49363392,49363392,36736,96.0,1.0,0.9999479166666667,5.2083333333285964e-05,5.208333333333334e-05,1.0,,,,,,,9ca531d60248b7e550ec027ef975c157c4030f50fc88a21b3055fe4aa4b76198
heldout_balanced_strong_seed105,synthetic,heldout_balanced_strong,105,9105,ascd_g1_exact,800,96,19200,480,200.0,1e-06,0.0001,1,1,3840,40.0,1920,20.0,322.82537718279673,8.133784858160855,314.69159232463585,8.13378485816086,5.329070518200751e-15,1.6934264048285353e-17,0.000361100013833493,0.00022280000848695636,1.0798195000970736,1.080180600110907,0.00019920006161555648,0.19789410009980202,0.10059900005580857,1.080180600110907,1.0643912000814453,1.3266103998175822,0.19789410009980202,0.19639999995706603,0.2898994999122806,76896,76896,7372800,2563,9995712,17368512,49363392,56736192,36736,1.0,0.010416666666666666,0.0,1.0,1.0,0.010416666666666666,,,,,,,f62714154f2bcd57123d07b7c004825c22452c41f6ae792462fea006fc01e755
heldout_balanced_strong_seed106,synthetic,heldout_balanced_strong,106,9106,uniform,800,96,19200,480,200.0,1e-06,0.0001,1,1,12480,130.0,6720,70.0,329.84440064944135,8.153358325212931,321.6910423242284,8.15336054193251,2.21671957945091e-06,6.890834023338162e-09,0.00011900003300979733,0.0,0.09840469982009381,0.09899099986068904,0.00012910005170851946,0.06275599991204217,0.03606089990353212,0.1014485998894088,0.09616319986525923,0.09899099986068904,0.0632294999086298,0.06275599991204217,0.0617574998177588,76896,0,0,1603,20082336,20082336,30854496,30854496,36736,,,,,,,,,,,,,973c7aa1e091b6241fea18be50a81b546e4ebf2e238fbb44a6b3f737bf48fc57
heldout_balanced_strong_seed106,synthetic,heldout_balanced_strong,106,9106,lipschitz,800,96,19200,480,200.0,1e-06,0.0001,1,1,12960,135.0,6720,70.0,329.84440064944135,8.153358325212931,321.6910423242284,8.153360395642261,2.070429330203183e-06,6.436080144614107e-09,0.00011790002463385463,0.0,0.21389640017878264,0.2140143002034165,0.0001585001591593027,0.14919200009899214,0.07804360007867217,0.2140143002034165,0.2296466002590023,0.211713099735789,0.14919200009899214,0.1501560002216138,0.1447171998443082,76896,192,0,1603,20851968,20851968,30854688,30854688,36736,,,,,,,,,,,,,09e4f243e1257794a62f75a95da37d5014e9178b8a5965457d54fa4421586543
heldout_balanced_strong_seed106,synthetic,heldout_balanced_strong,106,9106,ascd_g3_zero,800,96,19200,480,200.0,1e-06,0.0001,1,1,12000,125.0,6240,65.0,329.84440064944135,8.153358325212931,321.6910423242284,8.153359727642824,1.4024298931047952e-06,4.359555314230054e-09,0.00014239997835829854,0.0,0.4151565998326987,0.41530359984608367,0.0001582999830134213,0.2489373998832889,0.1330821998999454,0.41530359984608367,0.3981236000545323,0.42283900000620633,0.2489373998832889,0.24473979999311268,0.2712112999288365,76896,76896,0,2563,30909792,30909792,49363392,49363392,36736,96.0,1.0,0.9999479166666667,5.2083333333285964e-05,5.208333333333334e-05,1.0,,,,,,,81a969f93aff4af808f9ee94b879b9caf46fbd3102fc1c1a92f82b987393db69
heldout_balanced_strong_seed106,synthetic,heldout_balanced_strong,106,9106,ascd_g1_exact,800,96,19200,480,200.0,1e-06,0.0001,1,1,3840,40.0,1920,20.0,329.84440064944135,8.153358325212931,321.6910423242284,8.15335832521295,1.9539925233402755e-14,6.0741278626306e-17,0.00038139999378472567,0.0002332000294700265,1.1169919995008968,1.117629399523139,0.00018500041915103793,0.20982659998117015,0.09926919999998063,1.1414829000132158,1.117629399523139,1.0543968998244964,0.20982659998117015,0.2667925999267027,0.20443329989211634,76896,76896,7372800,2563,9995712,17368512,49363392,56736192,36736,1.0,0.010416666666666666,0.0,1.0,1.0,0.010416666666666666,,,,,,,538e711f83f40387bb2c5c045c7b89e1c0fcfd4aa04c28cabc5cae9be1e756dd
heldout_balanced_strong_seed107,synthetic,heldout_balanced_strong,107,9107,uniform,800,96,19200,480,200.0,1e-06,0.0001,1,1,12000,125.0,6240,65.0,358.9726101651539,8.142423691927767,350.83018647322615,8.142425549898121,1.8579703535692715e-06,5.295924995071836e-09,0.00017069996101781726,0.0,0.1419737997930497,0.1421444997540675,0.0001951002050191164,0.09972859977278858,0.04948519996833056,0.1421444997540675,0.1176951001980342,0.15921739995246753,0.09972859977278858,0.07130570022854954,0.10296629997901618,76896,0,0,1603,19312896,19312896,30854496,30854496,36736,,,,,,,,,,,,,0033e682a96c0fbaace947d6d2351d670920e08af4b69df28fd3996dd98e5610
heldout_balanced_strong_seed107,synthetic,heldout_balanced_strong,107,9107,lipschitz,800,96,19200,480,200.0,1e-06,0.0001,1,1,11520,120.0,6240,65.0,358.9726101651539,8.142423691927767,350.83018647322615,8.142424213226498,5.212987304048511e-07,1.4859004455839045e-09,0.00011439999798312783,0.0,0.20730930007994175,0.20742970006540418,0.00014249992091208696,0.12838629994075745,0.07188309996854514,0.23755089996848255,0.20537699991837144,0.20742970006540418,0.1381660999613814,0.12838629994075745,0.12546980008482933,76896,192,0,1603,18543648,18543648,30854688,30854688,36736,,,,,,,,,,,,,1d7d8363746d365665ad4e0c3349d0915f5beb0270df6b29697c447911a20a24
heldout_balanced_strong_seed107,synthetic,heldout_balanced_strong,107,9107,ascd_g3_zero,800,96,19200,480,200.0,1e-06,0.0001,1,1,12000,125.0,6240,65.0,358.9726101651539,8.142423691927767,350.83018647322615,8.14242521967666,1.5277488927267768e-06,4.354667732798894e-09,0.0001343999756500125,0.0,0.5147645997931249,0.514898999768775,0.0001924001262523234,0.31112589983968064,0.14937869989080355,0.576700899633579,0.48466269997879863,0.514898999768775,0.35725209972588345,0.28127640002639964,0.31112589983968064,76896,76896,0,2563,30909792,30909792,49363392,49363392,36736,96.0,1.0,0.9999479166666667,5.2083333333285964e-05,5.208333333333334e-05,1.0,,,,,,,f10a669d30434640754e31a2b2c4fc187ee646f3b611d3e8ce4a094396baeab0
heldout_balanced_strong_seed107,synthetic,heldout_balanced_strong,107,9107,ascd_g1_exact,800,96,19200,480,200.0,1e-06,0.0001,1,1,3840,40.0,1920,20.0,358.9726101651539,8.142423691927767,350.83018647322615,8.142423691927764,0.0,0.0,0.0006791999912820756,0.00043509999522939324,1.1528403999982402,1.1535195999895222,0.00017729989485815167,0.21840160008287057,0.1211304001044482,1.41382759984117,1.1535195999895222,1.0317317999433726,0.21840160008287057,0.3097571999533102,0.20732980000320822,76896,76896,7372800,2563,9995712,17368512,49363392,56736192,36736,1.0,0.010416666666666666,0.0,1.0,1.0,0.010416666666666666,,,,,,,8791d7a46781aa6a5dd592381dd4c2c4a3ea5e7a5b70df66e7fbd663623dee5d
heldout_balanced_strong_seed108,synthetic,heldout_balanced_strong,108,9108,uniform,800,96,19200,480,200.0,1e-06,0.0001,1,1,11040,115.0,5760,60.0,533.8967632092988,8.382954613987621,525.5138085953112,8.382955364906353,7.509187316401267e-07,1.4289229309641145e-09,0.00011989998165518045,0.0,0.12342020001960918,0.12354800006141886,0.00014869990991428494,0.08603550004772842,0.033169199945405126,0.15010480006458238,0.11730119975982234,0.12354800006141886,0.10108620004029945,0.07754869991913438,0.08603550004772842,76896,0,0,1603,17774016,17774016,30854496,30854496,36736,,,,,,,,,,,,,06b6a638a77f74f240e137f84b72a331fc175078d33aa986664aaefb32714a34
heldout_balanced_strong_seed108,synthetic,heldout_balanced_strong,108,9108,lipschitz,800,96,19200,480,200.0,1e-06,0.0001,1,1,11040,115.0,5280,55.0,533.8967632092988,8.382954613987621,525.5138085953112,8.382955180731186,5.667435640788199e-07,1.0784560839489928e-09,0.00024800002574920654,0.0,0.30791889992542565,0.30816689995117486,0.00022000004537403584,0.18424770009005442,0.09023490000981838,0.30816689995117486,0.311661499843467,0.2671250001876615,0.19430839992128313,0.1754270998062566,0.18424770009005442,76896,192,0,1603,17774208,17774208,30854688,30854688,36736,,,,,,,,,,,,,8824682acd1272a4038c8a6425d1d9fedf875c96ac87f4e693550f60c6fffdb0
heldout_balanced_strong_seed108,synthetic,heldout_balanced_strong,108,9108,ascd_g3_zero,800,96,19200,480,200.0,1e-06,0.0001,1,1,11040,115.0,5760,60.0,533.8967632092988,8.382954613987621,525.5138085953112,8.382955309455602,6.954679800941221e-07,1.3234057197337885e-09,0.00012459995923563838,0.0,0.44765850016847253,0.44778310012770817,0.0002376000047661364,0.24966899992432445,0.13025889999698848,0.4164353996166028,0.44778310012770817,0.6411764998920262,0.24966899992432445,0.246283000044059,0.34261269989656284,76896,76896,0,2563,28449312,28449312,49363392,49363392,36736,96.0,1.0,0.9999479166666667,5.2083333333285964e-05,5.208333333333334e-05,1.0,,,,,,,afe38cf1599292ea52629c09d2cea7b1f3dadf07cfa6ff60dce78b4e41cc21d0
heldout_balanced_strong_seed108,synthetic,heldout_balanced_strong,108,9108,ascd_g1_exact,800,96,19200,480,200.0,1e-06,0.0001,1,1,3360,35.0,1920,20.0,533.8967632092988,8.382954613987621,525.5138085953112,8.382954613987625,3.552713678800501e-15,6.760457328984066e-18,0.00033409998286515474,0.00021500000730156898,1.1108234001439996,1.111155200167559,0.00017080019460991025,0.1978420001687482,0.10494860011385754,1.1530020994250663,0.9726429996662773,1.111155200167559,0.2853048998513259,0.171973499993328,0.1978420001687482,76896,76896,7372800,2563,8765472,16138272,49363392,56736192,36736,1.0,0.010416666666666666,0.0,1.0,1.0,0.010416666666666666,,,,,,,9afd62e01ee441e7da73ceb52ffc893fdc878597358df7fe0e859e0f7529fb9b
heldout_balanced_strong_seed109,synthetic,heldout_balanced_strong,109,9109,uniform,800,96,19200,480,200.0,1e-06,0.0001,1,1,12480,130.0,6720,70.0,491.4376013244073,8.02186827407307,483.4157330503342,8.021870451122098,2.1770490281625143e-06,4.503471606986022e-09,0.00011009996524080634,0.0,0.09710199979599565,0.09721209976123646,0.00012640003114938736,0.060775499790906906,0.03439759981120005,0.10109979979461059,0.09721209976123646,0.09323340031551197,0.060775499790906906,0.06316629989305511,0.05738020030548796,76896,0,0,1603,20082336,20082336,30854496,30854496,36736,,,,,,,,,,,,,0d5296b6de4eb2b0ec9060a5cc650ca849a57450982e38d36d41b7fd48f748d3
heldout_balanced_strong_seed109,synthetic,heldout_balanced_strong,109,9109,lipschitz,800,96,19200,480,200.0,1e-06,0.0001,1,1,12000,125.0,6720,70.0,491.4376013244073,8.02186827407307,483.4157330503342,8.021870495695879,2.2216228092730717e-06,4.5956775036151995e-09,0.00011359999189153314,0.0,0.22419450018787757,0.22430580016225576,0.00014859996736049652,0.1416378000867553,0.07603820000076666,0.22430580016225576,0.22434659994905815,0.19728620001114905,0.1416378000867553,0.14890509995166212,0.12221750005846843,76896,192,0,1603,19313088,19313088,30854688,30854688,36736,,,,,,,,,,,,,d6f314778bd1b16bea957a3e1145ecb8081808fe78ff6b406e33343fdcec1449
heldout_balanced_strong_seed109,synthetic,heldout_balanced_strong,109,9109,ascd_g3_zero,800,96,19200,480,200.0,1e-06,0.0001,1,1,13440,140.0,6720,70.0,491.4376013244073,8.02186827407307,483.4157330503342,8.02187575386788,7.479794810194562e-06,1.547279970181639e-08,0.0001281000440940261,0.0,0.40465019980911165,0.4047782998532057,0.00014769990229979157,0.2869824997615069,0.14263960014795884,0.4047782998532057,0.42093900009058416,0.3915320001542568,0.2869824997615069,0.302823000238277,0.27863020019140095,76896,76896,0,2563,34600512,34600512,49363392,49363392,36736,96.0,1.0,0.9998958333333333,0.00010416666666668295,5.208333333333334e-05,1.0,,,,,,,0290129b23735fa3e16dcedd12df8b6dec6d69727beebab6196543c53040c80a
heldout_balanced_strong_seed109,synthetic,heldout_balanced_strong,109,9109,ascd_g1_exact,800,96,19200,480,200.0,1e-06,0.0001,1,1,3840,40.0,1920,20.0,491.4376013244073,8.02186827407307,483.4157330503342,8.02186827407307,0.0,0.0,0.00034819997381418943,0.00021710002329200506,0.9768024999066256,0.9771506998804398,0.0001582000986672938,0.2070672000409104,0.10305419994983822,0.9771506998804398,0.9852606996428221,0.9310720002395101,0.2080464999889955,0.2070672000409104,0.2012585001066327,76896,76896,7372800,2563,9995712,17368512,49363392,56736192,36736,1.0,0.010416666666666666,0.0,1.0,1.0,0.010416666666666666,,,,,,,2b7636c0e307aaca93a7df28e6c01df41e66e680bf7826068f0087cbfb98b858
heldout_balanced_strong_seed110,synthetic,heldout_balanced_strong,110,9110,uniform,800,96,19200,480,200.0,1e-06,0.0001,1,1,11040,115.0,5760,60.0,361.6394996926797,7.975270880148083,353.66422881253163,7.975271751109986,8.709619025992765e-07,2.462680225036135e-09,0.00011989998165518045,0.0,0.08979560015723109,0.08991070016054437,0.00010520016076043248,0.050074099912308156,0.025039000087417662,0.09060730005148798,0.08397010003682226,0.08991070016054437,0.04876590002095327,0.050074099912308156,0.051950500113889575,76896,0,0,1603,17774016,17774016,30854496,30854496,36736,,,,,,,,,,,,,c5fa04e9b28ee6cacaba178aae9bfb6ba8f2603e3173e207c3452322975f31bc
heldout_balanced_strong_seed110,synthetic,heldout_balanced_strong,110,9110,lipschitz,800,96,19200,480,200.0,1e-06,0.0001,1,1,11040,115.0,5760,60.0,361.6394996926797,7.975270880148083,353.66422881253163,7.975271367070661,4.869225778136865e-07,1.3767934050005146e-09,0.00011750002158805728,0.0,0.18743910011835396,0.18755660013994202,0.0001138997613452375,0.11195290007162839,0.057245299976784736,0.1839779997826554,0.18755660013994202,0.20356450002873316,0.11219159979373217,0.10692740010563284,0.11195290007162839,76896,192,0,1603,17774208,17774208,30854688,30854688,36736,,,,,,,,,,,,,cd1379d37052551f0242baafad745c326601f5be39bf02437b8493335d3eef92
heldout_balanced_strong_seed110,synthetic,heldout_balanced_strong,110,9110,ascd_g3_zero,800,96,19200,480,200.0,1e-06,0.0001,1,1,11040,115.0,6240,65.0,361.6394996926797,7.975270880148083,353.66422881253163,7.975271315544506,4.353964229153462e-07,1.2311011050714397e-09,0.00012089998926967382,0.0,0.4335831998032518,0.43372229975648224,0.00014430016744881868,0.2451503999182023,0.13946149981347844,0.43372229975648224,0.44532369973603636,0.41369609971297905,0.2451503999182023,0.25117159984074533,0.2403212998760864,76896,76896,0,2563,28449312,28449312,49363392,49363392,36736,96.0,1.0,0.9999479166666667,5.2083333333285964e-05,5.208333333333334e-05,1.0,,,,,,,c1d3e597f6a0f81d2d3bc852713da48b06489f1ebe8326d4899cba412da91fdb
heldout_balanced_strong_seed110,synthetic,heldout_balanced_strong,110,9110,ascd_g1_exact,800,96,19200,480,200.0,1e-06,0.0001,1,1,3840,40.0,1920,20.0,361.6394996926797,7.975270880148083,353.66422881253163,7.975270880148078,0.0,0.0,0.0003469999646767974,0.00021760002709925175,1.0281481998972595,1.0285115999286063,0.00014329998521134257,0.2169753999914974,0.10846029996173456,1.0285115999286063,1.0491839000023901,0.9934115000651218,0.2449332001269795,0.1941425001132302,0.2169753999914974,76896,76896,7372800,2563,9995712,17368512,49363392,56736192,36736,1.0,0.010416666666666666,0.0,1.0,1.0,0.010416666666666666,,,,,,,34d2af6f2f42a9aed5f8500f51c74b273c6c1e28e0d85d5f50e9e64d9c62175e
heldout_balanced_strong_seed111,synthetic,heldout_balanced_strong,111,9111,uniform,800,96,19200,480,200.0,1e-06,0.0001,1,1,11520,120.0,5760,60.0,501.54438829809294,8.30398800968159,493.24040028841137,8.303989158397027,1.148715437437886e-06,2.3289159540990565e-09,0.00010850001126527786,0.0,0.10584639973239973,0.10601579974172637,0.00012680009240284562,0.06015559972729534,0.03191019978839904,0.10601579974172637,0.10624500008998439,0.09034849988529459,0.06015559972729534,0.06998960004420951,0.055446499900426716,76896,0,0,1603,18543456,18543456,30854496,30854496,36736,,,,,,,,,,,,,3d67a5d3158c7842eb307494d9445206320a76d37cbe1116f4f72e7f359ae5a9
heldout_balanced_strong_seed111,synthetic,heldout_balanced_strong,111,9111,lipschitz,800,96,19200,480,200.0,1e-06,0.0001,1,1,11520,120.0,5760,60.0,501.54438829809294,8.30398800968159,493.24040028841137,8.303989218656469,1.2089748793187027e-06,2.4510864856402304e-09,0.00011190003715455532,0.0,0.2034365001018159,0.20354840013897046,0.00013299984857439995,0.12807500001508743,0.06404870003461838,0.2028542001498863,0.20354840013897046,0.21210399974370375,0.12807500001508743,0.1151170001248829,0.13428759976522997,76896,192,0,1603,18543648,18543648,30854688,30854688,36736,,,,,,,,,,,,,b1e5ac5d6db02f97207c52a03e1b622d49def2de14412e0d822ee4c9fcec972c
heldout_balanced_strong_seed111,synthetic,heldout_balanced_strong,111,9111,ascd_g3_zero,800,96,19200,480,200.0,1e-06,0.0001,1,1,11040,115.0,5760,60.0,501.54438829809294,8.30398800968159,493.24040028841137,8.303988460721152,4.510395630319408e-07,9.144416450238169e-10,0.00013370002852752805,0.0,0.3900752003537491,0.39019960031146184,0.0001453000004403293,0.22649689990794286,0.114526100049261,0.41140619991347194,0.39019960031146184,0.3870362000307068,0.2432280998909846,0.2217522002174519,0.22649689990794286,76896,76896,0,2563,28449312,28449312,49363392,49363392,36736,96.0,1.0,0.9998958333333333,0.00010416666666668295,5.208333333333334e-05,1.0,,,,,,,b7d5ceb3756df56e397b1ad64e028912023d4552c435977595925727107f967d
heldout_balanced_strong_seed111,synthetic,heldout_balanced_strong,111,9111,ascd_g1_exact,800,96,19200,480,200.0,1e-06,0.0001,1,1,3360,35.0,1920,20.0,501.54438829809294,8.30398800968159,493.24040028841137,8.30398800968159,0.0,0.0,0.0005801999941468239,0.0003823000006377697,1.2295354999951087,1.2303964999737218,0.00019469985272735357,0.19863250001799315,0.11436400003731251,1.074142900062725,1.2303964999737218,1.326953300042078,0.1829035000409931,0.33720130001893267,0.19863250001799315,76896,76896,7372800,2563,8765472,16138272,49363392,56736192,36736,1.0,0.010416666666666666,0.0,1.0,1.0,0.010416666666666666,,,,,,,c1cc1d1d6905a7c9eea4140cac03412c5c69659b9d4bedb5211f8575c5097230
heldout_scaled_moderate_seed100,synthetic,heldout_scaled_moderate,100,9100,uniform,800,96,19200,480,200.0,1e-06,0.0001,1,1,2880,30.0,1920,20.0,22793.92320579714,8.191292311368336,22785.73191348577,8.191292311368352,1.5987211554602254e-14,7.016325661735798e-19,0.0001142999972216785,0.0,0.09278159972745925,0.09294729970861226,0.0001153001794591546,0.018441799969878048,0.009873699978925288,0.12905249965842813,0.08869959990261123,0.09294729970861226,0.020329299964942038,0.012247599894180894,0.018441799969878048,76896,0,0,1603,4693536,4693536,30854496,30854496,36736,,,,,,,,,,,,,f2dbdc750d8be8a7b33100a8002df37fedb6368905210a1c34860b2e5e7ebcbc
heldout_scaled_moderate_seed100,synthetic,heldout_scaled_moderate,100,9100,lipschitz,800,96,19200,480,200.0,1e-06,0.0001,0,0,,,,,22793.92320579714,8.191292311368336,22785.73191348577,14.470189926823801,6.278897615455465,0.0002755626915692486,0.00012229999992996454,0.0,0.3087842999957502,0.30890659999568015,0.00024170015240088105,,,0.2208627000800334,0.30890659999568015,0.3318387000472285,,,,76896,192,0,1603,,,30854688,30854688,36736,,,,,,,,,,,,,6aed8b2cffe01c565aee0f84ea02388ed7cb95a17232a07307520c2941a8af74
heldout_scaled_moderate_seed100,synthetic,heldout_scaled_moderate,100,9100,ascd_g3_zero,800,96,19200,480,200.0,1e-06,0.0001,1,1,3360,35.0,1920,20.0,22793.92320579714,8.191292311368336,22785.73191348577,8.19129231136834,3.552713678800501e-15,1.559183480385733e-19,0.00012529996456578374,0.0,0.43454599962569773,0.4346712995902635,0.00017040030797943473,0.07434219983406365,0.048004599928390235,0.4113871998270042,0.5319491000263952,0.4346712995902635,0.07422640000004321,0.11146250000456348,0.07434219983406365,76896,76896,0,2563,8765472,8765472,49363392,49363392,36736,96.0,1.0,0.9998958333333333,0.00010416666666668295,5.208333333333334e-05,1.0,,,,,,,b7ab22f4f5b4eaa7cab5db38b0cdbc3aeb5ed404b9d30323971e8efe88157a8c
heldout_scaled_moderate_seed100,synthetic,heldout_scaled_moderate,100,9100,ascd_g1_exact,800,96,19200,480,200.0,1e-06,0.0001,1,1,4320,45.0,960,10.0,22793.92320579714,8.191292311368336,22785.73191348577,8.191297252724757,4.941356420928855e-06,2.1686186951073122e-10,0.00036700000055134296,0.0002267000381834805,1.3389032001141459,1.3392702001146972,0.0002163001918233931,0.2561686000553891,0.057789699989371,1.3392702001146972,1.406831199885346,1.2325790998875163,0.2561686000553891,0.3682205000659451,0.24869399995077401,76896,76896,7372800,2563,11225952,18598752,49363392,56736192,36736,1.0,0.010416666666666666,0.0,1.0,1.0,0.010416666666666666,,,,,,,443d9adee5b8ea82bc0d6d7905a438eaabe9769a541dec7d04b2641c1478dc77
heldout_scaled_moderate_seed101,synthetic,heldout_scaled_moderate,101,9101,uniform,800,96,19200,480,200.0,1e-06,0.0001,1,1,3360,35.0,1920,20.0,47064.855015633104,8.338742584474984,47056.516273048626,8.338742584474971,0.0,0.0,0.00011369999265298247,0.0,0.09333860012702644,0.09345250012120232,0.00011319969780743122,0.017250799923203886,0.009137900022324175,0.09922160010319203,0.08998290012823418,0.09345250012120232,0.017250799923203886,0.01868620002642274,0.013919799996074289,76896,0,0,1603,5462976,5462976,30854496,30854496,36736,,,,,,,,,,,,,dbd5f4384dc06abbf92f79e32f1c7fcfd3ce2c3ade1868c608c6cd5b8f237938
heldout_scaled_moderate_seed101,synthetic,heldout_scaled_moderate,101,9101,lipschitz,800,96,19200,480,200.0,1e-06,0.0001,0,0,,,,,47064.855015633104,8.338742584474984,47056.516273048626,24.06484999058359,15.726107406108605,0.0003341961677497926,0.00011750002158805728,0.0,0.22718810010701418,0.22731100011151284,0.00015340012032538652,,,0.23879849968943745,0.22478230041451752,0.22731100011151284,,,,76896,192,0,1603,,,30854688,30854688,36736,,,,,,,,,,,,,492f1fccb2a0078c32f050e6db1a5105abccd385228e8018dadf1294111d3e74
heldout_scaled_moderate_seed101,synthetic,heldout_scaled_moderate,101,9101,ascd_g3_zero,800,96,19200,480,200.0,1e-06,0.0001,1,1,2880,30.0,1440,15.0,47064.855015633104,8.338742584474984,47056.516273048626,8.338742584474963,0.0,0.0,0.00013230001786723733,0.0,0.4062520997831598,0.40638439980102703,0.00014650000957772136,0.06404259987175465,0.03195479983696714,0.40638439980102703,0.4122187999309972,0.36616660020081326,0.07063889992423356,0.06404259987175465,0.050886400043964386,76896,76896,0,2563,7535232,7535232,49363392,49363392,36736,96.0,1.0,0.9999479166666667,5.2083333333285964e-05,5.208333333333334e-05,1.0,,,,,,,563fe479b813f5fcfd9e142370f91ce1de65934316f467802545afa732b726e1
heldout_scaled_moderate_seed101,synthetic,heldout_scaled_moderate,101,9101,ascd_g1_exact,800,96,19200,480,200.0,1e-06,0.0001,1,1,3360,35.0,480,5.0,47064.855015633104,8.338742584474984,47056.516273048626,8.338744622439304,2.0379643199675e-06,4.330886519822407e-11,0.00036390003515407443,0.00022310001077130437,1.0060012997710146,1.0063651998061687,0.00018869974883273244,0.16991309996228665,0.0238596000126563,1.0272937000263482,1.0063651998061687,0.9878859000164084,0.1687676000292413,0.17097779992036521,0.16991309996228665,76896,76896,7372800,2563,8765472,16138272,49363392,56736192,36736,1.0,0.010416666666666666,0.0,1.0,1.0,0.010416666666666666,,,,,,,a947aafc99001aac48c8b22c25bbe950c309ba2195b8a7ff559bc3d05b74d39f
heldout_scaled_moderate_seed102,synthetic,heldout_scaled_moderate,102,9102,uniform,800,96,19200,480,200.0,1e-06,0.0001,1,1,3360,35.0,1920,20.0,23741.728236736497,8.25413457649112,23733.474102160006,8.254134576491152,3.197442310920451e-14,1.347228937978974e-18,0.0001227000029757619,0.0,0.08974060020409524,0.08986280020326376,0.0001293997629545629,0.015969800006132573,0.008794499968644232,0.09812769992277026,0.08986280020326376,0.08974390022922307,0.017722399963531643,0.015969800006132573,0.015058399934787303,76896,0,0,1603,5462976,5462976,30854496,30854496,36736,,,,,,,,,,,,,af361e951f0424b4146d3c23cf45b520cccd0cc5ebc7761765a49dbeaecf4a09
heldout_scaled_moderate_seed102,synthetic,heldout_scaled_moderate,102,9102,lipschitz,800,96,19200,480,200.0,1e-06,0.0001,0,0,,,,,23741.728236736497,8.25413457649112,23733.474102160006,19.585355834110775,11.331221257619655,0.0004774362661296346,0.00013390003005042672,0.0,0.20600949990330264,0.20614339993335307,0.0002351001021452248,,,0.18820090004010126,0.20614339993335307,0.3101314999512397,,,,76896,192,0,1603,,,30854688,30854688,36736,,,,,,,,,,,,,0aea191257eb2b115269843d098e75f36bf0df381008710ae4653adb896e9a63
heldout_scaled_moderate_seed102,synthetic,heldout_scaled_moderate,102,9102,ascd_g3_zero,800,96,19200,480,200.0,1e-06,0.0001,1,1,3360,35.0,1920,20.0,23741.728236736497,8.25413457649112,23733.474102160006,8.254134576491102,0.0,0.0,0.00016140000661835074,0.0,0.5290118000702932,0.5298273000516929,0.00023800006601959467,0.10131160006858408,0.04913440003292635,0.6077284999773838,0.5298273000516929,0.4584243999561295,0.10131160006858408,0.14760109997587278,0.06667539989575744,76896,76896,0,2563,8765472,8765472,49363392,49363392,36736,96.0,1.0,0.9999479166666667,5.2083333333285964e-05,5.208333333333334e-05,1.0,,,,,,,53b5c2d933934a0a29e59be7e70791b819e6360bfaacc67743168849f6cbe2bb
heldout_scaled_moderate_seed102,synthetic,heldout_scaled_moderate,102,9102,ascd_g1_exact,800,96,19200,480,200.0,1e-06,0.0001,1,1,4800,50.0,480,5.0,23741.728236736497,8.25413457649112,23733.474102160006,8.254136375178355,1.7986872347108829e-06,7.578693397218162e-11,0.0003473000251688063,0.00021729996660724282,1.269186400109902,1.269531300116796,0.00021539977751672268,0.28491700009908527,0.029369700059760362,1.350632900139317,1.2589825998875313,1.269531300116796,0.3683433000696823,0.28491700009908527,0.2640170000959188,76896,76896,7372800,2563,12456192,19828992,49363392,56736192,36736,1.0,0.010416666666666666,0.0,1.0,1.0,0.010416666666666666,,,,,,,336b30193bf2575cda77c03e068696bb9dbf8c67b0d084c8ca94f8a7f6fbc530
heldout_scaled_moderate_seed103,synthetic,heldout_scaled_moderate,103,9103,uniform,800,96,19200,480,200.0,1e-06,0.0001,1,1,3360,35.0,1920,20.0,16964.587126660503,7.706946561268822,16956.880180099233,7.706946561268835,1.3322676295501878e-14,7.856796860036498e-19,0.00020709994714707136,0.0,0.14118349988711998,0.14140709990169853,0.00020170031348243356,0.03136530000483617,0.020167100068647414,0.18279909976990893,0.14140709990169853,0.11971409997204319,0.03136530000483617,0.034196200023870915,0.02036149997729808,76896,0,0,1603,5462976,5462976,30854496,30854496,36736,,,,,,,,,,,,,8af3b0cb2eca8b4aa7601e017f9f5efd65e731902442dd532c3b3e5019ff23fc
heldout_scaled_moderate_seed103,synthetic,heldout_scaled_moderate,103,9103,lipschitz,800,96,19200,480,200.0,1e-06,0.0001,0,0,,,,,16964.587126660503,7.706946561268822,16956.880180099233,14.777695254428624,7.070748693159802,0.0004169840570943058,0.0001270999782718718,0.0,0.26377079996746033,0.26389790000393987,0.00019319989951327443,,,0.32471840031212196,0.26389790000393987,0.23585970024578273,,,,76896,192,0,1603,,,30854688,30854688,36736,,,,,,,,,,,,,f418ec8bd93ef86df5ffcc4eb7a5b1711e950b60247737b0a8e83c759577a1bb
heldout_scaled_moderate_seed103,synthetic,heldout_scaled_moderate,103,9103,ascd_g3_zero,800,96,19200,480,200.0,1e-06,0.0001,1,1,3360,35.0,1920,20.0,16964.587126660503,7.706946561268822,16956.880180099233,7.706946561268798,0.0,0.0,0.0002791999722830951,0.0,0.5546763001475483,0.5550759001635015,0.0002371997106820345,0.09838420001324266,0.06472079997183755,0.5550759001635015,0.5516624000738375,0.6738302001613192,0.09838420001324266,0.08930999995209277,0.13159189990255982,76896,76896,0,2563,8765472,8765472,49363392,49363392,36736,96.0,1.0,0.9999479166666667,5.2083333333285964e-05,5.208333333333334e-05,1.0,,,,,,,549ed8e04f9d71fec1a8dac1ea587a82b98d017c7be3bcf2dc4defcfac1d082a
heldout_scaled_moderate_seed103,synthetic,heldout_scaled_moderate,103,9103,ascd_g1_exact,800,96,19200,480,200.0,1e-06,0.0001,1,1,6240,65.0,960,10.0,16964.587126660503,7.706946561268822,16956.880180099233,7.706953417104171,6.855835349206529e-06,4.043099483154105e-10,0.00035149999894201756,0.0002174999681301415,1.5290761000360362,1.529919599997811,0.0002403998514637351,0.44186330010415986,0.055572699930053204,1.5445262999855913,1.529919599997811,1.1406036000698805,0.44186330010415986,0.5499963999027386,0.336672900011763,76896,76896,7372800,2563,16146912,23519712,49363392,56736192,36736,1.0,0.010416666666666666,0.0,1.0,1.0,0.010416666666666666,,,,,,,d0ee8cc7597a95028c72e321ee71582565dbd0bb4b1861ff7dada8e19ae57ab2
heldout_scaled_moderate_seed104,synthetic,heldout_scaled_moderate,104,9104,uniform,800,96,19200,480,200.0,1e-06,0.0001,1,1,2880,30.0,1440,15.0,32483.193064010535,7.152482285393288,32476.04058172514,7.152482285393289,8.881784197001252e-16,2.7348728594701887e-20,0.00011830002767965198,0.0,0.11412130005192012,0.11427080008434132,0.00013290013885125518,0.015520200016908348,0.009615100047085434,0.11842759983846918,0.1114527999307029,0.11427080008434132,0.019111499947030097,0.015520200016908348,0.013438699941616505,76896,0,0,1603,4693536,4693536,30854496,30854496,36736,,,,,,,,,,,,,4f87feb6c148b24ed46ba4b0d613e81489711f6d1c15cbd97648198f8f32b605
heldout_scaled_moderate_seed104,synthetic,heldout_scaled_moderate,104,9104,lipschitz,800,96,19200,480,200.0,1e-06,0.0001,0,0,,,,,32483.193064010535,7.152482285393288,32476.04058172514,22.338137251569396,15.18565496617611,0.00046759563955962516,0.00012859998969361186,0.0,0.2594599000294693,0.25957400002516806,0.00019269954646006227,,,0.25957400002516806,0.2814600001438521,0.24788029975024983,,,,76896,192,0,1603,,,30854688,30854688,36736,,,,,,,,,,,,,3c74b6c49169d73239a1c4a92bc0dab65e23c7c45ab6cbb3504072c6aa18bf16
heldout_scaled_moderate_seed104,synthetic,heldout_scaled_moderate,104,9104,ascd_g3_zero,800,96,19200,480,200.0,1e-06,0.0001,1,1,2880,30.0,1920,20.0,32483.193064010535,7.152482285393288,32476.04058172514,7.152482285393292,4.440892098500626e-15,1.3674364297350942e-19,0.00013729999773204327,0.0,0.5833115000277758,0.5835915000061505,0.00019979983335360885,0.0741559001035057,0.046985600085463375,0.6541224001557566,0.5835915000061505,0.5776766001945361,0.10331840004073456,0.06451029994059354,0.0741559001035057,76896,76896,0,2563,7535232,7535232,49363392,49363392,36736,96.0,1.0,0.9999479166666667,5.2083333333285964e-05,5.208333333333334e-05,1.0,,,,,,,24f4ddfa7808353722a4543405022fe343800af50e4e6fc60c7c8c2251115350
heldout_scaled_moderate_seed104,synthetic,heldout_scaled_moderate,104,9104,ascd_g1_exact,800,96,19200,480,200.0,1e-06,0.0001,1,1,4320,45.0,960,10.0,32483.193064010535,7.152482285393288,32476.04058172514,7.152486206279645,3.9208863569228924e-06,1.2073166207118385e-10,0.0003502999898046255,0.0002191000385209918,0.9648883997579105,0.9652386997477151,0.0001672001089900732,0.2248943999875337,0.0521805000025779,0.9652386997477151,1.1035596998990513,0.9431426998926327,0.21891980001237243,0.24474599992390722,0.2248943999875337,76896,76896,7372800,2563,11225952,18598752,49363392,56736192,36736,1.0,0.010416666666666666,0.0,1.0,1.0,0.010416666666666666,,,,,,,2de6ea5059213c941fcef78e9ec3e7ac612c59dccab10e9e38ab2d31f6aa0630
heldout_scaled_moderate_seed105,synthetic,heldout_scaled_moderate,105,9105,uniform,800,96,19200,480,200.0,1e-06,0.0001,1,1,3360,35.0,2400,25.0,20845.408108771662,8.144571154356624,20837.263537617306,8.144571154356631,7.105427357601002e-15,3.409961843009589e-19,0.0001173000200651586,0.0,0.09293559996876866,0.09305079997284338,0.00011510029435157776,0.015006100002210587,0.010796100017614663,0.09305079997284338,0.0917369996313937,0.09827819996280596,0.015006100002210587,0.014316999935545027,0.02067559998249635,76896,0,0,1603,5462976,5462976,30854496,30854496,36736,,,,,,,,,,,,,792775103eb9f60d096cee5e1dee6f60e63d802c34bd7cc2d0095ce94703ba27
heldout_scaled_moderate_seed105,synthetic,heldout_scaled_moderate,105,9105,lipschitz,800,96,19200,480,200.0,1e-06,0.0001,0,0,,,,,20845.408108771662,8.144571154356624,20837.263537617306,16.512728291145795,8.36815713678917,0.0004015957815997393,0.00012690003495663404,0.0,0.20064680004725233,0.2007749000331387,0.00014119979459792376,,,0.19436819973634556,0.20292449998669326,0.2007749000331387,,,,76896,192,0,1603,,,30854688,30854688,36736,,,,,,,,,,,,,b8e617bcea7da0b556f357799ae5be9773d3931d1f38383a7d49a9e115c5d3c6
heldout_scaled_moderate_seed105,synthetic,heldout_scaled_moderate,105,9105,ascd_g3_zero,800,96,19200,480,200.0,1e-06,0.0001,1,1,3360,35.0,1920,20.0,20845.408108771662,8.144571154356624,20837.263537617306,8.144571154356619,0.0,0.0,0.0001333000254817307,0.0,0.4717733002034947,0.472033400204964,0.00017779978225007653,0.07440500007942319,0.046337900042999536,0.4190000999951735,0.5086817998671904,0.472033400204964,0.07440500007942319,0.07437520002713427,0.10468029999174178,76896,76896,0,2563,8765472,8765472,49363392,49363392,36736,96.0,1.0,0.9999479166666667,5.2083333333285964e-05,5.208333333333334e-05,1.0,,,,,,,2795cdf0fed9ac2525bb7b0aefa8b2291cd7fa77c95b2d1d2ebc25bbe8d184fb
heldout_scaled_moderate_seed105,synthetic,heldout_scaled_moderate,105,9105,ascd_g1_exact,800,96,19200,480,200.0,1e-06,0.0001,1,1,5280,55.0,960,10.0,20845.408108771662,8.144571154356624,20837.263537617306,8.144576040852836,4.886496212108682e-06,2.345075783721379e-10,0.00035500002559274435,0.00021730002481490374,1.3887707000249065,1.389112900069449,0.00022240006364881992,0.35651220014551654,0.05950140004279092,1.1258734003058635,1.389112900069449,1.450409099983517,0.35651220014551654,0.32354550005402416,0.40257040003780276,76896,76896,7372800,2563,13686432,21059232,49363392,56736192,36736,1.0,0.010416666666666666,0.0,1.0,1.0,0.010416666666666666,,,,,,,52dcda47f366c6015e75812746b86254790a5b86da8b705731835e6be259e3e3
heldout_scaled_moderate_seed106,synthetic,heldout_scaled_moderate,106,9106,uniform,800,96,19200,480,200.0,1e-06,0.0001,1,1,3360,35.0,1920,20.0,25725.118618603134,8.156604292312478,25716.962014310822,8.156604292312478,0.0,0.0,0.00012499996228143573,0.0,0.12341010017553344,0.12352210021344945,0.0001593001652508974,0.02139689977047965,0.014618799847085029,0.12352210021344945,0.10236669977894053,0.13460799999302253,0.015129000006709248,0.02139689977047965,0.024418699962552637,76896,0,0,1603,5462976,5462976,30854496,30854496,36736,,,,,,,,,,,,,51fbe4490edd11231040bfc30a34039a18a68cc86377eb153c48a48dafdfb456
heldout_scaled_moderate_seed106,synthetic,heldout_scaled_moderate,106,9106,lipschitz,800,96,19200,480,200.0,1e-06,0.0001,0,0,,,,,25725.118618603134,8.156604292312478,25716.962014310822,25.855665843264465,17.69906155095199,0.0006882252087592196,0.0001742999884299934,0.0,0.22519799985457212,0.22531219985103235,0.0001566000864841044,,,0.22531219985103235,0.220984400017187,0.24501840013545007,,,,76896,192,0,1603,,,30854688,30854688,36736,,,,,,,,,,,,,3d787b9404619ecc793a0bf2563a932e8ec1248757294197413531da7ea23d12
heldout_scaled_moderate_seed106,synthetic,heldout_scaled_moderate,106,9106,ascd_g3_zero,800,96,19200,480,200.0,1e-06,0.0001,1,1,2880,30.0,1920,20.0,25725.118618603134,8.156604292312478,25716.962014310822,8.156604292312496,1.7763568394002505e-14,6.907335471475029e-19,0.0002767000114545226,0.0,0.3876278002280742,0.3879045002395287,0.00015169987455010414,0.06834430020535365,0.04917920002480969,0.5905689998180605,0.3879045002395287,0.37832720013102517,0.09890230000019073,0.06834430020535365,0.06700020004063845,76896,76896,0,2563,7535232,7535232,49363392,49363392,36736,96.0,1.0,0.9998958333333333,0.00010416666666668295,5.208333333333334e-05,1.0,,,,,,,b489a6449f8cb266d6b8549a21650c83dccc9a1742eb20be3e5b67b8b1134362
heldout_scaled_moderate_seed106,synthetic,heldout_scaled_moderate,106,9106,ascd_g1_exact,800,96,19200,480,200.0,1e-06,0.0001,1,1,4320,45.0,480,5.0,25725.118618603134,8.156604292312478,25716.962014310822,8.15660489826706,6.059545825110035e-07,2.356244809063394e-11,0.00038329995004460216,0.00021890003699809313,1.2543624002137221,1.2547759002191015,0.00019789987709373236,0.3086003997595981,0.029536199988797307,1.3336561999167316,1.2547759002191015,1.066115100053139,0.3086003997595981,0.3624558000592515,0.24884979997295886,76896,76896,7372800,2563,11225952,18598752,49363392,56736192,36736,1.0,0.010416666666666666,0.0,1.0,1.0,0.010416666666666666,,,,,,,57f5894133e0eb1d6bb5778ee7b27f24b6fec551ccb6c03322d05d523d188f05
heldout_scaled_moderate_seed107,synthetic,heldout_scaled_moderate,107,9107,uniform,800,96,19200,480,200.0,1e-06,0.0001,1,1,3360,35.0,1920,20.0,19427.545962646844,8.146389652949118,19419.399572993894,8.146389652949102,0.0,0.0,0.00012250000145286322,0.0,0.09339690033812076,0.093509100319352,0.00012669962598010898,0.01612450001994148,0.009801100008189678,0.093509100319352,0.094522500410676,0.09302250004839152,0.01612450001994148,0.019492900057230145,0.015360799967311323,76896,0,0,1603,5462976,5462976,30854496,30854496,36736,,,,,,,,,,,,,e4e1695868e58d5aa79000309a7e6d9dc29533afdb3de71fe0436d6019ce76c0
heldout_scaled_moderate_seed107,synthetic,heldout_scaled_moderate,107,9107,lipschitz,800,96,19200,480,200.0,1e-06,0.0001,0,0,,,,,19427.545962646844,8.146389652949118,19419.399572993894,18.052594564099127,9.90620491115001,0.0005101190113481334,0.0001248999615199864,0.0,0.20587939984397963,0.2060042998054996,0.00013690022751688957,,,0.19741349993273616,0.2060042998054996,0.21288930001901463,,,,76896,192,0,1603,,,30854688,30854688,36736,,,,,,,,,,,,,bac2855c7323a94bd8e7de75b7112c00dfa17996c35a7f99fc3d665441ff6022
heldout_scaled_moderate_seed107,synthetic,heldout_scaled_moderate,107,9107,ascd_g3_zero,800,96,19200,480,200.0,1e-06,0.0001,1,1,2880,30.0,1920,20.0,19427.545962646844,8.146389652949118,19419.399572993894,8.146389652949122,3.552713678800501e-15,1.8294662847048974e-19,0.00014089996693655849,0.0,0.39603049994912,0.39617139991605654,0.0001545000122860074,0.06062599999131635,0.039196499914396554,0.4246258000493981,0.39617139991605654,0.3877960997633636,0.06229589995928109,0.06062599999131635,0.05856589990435168,76896,76896,0,2563,7535232,7535232,49363392,49363392,36736,96.0,1.0,0.9998958333333333,0.00010416666666668295,5.208333333333334e-05,1.0,,,,,,,3a3dbca8d6c83aafe1c36156681cdcb0d9796088eb760a3f82078af799d4c4d4
heldout_scaled_moderate_seed107,synthetic,heldout_scaled_moderate,107,9107,ascd_g1_exact,800,96,19200,480,200.0,1e-06,0.0001,1,1,4800,50.0,960,10.0,19427.545962646844,8.146389652949118,19419.399572993894,8.146391766492007,2.1135428891483343e-06,1.0883667547000728e-10,0.0003443000023253262,0.0002232000115327537,1.002969799854327,1.0033120998414233,0.00015180034097284079,0.24440720007987693,0.048955899954307824,1.013178100285586,1.0033120998414233,0.9902507999213412,0.24440720007987693,0.2463759000529535,0.23671760002616793,76896,76896,7372800,2563,12456192,19828992,49363392,56736192,36736,1.0,0.010416666666666666,0.0,1.0,1.0,0.010416666666666666,,,,,,,96be93f22f0fbf1067ad394b5e1ca3525370524ce021100b3d81bf388dc3c867
heldout_scaled_moderate_seed108,synthetic,heldout_scaled_moderate,108,9108,uniform,800,96,19200,480,200.0,1e-06,0.0001,1,1,3360,35.0,1920,20.0,28194.106090814632,8.38674065907858,28185.719350155552,8.386740659078628,4.796163466380676e-14,1.7016289017843382e-18,0.00011180003639310598,0.0,0.09139849984785542,0.09151329984888434,0.00010379991726949811,0.014148999995086342,0.008014700026251376,0.09564190031960607,0.09151329984888434,0.08791109995217994,0.014148999995086342,0.013848300033714622,0.01575819996651262,76896,0,0,1603,5462976,5462976,30854496,30854496,36736,,,,,,,,,,,,,a2162ee8d44c11b71c980f54e3562bd0bfaa9034f58619b38b12d12c3fcb6268
heldout_scaled_moderate_seed108,synthetic,heldout_scaled_moderate,108,9108,lipschitz,800,96,19200,480,200.0,1e-06,0.0001,0,0,,,,,28194.106090814632,8.38674065907858,28185.719350155552,14.15719877360933,5.770458114530751,0.00020472985070359414,0.00011969998013228178,0.0,0.19471820030594245,0.19483940029749647,0.00012029969366267323,,,0.1872182001825422,0.21622139972168952,0.19483940029749647,,,,76896,192,0,1603,,,30854688,30854688,36736,,,,,,,,,,,,,9a67bf4f792f9408af0d40f7a0aadd84483d9d7e690268cd271233a3c79e12e9
heldout_scaled_moderate_seed108,synthetic,heldout_scaled_moderate,108,9108,ascd_g3_zero,800,96,19200,480,200.0,1e-06,0.0001,1,1,3360,35.0,1920,20.0,28194.106090814632,8.38674065907858,28185.719350155552,8.386740659078622,4.263256414560601e-14,1.5125590238083006e-18,0.0001265000319108367,0.0,0.39118070009863004,0.39130540005862713,0.0001480000209994614,0.07657750003272668,0.04342549998546019,0.40118440007790923,0.39130540005862713,0.3904371000826359,0.08217389980563894,0.07657750003272668,0.06266170006711036,76896,76896,0,2563,8765472,8765472,49363392,49363392,36736,96.0,1.0,0.9999479166666667,5.2083333333285964e-05,5.208333333333334e-05,1.0,,,,,,,bf76cb140f578d51f511db1de303251f4619a7c51b82ac235945f7471cc6e622
heldout_scaled_moderate_seed108,synthetic,heldout_scaled_moderate,108,9108,ascd_g1_exact,800,96,19200,480,200.0,1e-06,0.0001,1,1,3840,40.0,480,5.0,28194.106090814632,8.38674065907858,28185.719350155552,8.386744605953176,3.946874596039152e-06,1.4003100460224264e-10,0.0003437999985180795,0.00021920003928244114,0.9322453999775462,0.9325883999699727,0.0001683999435044825,0.18800199998077005,0.02273049991345033,1.0648260996676981,0.9325883999699727,0.9097764997277409,0.2982246998581104,0.18800199998077005,0.16881689993897453,76896,76896,7372800,2563,9995712,17368512,49363392,56736192,36736,1.0,0.010416666666666666,0.0,1.0,1.0,0.010416666666666666,,,,,,,527edf80c9fef4e6b716b32aedc73eabc21e211e96bdfad3d1c311e2b121048c
heldout_scaled_moderate_seed109,synthetic,heldout_scaled_moderate,109,9109,uniform,800,96,19200,480,200.0,1e-06,0.0001,1,1,3360,35.0,1920,20.0,33750.47678025188,8.034078706501534,33742.442701545384,8.034078706501536,1.7763568394002505e-15,5.264458341419646e-20,0.00012049998622387648,0.0,0.08706240012543276,0.08718270011013374,0.00011140003334730864,0.015047099906951189,0.009099500079173595,0.09146559977671131,0.08141720009734854,0.08718270011013374,0.023634799930732697,0.015012900053989142,0.015047099906951189,76896,0,0,1603,5462976,5462976,30854496,30854496,36736,,,,,,,,,,,,,1a7076605f2744512a360c44b504f9f86a11a958d45b2b573605c05b4e4ed872
heldout_scaled_moderate_seed109,synthetic,heldout_scaled_moderate,109,9109,lipschitz,800,96,19200,480,200.0,1e-06,0.0001,0,0,,,,,33750.47678025188,8.034078706501534,33742.442701545384,17.29545237126372,9.261373664762187,0.0002744725314251781,0.00012520002201199532,0.0,0.1907059001387097,0.1909581001382321,0.00012799969408661127,,,0.18956789997173473,0.1939075003610924,0.1909581001382321,,,,76896,192,0,1603,,,30854688,30854688,36736,,,,,,,,,,,,,8edc1d277f2b9ab04de39cd1a317ca7bfffa576fcf6aa9fc4d5d9291917a7ec9
heldout_scaled_moderate_seed109,synthetic,heldout_scaled_moderate,109,9109,ascd_g3_zero,800,96,19200,480,200.0,1e-06,0.0001,1,1,3360,35.0,1920,20.0,33750.47678025188,8.034078706501534,33742.442701545384,8.034078706501566,3.197442310920451e-14,9.476025014555362e-19,0.0001265000319108367,0.0,0.39188569970428944,0.392028899746947,0.00014119961997494102,0.06813710008282214,0.041634100023657084,0.392028899746947,0.3993958001374267,0.3729162997333333,0.061850099940784276,0.06813710008282214,0.06869489996461198,76896,76896,0,2563,8765472,8765472,49363392,49363392,36736,96.0,1.0,0.9999479166666667,5.2083333333285964e-05,5.208333333333334e-05,1.0,,,,,,,0fcaa3fada8a1df0bf332758437aa7b7423a0a501a5e147d7cf68378565d74c9
heldout_scaled_moderate_seed109,synthetic,heldout_scaled_moderate,109,9109,ascd_g1_exact,800,96,19200,480,200.0,1e-06,0.0001,1,1,3360,35.0,480,5.0,33750.47678025188,8.034078706501534,33742.442701545384,8.03407981266521,1.1061636762121907e-06,3.278256070540883e-11,0.00036509998608380556,0.00022249994799494743,0.9816477998974733,0.9820128998835571,0.00015490001533180475,0.18557400006102398,0.026853799994569272,0.9820128998835571,0.9719161002431065,0.999973599682562,0.18557400006102398,0.17546620004577562,0.1912418000283651,76896,76896,7372800,2563,8765472,16138272,49363392,56736192,36736,1.0,0.010416666666666666,0.0,1.0,1.0,0.010416666666666666,,,,,,,3df22a116c3846d6879538efcdf0694b530fba68650c0fb3bd1aaf7aa5049a92
heldout_scaled_moderate_seed110,synthetic,heldout_scaled_moderate,110,9110,uniform,800,96,19200,480,200.0,1e-06,0.0001,1,1,3360,35.0,1920,20.0,19558.579271501574,7.97944188413181,19550.599829617444,7.979441884131814,4.440892098500626e-15,2.2714863672740437e-19,0.00011020002420991659,0.0,0.0928928999346681,0.09300309995887801,0.00011400016956031322,0.016954299935605377,0.008384800108615309,0.0919278998626396,0.09300309995887801,0.09714150038780645,0.016954299935605377,0.014242100121919066,0.018527000036556274,76896,0,0,1603,5462976,5462976,30854496,30854496,36736,,,,,,,,,,,,,605b8c7e92dfe5f1295779f534c93b44efae3be3865a6e91f7690719ee3feda0
heldout_scaled_moderate_seed110,synthetic,heldout_scaled_moderate,110,9110,lipschitz,800,96,19200,480,200.0,1e-06,0.0001,0,0,,,,,19558.579271501574,7.97944188413181,19550.599829617444,14.60897407672881,6.629532192597,0.0003390961019289976,0.00011500000255182385,0.0,0.19566719990689307,0.1957821999094449,0.00014360016211867332,,,0.18809160008095205,0.1957821999094449,0.21384560019942,,,,76896,192,0,1603,,,30854688,30854688,36736,,,,,,,,,,,,,f840eb36d8ebe3bed1d051a776e477d1c263f1f06a7b225bca30bed2774ac129
heldout_scaled_moderate_seed110,synthetic,heldout_scaled_moderate,110,9110,ascd_g3_zero,800,96,19200,480,200.0,1e-06,0.0001,1,1,3360,35.0,1920,20.0,19558.579271501574,7.97944188413181,19550.599829617444,7.9794418841318215,1.1546319456101628e-14,5.905864554912513e-19,0.00014269998064264655,0.0,0.3807663000188768,0.38093490002211183,0.00013619987294077873,0.06853720010258257,0.03492040006676689,0.40235309983836487,0.37809659977210686,0.38093490002211183,0.07361619983566925,0.06853720010258257,0.06230750004760921,76896,76896,0,2563,8765472,8765472,49363392,49363392,36736,96.0,1.0,0.9998958333333333,0.00010416666666668295,5.208333333333334e-05,1.0,,,,,,,5f0282833d4a9c13d48691bce9667257a77029fec3e28ffc9f81b7eb682fbb4a
heldout_scaled_moderate_seed110,synthetic,heldout_scaled_moderate,110,9110,ascd_g1_exact,800,96,19200,480,200.0,1e-06,0.0001,1,1,4800,50.0,960,10.0,19558.579271501574,7.97944188413181,19550.599829617444,7.979443783516416,1.8993846060411101e-06,9.715224200761908e-11,0.00035689998185262084,0.0002345999819226563,0.9933191002928652,0.9936760002747178,0.00015600002370774746,0.25224460003664717,0.05003929999656975,1.0084940000087954,0.9587638999219052,0.9936760002747178,0.26735680003184825,0.24514740001177415,0.25224460003664717,76896,76896,7372800,2563,12456192,19828992,49363392,56736192,36736,1.0,0.010416666666666666,0.0,1.0,1.0,0.010416666666666666,,,,,,,0e6fdba4c58c4ac2d0eba9e46b7df37d5a37606750625746d5461126a310c748
heldout_scaled_moderate_seed111,synthetic,heldout_scaled_moderate,111,9111,uniform,800,96,19200,480,200.0,1e-06,0.0001,1,1,3360,35.0,1920,20.0,41395.42179564447,8.310220485736627,41387.111575158735,8.310220485736606,0.0,0.0,0.00017439998919144273,0.0,0.0959131998824887,0.09608759987168014,0.0001276998082175851,0.019763899908866733,0.011475600011181086,0.09608759987168014,0.09233719989424571,0.10012230009306222,0.019763899908866733,0.02015610004309565,0.015260299958754331,76896,0,0,1603,5462976,5462976,30854496,30854496,36736,,,,,,,,,,,,,79c5a274ae4e28422e31330ac5dd0a80efd6975cd5452fa647084b2dfb167b84
heldout_scaled_moderate_seed111,synthetic,heldout_scaled_moderate,111,9111,lipschitz,800,96,19200,480,200.0,1e-06,0.0001,0,0,,,,,41395.42179564447,8.310220485736627,41387.111575158735,25.959728319392624,17.649507833655996,0.00042644937426001813,0.00011830002767965198,0.0,0.19449359987629578,0.19460279983468354,0.00012690020957961679,,,0.18210420024115592,0.19460279983468354,0.19946870033163577,,,,76896,192,0,1603,,,30854688,30854688,36736,,,,,,,,,,,,,f761b2336a5b4087419834385a3bb86a456d46b201b17f4ae8cedd2c15784296
heldout_scaled_moderate_seed111,synthetic,heldout_scaled_moderate,111,9111,ascd_g3_zero,800,96,19200,480,200.0,1e-06,0.0001,1,1,3360,35.0,1920,20.0,41395.42179564447,8.310220485736627,41387.111575158735,8.310220485736638,1.0658141036401503e-14,2.575231909346074e-19,0.00017030001617968082,0.0,0.38576199975796044,0.3859322997741401,0.0001429002732038498,0.0759759999345988,0.04368780000368133,0.3859322997741401,0.4167013000114821,0.37325109995435923,0.06849620002321899,0.08290970005327836,0.0759759999345988,76896,76896,0,2563,8765472,8765472,49363392,49363392,36736,96.0,1.0,0.9999479166666667,5.2083333333285964e-05,5.208333333333334e-05,1.0,,,,,,,57d530ef034274ad56796e0205c29a6903948d390db28c03d64c0ec5dfa75d14
heldout_scaled_moderate_seed111,synthetic,heldout_scaled_moderate,111,9111,ascd_g1_exact,800,96,19200,480,200.0,1e-06,0.0001,1,1,3360,35.0,480,5.0,41395.42179564447,8.310220485736627,41387.111575158735,8.310221980028388,1.4942917605509365e-06,3.610524396797568e-11,0.0003431999939493835,0.00021790002938359976,0.9613730000564829,0.9617310000467114,0.00015769980382174253,0.17991339997388422,0.026544899970758706,0.9617310000467114,0.9405629999237135,0.9879353002179414,0.1850223999354057,0.1542572000180371,0.17991339997388422,76896,76896,7372800,2563,8765472,16138272,49363392,56736192,36736,1.0,0.010416666666666666,0.0,1.0,1.0,0.010416666666666666,,,,,,,b8f9798e8381a3bda95de85754ea22cfde87a54e485959d2841f4e4dda90654e
heldout_scaled_strong_seed100,synthetic,heldout_scaled_strong,100,9100,uniform,800,96,19200,480,200.0,1e-06,0.0001,1,1,13440,140.0,7680,80.0,15133.604268830746,8.20789801777851,15125.396370812967,8.208038927213616,0.0001409094351068063,9.316082147686068e-09,0.00011239998275414109,0.0,0.13934779993724078,0.13946019991999492,0.00017999974079430103,0.08558690000791103,0.037611400010064244,0.13946019991999492,0.14635410014307126,0.08959720015991479,0.08558690000791103,0.10419030027696863,0.06608070008223876,76896,0,0,1603,21621216,21621216,30854496,30854496,36736,,,,,,,,,,,,,7bc61b0545ac3242eca4f15aa03946432cf1f7b295ee28929a1c9f0e6016f640
heldout_scaled_strong_seed100,synthetic,heldout_scaled_strong,100,9100,lipschitz,800,96,19200,480,200.0,1e-06,0.0001,0,0,,,,,15133.604268830746,8.20789801777851,15125.396370812967,19.386342524723418,11.178444506944908,0.0007390513433760734,0.00011629995424300432,0.0,0.20328149979468435,0.20339779974892735,0.00013810006203129888,,,0.22650530008831993,0.20339779974892735,0.20298170013120398,,,,76896,192,0,1603,,,30854688,30854688,36736,,,,,,,,,,,,,a8355fddde02351efd50204f3aa2e6b31a785c0ac6ebb71b74eea91eacaf7510
heldout_scaled_strong_seed100,synthetic,heldout_scaled_strong,100,9100,ascd_g3_zero,800,96,19200,480,200.0,1e-06,0.0001,1,1,13440,140.0,7680,80.0,15133.604268830746,8.20789801777851,15125.396370812967,8.208031849494647,0.00013383171613767786,8.848146048980838e-09,0.00015190005069598556,0.0,0.4554049001308158,0.45568250014912337,0.0001691998913884163,0.32883110019611195,0.18726800003787503,0.43129680008860305,0.47245120006846264,0.45568250014912337,0.305645200132858,0.32883110019611195,0.3436559001565911,76896,76896,0,2563,34600512,34600512,49363392,49363392,36736,96.0,1.0,0.9998958333333333,0.00010416666666668295,5.208333333333334e-05,1.0,,,,,,,debc1c5057185cc27ec4ed6918fd2e47b280a4688b45bbde73c9ff8d95bdb1e0
heldout_scaled_strong_seed100,synthetic,heldout_scaled_strong,100,9100,ascd_g1_exact,800,96,19200,480,200.0,1e-06,0.0001,0,1,,,1440,15.0,15133.604268830746,8.20789801777851,15125.396370812967,8.224665885139569,0.016767867361059174,1.1085902775688996e-06,0.0003470000228844583,0.00022059999173507094,1.0098463000031188,1.0101933000260033,0.00016490003326907754,,0.07798790000379086,1.0410158999729902,1.0101933000260033,0.9820165001437999,,,,76896,76896,7372800,2563,,,49363392,56736192,36736,1.0,0.010416666666666666,0.0,1.0,1.0,0.010416666666666666,,,,,,,7b7bb39dfeaca66b49709f2412ab3cfe4032bca59b226ccc5a3a96059a3b6a1b
heldout_scaled_strong_seed101,synthetic,heldout_scaled_strong,101,9101,uniform,800,96,19200,480,200.0,1e-06,0.0001,1,1,11040,115.0,5760,60.0,116468.54077005212,8.357433352053258,116460.18333670007,8.357602762302335,0.00016941024907701774,1.4546623938177464e-09,0.00011869997251778841,0.0,0.08935830014524981,0.08948320016497746,0.00010819995077326894,0.05436660011764616,0.02878320007584989,0.08948320016497746,0.09076699992874637,0.08207039994886145,0.05563450005138293,0.05436660011764616,0.04580149985849857,76896,0,0,1603,17774016,17774016,30854496,30854496,36736,,,,,,,,,,,,,63ccda3faacbcad5d210b0846e79f50b081e06e936803c7437bbdd07fe045d29
heldout_scaled_strong_seed101,synthetic,heldout_scaled_strong,101,9101,lipschitz,800,96,19200,480,200.0,1e-06,0.0001,0,0,,,,,116468.54077005212,8.357433352053258,116460.18333670007,20.37558169126526,12.018148339212003,0.00010319534105889328,0.000125700025819242,0.0,0.19662140036234632,0.19675140036270022,0.0001424002111889422,,,0.19940709986258298,0.1852247000206262,0.19675140036270022,,,,76896,192,0,1603,,,30854688,30854688,36736,,,,,,,,,,,,,71ca1f781e22557788f435dd2d87143fb5e9f9afb65f4cc6691206c88de09084
heldout_scaled_strong_seed101,synthetic,heldout_scaled_strong,101,9101,ascd_g3_zero,800,96,19200,480,200.0,1e-06,0.0001,1,1,10080,105.0,4800,50.0,116468.54077005212,8.357433352053258,116460.18333670007,8.357510107077466,7.675502420845248e-05,6.590666613201586e-10,0.00012960005551576614,0.0,0.38420110003789887,0.38433070009341463,0.00015799974789842963,0.2006272998987697,0.10052080010063946,0.388713400287088,0.3808873997768387,0.38433070009341463,0.20475420006550848,0.2006272998987697,0.19571310025639832,76896,76896,0,2563,25988832,25988832,49363392,49363392,36736,96.0,1.0,0.9998958333333333,0.00010416666666668295,0.00010416666666666667,1.0,,,,,,,282ea024657a60f06e14af88ca49058ad4810d359f7d182ad29f2ac099b604f8
heldout_scaled_strong_seed101,synthetic,heldout_scaled_strong,101,9101,ascd_g1_exact,800,96,19200,480,200.0,1e-06,0.0001,1,1,8640,90.0,960,10.0,116468.54077005212,8.357433352053258,116460.18333670007,8.379106187187674,0.021672835134415536,1.8609652254931478e-07,0.00037379999412223697,0.00022980000358074903,0.994233500037808,0.9946073000319302,0.00015409989282488823,0.44673129997681826,0.05265659996075556,0.9946073000319302,0.967025600373745,1.021962899947539,0.44673129997681826,0.44458960031624883,0.44673140009399503,76896,76896,7372800,2563,22298112,29670912,49363392,56736192,36736,1.0,0.010416666666666666,0.0,1.0,1.0,0.010416666666666666,,,,,,,b2bd2d339e5620609a11b389ab5063291f4fa01070749a719810d942f00b4499
heldout_scaled_strong_seed102,synthetic,heldout_scaled_strong,102,9102,uniform,800,96,19200,480,200.0,1e-06,0.0001,1,1,12480,130.0,6720,70.0,16722.563857575697,8.286170645098862,16714.277686930596,8.286224829335627,5.418423676495365e-05,3.2417935001356333e-09,0.00011170003563165665,0.0,0.0969120999216102,0.09714719990734011,0.0001094000181183219,0.0571454000310041,0.02926640008809045,0.1129182999720797,0.09714719990734011,0.0919137999881059,0.0571454000310041,0.056867800070904195,0.05792100005783141,76896,0,0,1603,20082336,20082336,30854496,30854496,36736,,,,,,,,,,,,,e02c01feafafb92477f35ce9e0b26dbe83dfedd7aee9b5b112f05243b8c946ef
heldout_scaled_strong_seed102,synthetic,heldout_scaled_strong,102,9102,lipschitz,800,96,19200,480,200.0,1e-06,0.0001,0,0,,,,,16722.563857575697,8.286170645098862,16714.277686930596,33.31612159553226,25.029950950433395,0.0014975191521441023,0.00011929997708648443,0.0,0.2184805002179928,0.2185998001950793,0.00015409983461722732,,,0.19974449992878363,0.234827000182122,0.2185998001950793,,,,76896,192,0,1603,,,30854688,30854688,36736,,,,,,,,,,,,,037705bb8409614c8ae8c1c2627f4fca5b0d51ee01d070bc582e4d8ec65b8e42
heldout_scaled_strong_seed102,synthetic,heldout_scaled_strong,102,9102,ascd_g3_zero,800,96,19200,480,200.0,1e-06,0.0001,1,1,12000,125.0,6240,65.0,16722.563857575697,8.286170645098862,16714.277686930596,8.28621468480806,4.4039709198528953e-05,2.634855661932968e-09,0.0001373999984934926,0.0,0.39407280017621815,0.39421020017471164,0.00014069979079067707,0.24452960008056834,0.1232363999588415,0.39421020017471164,0.3973575003328733,0.38451969978632405,0.24452960008056834,0.24737030023243278,0.23755809990689158,76896,76896,0,2563,30909792,30909792,49363392,49363392,36736,96.0,1.0,0.9999479166666667,5.2083333333285964e-05,5.208333333333334e-05,1.0,,,,,,,97d1a84cabb7e8d0b0355a4d601d693be121513e30c5c3b75cf4c7e6bb18916c
heldout_scaled_strong_seed102,synthetic,heldout_scaled_strong,102,9102,ascd_g1_exact,800,96,19200,480,200.0,1e-06,0.0001,1,1,18240,190.0,1920,20.0,16722.563857575697,8.286170645098862,16714.277686930596,8.30177727470587,0.015606629607008315,9.337304249295568e-07,0.00035039999056607485,0.00022009998792782426,0.9628212997922674,0.9631716997828335,0.0001468001864850521,0.9221598998410627,0.09734220005339012,0.9463183998595923,0.9974734002607875,0.9631716997828335,0.9051216999068856,0.9475368002313189,0.9221598998410627,76896,76896,7372800,2563,46902912,54275712,49363392,56736192,36736,1.0,0.010416666666666666,0.0,1.0,1.0,0.010416666666666666,,,,,,,c5a7792e138a48b3c71814244aab497ed0643771da180a257415f69fd6c59325
heldout_scaled_strong_seed103,synthetic,heldout_scaled_strong,103,9103,uniform,800,96,19200,480,200.0,1e-06,0.0001,1,1,12480,130.0,7200,75.0,9485.391041754183,7.733150055588958,9477.657891698595,7.733175985031253,2.592944229551364e-05,2.735849150898877e-09,0.00011129997437819839,0.0,0.09255280008073896,0.092703300062567,0.00010720011778175831,0.05868020001798868,0.03448159992694855,0.09600900014629588,0.0899876999319531,0.092703300062567,0.05868020001798868,0.05627149989595637,0.059008600015658885,76896,0,0,1603,20082336,20082336,30854496,30854496,36736,,,,,,,,,,,,,f1bfbbeb907ecdb925cd8e0ede32d28b2ea81a477f8def772dcb73392cc7cf59
heldout_scaled_strong_seed103,synthetic,heldout_scaled_strong,103,9103,lipschitz,800,96,19200,480,200.0,1e-06,0.0001,0,0,,,,,9485.391041754183,7.733150055588958,9477.657891698595,24.199067168600703,16.465917113011745,0.0017373403114111252,0.00011989998165518045,0.0,0.20270160026848316,0.20281890028854832,0.00014499988174065948,,,0.20281890028854832,0.2123950000386685,0.19399470003554597,,,,76896,192,0,1603,,,30854688,30854688,36736,,,,,,,,,,,,,bd7201aaf8de9406c98a682840215ab851f65953c0dea0069199e72a05373907
heldout_scaled_strong_seed103,synthetic,heldout_scaled_strong,103,9103,ascd_g3_zero,800,96,19200,480,200.0,1e-06,0.0001,1,1,11040,115.0,5760,60.0,9485.391041754183,7.733150055588958,9477.657891698595,7.73316520689402,1.5151305062133247e-05,1.5986338856358336e-09,0.00017720001051202416,0.0,0.38998250011354685,0.3901597001240589,0.0001457001199014485,0.23019839986227453,0.12053600000217557,0.3869550998788327,0.3930814998457208,0.3901597001240589,0.23019839986227453,0.23270719987340271,0.22884500009240583,76896,76896,0,2563,28449312,28449312,49363392,49363392,36736,96.0,1.0,0.9998958333333333,0.00010416666666668295,5.208333333333334e-05,1.0,,,,,,,5d07e03aa6c276769286df7c83b04875c5bdc6a160eefee543bba6a3a18c3154
heldout_scaled_strong_seed103,synthetic,heldout_scaled_strong,103,9103,ascd_g1_exact,800,96,19200,480,200.0,1e-06,0.0001,0,1,,,1920,20.0,9485.391041754183,7.733150055588958,9477.657891698595,7.75650170254872,0.023351646959762107,2.463862615279206e-06,0.00033629999961704016,0.00021460000425577164,1.032956099952571,1.0333114999812096,0.0001549001899547875,,0.09832650003954768,1.0333114999812096,0.9871468000928871,1.0366896000341512,,,,76896,76896,7372800,2563,,,49363392,56736192,36736,1.0,0.010416666666666666,0.0,1.0,1.0,0.010416666666666666,,,,,,,e483c2345bcfcd78ffd0854a712fa4e8d961486e0b3c29b4aeeef6715444ee79
heldout_scaled_strong_seed104,synthetic,heldout_scaled_strong,104,9104,uniform,800,96,19200,480,200.0,1e-06,0.0001,1,1,9600,100.0,4800,50.0,42069.26352652815,7.173192248164363,42062.09033427999,7.173209683916629,1.743575226598182e-05,4.1452415054541256e-10,0.00011190003715455532,0.0,0.09766519989352673,0.09777709993068129,0.00011430028825998306,0.04523410013644025,0.022818500001449138,0.10065659991232678,0.09777709993068129,0.0847994001233019,0.04948779987171292,0.0445511998841539,0.04523410013644025,76896,0,0,1603,15465696,15465696,30854496,30854496,36736,,,,,,,,,,,,,5e40b7e3d0cce5afaad69f9e6e18daab89e408c6de9905b792a5993c8279c2b0
heldout_scaled_strong_seed104,synthetic,heldout_scaled_strong,104,9104,lipschitz,800,96,19200,480,200.0,1e-06,0.0001,0,0,,,,,42069.26352652815,7.173192248164363,42062.09033427999,23.66449047609427,16.491298227929907,0.0003920703440287593,0.0001162000116892159,0.0,0.2104763001552783,0.2105925001669675,0.00013009976828470826,,,0.2165839002118446,0.2105925001669675,0.20213320036418736,,,,76896,192,0,1603,,,30854688,30854688,36736,,,,,,,,,,,,,81afcdfebe48f78cc15cfefa4813f6f03d33de3cf4d0f2539a94d54d7e312b53
heldout_scaled_strong_seed104,synthetic,heldout_scaled_strong,104,9104,ascd_g3_zero,800,96,19200,480,200.0,1e-06,0.0001,1,1,12960,135.0,7200,75.0,42069.26352652815,7.173192248164363,42062.09033427999,7.173546969851078,0.0003547216867145764,8.433287168932814e-09,0.00012700003571808338,0.0,0.40959330002078786,0.40971979999449104,0.00014890008606016636,0.27762770000845194,0.14524849998997524,0.40229380008531734,0.40971979999449104,0.43436749995453283,0.26218840008368716,0.28254890016978607,0.27762770000845194,76896,76896,0,2563,33370272,33370272,49363392,49363392,36736,96.0,1.0,0.9998958333333333,0.00010416666666668295,5.208333333333334e-05,1.0,,,,,,,6bce64c6b44423b1d36adf0e0a617c84bf5e1803a67ae53547f10e9cc22b1d14
heldout_scaled_strong_seed104,synthetic,heldout_scaled_strong,104,9104,ascd_g1_exact,800,96,19200,480,200.0,1e-06,0.0001,1,1,16800,175.0,1440,15.0,42069.26352652815,7.173192248164363,42062.09033427999,7.202995388493183,0.02980314032881992,7.085510989103363e-07,0.0003448000061325729,0.00021680002100765705,1.0046773998183198,1.0050240997807123,0.00015500019071623683,0.8682653998257592,0.07560629997169599,0.9792891995748505,1.0050240997807123,1.0179342001210898,0.8578619996551424,0.8682653998257592,0.8936540000722744,76896,76896,7372800,2563,43212192,50584992,49363392,56736192,36736,1.0,0.010416666666666666,0.0,1.0,1.0,0.010416666666666666,,,,,,,792fc2829369030f8627bdcd0bac22bf4a9f49bf11317814aa7e924332af8948
heldout_scaled_strong_seed105,synthetic,heldout_scaled_strong,105,9105,uniform,800,96,19200,480,200.0,1e-06,0.0001,1,1,12000,125.0,6720,70.0,14505.243695405965,8.166421108342433,14497.077274297622,8.166469619071822,4.8510729389050766e-05,3.346242037010946e-09,0.00011419999646022916,0.0,0.09273850003955886,0.09298449999187142,0.00011669995728880167,0.05396460002521053,0.03107789997011423,0.09298449999187142,0.09060479997424409,0.10344520030776039,0.05396460002521053,0.052918299974408,0.057269100274425,76896,0,0,1603,19312896,19312896,30854496,30854496,36736,,,,,,,,,,,,,8f3dfd07cb2ec94bdd7e31aa835c0c735a12f2da487959b5f86be9d0387572de
heldout_scaled_strong_seed105,synthetic,heldout_scaled_strong,105,9105,lipschitz,800,96,19200,480,200.0,1e-06,0.0001,0,0,,,,,14505.243695405965,8.166421108342433,14497.077274297622,21.091622036452023,12.92520092810959,0.0008915728793848076,0.00012209999840706587,0.0,0.21343309996882454,0.2135492999223061,0.0001401998451910913,,,0.2135492999223061,0.22387590003199875,0.19568209978751838,,,,76896,192,0,1603,,,30854688,30854688,36736,,,,,,,,,,,,,20529aa89bb63b8a3866ff76c2a5bfe756ca8ad48ae7a7da7222ae46a76c7233
heldout_scaled_strong_seed105,synthetic,heldout_scaled_strong,105,9105,ascd_g3_zero,800,96,19200,480,200.0,1e-06,0.0001,1,1,12960,135.0,7200,75.0,14505.243695405965,8.166421108342433,14497.077274297622,8.166510784277422,8.967593498887538e-05,6.185794094363076e-09,0.00013589998707175255,0.0,0.3861322999582626,0.3862855999614112,0.00013670010957866907,0.2606577000115067,0.15005860006203875,0.3862855999614112,0.392913099960424,0.3700267999083735,0.26771679997909814,0.2606577000115067,0.25331709993770346,76896,76896,0,2563,33370272,33370272,49363392,49363392,36736,96.0,1.0,0.9998958333333333,0.00010416666666668295,5.208333333333334e-05,1.0,,,,,,,2c5654afa4b00f747c6daa1ce50b0788bb3813e61bcc62c57c5e5350065ee824
heldout_scaled_strong_seed105,synthetic,heldout_scaled_strong,105,9105,ascd_g1_exact,800,96,19200,480,200.0,1e-06,0.0001,1,1,16320,170.0,1920,20.0,14505.243695405965,8.166421108342433,14497.077274297622,8.176306374405188,0.009885266062754638,6.81879931776357e-07,0.0003491999814286828,0.00021510000806301832,0.9756748998188414,0.9769479997921735,0.00016930012498050928,0.8227916000178084,0.10087799991015345,0.9371514999656938,0.9769479997921735,1.0169489999534562,0.7945071999565698,0.8227916000178084,0.8689189998549409,76896,76896,7372800,2563,41981952,49354752,49363392,56736192,36736,1.0,0.010416666666666666,0.0,1.0,1.0,0.010416666666666666,,,,,,,ac2975e8b99ef3e8292f2e3894d69715f91c0b70d1d64445e669786f36ea7170
heldout_scaled_strong_seed106,synthetic,heldout_scaled_strong,106,9106,uniform,800,96,19200,480,200.0,1e-06,0.0001,1,1,12000,125.0,6720,70.0,11156.298771983093,8.168282740612598,11148.13048924248,8.168315481447186,3.274083458748578e-05,2.9368901466554803e-09,0.00011339999036863446,0.0,0.09677519969409332,0.09690509969368577,0.00012220023199915886,0.06230149994371459,0.03669060004176572,0.09558440011460334,0.09973739978158846,0.09690509969368577,0.06286630011163652,0.06111659971065819,0.06230149994371459,76896,0,0,1603,19312896,19312896,30854496,30854496,36736,,,,,,,,,,,,,4a178d3116857255adec311ef0a3073bd04366a51bc7566c0a8f834f68d23ff0
heldout_scaled_strong_seed106,synthetic,heldout_scaled_strong,106,9106,lipschitz,800,96,19200,480,200.0,1e-06,0.0001,0,0,,,,,11156.298771983093,8.168282740612598,11148.13048924248,18.26000811061085,10.091725369998253,0.000905239257805278,0.00011900003300979733,0.0,0.20726209989516065,0.20738359988899902,0.0001447998220100999,,,0.2283509002882056,0.1983971999725327,0.20738359988899902,,,,76896,192,0,1603,,,30854688,30854688,36736,,,,,,,,,,,,,6970a0b73c3876585ab8315401275558a513dfcc8157900c0c8a88e614ef279e
heldout_scaled_strong_seed106,synthetic,heldout_scaled_strong,106,9106,ascd_g3_zero,800,96,19200,480,200.0,1e-06,0.0001,1,1,12000,125.0,6720,70.0,11156.298771983093,8.168282740612598,11148.13048924248,8.16831695783739,3.421722479224343e-05,3.069324029285605e-09,0.00012369995238259435,0.0,0.4203780997195281,0.4205017996719107,0.0001504000392742455,0.2513999998336658,0.1359267999068834,0.389298299967777,0.4222423001774587,0.4205017996719107,0.24716589984018356,0.274211100069806,0.2513999998336658,76896,76896,0,2563,30909792,30909792,49363392,49363392,36736,96.0,1.0,0.9999479166666667,5.2083333333285964e-05,5.208333333333334e-05,1.0,,,,,,,1b4d651298e11e7d6c5620930d5a7729c94ac1a1c0d4a00c329d8e4538e4dae2
heldout_scaled_strong_seed106,synthetic,heldout_scaled_strong,106,9106,ascd_g1_exact,800,96,19200,480,200.0,1e-06,0.0001,0,1,,,1920,20.0,11156.298771983093,8.168282740612598,11148.13048924248,8.17963700027362,0.011354259661022326,1.0184900214415998e-06,0.0003448000061325729,0.0002182999742217362,1.0076970998197794,1.0080384998582304,0.00015699962386861444,,0.10029260005103424,1.0303386001614854,1.0080384998582304,0.9891041998635046,,,,76896,76896,7372800,2563,,,49363392,56736192,36736,1.0,0.010416666666666666,0.0,1.0,1.0,0.010416666666666666,,,,,,,02c141a08124691d1959a26e641eea8e17d3ea4966c60e82e05bec2fcbfd9962
heldout_scaled_strong_seed107,synthetic,heldout_scaled_strong,107,9107,uniform,800,96,19200,480,200.0,1e-06,0.0001,1,1,12960,135.0,7200,75.0,29152.504438109718,8.161267721875316,29144.34317038784,8.161500511609997,0.00023278973468165987,7.987475762301148e-09,0.00011280004400759935,0.0,0.09378230042057112,0.09389330039266497,0.00011249963426962495,0.06328250007936731,0.036870099895168096,0.09389330039266497,0.09997229994041845,0.08961270016152412,0.06328250007936731,0.0671768999309279,0.057901000254787505,76896,0,0,1603,20851776,20851776,30854496,30854496,36736,,,,,,,,,,,,,b2603b5e63905f1df211df752bc6ecd15e2d98a1508132eb36547a4a43d18198
heldout_scaled_strong_seed107,synthetic,heldout_scaled_strong,107,9107,lipschitz,800,96,19200,480,200.0,1e-06,0.0001,0,0,,,,,29152.504438109718,8.161267721875316,29144.34317038784,16.70304869486353,8.541780972988214,0.0002930853827464914,0.0001173000200651586,0.0,0.20113770005991682,0.20125500007998198,0.00012869993224740028,,,0.19485839986009523,0.20125500007998198,0.21217610023450106,,,,76896,192,0,1603,,,30854688,30854688,36736,,,,,,,,,,,,,f62546fd275c19f8f32e555a7c502c42124a604d5a05ccc5d396f2ab3aabe75d
heldout_scaled_strong_seed107,synthetic,heldout_scaled_strong,107,9107,ascd_g3_zero,800,96,19200,480,200.0,1e-06,0.0001,1,1,12000,125.0,6240,65.0,29152.504438109718,8.161267721875316,29144.34317038784,8.161390725608491,0.00012300373317586377,4.220501126298908e-09,0.00012799998512491584,0.0,0.41465010010870174,0.41477510012919083,0.00015559990424662828,0.25993289990583435,0.1373296999372542,0.43850839976221323,0.4117182997870259,0.41477510012919083,0.2770372998784296,0.2540520998300053,0.25993289990583435,76896,76896,0,2563,30909792,30909792,49363392,49363392,36736,96.0,1.0,0.9998958333333333,0.00010416666666668295,5.208333333333334e-05,1.0,,,,,,,b24bbe1fbbe07541f6c33905477f3b57ee2b234be8b195a26b7883e1659418dc
heldout_scaled_strong_seed107,synthetic,heldout_scaled_strong,107,9107,ascd_g1_exact,800,96,19200,480,200.0,1e-06,0.0001,1,1,15360,160.0,1440,15.0,29152.504438109718,8.161267721875316,29144.34317038784,8.175701308897755,0.014433587022439909,4.952448898249722e-07,0.0003448999486863613,0.0002169000217691064,1.026556899829302,1.0270497998571955,0.00016640027752146125,0.8163452999433503,0.0713864000281319,1.0270497998571955,1.0358976998832077,1.0095024998881854,0.8104606998967938,0.8163452999433503,0.8199906001100317,76896,76896,7372800,2563,39521472,46894272,49363392,56736192,36736,1.0,0.010416666666666666,0.0,1.0,1.0,0.010416666666666666,,,,,,,cdf71b91f0f5c5feaebda8d0fac792e2d198f39c3bfb1940c77450d3b9ecdaa1
heldout_scaled_strong_seed108,synthetic,heldout_scaled_strong,108,9108,uniform,800,96,19200,480,200.0,1e-06,0.0001,1,1,12000,125.0,6720,70.0,33924.34699262056,8.40068121304145,33915.94631140752,8.400767332562523,8.611952107351328e-05,2.539204428583119e-09,0.00011260004248470068,0.0,0.09246820019325241,0.09258070023497567,0.00010570016456767917,0.05933320027543232,0.03201770002488047,0.08914159995038062,0.10660389979602769,0.09258070023497567,0.05774979991838336,0.0663264999166131,0.05933320027543232,76896,0,0,1603,19312896,19312896,30854496,30854496,36736,,,,,,,,,,,,,55868a2f6eb8aef90960a2beeb420708f87513bdbc7747b5b3c097c1e6a147dc
heldout_scaled_strong_seed108,synthetic,heldout_scaled_strong,108,9108,lipschitz,800,96,19200,480,200.0,1e-06,0.0001,0,0,,,,,33924.34699262056,8.40068121304145,33915.94631140752,22.961151036201315,14.560469823159865,0.00042931043968136306,0.00013539998326450586,0.0,0.20736780017614365,0.20753950020298362,0.00013449997641146183,,,0.20753950020298362,0.21079029998509213,0.20646890014177188,,,,76896,192,0,1603,,,30854688,30854688,36736,,,,,,,,,,,,,753fff873e8c98809bc09cdd6bd3a08c62a2c2adab1a8cc6c3ba2bf795994027
heldout_scaled_strong_seed108,synthetic,heldout_scaled_strong,108,9108,ascd_g3_zero,800,96,19200,480,200.0,1e-06,0.0001,1,1,12000,125.0,6720,70.0,33924.34699262056,8.40068121304145,33915.94631140752,8.400764371051846,8.315801039593396e-05,2.4518853058793773e-09,0.00012640003114938736,0.0,0.41170000028796494,0.4118264003191143,0.00015380006516352296,0.2566476999199949,0.14923209988046438,0.44289730000309646,0.4118264003191143,0.38963970000622794,0.2566476999199949,0.2697527001146227,0.23860209999838844,76896,76896,0,2563,30909792,30909792,49363392,49363392,36736,96.0,1.0,0.9998958333333333,0.00010416666666668295,5.208333333333334e-05,1.0,,,,,,,103c5dcc7a30325eab6493f1932c099fd06534b53f9b1021a6c903d89e1ff4c8
heldout_scaled_strong_seed108,synthetic,heldout_scaled_strong,108,9108,ascd_g1_exact,800,96,19200,480,200.0,1e-06,0.0001,1,1,10560,110.0,1440,15.0,33924.34699262056,8.40068121304145,33915.94631140752,8.410044025655107,0.009362812613657567,2.7605930637142254e-07,0.0003591999993659556,0.00021989998640492558,1.0424099999363534,1.0427691999357194,0.00016200001118704677,0.5573125999071635,0.06540619995212182,1.0427691999357194,0.9622686002403498,1.1062530999188311,0.5573125999071635,0.5189711002167314,0.6076615999336354,76896,76896,7372800,2563,27219072,34591872,49363392,56736192,36736,1.0,0.010416666666666666,0.0,1.0,1.0,0.010416666666666666,,,,,,,028fa84e586749fcf738c552cada095dfd22df1d1bf07360b3d0d81166af1714
heldout_scaled_strong_seed109,synthetic,heldout_scaled_strong,109,9109,uniform,800,96,19200,480,200.0,1e-06,0.0001,1,1,11040,115.0,5760,60.0,47981.66391704975,8.06348463995508,47973.600432409796,8.063583908391374,9.926843629415316e-05,2.0692304809186225e-09,0.00011100003030151129,0.0,0.09442970005329698,0.0945407000835985,0.00010740000288933516,0.05559979996178299,0.032803099893499166,0.1002343999571167,0.0945407000835985,0.07909199997084215,0.06072230002610013,0.05559979996178299,0.045487299852538854,76896,0,0,1603,17774016,17774016,30854496,30854496,36736,,,,,,,,,,,,,c0b876db7abde3f013e003f0d368a9f0a07295b1c5b0181c10758e45b00916bb
heldout_scaled_strong_seed109,synthetic,heldout_scaled_strong,109,9109,lipschitz,800,96,19200,480,200.0,1e-06,0.0001,0,0,,,,,47981.66391704975,8.06348463995508,47973.600432409796,24.130453532456443,16.066968892501365,0.00033491271757136895,0.00017039995873346925,0.0,0.2263118001865223,0.22645130014279857,0.00014149985508993268,,,0.23990299983415753,0.21890820027329028,0.22645130014279857,,,,76896,192,0,1603,,,30854688,30854688,36736,,,,,,,,,,,,,c1e152f7eaf29a7e215ce16d5d627865c706f93d9719b43171dac93122c49c68
heldout_scaled_strong_seed109,synthetic,heldout_scaled_strong,109,9109,ascd_g3_zero,800,96,19200,480,200.0,1e-06,0.0001,1,1,11040,115.0,5760,60.0,47981.66391704975,8.06348463995508,47973.600432409796,8.063586637654083,0.00010199769900332001,2.126121410191528e-09,0.0001297999988310039,0.0,0.40475359989795834,0.4048978998907842,0.00015089986845850945,0.23211269994499162,0.11720899998908862,0.4048978998907842,0.41775830008555204,0.39194300025701523,0.23614529991755262,0.23211269994499162,0.2219764000037685,76896,76896,0,2563,28449312,28449312,49363392,49363392,36736,96.0,1.0,0.9998958333333333,0.00010416666666668295,5.208333333333334e-05,1.0,,,,,,,56e384641150adda7d026c902f694b638fe99d6a1d21cfaf56c3440a96b6d47a
heldout_scaled_strong_seed109,synthetic,heldout_scaled_strong,109,9109,ascd_g1_exact,800,96,19200,480,200.0,1e-06,0.0001,1,1,13440,140.0,1440,15.0,47981.66391704975,8.06348463995508,47973.600432409796,8.080596138218414,0.017111498263334468,3.5668572108618215e-07,0.0003736000508069992,0.0002361999941058457,0.9256046998198144,0.9259477998130023,0.00016589998267591,0.6387912000063807,0.08131199993658811,0.9694159999489784,0.919228199927602,0.9259477998130023,0.6800937998341396,0.6387912000063807,0.6332304999232292,76896,76896,7372800,2563,34600512,41973312,49363392,56736192,36736,1.0,0.010416666666666666,0.0,1.0,1.0,0.010416666666666666,,,,,,,43f9c71c42e57b8c5e3d0adee20e9f52be601184f8776925f432e7a2ba00bcfb
heldout_scaled_strong_seed110,synthetic,heldout_scaled_strong,110,9110,uniform,800,96,19200,480,200.0,1e-06,0.0001,1,1,12000,125.0,6720,70.0,12552.833643452077,7.992160611941046,12544.841482840136,7.992213509346871,5.2897405824481325e-05,4.216665941681187e-09,0.000125400023534894,0.0,0.08781480003381148,0.08794020005734637,9.80998738668859e-05,0.05562229995848611,0.02860209997743368,0.10461069992743433,0.08474170020781457,0.08794020005734637,0.05562229995848611,0.050173800031188875,0.05829249991802499,76896,0,0,1603,19312896,19312896,30854496,30854496,36736,,,,,,,,,,,,,81c52d321e5f3e97283a1f02a2c487511fd24b717a21f0638f22e7e7bfdab06c
heldout_scaled_strong_seed110,synthetic,heldout_scaled_strong,110,9110,lipschitz,800,96,19200,480,200.0,1e-06,0.0001,0,0,,,,,12552.833643452077,7.992160611941046,12544.841482840136,18.602183648921773,10.610023036980728,0.0008457678043595838,0.0001362999901175499,0.0,0.2054491001763381,0.20558540016645566,0.0001368001103401184,,,0.20558540016645566,0.20867809996707365,0.2032251000055112,,,,76896,192,0,1603,,,30854688,30854688,36736,,,,,,,,,,,,,d01a3d5ea6fa386461c48ee6831f62f9bc1705b81b741a6f9a5ee2ac6568ca99
heldout_scaled_strong_seed110,synthetic,heldout_scaled_strong,110,9110,ascd_g3_zero,800,96,19200,480,200.0,1e-06,0.0001,1,1,12000,125.0,6720,70.0,12552.833643452077,7.992160611941046,12544.841482840136,7.9922066358191035,4.602387805707764e-05,3.668749271964327e-09,0.00012420001439750195,0.0,0.3844002000405453,0.3845235000480898,0.00014349998673424125,0.2439940000185743,0.14041799993719906,0.4005143999820575,0.3845235000480898,0.3840968001168221,0.24952509999275208,0.2388420999632217,0.2439940000185743,76896,76896,0,2563,30909792,30909792,49363392,49363392,36736,96.0,1.0,0.9998958333333333,0.00010416666666668295,5.208333333333334e-05,1.0,,,,,,,78e821be09751f46e9ff30167da6719e5d644a0f7c3d7a52bace49c39d842c28
heldout_scaled_strong_seed110,synthetic,heldout_scaled_strong,110,9110,ascd_g1_exact,800,96,19200,480,200.0,1e-06,0.0001,1,1,15840,165.0,1440,15.0,12552.833643452077,7.992160611941046,12544.841482840136,7.999735007086913,0.0075743951458662195,6.037856401953822e-07,0.0003657999914139509,0.0002269999822601676,0.9904273000429384,0.9907687000813894,0.00015910010552033782,0.8091343999258243,0.0721686000470072,0.9756012998986989,0.9907687000813894,0.9974543001153506,0.8091343999258243,0.808012000110466,0.8348121002782136,76896,76896,7372800,2563,40751712,48124512,49363392,56736192,36736,1.0,0.010416666666666666,0.0,1.0,1.0,0.010416666666666666,,,,,,,e386b5c6fb286d553feb4bcc661d517fb13d2c8848e559b786fd0c48659a5a6a
heldout_scaled_strong_seed111,synthetic,heldout_scaled_strong,111,9111,uniform,800,96,19200,480,200.0,1e-06,0.0001,1,1,11040,115.0,5280,55.0,65125.053538577224,8.32558475022567,65116.727953827,8.32571081637014,0.000126066144471082,1.936002444110414e-09,0.00012039998546242714,0.0,0.09551880008075386,0.09572850010590628,0.00011299981269985437,0.05716670013498515,0.02748509997036308,0.1010588999488391,0.09572850010590628,0.09079149988247082,0.05953389999922365,0.05716670013498515,0.05065459990873933,76896,0,0,1603,17774016,17774016,30854496,30854496,36736,,,,,,,,,,,,,90dd0afb89dea47be31128545ee9e9e1c5b57b442e00da7e93fd858ea5258cf5
heldout_scaled_strong_seed111,synthetic,heldout_scaled_strong,111,9111,lipschitz,800,96,19200,480,200.0,1e-06,0.0001,0,0,,,,,65125.053538577224,8.32558475022567,65116.727953827,22.642523689685344,14.316938939459675,0.00021986576090880268,0.00011510000331327319,0.0,0.20956410031067207,0.20967920031398535,0.00014109985204413533,,,0.2095088000060059,0.20967920031398535,0.22049309994326904,,,,76896,192,0,1603,,,30854688,30854688,36736,,,,,,,,,,,,,346734a62f6f47c36dbe01788a6ce31c9615557d22c753004cae8be60f0b1685
heldout_scaled_strong_seed111,synthetic,heldout_scaled_strong,111,9111,ascd_g3_zero,800,96,19200,480,200.0,1e-06,0.0001,1,1,10080,105.0,5760,60.0,65125.053538577224,8.32558475022567,65116.727953827,8.325608138547171,2.3388321501727205e-05,3.5917531848822944e-10,0.00012280000373721123,0.0,0.4061270002857782,0.40624810027657077,0.00014379987260326743,0.21526740002445877,0.11863280006218702,0.4019247999531217,0.45903799985535443,0.40624810027657077,0.21526740002445877,0.22621889982838184,0.2045874001341872,76896,76896,0,2563,25988832,25988832,49363392,49363392,36736,96.0,1.0,0.9998958333333333,0.00010416666666668295,5.208333333333334e-05,1.0,,,,,,,bd5ee682f93d6d3bed4780d5ab0d379e41f09ad448b1b89c00661a2ee8df3d7f
heldout_scaled_strong_seed111,synthetic,heldout_scaled_strong,111,9111,ascd_g1_exact,800,96,19200,480,200.0,1e-06,0.0001,1,1,8160,85.0,960,10.0,65125.053538577224,8.32558475022567,65116.727953827,8.33799235395162,0.012407603725950622,1.905440294043738e-07,0.00035930000012740493,0.00023830001009628177,1.0158451995812356,1.0161764996009879,0.00016249995678663254,0.4268973998259753,0.04759019997436553,1.0314227000344545,1.0161764996009879,1.0088339997455478,0.4347237999900244,0.4268973998259753,0.4085674000089057,76896,76896,7372800,2563,21067872,28440672,49363392,56736192,36736,1.0,0.010416666666666666,0.0,1.0,1.0,0.010416666666666666,,,,,,,e4540e2690319032a2ba5e6e0dffe48d867d383d1b7973566ced0ffaf1f43a9c
california_housing,real,california_housing,,9100,uniform,16512,8,1600,40,200.0,1e-06,0.0001,1,1,760,95.0,440,55.0,8255.999999999995,3263.4829121331277,4992.517087866867,3263.482912577354,4.442263161763549e-07,8.897842678514651e-11,8.420000085607171e-05,0.0,0.021288800169713795,0.021373000170569867,0.00021989998640492558,0.009889099979773164,0.005011700093746185,0.02283890004036948,0.021373000170569867,0.019321699801366776,0.012670599855482578,0.008084500092081726,0.009889099979773164,132104,0,0,33027,25232624,25232624,52975304,52975304,677320,,,,,,,0.6262379013375747,0.6262377809862165,-1.2035135821264475e-07,0.7218869813781325,0.7218868426447878,-1.387333447011585e-07,04bbdfa137b232f7868a7e6db40215e12e4ddebdd707ef982fad86a508903c82
california_housing,real,california_housing,,9100,lipschitz,16512,8,1600,40,200.0,1e-06,0.0001,1,1,760,95.0,440,55.0,8255.999999999995,3263.4829121331277,4992.517087866867,3263.4829126934187,5.602910277957562e-07,1.1222616125990058e-10,8.50000069476664e-05,0.0,0.032377700204961,0.0326576002407819,0.00022030016407370567,0.016692199918907136,0.009173900063615292,0.03339379990939051,0.0326576002407819,0.026690300146583468,0.016692199918907136,0.01935450016753748,0.013941300043370575,132104,16,0,33027,25232640,25232640,52975320,52975320,677320,,,,,,,0.6262379013375747,0.6262380260312784,1.2469370369583288e-07,0.7218869813781325,0.7218871251170553,1.4373892287533607e-07,1b0b69f4397470b88b41f150e349be2834f3cc0b0e7bf4c1c446c8db9d2b1a09
california_housing,real,california_housing,,9100,ascd_g3_zero,16512,8,1600,40,200.0,1e-06,0.0001,1,1,800,100.0,480,60.0,8255.999999999995,3263.4829121331277,4992.517087866867,3263.4829132661566,1.1330289453326259e-06,2.2694543161127782e-10,9.34000127017498e-05,0.0,0.04403089982224628,0.04413399985060096,0.0002077004173770547,0.02173870021943003,0.012853000138420612,0.04609140002867207,0.04413399985060096,0.04213450022507459,0.025124299980234355,0.017827499890699983,0.02173870021943003,132104,132104,0,33075,26724208,26724208,53184208,53184208,677320,8.0,1.0,0.999375,0.0006249999999999867,0.000625,1.0,0.6262379013375747,0.6262377088250324,-1.9251254235186366e-07,0.7218869813781325,0.721886759461992,-2.2191614046374042e-07,9c0a0f63fa6f5a31be95af59d2224ead59309d8593d02990656a712e71c750de
california_housing,real,california_housing,,9100,ascd_g1_exact,16512,8,1600,40,200.0,1e-06,0.0001,1,1,200,25.0,120,15.0,8255.999999999995,3263.4829121331277,4992.517087866867,3263.4829121331272,0.0,0.0,0.00016830000095069408,8.570001227781177e-05,0.047640000062529,0.04780830006347969,0.0002135997638106346,0.005903999961446971,0.004022099950816482,0.05066699971212074,0.04780830006347969,0.04734589991858229,0.009888699860312045,0.004834599967580289,0.005903999961446971,132104,132104,1056768,33075,6879208,7935976,53184208,54240976,677320,1.0,0.125,0.0,1.0,1.0,0.125,0.6262379013375747,0.6262379013375747,0.0,0.7218869813781325,0.7218869813781325,0.0,fff1c682b55556c3eea059ee63eb42292488428c5d73985ebc0147e12580a207
california_housing,real,california_housing,,9101,uniform,16512,8,1600,40,200.0,1e-06,0.0001,1,1,840,105.0,400,50.0,8255.999999999995,3263.4829121331277,4992.517087866867,3263.482912442696,3.095683496212587e-07,6.200646771416995e-11,8.659996092319489e-05,0.0,0.02188179991208017,0.02196479996200651,0.0002079999540001154,0.011176599946338683,0.004696899966802448,0.024806499772239476,0.01774280017707497,0.02196479996200651,0.012724799977149814,0.00936820002971217,0.011176599946338683,132104,0,0,33027,27874784,27874784,52975304,52975304,677320,,,,,,,0.6262379013375747,0.6262377868355691,-1.1450200565477076e-07,0.7218869813781325,0.721886849387547,-1.319905854613168e-07,324ec28eb3bb60724d53dcbb5e2a0da2fbc9407db2815e9938aa35589e945048
california_housing,real,california_housing,,9101,lipschitz,16512,8,1600,40,200.0,1e-06,0.0001,1,1,880,110.0,520,65.0,8255.999999999995,3263.4829121331277,4992.517087866867,3263.4829131497468,1.0166190804739017e-06,2.0362856302376095e-10,8.320005144923925e-05,0.0,0.030423299875110388,0.030493499885778874,0.0002712999703362584,0.019505899923387915,0.009643699915613979,0.03019159979885444,0.03913229994941503,0.030493499885778874,0.017375599942170084,0.022654199914541095,0.019505899923387915,132104,16,0,33027,29195880,29195880,52975320,52975320,677320,,,,,,,0.6262379013375747,0.626237659985696,-2.4135187870477637e-07,0.7218869813781325,0.7218867031631302,-2.7821500225844176e-07,a3de34df91300ccf1be0ff9c279f2c36c45d2e358445f6ecc71e28a723086dc8
california_housing,real,california_housing,,9101,ascd_g3_zero,16512,8,1600,40,200.0,1e-06,0.0001,1,1,1000,125.0,520,65.0,8255.999999999995,3263.4829121331277,4992.517087866867,3263.4829143518327,2.2187050490174443e-06,4.444061001632789e-10,9.419996058568358e-05,0.0,0.04571519995806739,0.045814699959009886,0.00023649982176721096,0.02676260005682707,0.013081299897748977,0.048449700174387544,0.045814699959009886,0.0402566998382099,0.03288529999554157,0.02676260005682707,0.02301769988844171,132104,132104,0,33075,33339208,33339208,53184208,53184208,677320,8.0,1.0,0.999375,0.0006249999999999867,0.000625,1.0,0.6262379013375747,0.6262376091808297,-2.9215674501870126e-07,0.7218869813781325,0.7218866445985311,-3.367796013176161e-07,d041a97149123831cb6f124259a381130ba525880844b5e3e17f5bfac80c47dd
california_housing,real,california_housing,,9101,ascd_g1_exact,16512,8,1600,40,200.0,1e-06,0.0001,1,1,200,25.0,120,15.0,8255.999999999995,3263.4829121331277,4992.517087866867,3263.4829121331272,0.0,0.0,0.00016930000856518745,8.640001760795712e-05,0.045474600221496075,0.04565730021568015,0.00019989977590739727,0.007986999989952892,0.004213800013530999,0.04565730021568015,0.04926610004622489,0.0454000998288393,0.008019400003831834,0.0053885000525042415,0.007986999989952892,132104,132104,1056768,33075,6879208,7935976,53184208,54240976,677320,1.0,0.125,0.0,1.0,1.0,0.125,0.6262379013375747,0.6262379013375747,0.0,0.7218869813781325,0.7218869813781325,0.0,fff1c682b55556c3eea059ee63eb42292488428c5d73985ebc0147e12580a207
california_housing,real,california_housing,,9102,uniform,16512,8,1600,40,200.0,1e-06,0.0001,1,1,800,100.0,440,55.0,8255.999999999995,3263.4829121331277,4992.517087866867,3263.4829124944686,3.6134088077233173e-07,7.237649354280336e-11,8.590001380071044e-05,0.0,0.022332100197672844,0.022419500222895294,0.00020529964240267873,0.008814600063487887,0.004882600042037666,0.023979900171980262,0.022419500222895294,0.017398200114257634,0.014489000022877008,0.008685600070748478,0.008814600063487887,132104,0,0,33027,26553704,26553704,52975304,52975304,677320,,,,,,,0.6262379013375747,0.6262377464761948,-1.5486137994180638e-07,0.7218869813781325,0.7218868028638429,-1.7851428957271764e-07,f569a7e58f387cca6b1bbdc8ca8aeeea442c886d45a74aa8858676b07965cdc5
california_housing,real,california_housing,,9102,lipschitz,16512,8,1600,40,200.0,1e-06,0.0001,1,1,920,115.0,520,65.0,8255.999999999995,3263.4829121331277,4992.517087866867,3263.482914826517,2.6933894332614727e-06,5.394852708280397e-10,0.00010710000060498714,0.0,0.03078099974663928,0.03088809974724427,0.00021270010620355606,0.01940579985966906,0.010957899910863489,0.03212729992810637,0.030811299628112465,0.03088809974724427,0.01689609995810315,0.02012509963242337,0.01940579985966906,132104,16,0,33027,30516960,30516960,52975320,52975320,677320,,,,,,,0.6262379013375747,0.6262373892973356,-5.120402390978995e-07,0.7218869813781325,0.7218863911309089,-5.902472235419509e-07,6c82b23112c8cf358b6a59f996930910a3cb5d805d4deed073ff309091ca11bd
california_housing,real,california_housing,,9102,ascd_g3_zero,16512,8,1600,40,200.0,1e-06,0.0001,1,1,800,100.0,440,55.0,8255.999999999995,3263.4829121331277,4992.517087866867,3263.4829124954476,3.623199518187903e-07,7.257260124343356e-11,0.00010400003520771861,0.0,0.05364500015275553,0.05373960017459467,0.00026310019893571734,0.026611900015268475,0.014940899913199246,0.05517380015226081,0.047968200233299285,0.05373960017459467,0.026611900015268475,0.022660600196104497,0.02936230000341311,132104,132104,0,33075,26724208,26724208,53184208,53184208,677320,8.0,1.0,0.999375,0.0006249999999999867,0.000625,1.0,0.6262379013375747,0.6262377455400034,-1.5579757128847405e-07,0.7218869813781325,0.7218868017846614,-1.795934710946412e-07,0e3f85ac91f52d018a08e7f2f0310581217ff3fb8084f8d7d20f03917e3faef2
california_housing,real,california_housing,,9102,ascd_g1_exact,16512,8,1600,40,200.0,1e-06,0.0001,1,1,200,25.0,120,15.0,8255.999999999995,3263.4829121331277,4992.517087866867,3263.4829121331272,0.0,0.0,0.00017600000137463212,8.790002902969718e-05,0.055994799942709506,0.056163499946706,0.0002850996679626405,0.007688400044571608,0.003445700043812394,0.06600310018984601,0.056163499946706,0.055635000055190176,0.007688400044571608,0.011162600014358759,0.005377200024668127,132104,132104,1056768,33075,6879208,7935976,53184208,54240976,677320,1.0,0.125,0.0,1.0,1.0,0.125,0.6262379013375747,0.6262379013375747,0.0,0.7218869813781325,0.7218869813781325,0.0,fff1c682b55556c3eea059ee63eb42292488428c5d73985ebc0147e12580a207
california_housing,real,california_housing,,9103,uniform,16512,8,1600,40,200.0,1e-06,0.0001,1,1,800,100.0,440,55.0,8255.999999999995,3263.4829121331277,4992.517087866867,3263.4829128021124,6.689847396046389e-07,1.339974862039928e-10,0.00013920001219958067,0.0,0.023460199823603034,0.023575899831485003,0.0001973995822481811,0.011187900032382458,0.006224899960216135,0.023575899831485003,0.02461040031630546,0.022729900025296956,0.010206899838522077,0.012767599953804165,0.011187900032382458,132104,0,0,33027,26553704,26553704,52975304,52975304,677320,,,,,,,0.6262379013375747,0.6262377158698252,-1.8546774949168565e-07,0.7218869813781325,0.7218867675827785,-2.1379535397603178e-07,1c95229ae88551a0cd88c77f2822beb5742d71dbcb598709937415ae12a5c171
california_housing,real,california_housing,,9103,lipschitz,16512,8,1600,40,200.0,1e-06,0.0001,1,1,640,80.0,360,45.0,8255.999999999995,3263.4829121331277,4992.517087866867,3263.4829121984085,6.528080120915547e-08,1.3075729148289754e-11,7.970002479851246e-05,0.0,0.025728499807883054,0.02597059978870675,0.0001456002937629819,0.010629899916239083,0.005946199991740286,0.02597059978870675,0.02526829985436052,0.036277800041716546,0.010993599949870259,0.010470599983818829,0.010629899916239083,132104,16,0,33027,21269400,21269400,52975320,52975320,677320,,,,,,,0.6262379013375747,0.6262377971315315,-1.0420604323879701e-07,0.7218869813781325,0.7218868612560737,-1.20122058744343e-07,ed1eea7f6edf4af2f263c5839bea8d99405c3575b129d3581d2fd0b43407518e
california_housing,real,california_housing,,9103,ascd_g3_zero,16512,8,1600,40,200.0,1e-06,0.0001,1,1,800,100.0,440,55.0,8255.999999999995,3263.4829121331277,4992.517087866867,3263.482912803754,6.70626377541339e-07,1.343263058971071e-10,9.190000128000975e-05,0.0,0.04489860008470714,0.0449788001133129,0.00017799995839595795,0.02181110018864274,0.010177900083363056,0.04271790012717247,0.04707949998555705,0.0449788001133129,0.01846430019941181,0.024947899917606264,0.02181110018864274,132104,132104,0,33075,26724208,26724208,53184208,53184208,677320,8.0,1.0,0.999375,0.0006249999999999867,0.000625,1.0,0.6262379013375747,0.6262377185304008,-1.828071739540249e-07,0.7218869813781325,0.7218867706497197,-2.107284127195186e-07,d4a3bfa7dfeeedf4841e5c99d7e9a968d04c6d6dfe703e659d37ae62dce335ab
california_housing,real,california_housing,,9103,ascd_g1_exact,16512,8,1600,40,200.0,1e-06,0.0001,1,1,200,25.0,120,15.0,8255.999999999995,3263.4829121331277,4992.517087866867,3263.4829121331272,0.0,0.0,0.0001973999897018075,9.049999061971903e-05,0.04077799996593967,0.04097539995564148,0.00018710020231083035,0.005118100089021027,0.003191600029822439,0.058424999995622784,0.04097539995564148,0.03988510003546253,0.01233419997151941,0.005118100089021027,0.004906199930701405,132104,132104,1056768,33075,6879208,7935976,53184208,54240976,677320,1.0,0.125,0.0,1.0,1.0,0.125,0.6262379013375747,0.6262379013375747,0.0,0.7218869813781325,0.7218869813781325,0.0,fff1c682b55556c3eea059ee63eb42292488428c5d73985ebc0147e12580a207
california_housing,real,california_housing,,9104,uniform,16512,8,1600,40,200.0,1e-06,0.0001,1,1,880,110.0,440,55.0,8255.999999999995,3263.4829121331277,4992.517087866867,3263.482912568931,4.358034857432358e-07,8.729133582784387e-11,7.41000403650105e-05,0.0,0.022733399993740022,0.02280479995533824,0.0002122002188116312,0.012441100145224482,0.004855100065469742,0.018106600153259933,0.023809200036339462,0.02280479995533824,0.010508100036531687,0.012441100145224482,0.013621499936562032,132104,0,0,33027,29195864,29195864,52975304,52975304,677320,,,,,,,0.6262379013375747,0.6262376960642098,-2.0527336497266901e-07,0.7218869813781325,0.7218867447521322,-2.3662600023843794e-07,3ce0898891e6715edcccaf77d5ec56d144b60f8e906b0275689cf9fef4c527f6
california_housing,real,california_housing,,9104,lipschitz,16512,8,1600,40,200.0,1e-06,0.0001,1,1,840,105.0,480,60.0,8255.999999999995,3263.4829121331277,4992.517087866867,3263.48291296947,8.363422239199281e-07,1.6751915100149786e-10,8.420000085607171e-05,0.0,0.029899399960413575,0.029983599961269647,0.0001998998923227191,0.01374609989579767,0.007735199818853289,0.029983599961269647,0.02510859991889447,0.03712869994342327,0.01374609989579767,0.013173799787182361,0.019816900021396577,132104,16,0,33027,27874800,27874800,52975320,52975320,677320,,,,,,,0.6262379013375747,0.6262375880565434,-3.1328103133887453e-07,0.7218869813781325,0.7218866202478056,-3.6113032686468927e-07,24145b5a8a5d8b8dc9945df12632e738d4a9e0cdb9db4e64b95d9e28c5c02d09
california_housing,real,california_housing,,9104,ascd_g3_zero,16512,8,1600,40,200.0,1e-06,0.0001,1,1,880,110.0,440,55.0,8255.999999999995,3263.4829121331277,4992.517087866867,3263.4829125689316,4.358039404905867e-07,8.729142691363144e-11,9.490002412348986e-05,0.0,0.04326800018316135,0.043357300164643675,0.00020899984519928694,0.024460500048007816,0.013075999915599823,0.038217400200665,0.04735899972729385,0.043357300164643675,0.021931900002527982,0.030967999889981,0.024460500048007816,132104,132104,0,33075,29370208,29370208,53184208,53184208,677320,8.0,1.0,0.999375,0.0006249999999999867,0.000625,1.0,0.6262379013375747,0.6262376960642098,-2.0527336497266901e-07,0.7218869813781325,0.7218867447521322,-2.3662600023843794e-07,2e1d2031b38c4c687bca815fc3daaf97521f48b0924309ad202dc61cd734c568
california_housing,real,california_housing,,9104,ascd_g1_exact,16512,8,1600,40,200.0,1e-06,0.0001,1,1,200,25.0,120,15.0,8255.999999999995,3263.4829121331277,4992.517087866867,3263.4829121331272,0.0,0.0,0.00018969998927786946,9.139999747276306e-05,0.04838240030221641,0.04857210029149428,0.00021329987794160843,0.004993900016415864,0.0030953999958001077,0.04857210029149428,0.03812189999734983,0.057118200056720525,0.004958900099154562,0.004993900016415864,0.010235299996566027,132104,132104,1056768,33075,6879208,7935976,53184208,54240976,677320,1.0,0.125,0.0,1.0,1.0,0.125,0.6262379013375747,0.6262379013375747,0.0,0.7218869813781325,0.7218869813781325,0.0,fff1c682b55556c3eea059ee63eb42292488428c5d73985ebc0147e12580a207
california_housing,real,california_housing,,9105,uniform,16512,8,1600,40,200.0,1e-06,0.0001,1,1,840,105.0,480,60.0,8255.999999999995,3263.4829121331277,4992.517087866867,3263.4829127002267,5.670990503858775e-07,1.1358980658555536e-10,7.940002251416445e-05,0.0,0.02638630016008392,0.026465700182598084,0.0002645000349730253,0.013673800101969391,0.009854000061750412,0.029189499968197197,0.026465700182598084,0.018695899983868003,0.013673800101969391,0.01626340002985671,0.009038999967742711,132104,0,0,33027,27874784,27874784,52975304,52975304,677320,,,,,,,0.6262379013375747,0.6262377077585773,-1.9357899738725592e-07,0.7218869813781325,0.7218867582326509,-2.2314548153712366e-07,54d42e83d5c96ffdcd1e0a04cd93a9ee28edd78dead1b48e3667e9e9f1b06618
california_housing,real,california_housing,,9105,lipschitz,16512,8,1600,40,200.0,1e-06,0.0001,1,1,840,105.0,440,55.0,8255.999999999995,3263.4829121331277,4992.517087866867,3263.482913839289,1.706161128822714e-06,3.41743673340475e-10,7.800001185387373e-05,0.0,0.025805899582337588,0.02589599962811917,0.00017270032549276948,0.014564199838787317,0.006831099861301482,0.02589599962811917,0.03657179983565584,0.024112200015224516,0.014564199838787317,0.01923699991311878,0.012685600144322962,132104,16,0,33027,27874800,27874800,52975320,52975320,677320,,,,,,,0.6262379013375747,0.626237547645068,-3.5369250672712127e-07,0.7218869813781325,0.7218865736640425,-4.0771408993389713e-07,939e5d35f1894d12627a9a4a372d2f00658a4332dd284570be3a7f09986aeaf4
california_housing,real,california_housing,,9105,ascd_g3_zero,16512,8,1600,40,200.0,1e-06,0.0001,1,1,880,110.0,520,65.0,8255.999999999995,3263.4829121331277,4992.517087866867,3263.4829128225956,6.894679245306179e-07,1.3810026333334076e-10,9.450002107769251e-05,0.0,0.042877499596215785,0.04300409962888807,0.00020730035612359643,0.027191899891477078,0.018847099971026182,0.039782200241461396,0.06314670020947233,0.04300409962888807,0.023710100213065743,0.035061700036749244,0.027191899891477078,132104,132104,0,33075,29370208,29370208,53184208,53184208,677320,8.0,1.0,0.999375,0.0006249999999999867,0.000625,1.0,0.6262379013375747,0.6262376878776851,-2.1345988965304485e-07,0.7218869813781325,0.7218867353152304,-2.460629020539784e-07,ab001ba2a99a4434dae56725cdf20137ff7b44511c95d3ccc733c0fbbd27d128
california_housing,real,california_housing,,9105,ascd_g1_exact,16512,8,1600,40,200.0,1e-06,0.0001,1,1,200,25.0,120,15.0,8255.999999999995,3263.4829121331277,4992.517087866867,3263.4829121331272,0.0,0.0,0.0002437999937683344,0.0001173000200651586,0.04585579998092726,0.046048899996094406,0.00020849989959970117,0.005193300079554319,0.0032627000473439693,0.05513830034760758,0.046048899996094406,0.04555520031135529,0.005464900052174926,0.004911300027742982,0.005193300079554319,132104,132104,1056768,33075,6879208,7935976,53184208,54240976,677320,1.0,0.125,0.0,1.0,1.0,0.125,0.6262379013375747,0.6262379013375747,0.0,0.7218869813781325,0.7218869813781325,0.0,fff1c682b55556c3eea059ee63eb42292488428c5d73985ebc0147e12580a207
california_housing,real,california_housing,,9106,uniform,16512,8,1600,40,200.0,1e-06,0.0001,1,1,760,95.0,440,55.0,8255.999999999995,3263.4829121331277,4992.517087866867,3263.4829123111804,1.7805268726078793e-07,3.566391143527639e-11,9.55999712459743e-05,0.0,0.02330600004643202,0.023401600017677993,0.0002112999209202826,0.009099000133574009,0.005749700008891523,0.023401600017677993,0.02559680031845346,0.016965199902188033,0.011779299995396286,0.009099000133574009,0.008124099927954376,132104,0,0,33027,25232624,25232624,52975304,52975304,677320,,,,,,,0.6262379013375747,0.6262377460796467,-1.5525792806947436e-07,0.7218869813781325,0.7218868024067275,-1.7897140491829333e-07,3241580b67feb8a53fd05807a6a31e52dca25b47f2a6469ef91f77e02bdcd69d
california_housing,real,california_housing,,9106,lipschitz,16512,8,1600,40,200.0,1e-06,0.0001,1,1,840,105.0,400,50.0,8255.999999999995,3263.4829121331277,4992.517087866867,3263.4829123885224,2.553947524575051e-07,5.1155508927186586e-11,0.00011089997133240104,0.0,0.029271200008224696,0.029355900012888014,0.00019799999427050352,0.014636900159530342,0.006161699828226119,0.03062719985609874,0.024221099622081965,0.029355900012888014,0.019061500148382038,0.012784899678081274,0.014636900159530342,132104,16,0,33027,27874800,27874800,52975320,52975320,677320,,,,,,,0.6262379013375747,0.6262377465388562,-1.5479871851020732e-07,0.7218869813781325,0.721886802936075,-1.784420574635348e-07,6a84d44065c1702913e45a4700a8b1b10acaa72de7079a7f5d9e489ffd89cc9c
california_housing,real,california_housing,,9106,ascd_g3_zero,16512,8,1600,40,200.0,1e-06,0.0001,1,1,760,95.0,440,55.0,8255.999999999995,3263.4829121331277,4992.517087866867,3263.4829123272125,1.9408480511629023e-07,3.887514087592559e-11,8.93000396899879e-05,0.0,0.04446280002593994,0.044557200046256185,0.0002183000324293971,0.02359500009333715,0.012318199907895178,0.044557200046256185,0.03849669999908656,0.0452224999316968,0.024267700035125017,0.0196146999951452,0.02359500009333715,132104,132104,0,33075,25401208,25401208,53184208,53184208,677320,8.0,1.0,0.999375,0.0006249999999999867,0.000625,1.0,0.6262379013375747,0.6262377393129469,-1.6202462782555216e-07,0.7218869813781325,0.7218867946065091,-1.8677162338942566e-07,83e9f857b1068a0b10f2488eb8812c8adb531f8555129098e0f31d95e8e5513b
california_housing,real,california_housing,,9106,ascd_g1_exact,16512,8,1600,40,200.0,1e-06,0.0001,1,1,200,25.0,120,15.0,8255.999999999995,3263.4829121331277,4992.517087866867,3263.4829121331272,0.0,0.0,0.00019029999384656549,9.009998757392168e-05,0.0470942000974901,0.04727570008253679,0.00021609972463920712,0.0050005000084638596,0.003099900030065328,0.04727570008253679,0.04855110013158992,0.04522259999066591,0.004947800072841346,0.005029999942053109,0.0050005000084638596,132104,132104,1056768,33075,6879208,7935976,53184208,54240976,677320,1.0,0.125,0.0,1.0,1.0,0.125,0.6262379013375747,0.6262379013375747,0.0,0.7218869813781325,0.7218869813781325,0.0,fff1c682b55556c3eea059ee63eb42292488428c5d73985ebc0147e12580a207
california_housing,real,california_housing,,9107,uniform,16512,8,1600,40,200.0,1e-06,0.0001,1,1,920,115.0,520,65.0,8255.999999999995,3263.4829121331277,4992.517087866867,3263.4829144605555,2.3274278646567836e-06,4.661832545977753e-10,6.84000551700592e-05,0.0,0.022662899747956544,0.02272989973425865,0.00020810007117688656,0.014233299880288541,0.00854279997292906,0.02568380004959181,0.02272989973425865,0.022412199876271188,0.01670459989691153,0.014233299880288541,0.009788500028662384,132104,0,0,33027,30516944,30516944,52975304,52975304,677320,,,,,,,0.6262379013375747,0.6262375431055474,-3.582320273753936e-07,0.7218869813781325,0.7218865684311736,-4.12946958849858e-07,26c56a3f9aa220ea3982dc83a7c5c67c84b3d93e7e293ad7b81dbd520a261693
california_housing,real,california_housing,,9107,lipschitz,16512,8,1600,40,200.0,1e-06,0.0001,1,1,880,110.0,520,65.0,8255.999999999995,3263.4829121331277,4992.517087866867,3263.482913127156,9.94028141576564e-07,1.9910360326904327e-10,7.800001185387373e-05,0.0,0.03267529985168949,0.03275329986354336,0.00022580003133043647,0.0193174000014551,0.009056499984581023,0.03669749980326742,0.03275329986354336,0.026403600233606994,0.019751199812162668,0.0193174000014551,0.015281800122465938,132104,16,0,33027,29195880,29195880,52975320,52975320,677320,,,,,,,0.6262379013375747,0.6262376973802299,-2.039573447909504e-07,0.7218869813781325,0.721886746269156,-2.35108976398557e-07,cbb4ca5d3e9a71d7eb293577a2dcd9725b1410e0b99fc1b88b7fab118477e040
california_housing,real,california_housing,,9107,ascd_g3_zero,16512,8,1600,40,200.0,1e-06,0.0001,1,1,960,120.0,560,70.0,8255.999999999995,3263.4829121331277,4992.517087866867,3263.4829161063853,3.9732576624373905e-06,7.95842576501832e-10,0.00010269996710121632,0.0,0.049479400215204805,0.04957230022409931,0.00023250002413988113,0.028551500057801604,0.014026400109287351,0.04957230022409931,0.05011250014649704,0.044119200261775404,0.029515800182707608,0.028441900212783366,0.028551500057801604,132104,132104,0,33075,32016208,32016208,53184208,53184208,677320,8.0,1.0,0.999375,0.0006249999999999867,0.000625,1.0,0.6262379013375747,0.6262373485574227,-5.527801519855657e-07,0.7218869813781325,0.7218863441685442,-6.372095882056783e-07,ef708f47ed60b44146e5c5ed7890d7ee4f3cca8dd2d79a84c21f7a8edfd021a9
california_housing,real,california_housing,,9107,ascd_g1_exact,16512,8,1600,40,200.0,1e-06,0.0001,1,1,200,25.0,120,15.0,8255.999999999995,3263.4829121331277,4992.517087866867,3263.4829121331272,0.0,0.0,0.00019589997828006744,9.210000280290842e-05,0.054404600348789245,0.05462920031277463,0.000249599979724735,0.005121800058986992,0.0031039000023156404,0.05867299996316433,0.05462920031277463,0.04681780037935823,0.008127599896397442,0.005121800058986992,0.004981900041457266,132104,132104,1056768,33075,6879208,7935976,53184208,54240976,677320,1.0,0.125,0.0,1.0,1.0,0.125,0.6262379013375747,0.6262379013375747,0.0,0.7218869813781325,0.7218869813781325,0.0,fff1c682b55556c3eea059ee63eb42292488428c5d73985ebc0147e12580a207
california_housing,real,california_housing,,9108,uniform,16512,8,1600,40,200.0,1e-06,0.0001,1,1,960,120.0,600,75.0,8255.999999999995,3263.4829121331277,4992.517087866867,3263.4829149937214,2.860593667719513e-06,5.729762397151349e-10,9.629997657611966e-05,0.0,0.028420800052117556,0.029056600003968924,0.00027909991331398487,0.016092400008346885,0.01190009998390451,0.029056600003968924,0.029778199968859553,0.018843500351067632,0.016239300020970404,0.016092400008346885,0.012085800233762711,132104,0,0,33027,31838024,31838024,52975304,52975304,677320,,,,,,,0.6262379013375747,0.6262372469581253,-6.543794494051625e-07,0.7218869813781325,0.7218862270513752,-7.543267572795997e-07,f568ac5011ba025dad76026f5ad70583eaebb5d67ffcc5bbbf6b348fa23cd1fd
california_housing,real,california_housing,,9108,lipschitz,16512,8,1600,40,200.0,1e-06,0.0001,1,1,960,120.0,520,65.0,8255.999999999995,3263.4829121331277,4992.517087866867,3263.482914165053,2.031925305345794e-06,4.0699416137881804e-10,0.00010340003063902259,0.0,0.03246260021114722,0.03255250019719824,0.0002231999533250928,0.01704750006319955,0.008315100043546408,0.034316099889110774,0.03255250019719824,0.027302399859763682,0.0193669997388497,0.01704750006319955,0.016246200015302747,132104,16,0,33027,31838040,31838040,52975320,52975320,677320,,,,,,,0.6262379013375747,0.6262373972268872,-5.041106875269818e-07,0.7218869813781325,0.7218864002715886,-5.811065438843244e-07,7e703a0c77526244449c7b1b79c3fa78f7a557db38aad2abd7be81a8831a1004
california_housing,real,california_housing,,9108,ascd_g3_zero,16512,8,1600,40,200.0,1e-06,0.0001,1,1,1000,125.0,600,75.0,8255.999999999995,3263.4829121331277,4992.517087866867,3263.4829160884788,3.955351076001534e-06,7.922558914448346e-10,0.00010219996329396963,0.0,0.04478930018376559,0.04489150014705956,0.00022100011119619012,0.02957559993956238,0.015132300031837076,0.03805609967093915,0.04489150014705956,0.04696539987344295,0.02368239965289831,0.03039050003280863,0.02957559993956238,132104,132104,0,33075,33339208,33339208,53184208,53184208,677320,8.0,1.0,0.999375,0.0006249999999999867,0.000625,1.0,0.6262379013375747,0.626237131610045,-7.697275297147144e-07,0.7218869813781325,0.721886094085489,-8.872926434699835e-07,f2ec06618cb463dc2db66f88e26ab9e9a26c91c3639e5eb53650a3a9a639c297
california_housing,real,california_housing,,9108,ascd_g1_exact,16512,8,1600,40,200.0,1e-06,0.0001,1,1,200,25.0,120,15.0,8255.999999999995,3263.4829121331277,4992.517087866867,3263.4829121331272,0.0,0.0,0.00022330001229420304,9.839999256655574e-05,0.04842439998174086,0.048611899954266846,0.0002250999677926302,0.005345500074326992,0.003307300037704408,0.048611899954266846,0.05687910015694797,0.04456239996943623,0.004904500034172088,0.008400399994570762,0.005345500074326992,132104,132104,1056768,33075,6879208,7935976,53184208,54240976,677320,1.0,0.125,0.0,1.0,1.0,0.125,0.6262379013375747,0.6262379013375747,0.0,0.7218869813781325,0.7218869813781325,0.0,fff1c682b55556c3eea059ee63eb42292488428c5d73985ebc0147e12580a207
california_housing,real,california_housing,,9109,uniform,16512,8,1600,40,200.0,1e-06,0.0001,1,1,840,105.0,520,65.0,8255.999999999995,3263.4829121331277,4992.517087866867,3263.482912778744,6.456161827372853e-07,1.2931676975253683e-10,0.00011969998013228178,0.0,0.01930059993173927,0.019420299911871552,0.00018809997709468007,0.00958869984606281,0.006237999827135354,0.023530300008133054,0.018330099643208086,0.019420299911871552,0.010851299855858088,0.00958869984606281,0.009491599805187434,132104,0,0,33027,27874784,27874784,52975304,52975304,677320,,,,,,,0.6262379013375747,0.6262375734139227,-3.2792365201039786e-07,0.7218869813781325,0.7218866033687295,-3.78009403001478e-07,2d952e198fafdd34732bd4f826bb4f597b761c1de4238cb71dc4f26e30c3c64b
california_housing,real,california_housing,,9109,lipschitz,16512,8,1600,40,200.0,1e-06,0.0001,1,1,800,100.0,400,50.0,8255.999999999995,3263.4829121331277,4992.517087866867,3263.482912571769,4.3864110921276733e-07,8.785971114225746e-11,8.379999781027436e-05,0.0,0.03565230028470978,0.035736100282520056,0.00026229978539049625,0.020021599950268865,0.012583300122059882,0.03834200027631596,0.035736100282520056,0.03425399982370436,0.022379300149623305,0.01580760016804561,0.020021599950268865,132104,16,0,33027,26553720,26553720,52975320,52975320,677320,,,,,,,0.6262379013375747,0.6262377314885159,-1.6984905881756163e-07,0.7218869813781325,0.7218867855870057,-1.9579112675582877e-07,3979f43559634de8680010a6204ac913d8947f66d97bdcb4c872d1887316b561
california_housing,real,california_housing,,9109,ascd_g3_zero,16512,8,1600,40,200.0,1e-06,0.0001,1,1,920,115.0,560,70.0,8255.999999999995,3263.4829121331277,4992.517087866867,3263.482913744225,1.6110971046146005e-06,3.2270237162131933e-10,0.00010710000060498714,0.0,0.05065039999317378,0.05084550002356991,0.00024329987354576588,0.03145519969984889,0.017378599848598242,0.05856200022390112,0.05084550002356991,0.05021369969472289,0.033274799992796034,0.0299092999775894,0.03145519969984889,132104,132104,0,33075,30693208,30693208,53184208,53184208,677320,8.0,1.0,0.999375,0.0006249999999999867,0.000625,1.0,0.6262379013375747,0.626237380678646,-5.206589287487517e-07,0.7218869813781325,0.721886381195835,-6.001822974166515e-07,c1b7f0c46b3512accf31fd434cf1e6a8d41ac860a7d6b903b6faed83f0025d84
california_housing,real,california_housing,,9109,ascd_g1_exact,16512,8,1600,40,200.0,1e-06,0.0001,1,1,200,25.0,120,15.0,8255.999999999995,3263.4829121331277,4992.517087866867,3263.4829121331272,0.0,0.0,0.00016709999181330204,8.570001227781177e-05,0.05280870047863573,0.05297580047044903,0.00024379993556067348,0.005119900102727115,0.0031841000309213996,0.05017900001257658,0.05297580047044903,0.05856209987541661,0.00512039999011904,0.005119900102727115,0.004989399923942983,132104,132104,1056768,33075,6879208,7935976,53184208,54240976,677320,1.0,0.125,0.0,1.0,1.0,0.125,0.6262379013375747,0.6262379013375747,0.0,0.7218869813781325,0.7218869813781325,0.0,fff1c682b55556c3eea059ee63eb42292488428c5d73985ebc0147e12580a207
california_housing,real,california_housing,,9110,uniform,16512,8,1600,40,200.0,1e-06,0.0001,1,1,880,110.0,480,60.0,8255.999999999995,3263.4829121331277,4992.517087866867,3263.4829134403,1.3071721696178429e-06,2.618262785308469e-10,8.619995787739754e-05,0.0,0.024667599878739566,0.02483289985684678,0.00023330020485445857,0.011859399906825274,0.007674399996176362,0.019665200146846473,0.02483289985684678,0.0270555000170134,0.009375700145028532,0.011859399906825274,0.015359200071543455,132104,0,0,33027,29195864,29195864,52975304,52975304,677320,,,,,,,0.6262379013375747,0.6262374834067168,-4.179308579210783e-07,0.7218869813781325,0.7218864996141817,-4.817639507326277e-07,7ea00473fa0c44d9eb54abcf44eb9d3512fe4d439621cc886651aec2fcff462b
california_housing,real,california_housing,,9110,lipschitz,16512,8,1600,40,200.0,1e-06,0.0001,1,1,920,115.0,520,65.0,8255.999999999995,3263.4829121331277,4992.517087866867,3263.482916555902,4.4227745092939585e-06,8.858806953395246e-10,9.030004730448127e-05,0.0,0.03266349987825379,0.03275379992555827,0.00023720000172033906,0.020655199943576008,0.011773199890740216,0.03275379992555827,0.029514599940739572,0.036270099808461964,0.02194079995388165,0.018457799858879298,0.020655199943576008,132104,16,0,33027,30516960,30516960,52975320,52975320,677320,,,,,,,0.6262379013375747,0.6262370931837629,-8.081538118709375e-07,0.7218869813781325,0.7218860497901297,-9.31588002739403e-07,896dfee030967dc6195653d43f42476f9bb916dc84a124f5b88ca528414ab726
california_housing,real,california_housing,,9110,ascd_g3_zero,16512,8,1600,40,200.0,1e-06,0.0001,1,1,880,110.0,480,60.0,8255.999999999995,3263.4829121331277,4992.517087866867,3263.482913528102,1.3949743333796505e-06,2.7941303130835667e-10,0.00010409997776150703,0.0,0.04789939982583746,0.04800349980359897,0.0002284004003740847,0.02757180016487837,0.0167312998091802,0.043977299763355404,0.04800349980359897,0.0500831002718769,0.021084400010295212,0.027732099930290133,0.02757180016487837,132104,132104,0,33075,29370208,29370208,53184208,53184208,677320,8.0,1.0,0.999375,0.0006249999999999867,0.000625,1.0,0.6262379013375747,0.6262374682561845,-4.330813901942676e-07,0.7218869813781325,0.7218864821496176,-4.992285148608389e-07,f1903aa56457551bc7c8dcef4d76b5d15788539ebe830fe4750fee78216de322
california_housing,real,california_housing,,9110,ascd_g1_exact,16512,8,1600,40,200.0,1e-06,0.0001,1,1,200,25.0,120,15.0,8255.999999999995,3263.4829121331277,4992.517087866867,3263.4829121331272,0.0,0.0,0.00019290001364424825,9.659997886046767e-05,0.05122919986024499,0.05142209987388924,0.00021880021085962653,0.005414000013843179,0.003212900075595826,0.05335120001109317,0.04587449989048764,0.05142209987388924,0.0051457000663504004,0.005414000013843179,0.008970100083388388,132104,132104,1056768,33075,6879208,7935976,53184208,54240976,677320,1.0,0.125,0.0,1.0,1.0,0.125,0.6262379013375747,0.6262379013375747,0.0,0.7218869813781325,0.7218869813781325,0.0,fff1c682b55556c3eea059ee63eb42292488428c5d73985ebc0147e12580a207
california_housing,real,california_housing,,9111,uniform,16512,8,1600,40,200.0,1e-06,0.0001,1,1,880,110.0,520,65.0,8255.999999999995,3263.4829121331277,4992.517087866867,3263.482912569894,4.3676618588506244e-07,8.748416444012169e-11,9.180000051856041e-05,0.0,0.022590400010813028,0.022682200011331588,0.00025510002160444856,0.012729099951684475,0.005743499903474003,0.031698499456979334,0.022682200011331588,0.017056499782484025,0.017145299760159105,0.012729099951684475,0.009507599868811667,132104,0,0,33027,29195864,29195864,52975304,52975304,677320,,,,,,,0.6262379013375747,0.6262376733976138,-2.2793996090619828e-07,0.7218869813781325,0.7218867186235308,-2.6275460163205366e-07,ae1b5e10b0f4b993aa4eaf24fca53420475a425fa4469739a1c60b6e19300eab
california_housing,real,california_housing,,9111,lipschitz,16512,8,1600,40,200.0,1e-06,0.0001,1,1,840,105.0,440,55.0,8255.999999999995,3263.4829121331277,4992.517087866867,3263.482912789725,6.565974217664916e-07,1.3151630935068734e-10,8.450000314041972e-05,0.0,0.029441299673635513,0.02960479963803664,0.0002019001985900104,0.016190899827051908,0.00938719988334924,0.03289429988944903,0.02718389977235347,0.02960479963803664,0.020357699831947684,0.012771799927577376,0.016190899827051908,132104,16,0,33027,27874800,27874800,52975320,52975320,677320,,,,,,,0.6262379013375747,0.6262377105035438,-1.9083403091091355e-07,0.7218869813781325,0.7218867613968726,-2.1998125987465755e-07,1c39dca434d0ef6b5c96123718ba4b7a6820596eb8bae8c50682825199b4db5c
california_housing,real,california_housing,,9111,ascd_g3_zero,16512,8,1600,40,200.0,1e-06,0.0001,1,1,920,115.0,600,75.0,8255.999999999995,3263.4829121331277,4992.517087866867,3263.482912978171,8.450433597317897e-07,1.6926198646079108e-10,9.300000965595245e-05,0.0,0.044122599822003394,0.04421169980196282,0.0002055001095868647,0.02031999995233491,0.013382200035266578,0.03513890004251152,0.04421169980196282,0.04619230004027486,0.02021060010883957,0.02031999995233491,0.031092100078240037,132104,132104,0,33075,30693208,30693208,53184208,53184208,677320,8.0,1.0,0.999375,0.0006249999999999867,0.000625,1.0,0.6262379013375747,0.6262376034667222,-2.9787085253918377e-07,0.7218869813781325,0.7218866380116736,-3.433664588214924e-07,657b3ff9510a57289167bdc2f1ae7d5f923147bb4f71d077949ea4e7e03c725a
california_housing,real,california_housing,,9111,ascd_g1_exact,16512,8,1600,40,200.0,1e-06,0.0001,1,1,200,25.0,120,15.0,8255.999999999995,3263.4829121331277,4992.517087866867,3263.4829121331272,0.0,0.0,0.00019430002430453897,9.210000280290842e-05,0.050099700049031526,0.05048280005576089,0.00022739998530596495,0.009553899988532066,0.004923400061670691,0.04681319964583963,0.05373490008059889,0.05048280005576089,0.009553899988532066,0.008312099962495267,0.010477600037120283,132104,132104,1056768,33075,6879208,7935976,53184208,54240976,677320,1.0,0.125,0.0,1.0,1.0,0.125,0.6262379013375747,0.6262379013375747,0.0,0.7218869813781325,0.7218869813781325,0.0,fff1c682b55556c3eea059ee63eb42292488428c5d73985ebc0147e12580a207
concrete_compressive_strength,real,concrete_compressive_strength,,9100,uniform,824,8,1600,40,200.0,1e-06,0.0001,1,1,1400,175.0,760,95.0,411.99999999999994,160.03427568734426,251.96572431265568,160.03431089563978,3.520829551462157e-05,1.397344643231426e-07,4.880002234131098e-05,0.0,0.005710200290195644,0.005759700259659439,7.91997299529612e-05,0.005123900133185089,0.0029804000514559448,0.006555400206707418,0.005759700259659439,0.005444799724500626,0.0059206001460552216,0.005123900133185089,0.004778099828399718,6600,0,0,1651,2318000,2318000,2648200,2648200,34112,,,,,,,0.5760062149833124,0.5760251392591369,1.892427582450562e-05,9.72019797031773,9.720517320530757,0.00031935021302587074,ba98d814bc663f57c94b220db152ff7330b3e5f66558fa52ac50fb9bc71bdc0c
concrete_compressive_strength,real,concrete_compressive_strength,,9100,lipschitz,824,8,1600,40,200.0,1e-06,0.0001,1,1,1520,190.0,920,115.0,411.99999999999994,160.03427568734426,251.96572431265568,160.0344203117449,0.00014462440063311988,5.739844219988445e-07,6.2700011767447e-05,0.0,0.01686669996706769,0.016929399978835136,0.00011190003715455532,0.016314299951773137,0.009341299999505281,0.023106600157916546,0.012901000154670328,0.016929399978835136,0.022512800176627934,0.01228590018581599,0.016314299951773137,6600,16,0,1651,2516136,2516136,2648216,2648216,34112,,,,,,,0.5760062149833124,0.5760405047833077,3.42897999953129e-05,9.72019797031773,9.72077661623447,0.0005786459167396174,f85e4b8f8808b745d7ce0f0a40f26f0d9111c55ab35470dab748f3b7acb3b7ce
concrete_compressive_strength,real,concrete_compressive_strength,,9100,ascd_g3_zero,824,8,1600,40,200.0,1e-06,0.0001,1,1,1240,155.0,560,70.0,411.99999999999994,160.03427568734426,251.96572431265568,160.0342836564255,7.96908122424611e-06,3.162764001328033e-08,5.169998621568084e-05,0.0,0.028730499907396734,0.028782199893612415,0.00010279979323968291,0.021957700024358928,0.01180690003093332,0.028093900124076754,0.028782199893612415,0.030746099771931767,0.021957700024358928,0.02349680004408583,0.021752299915533513,6600,6600,0,1699,2119960,2119960,2731600,2731600,34112,8.0,1.0,0.999375,0.0006249999999999867,0.000625,1.0,0.5760062149833124,0.5760152007878933,8.985804580863288e-06,9.72019797031773,9.720349607222293,0.00015163690456176937,f3632df54f136fd64291c439539a9cb94c47b4df9285a767139563c2a4292396
concrete_compressive_strength,real,concrete_compressive_strength,,9100,ascd_g1_exact,824,8,1600,40,200.0,1e-06,0.0001,1,1,480,60.0,240,30.0,411.99999999999994,160.03427568734426,251.96572431265568,160.03427568734423,0.0,0.0,7.460004417225718e-05,2.0499981474131346e-05,0.038730200089048594,0.0389031000668183,0.00012180034536868334,0.007920400006696582,0.004036399943288416,0.0389031000668183,0.026099200127646327,0.03910709964111447,0.00941109994892031,0.007849600224290043,0.007920400006696582,6600,6600,52736,1699,828720,881456,2731600,2784336,34112,1.0,0.125,0.0,1.0,1.0,0.125,0.5760062149833124,0.576006215895758,9.124455635500794e-10,9.72019797031773,9.720197985715398,1.539766714131474e-08,c6623c4d8acd2e0ca1d0800a2a1999404899071f47652c1f98f0a129f8574e83
concrete_compressive_strength,real,concrete_compressive_strength,,9101,uniform,824,8,1600,40,200.0,1e-06,0.0001,1,1,1320,165.0,760,95.0,411.99999999999994,160.03427568734426,251.96572431265568,160.0343048775147,2.9190170437232155e-05,1.1584976693501004e-07,4.3599982745945454e-05,0.0,0.005320899770595133,0.005371999810449779,7.470010314136744e-05,0.004483699798583984,0.0025129999849013984,0.005151799647137523,0.006534100219141692,0.005371999810449779,0.004255699692294002,0.005641700350679457,0.004483699798583984,6600,0,0,1651,2185920,2185920,2648200,2648200,34112,,,,,,,0.5760062149833124,0.5760162229116812,1.000792836880482e-05,9.72019797031773,9.720366855726407,0.00016888540867654456,b0eec8e9ca91ae03c40531766c456f5fdefbf2c12756d326f3b656be07c693d3
concrete_compressive_strength,real,concrete_compressive_strength,,9101,lipschitz,824,8,1600,40,200.0,1e-06,0.0001,1,1,1320,165.0,760,95.0,411.99999999999994,160.03427568734426,251.96572431265568,160.03429983853232,2.4151188057430772e-05,9.585108499703073e-08,5.690002581104636e-05,0.0,0.013157199777197093,0.01321409980300814,8.700002217665315e-05,0.011114399880170822,0.006304700102191418,0.017470700142439455,0.01321409980300814,0.013033500348683447,0.015247400151565671,0.011114399880170822,0.010909500299021602,6600,16,0,1651,2185936,2185936,2648216,2648216,34112,,,,,,,0.5760062149833124,0.5760223381423739,1.612315906152073e-05,9.72019797031773,9.720470051232672,0.00027208091494124176,a2a7d0659d73f91ab49396310b6759bd02191f7bb6d6d1af3bb58033c66f211e
concrete_compressive_strength,real,concrete_compressive_strength,,9101,ascd_g3_zero,824,8,1600,40,200.0,1e-06,0.0001,1,1,1160,145.0,520,65.0,411.99999999999994,160.03427568734426,251.96572431265568,160.03428171322943,6.025885170402034e-06,2.3915495597030963e-08,5.4100004490464926e-05,0.0,0.030066599661950022,0.030127199657727033,0.00010690023191273212,0.020944399875588715,0.00767319998703897,0.030127199657727033,0.031007800018414855,0.02324449992738664,0.023352899646852165,0.020944399875588715,0.016935099905822426,6600,6600,0,1699,1984040,1984040,2731600,2731600,34112,8.0,1.0,0.999375,0.0006249999999999867,0.000625,1.0,0.5760062149833124,0.5760107420032584,4.527019946021227e-06,9.72019797031773,9.720274364510963,7.639419323268726e-05,88ccd0a6aefdcd0b412dab04da7f45a457068bba014ee7cdc43527b2b0c5e3d1
concrete_compressive_strength,real,concrete_compressive_strength,,9101,ascd_g1_exact,824,8,1600,40,200.0,1e-06,0.0001,1,1,480,60.0,240,30.0,411.99999999999994,160.03427568734426,251.96572431265568,160.03427568734423,0.0,0.0,7.670000195503235e-05,2.0000035874545574e-05,0.029055800288915634,0.029132500290870667,9.169988334178925e-05,0.007944800017867237,0.004069600021466613,0.03673699958017096,0.029132500290870667,0.026405500015243888,0.0078110998729243875,0.008074200013652444,0.007944800017867237,6600,6600,52736,1699,828720,881456,2731600,2784336,34112,1.0,0.125,0.0,1.0,1.0,0.125,0.5760062149833124,0.576006215895758,9.124455635500794e-10,9.72019797031773,9.720197985715398,1.539766714131474e-08,c6623c4d8acd2e0ca1d0800a2a1999404899071f47652c1f98f0a129f8574e83
concrete_compressive_strength,real,concrete_compressive_strength,,9102,uniform,824,8,1600,40,200.0,1e-06,0.0001,1,1,1080,135.0,520,65.0,411.99999999999994,160.03427568734426,251.96572431265568,160.03428110254953,5.4152052655354055e-06,2.1491832987632324e-08,4.0899962186813354e-05,0.0,0.005406899668741971,0.0054684996721334755,7.520028157159686e-05,0.003789199807215482,0.001999800035264343,0.0052984002395533025,0.006988499953877181,0.0054684996721334755,0.003605200327001512,0.005321599717717618,0.003789199807215482,6600,0,0,1651,1789680,1789680,2648200,2648200,34112,,,,,,,0.5760062149833124,0.5760152685992823,9.053615969922824e-06,9.72019797031773,9.720350751550443,0.0001527812327122291,0946d7f8a061e0a7922c5bf0fd85eba1e50fda9d75f3f6ebe390c5a0987e3411
concrete_compressive_strength,real,concrete_compressive_strength,,9102,lipschitz,824,8,1600,40,200.0,1e-06,0.0001,1,1,1280,160.0,640,80.0,411.99999999999994,160.03427568734426,251.96572431265568,160.03429686240153,2.1175057270284015e-05,8.403943563374758e-08,6.320001557469368e-05,0.0,0.014279299764893949,0.014342499780468643,9.180011693388224e-05,0.011939599819015712,0.006723799917381257,0.013397599977906793,0.016020300099626184,0.014342499780468643,0.010968499933369458,0.013552300108131021,0.011939599819015712,6600,16,0,1651,2119896,2119896,2648216,2648216,34112,,,,,,,0.5760062149833124,0.5760201404597369,1.3925476424536676e-05,9.72019797031773,9.72043296498299,0.000234994665259336,7a946e4c45fd38e2b28662a809563226418559ddc6f37b9429e7fa55947a8497
concrete_compressive_strength,real,concrete_compressive_strength,,9102,ascd_g3_zero,824,8,1600,40,200.0,1e-06,0.0001,1,1,1080,135.0,520,65.0,411.99999999999994,160.03427568734426,251.96572431265568,160.03428087738044,5.1900361768275616e-06,2.0598183308406753e-08,0.00010369997471570969,0.0,0.03344319999450818,0.0335703999735415,0.0001249000197276473,0.023115200106985867,0.011139599955640733,0.03603130008559674,0.0335703999735415,0.029242999735288322,0.023115200106985867,0.02551620005397126,0.01850909978384152,6600,6600,0,1699,1848120,1848120,2731600,2731600,34112,8.0,1.0,0.999375,0.0006249999999999867,0.000625,1.0,0.5760062149833124,0.5760150592355102,8.84425219782603e-06,9.72019797031773,9.720347218502951,0.0001492481852203298,766e6c7eba54be8b9ac49717a95d4b104ee05297a21c6ebf2d978ffcc16e0a11
concrete_compressive_strength,real,concrete_compressive_strength,,9102,ascd_g1_exact,824,8,1600,40,200.0,1e-06,0.0001,1,1,480,60.0,240,30.0,411.99999999999994,160.03427568734426,251.96572431265568,160.03427568734423,0.0,0.0,7.870001718401909e-05,2.1799991372972727e-05,0.033133699907921255,0.03323060000548139,0.00010580004891380668,0.008557600085623562,0.0045736999600194395,0.03323060000548139,0.03328159992815927,0.029377799946814775,0.012711100105661899,0.008557600085623562,0.007998700020834804,6600,6600,52736,1699,828720,881456,2731600,2784336,34112,1.0,0.125,0.0,1.0,1.0,0.125,0.5760062149833124,0.576006215895758,9.124455635500794e-10,9.72019797031773,9.720197985715398,1.539766714131474e-08,c6623c4d8acd2e0ca1d0800a2a1999404899071f47652c1f98f0a129f8574e83
concrete_compressive_strength,real,concrete_compressive_strength,,9103,uniform,824,8,1600,40,200.0,1e-06,0.0001,1,1,1200,150.0,640,80.0,411.99999999999994,160.03427568734426,251.96572431265568,160.0342852821164,9.594772137688778e-06,3.807967200246234e-08,5.319999763742089e-05,0.0,0.005654500098899007,0.005697200132999569,7.359986193478107e-05,0.003940400434657931,0.0021444999729283154,0.005697200132999569,0.006847499404102564,0.005215100303757936,0.0038567999727092683,0.005571699584834278,0.003940400434657931,6600,0,0,1651,1987800,1987800,2648200,2648200,34112,,,,,,,0.5760062149833124,0.5760192087486259,1.2993765313495942e-05,9.72019797031773,9.72041724220741,0.00021927188968007272,4211a65d86af9242747696cfc1fb78018da3b3c61e65caf389b5139c449ad7cd
concrete_compressive_strength,real,concrete_compressive_strength,,9103,lipschitz,824,8,1600,40,200.0,1e-06,0.0001,1,1,1320,165.0,760,95.0,411.99999999999994,160.03427568734426,251.96572431265568,160.03429598209104,2.029474677556209e-05,8.054566481581848e-08,6.19000056758523e-05,0.0,0.013022900035139173,0.013084800040815026,8.28000484034419e-05,0.010935199970845133,0.006490600353572518,0.013084800040815026,0.014119600527919829,0.012312700331676751,0.010935199970845133,0.0119149005622603,0.010169300308916718,6600,16,0,1651,2185936,2185936,2648216,2648216,34112,,,,,,,0.5760062149833124,0.5760260206053099,1.9805621997548428e-05,9.72019797031773,9.720532193389868,0.000334223072137263,01c8ba52b6329a50525256b84fd4328e61d75edfdf49f487877f5f6b68b2911e
concrete_compressive_strength,real,concrete_compressive_strength,,9103,ascd_g3_zero,824,8,1600,40,200.0,1e-06,0.0001,1,1,1200,150.0,640,80.0,411.99999999999994,160.03427568734426,251.96572431265568,160.0342854214766,9.734132333960588e-06,3.8632763882923354e-08,6.180000491440296e-05,0.0,0.029898300010245293,0.029960100015159696,0.00010880007175728679,0.02241230010986328,0.010385000088717788,0.029960100015159696,0.03123510006116703,0.02583820011932403,0.023875900078564882,0.02241230010986328,0.020049800164997578,6600,6600,0,1699,2052000,2052000,2731600,2731600,34112,8.0,1.0,0.999375,0.0006249999999999867,0.000625,1.0,0.5760062149833124,0.5760181280571842,1.1913073871827606e-05,9.72019797031773,9.720399005364674,0.00020103504694368723,2bd62eddd21f62d0b0604f43f0348cbd54367b88fe77ddf200bd16cca42a2142
concrete_compressive_strength,real,concrete_compressive_strength,,9103,ascd_g1_exact,824,8,1600,40,200.0,1e-06,0.0001,1,1,480,60.0,240,30.0,411.99999999999994,160.03427568734426,251.96572431265568,160.03427568734423,0.0,0.0,8.159998105838895e-05,2.2799998987466097e-05,0.035547400417272,0.03562870039604604,0.00010950001887977123,0.008437899989075959,0.004279600048903376,0.03562870039604604,0.03593370009912178,0.027633699879515916,0.00900090008508414,0.008245800039730966,0.008437899989075959,6600,6600,52736,1699,828720,881456,2731600,2784336,34112,1.0,0.125,0.0,1.0,1.0,0.125,0.5760062149833124,0.576006215895758,9.124455635500794e-10,9.72019797031773,9.720197985715398,1.539766714131474e-08,c6623c4d8acd2e0ca1d0800a2a1999404899071f47652c1f98f0a129f8574e83
concrete_compressive_strength,real,concrete_compressive_strength,,9104,uniform,824,8,1600,40,200.0,1e-06,0.0001,1,1,1160,145.0,560,70.0,411.99999999999994,160.03427568734426,251.96572431265568,160.03428117211413,5.48476987205504e-06,2.1767920565454275e-08,4.369998350739479e-05,0.0,0.005882900091819465,0.005926099722273648,7.990002632141113e-05,0.004493799875490367,0.0025443999911658466,0.005925400124397129,0.005926099722273648,0.006175699993036687,0.0037526002852246165,0.004493799875490367,0.004771700070705265,6600,0,0,1651,1921760,1921760,2648200,2648200,34112,,,,,,,0.5760062149833124,0.5760134988700413,7.283886728881583e-06,9.72019797031773,9.720320887083481,0.0001229167657506025,c113a6219a9476b6397e72a6af27a0c1a5c8bc44cd91be62e33ed58f85393693
concrete_compressive_strength,real,concrete_compressive_strength,,9104,lipschitz,824,8,1600,40,200.0,1e-06,0.0001,1,1,1280,160.0,680,85.0,411.99999999999994,160.03427568734426,251.96572431265568,160.03429434865754,1.866131327687981e-05,7.406290410247872e-08,5.5500015150755644e-05,0.0,0.012820500007364899,0.01287380000576377,8.059991523623466e-05,0.01050579990260303,0.005974299972876906,0.01484620018163696,0.012542299984488636,0.01287380000576377,0.012281000148504972,0.0101149000111036,0.01050579990260303,6600,16,0,1651,2119896,2119896,2648216,2648216,34112,,,,,,,0.5760062149833124,0.576020593068565,1.4378085252619854e-05,9.72019797031773,9.720440602830115,0.00024263251238387795,632ab7ffd1323e0271ae3d32485154fe897a7f66a0e7a494b3563b2e9830bea9
concrete_compressive_strength,real,concrete_compressive_strength,,9104,ascd_g3_zero,824,8,1600,40,200.0,1e-06,0.0001,1,1,1160,145.0,560,70.0,411.99999999999994,160.03427568734426,251.96572431265568,160.03428117211408,5.484769815211621e-06,2.1767920339854468e-08,6.029999349266291e-05,0.0,0.028577900025993586,0.028646500082686543,0.00010059989290311933,0.01963979989523068,0.010145300126168877,0.02931840013479814,0.02543670032173395,0.028646500082686543,0.02295770007185638,0.018783800245728344,0.01963979989523068,6600,6600,0,1699,1984040,1984040,2731600,2731600,34112,8.0,1.0,0.999375,0.0006249999999999867,0.000625,1.0,0.5760062149833124,0.5760134988700413,7.283886728881583e-06,9.72019797031773,9.720320887083481,0.0001229167657506025,9ee7a964aa8af3a4eb8f8f63c44679fd89d61ac7d48a162f0a22091c4e037061
concrete_compressive_strength,real,concrete_compressive_strength,,9104,ascd_g1_exact,824,8,1600,40,200.0,1e-06,0.0001,1,1,480,60.0,240,30.0,411.99999999999994,160.03427568734426,251.96572431265568,160.03427568734423,0.0,0.0,7.730000652372837e-05,2.0900042727589607e-05,0.03378229995723814,0.033853699977044016,0.00011039985110983253,0.010740099882241338,0.0068218999658711255,0.04452149977441877,0.033853699977044016,0.02953279996290803,0.02027289994293824,0.008146900101564825,0.010740099882241338,6600,6600,52736,1699,828720,881456,2731600,2784336,34112,1.0,0.125,0.0,1.0,1.0,0.125,0.5760062149833124,0.576006215895758,9.124455635500794e-10,9.72019797031773,9.720197985715398,1.539766714131474e-08,c6623c4d8acd2e0ca1d0800a2a1999404899071f47652c1f98f0a129f8574e83
concrete_compressive_strength,real,concrete_compressive_strength,,9105,uniform,824,8,1600,40,200.0,1e-06,0.0001,1,1,1360,170.0,760,95.0,411.99999999999994,160.03427568734426,251.96572431265568,160.0343173098438,4.16224995376524e-05,1.6519111736802924e-07,4.299997817724943e-05,0.0,0.005367199832107872,0.005415299849119037,8.059997344389558e-05,0.004640300001483411,0.0026481999084353447,0.005528999958187342,0.005415299849119037,0.005381499999202788,0.004640300001483411,0.0046469998196698725,0.004619299899786711,6600,0,0,1651,2251960,2251960,2648200,2648200,34112,,,,,,,0.5760062149833124,0.5760370956961772,3.0880712864833626e-05,9.72019797031773,9.720719087338177,0.0005211170204457716,394d7b852a939fa85a2e1c7817d84720300376227e0b641ba74091b094c4c3c6
concrete_compressive_strength,real,concrete_compressive_strength,,9105,lipschitz,824,8,1600,40,200.0,1e-06,0.0001,1,1,1480,185.0,840,105.0,411.99999999999994,160.03427568734426,251.96572431265568,160.03436308682052,8.739947625713285e-05,3.4687049794392593e-07,6.170000415295362e-05,0.0,0.012314899649936706,0.01235729968175292,7.730000652372837e-05,0.011470799741800874,0.006710599875077605,0.015799899876583368,0.012034999905154109,0.01235729968175292,0.014080599881708622,0.011149499798193574,0.011470799741800874,6600,16,0,1651,2450096,2450096,2648216,2648216,34112,,,,,,,0.5760062149833124,0.5760417161589393,3.5501175626895254e-05,9.72019797031773,9.720797058394034,0.0005990880763029338,493f3dedf4f02752cba66b4c61d74fffc022bbf7a3cae281785ea1b154422989
concrete_compressive_strength,real,concrete_compressive_strength,,9105,ascd_g3_zero,824,8,1600,40,200.0,1e-06,0.0001,1,1,1360,170.0,760,95.0,411.99999999999994,160.03427568734426,251.96572431265568,160.0343117127684,3.602542415137577e-05,1.4297747937601644e-07,5.689996760338545e-05,0.0,0.024379100126679987,0.02443310007220134,9.8800053820014e-05,0.020221900020260364,0.011444599775131792,0.027769100153818727,0.02443310007220134,0.02353499986929819,0.024268200155347586,0.020221900020260364,0.0201523998985067,6600,6600,0,1699,2323840,2323840,2731600,2731600,34112,8.0,1.0,0.999375,0.0006249999999999867,0.000625,1.0,0.5760062149833124,0.5760349391077559,2.872412444354655e-05,9.72019797031773,9.720682694560027,0.0004847242422965081,74af67e977d6debc7e388b971a1ea8968fec64e735da066700454ec7b20cd8bf
concrete_compressive_strength,real,concrete_compressive_strength,,9105,ascd_g1_exact,824,8,1600,40,200.0,1e-06,0.0001,1,1,480,60.0,240,30.0,411.99999999999994,160.03427568734426,251.96572431265568,160.03427568734423,0.0,0.0,6.390002090483904e-05,1.7600017599761486e-05,0.031204899889416993,0.03126879991032183,0.000105700280983001,0.008204500016290694,0.004073200048878789,0.02685789979295805,0.03126879991032183,0.03855430008843541,0.007952300016768277,0.008204500016290694,0.012788499996531755,6600,6600,52736,1699,828720,881456,2731600,2784336,34112,1.0,0.125,0.0,1.0,1.0,0.125,0.5760062149833124,0.576006215895758,9.124455635500794e-10,9.72019797031773,9.720197985715398,1.539766714131474e-08,c6623c4d8acd2e0ca1d0800a2a1999404899071f47652c1f98f0a129f8574e83
concrete_compressive_strength,real,concrete_compressive_strength,,9106,uniform,824,8,1600,40,200.0,1e-06,0.0001,1,1,1400,175.0,760,95.0,411.99999999999994,160.03427568734426,251.96572431265568,160.03432049749608,4.4810151820229294e-05,1.778422519271943e-07,3.850000211969018e-05,0.0,0.005849999783094972,0.006023599824402481,8.83003231137991e-05,0.005381699884310365,0.0032891998416744173,0.0051443002303130925,0.008235199900809675,0.006023599824402481,0.004510200233198702,0.007533399970270693,0.005381699884310365,6600,0,0,1651,2318000,2318000,2648200,2648200,34112,,,,,,,0.5760062149833124,0.5760246226252206,1.840764190819133e-05,9.72019797031773,9.720508602249922,0.0003106319321908302,0cad5d34c662a4d9378f0f7d1d4c6d5c02d5bdbc85567605827926ed770e5fd2
concrete_compressive_strength,real,concrete_compressive_strength,,9106,lipschitz,824,8,1600,40,200.0,1e-06,0.0001,1,1,1320,165.0,800,100.0,411.99999999999994,160.03427568734426,251.96572431265568,160.03430095380116,2.5266456901817946e-05,1.0027735705220628e-07,6.659998325631022e-05,0.0,0.013576400000602007,0.013649499975144863,9.399978443980217e-05,0.011501600092742592,0.007387699966784567,0.013625900261104107,0.013649499975144863,0.017874000128358603,0.011501600092742592,0.01134759996784851,0.015406900027301162,6600,16,0,1651,2185936,2185936,2648216,2648216,34112,,,,,,,0.5760062149833124,0.5760279046315971,2.1689648284750618e-05,9.72019797031773,9.720563986637956,0.00036601632022481567,e60d16225ffc5a75bc194a25235394f8417844c3307ce44f40c52675c58866cf
concrete_compressive_strength,real,concrete_compressive_strength,,9106,ascd_g3_zero,824,8,1600,40,200.0,1e-06,0.0001,1,1,1360,170.0,720,90.0,411.99999999999994,160.03427568734426,251.96572431265568,160.0343076717597,3.198441544327579e-05,1.2693954914116583e-07,6.920000305399299e-05,0.0,0.03015510004479438,0.03020540002034977,0.00010229996405541897,0.02636990003520623,0.012951699958648533,0.024695499683730304,0.03020540002034977,0.0344580999808386,0.021265999705065042,0.02636990003520623,0.03096099995309487,6600,6600,0,1699,2323840,2323840,2731600,2731600,34112,8.0,1.0,0.999375,0.0006249999999999867,0.000625,1.0,0.5760062149833124,0.5760213273405722,1.5112357259816633e-05,9.72019797031773,9.720452993788907,0.00025502347117623003,d725f7d8279c9a48638205f88583f94b8d3c5a7e9130c7046c424a3b718ae5b8
concrete_compressive_strength,real,concrete_compressive_strength,,9106,ascd_g1_exact,824,8,1600,40,200.0,1e-06,0.0001,1,1,480,60.0,240,30.0,411.99999999999994,160.03427568734426,251.96572431265568,160.03427568734423,0.0,0.0,7.930002175271511e-05,2.2099993657320738e-05,0.032471599988639355,0.03255090001039207,0.00010599987581372261,0.008099300030153245,0.00409209995996207,0.03255090001039207,0.03143959993030876,0.03588960034539923,0.008026799885556102,0.008099300030153245,0.013188400072976947,6600,6600,52736,1699,828720,881456,2731600,2784336,34112,1.0,0.125,0.0,1.0,1.0,0.125,0.5760062149833124,0.576006215895758,9.124455635500794e-10,9.72019797031773,9.720197985715398,1.539766714131474e-08,c6623c4d8acd2e0ca1d0800a2a1999404899071f47652c1f98f0a129f8574e83
concrete_compressive_strength,real,concrete_compressive_strength,,9107,uniform,824,8,1600,40,200.0,1e-06,0.0001,1,1,1320,165.0,720,90.0,411.99999999999994,160.03427568734426,251.96572431265568,160.0342975170963,2.1829752029134397e-05,8.663778412196494e-08,4.120002267882228e-05,0.0,0.006043200090061873,0.006074700097087771,9.299995144829154e-05,0.005039100185967982,0.0025031002005562186,0.005138299718964845,0.006074700097087771,0.008563100011087954,0.004246199794579297,0.005039100185967982,0.007650400046259165,6600,0,0,1651,2185920,2185920,2648200,2648200,34112,,,,,,,0.5760062149833124,0.5760209013834554,1.468640014301581e-05,9.72019797031773,9.720445805693718,0.00024783537598693783,f64b955a4ba616443429eb5b6560b6a4f639a50e68c8b6971171a6cffb6777bf
concrete_compressive_strength,real,concrete_compressive_strength,,9107,lipschitz,824,8,1600,40,200.0,1e-06,0.0001,1,1,1280,160.0,720,90.0,411.99999999999994,160.03427568734426,251.96572431265568,160.03429660380405,2.0916459789077635e-05,8.301311555822217e-08,5.8299978263676167e-05,0.0,0.013013499730732292,0.013071799767203629,7.720018038526177e-05,0.010718899895437062,0.006503399868961424,0.015751499799080193,0.013071799767203629,0.012322800350375473,0.013314999814610928,0.010718899895437062,0.009893900249153376,6600,16,0,1651,2119896,2119896,2648216,2648216,34112,,,,,,,0.5760062149833124,0.5760157936441137,9.578660801312644e-06,9.72019797031773,9.72035961176683,0.0001616414490985818,e7ce028e8b9ac0258a26f6dbe87540b2b040d3bb4d7fd8b591de245dba3e04c7
concrete_compressive_strength,real,concrete_compressive_strength,,9107,ascd_g3_zero,824,8,1600,40,200.0,1e-06,0.0001,1,1,1120,140.0,560,70.0,411.99999999999994,160.03427568734426,251.96572431265568,160.03428018693262,4.499588357020912e-06,1.7857938294168637e-08,7.309997454285622e-05,0.0,0.030720400100108236,0.030848000082187355,0.00010859977919608355,0.019795500091277063,0.00884479988599196,0.03554179985076189,0.030848000082187355,0.024058899842202663,0.024783699889667332,0.019795500091277063,0.017136399925220758,6600,6600,0,1699,1916080,1916080,2731600,2731600,34112,8.0,1.0,0.999375,0.0006249999999999867,0.000625,1.0,0.5760062149833124,0.5760128508477167,6.635864404302971e-06,9.72019797031773,9.720309951602022,0.0001119812842915735,e1feaa8cc5a466f509741d71bbe9f0d7321e202faabde74c2f545a0b2f343b33
concrete_compressive_strength,real,concrete_compressive_strength,,9107,ascd_g1_exact,824,8,1600,40,200.0,1e-06,0.0001,1,1,480,60.0,240,30.0,411.99999999999994,160.03427568734426,251.96572431265568,160.03427568734423,0.0,0.0,0.00010989996371790767,2.9099988751113415e-05,0.03484310006024316,0.03492010006448254,0.00011439999798312783,0.009864099964033812,0.005694100051186979,0.03492010006448254,0.03745510027511045,0.02757180022308603,0.009864099964033812,0.013637099938932806,0.009332900051958859,6600,6600,52736,1699,828720,881456,2731600,2784336,34112,1.0,0.125,0.0,1.0,1.0,0.125,0.5760062149833124,0.576006215895758,9.124455635500794e-10,9.72019797031773,9.720197985715398,1.539766714131474e-08,c6623c4d8acd2e0ca1d0800a2a1999404899071f47652c1f98f0a129f8574e83
concrete_compressive_strength,real,concrete_compressive_strength,,9108,uniform,824,8,1600,40,200.0,1e-06,0.0001,1,1,1240,155.0,600,75.0,411.99999999999994,160.03427568734426,251.96572431265568,160.03428967007343,1.39827291718575e-05,5.5494568596587397e-08,4.349998198449612e-05,0.0,0.006446699961088598,0.0064832999487407506,8.500006515532732e-05,0.004357000230811536,0.002250600082334131,0.0064832999487407506,0.005510000104550272,0.006760999618563801,0.00533400010317564,0.004357000230811536,0.0040379996644333005,6600,0,0,1651,2053840,2053840,2648200,2648200,34112,,,,,,,0.5760062149833124,0.5760214297671163,1.5214783803951804e-05,9.72019797031773,9.720454722253393,0.0002567519356624359,66e16932953e1026597ed9f873b200e8b39d2793c99afe0ff928ad8869c35f51
concrete_compressive_strength,real,concrete_compressive_strength,,9108,lipschitz,824,8,1600,40,200.0,1e-06,0.0001,1,1,1240,155.0,640,80.0,411.99999999999994,160.03427568734426,251.96572431265568,160.03429074673858,1.5059394314675956e-05,5.976763052100399e-08,7.300003198906779e-05,0.0,0.017201300128363073,0.017263100133277476,0.00011550000635907054,0.010479200049303472,0.005466700240503997,0.020993699959944934,0.017263100133277476,0.012661400134675205,0.016735399898607284,0.010479200049303472,0.009993700194172561,6600,16,0,1651,2053856,2053856,2648216,2648216,34112,,,,,,,0.5760062149833124,0.5760192747471785,1.3059763866118956e-05,9.72019797031773,9.720418355943654,0.0002203856259228587,386766ee396f8cd395c7cc875d5cfa4327df4b558e1730356f4b1a16de0d70db
concrete_compressive_strength,real,concrete_compressive_strength,,9108,ascd_g3_zero,824,8,1600,40,200.0,1e-06,0.0001,1,1,1120,140.0,520,65.0,411.99999999999994,160.03427568734426,251.96572431265568,160.03428288621785,7.198873589686627e-06,2.857084474217529e-08,6.350001785904169e-05,0.0,0.02914940018672496,0.029196600196883082,0.00010189996100962162,0.02198019973002374,0.007638199836947024,0.030415999819524586,0.027164200088009238,0.029196600196883082,0.02198019973002374,0.02043259999481961,0.022321000113151968,6600,6600,0,1699,1916080,1916080,2731600,2731600,34112,8.0,1.0,0.999375,0.0006249999999999867,0.000625,1.0,0.5760062149833124,0.5760171324818609,1.0917498548534965e-05,9.72019797031773,9.720382204870193,0.00018423455246185938,60a7f36dc17e30d054f987a3c1ac9d55c3f2a686840bb6537d0efdf4728b1847
concrete_compressive_strength,real,concrete_compressive_strength,,9108,ascd_g1_exact,824,8,1600,40,200.0,1e-06,0.0001,1,1,480,60.0,240,30.0,411.99999999999994,160.03427568734426,251.96572431265568,160.03427568734423,0.0,0.0,6.9500005338341e-05,1.8200022168457508e-05,0.0319344000890851,0.032015200064051896,9.739975212141871e-05,0.008262300048954785,0.003988999989815056,0.032015200064051896,0.026310099754482508,0.03584660013439134,0.008262300048954785,0.007898399897385389,0.011204800161067396,6600,6600,52736,1699,828720,881456,2731600,2784336,34112,1.0,0.125,0.0,1.0,1.0,0.125,0.5760062149833124,0.576006215895758,9.124455635500794e-10,9.72019797031773,9.720197985715398,1.539766714131474e-08,c6623c4d8acd2e0ca1d0800a2a1999404899071f47652c1f98f0a129f8574e83
concrete_compressive_strength,real,concrete_compressive_strength,,9109,uniform,824,8,1600,40,200.0,1e-06,0.0001,1,1,1320,165.0,680,85.0,411.99999999999994,160.03427568734426,251.96572431265568,160.0342964581637,2.0770819446624955e-05,8.243509907264669e-08,4.290003562346101e-05,0.0,0.012717399920802563,0.012862699921242893,0.0001792000257410109,0.0111649997998029,0.005002499965485185,0.005148600146640092,0.013707600068300962,0.012862699921242893,0.004254500032402575,0.011389000108465552,0.0111649997998029,6600,0,0,1651,2185920,2185920,2648200,2648200,34112,,,,,,,0.5760062149833124,0.5760165964740004,1.0381490687993988e-05,9.72019797031773,9.720373159650917,0.00017518933318605434,d0a95eef3e6de868485313368fdb1665892f8d61df15fd88fb17f91c66af1fa4
concrete_compressive_strength,real,concrete_compressive_strength,,9109,lipschitz,824,8,1600,40,200.0,1e-06,0.0001,1,1,1280,160.0,680,85.0,411.99999999999994,160.03427568734426,251.96572431265568,160.03428897597163,1.3288627371821349e-05,5.273982168833386e-08,6.009999196976423e-05,0.0,0.015567000082228333,0.015634600073099136,9.869993664324284e-05,0.012845099961850792,0.007020299904979765,0.020523899816907942,0.015634600073099136,0.012189799977932125,0.01734609977575019,0.012845099961850792,0.0097978999838233,6600,16,0,1651,2119896,2119896,2648216,2648216,34112,,,,,,,0.5760062149833124,0.5760172985631734,1.108357986101538e-05,9.72019797031773,9.720385007519182,0.00018703720145119007,44cd992df54cbbe5fa6ec9c878eaa54713e4e2f723e81dfbba2ad12179de6c92
concrete_compressive_strength,real,concrete_compressive_strength,,9109,ascd_g3_zero,824,8,1600,40,200.0,1e-06,0.0001,1,1,1160,145.0,560,70.0,411.99999999999994,160.03427568734426,251.96572431265568,160.03428341744404,7.730099781610988e-06,3.0679171949669516e-08,6.009999196976423e-05,0.0,0.03138460009358823,0.031444700085558,0.00011959992116317153,0.022182999877259135,0.008611499913968146,0.031444700085558,0.024620599870104343,0.0344694999512285,0.024352800159249455,0.018210899841506034,0.022182999877259135,6600,6600,0,1699,1984040,1984040,2731600,2731600,34112,8.0,1.0,0.999375,0.0006249999999999867,0.000625,1.0,0.5760062149833124,0.5760131244921717,6.909508859287428e-06,9.72019797031773,9.720314569396427,0.00011659907869621122,5fa114e01a26e99067bf443379170a2220cec8f2a59da511c51933bf63116261
concrete_compressive_strength,real,concrete_compressive_strength,,9109,ascd_g1_exact,824,8,1600,40,200.0,1e-06,0.0001,1,1,480,60.0,240,30.0,411.99999999999994,160.03427568734426,251.96572431265568,160.03427568734423,0.0,0.0,7.819995516911149e-05,2.1300045773386955e-05,0.033178500132635236,0.03325820015743375,0.00010729988571256399,0.008004400064237416,0.004073400050401688,0.036713400040753186,0.03325820015743375,0.03227789991069585,0.013243600027635694,0.008004400064237416,0.007860900077503175,6600,6600,52736,1699,828720,881456,2731600,2784336,34112,1.0,0.125,0.0,1.0,1.0,0.125,0.5760062149833124,0.576006215895758,9.124455635500794e-10,9.72019797031773,9.720197985715398,1.539766714131474e-08,c6623c4d8acd2e0ca1d0800a2a1999404899071f47652c1f98f0a129f8574e83
concrete_compressive_strength,real,concrete_compressive_strength,,9110,uniform,824,8,1600,40,200.0,1e-06,0.0001,1,1,1120,140.0,520,65.0,411.99999999999994,160.03427568734426,251.96572431265568,160.03428065832418,4.970979915697171e-06,1.9728794181262733e-08,5.099998088553548e-05,0.0,0.0061371998162940145,0.006179199845064431,8.490006439387798e-05,0.003957799868658185,0.001729099894873798,0.006179199845064431,0.007980900001712143,0.0055160996853373945,0.003661199880298227,0.006006899988278747,0.003957799868658185,6600,0,0,1651,1855720,1855720,2648200,2648200,34112,,,,,,,0.5760062149833124,0.5760122088714262,5.993888113842161e-06,9.72019797031773,9.720299118148366,0.00010114783063563948,acaaa1ec408e6587127b72996e8151e175888ce458ad678f68f20df3dfcc73b0
concrete_compressive_strength,real,concrete_compressive_strength,,9110,lipschitz,824,8,1600,40,200.0,1e-06,0.0001,1,1,1360,170.0,800,100.0,411.99999999999994,160.03427568734426,251.96572431265568,160.03430829928877,3.261194450487892e-05,1.2943008257905694e-07,6.399996345862746e-05,0.0,0.014291400031652302,0.014359000022523105,0.00010020006448030472,0.012569900078233331,0.008358300081454217,0.012885799922514707,0.017936899967025965,0.014359000022523105,0.011102099961135536,0.01609900000039488,0.012569900078233331,6600,16,0,1651,2251976,2251976,2648216,2648216,34112,,,,,,,0.5760062149833124,0.5760227304543136,1.651547100123274e-05,9.72019797031773,9.72047667156006,0.0002787012423297597,d2c92f50fcdedf959713a963028ef265b44aea35dd2bb562a77540cc9be49d68
concrete_compressive_strength,real,concrete_compressive_strength,,9110,ascd_g3_zero,824,8,1600,40,200.0,1e-06,0.0001,1,1,1000,125.0,440,55.0,411.99999999999994,160.03427568734426,251.96572431265568,160.0342780279785,2.3406342393172963e-06,9.289494615596537e-09,6.749999010935426e-05,0.0,0.025658300088252872,0.025725800078362226,9.159988258033991e-05,0.015987600141670555,0.0065144999534823,0.025725800078362226,0.030236000078730285,0.02377049991628155,0.015987600141670555,0.01991539995651692,0.015259799896739423,6600,6600,0,1699,1712200,1712200,2731600,2731600,34112,8.0,1.0,0.999375,0.0006249999999999867,0.000625,1.0,0.5760062149833124,0.5760111823047571,4.967321444726558e-06,9.72019797031773,9.720281794669916,8.382435218479145e-05,e121dc1e6cec1458502a5c7c78f9c6b471bea5042429d63fd6c761310f3c09bb
concrete_compressive_strength,real,concrete_compressive_strength,,9110,ascd_g1_exact,824,8,1600,40,200.0,1e-06,0.0001,1,1,480,60.0,240,30.0,411.99999999999994,160.03427568734426,251.96572431265568,160.03427568734423,0.0,0.0,8.480000542476773e-05,2.3100001271814108e-05,0.02804280025884509,0.028143300267402083,9.239983046427369e-05,0.008523600059561431,0.004024500143714249,0.034625600266736,0.028143300267402083,0.02774180012056604,0.009466300078202039,0.008523600059561431,0.00777099997503683,6600,6600,52736,1699,828720,881456,2731600,2784336,34112,1.0,0.125,0.0,1.0,1.0,0.125,0.5760062149833124,0.576006215895758,9.124455635500794e-10,9.72019797031773,9.720197985715398,1.539766714131474e-08,c6623c4d8acd2e0ca1d0800a2a1999404899071f47652c1f98f0a129f8574e83
concrete_compressive_strength,real,concrete_compressive_strength,,9111,uniform,824,8,1600,40,200.0,1e-06,0.0001,1,1,1320,165.0,800,100.0,411.99999999999994,160.03427568734426,251.96572431265568,160.03429644971607,2.0762371804039503e-05,8.240157212127862e-08,5.630002124235034e-05,0.0,0.006103500025346875,0.0061598000465892255,8.589995559304953e-05,0.004552299971692264,0.002771299972664565,0.00765120011055842,0.005370599799789488,0.0061598000465892255,0.006730800087098032,0.004449999891221523,0.004552299971692264,6600,0,0,1651,2185920,2185920,2648200,2648200,34112,,,,,,,0.5760062149833124,0.5760182174365894,1.2002453277037972e-05,9.72019797031773,9.720400513656584,0.00020254333885283415,0b6be23e3c676951f08f010b5952cd8eeee224b5d474f30d2e0d902aa2380609
concrete_compressive_strength,real,concrete_compressive_strength,,9111,lipschitz,824,8,1600,40,200.0,1e-06,0.0001,1,1,1200,150.0,680,85.0,411.99999999999994,160.03427568734426,251.96572431265568,160.03428332080276,7.633458494638035e-06,3.029562261081962e-08,6.0399994254112244e-05,0.0,0.013059900375083089,0.013120300369337201,8.68001370690763e-05,0.010110800212714821,0.005968600045889616,0.01805680018151179,0.01261299999896437,0.013120300369337201,0.013581100211013108,0.009573300019837916,0.010110800212714821,6600,16,0,1651,1987816,1987816,2648216,2648216,34112,,,,,,,0.5760062149833124,0.576014655573716,8.440590403613335e-06,9.72019797031773,9.720340406644937,0.00014243632720578603,625be2fd5614203813b47474746ea9ab9d3ce1379590750506f287261dd0912c
concrete_compressive_strength,real,concrete_compressive_strength,,9111,ascd_g3_zero,824,8,1600,40,200.0,1e-06,0.0001,1,1,1200,150.0,680,85.0,411.99999999999994,160.03427568734426,251.96572431265568,160.03428263628942,6.9489451561821625e-06,2.7578930329267537e-08,7.00999516993761e-05,0.0,0.02617819997249171,0.026239599974360317,9.490008233115077e-05,0.01997339993249625,0.010434999770950526,0.026239599974360317,0.025129999790806323,0.0331094998982735,0.01997339993249625,0.019176099740434438,0.023382099985610694,6600,6600,0,1699,2052000,2052000,2731600,2731600,34112,8.0,1.0,0.999375,0.0006249999999999867,0.000625,1.0,0.5760062149833124,0.5760150883282656,8.873344953252982e-06,9.72019797031773,9.720347709447902,0.00014973913017080065,dfa351386f908d783547ec2e7a1ad4e0f4e1dddb8c895c86ec2f7b6177e665d5
concrete_compressive_strength,real,concrete_compressive_strength,,9111,ascd_g1_exact,824,8,1600,40,200.0,1e-06,0.0001,1,1,480,60.0,240,30.0,411.99999999999994,160.03427568734426,251.96572431265568,160.03427568734423,0.0,0.0,8.299999171867967e-05,2.2799998987466097e-05,0.030169599980581552,0.03025259997230023,9.299995144829154e-05,0.00808820000384003,0.004096899996511638,0.03025259997230023,0.027491699787788093,0.031112799886614084,0.008072399999946356,0.00808820000384003,0.008170899876859039,6600,6600,52736,1699,828720,881456,2731600,2784336,34112,1.0,0.125,0.0,1.0,1.0,0.125,0.5760062149833124,0.576006215895758,9.124455635500794e-10,9.72019797031773,9.720197985715398,1.539766714131474e-08,c6623c4d8acd2e0ca1d0800a2a1999404899071f47652c1f98f0a129f8574e83
airfoil_self_noise,real,airfoil_self_noise,,9100,uniform,1202,5,1000,25,200.0,1e-06,0.0001,1,1,125,25.0,100,20.0,600.9999999999998,298.40801061011075,302.591989389889,298.40801061011075,0.0,0.0,8.68999632075429e-05,0.0,0.005334499990567565,0.005404099996667355,0.00012000015703961253,0.0007336999988183379,0.0006383999716490507,0.005404099996667355,0.005982699629385024,0.003984300012234598,0.0005375000182539225,0.001282299926970154,0.0007336999988183379,6015,0,0,2407,306890,306890,2413015,2413015,49487,,,,,,,0.6656665577049912,0.6656665577049913,1.1102230246251565e-16,4.586000884517827,4.586000884517828,8.881784197001252e-16,355560876771bb0cd09ed1d7c49446ab324bdb08940ea8868975e5e18f9711c1
airfoil_self_noise,real,airfoil_self_noise,,9100,lipschitz,1202,5,1000,25,200.0,1e-06,0.0001,1,1,150,30.0,75,15.0,600.9999999999998,298.40801061011075,302.591989389889,298.4080106101108,5.684341886080802e-14,1.8785500229341964e-16,7.000000914558768e-05,0.0,0.008657199912704527,0.008727199921850115,9.200000204145908e-05,0.0013291999348439276,0.0006730999448336661,0.012993799871765077,0.008727199921850115,0.008300599933136255,0.0013759999419562519,0.0012294001644477248,0.0013291999348439276,6015,10,0,2407,367075,367075,2413025,2413025,49487,,,,,,,0.6656665577049912,0.6656665577049913,1.1102230246251565e-16,4.586000884517827,4.586000884517828,8.881784197001252e-16,90dad304b2b0c06a8513877e52e3fcdb96b0748ca9b875f6cf17cfa858f6cff5
airfoil_self_noise,real,airfoil_self_noise,,9100,ascd_g3_zero,1202,5,1000,25,200.0,1e-06,0.0001,1,1,150,30.0,100,20.0,600.9999999999998,298.40801061011075,302.591989389889,298.4080106101109,1.7053025658242404e-13,5.63565006880259e-16,6.520003080368042e-05,0.0,0.015915400115773082,0.015980600146576762,8.879991946741939e-05,0.003251100075431168,0.002475400106050074,0.015980600146576762,0.028199100052006543,0.015408600214868784,0.003251100075431168,0.0063161999569274485,0.0022258000099100173,6015,6015,0,2437,377580,377580,2449030,2449030,49487,5.0,1.0,0.999,0.0010000000000000009,0.001,1.0,0.6656665577049912,0.6656665577049912,0.0,4.586000884517827,4.586000884517827,0.0,dcd340389ebe94ad92a9813a55bc03a4fa476c085d753b18740e61edd4deee5c
airfoil_self_noise,real,airfoil_self_noise,,9100,ascd_g1_exact,1202,5,1000,25,200.0,1e-06,0.0001,1,1,75,15.0,50,10.0,600.9999999999998,298.40801061011075,302.591989389889,298.4080106101108,5.684341886080802e-14,1.8785500229341964e-16,8.139997953549027e-05,2.2599997464567423e-05,0.017410400148946792,0.017484200128819793,9.409990161657333e-05,0.0012560999603010714,0.0008760999771766365,0.018175800098106265,0.015965699858497828,0.017484200128819793,0.0012560999603010714,0.0012663999223150313,0.0012544000055640936,6015,6015,30050,2437,194805,224855,2449030,2479080,49487,1.0,0.2,0.0,1.0,1.0,0.2,0.6656665577049912,0.6656665577049913,1.1102230246251565e-16,4.586000884517827,4.586000884517828,8.881784197001252e-16,42d3b5ac70eba79d22c533ddeb1e73ea8b9233ad49775e1c27e9590f689bae78
airfoil_self_noise,real,airfoil_self_noise,,9101,uniform,1202,5,1000,25,200.0,1e-06,0.0001,1,1,150,30.0,100,20.0,600.9999999999998,298.40801061011075,302.591989389889,298.40801061011064,0.0,0.0,3.419996937736869e-05,0.0,0.003460800158791244,0.0034923001658171415,7.259997073560953e-05,0.0005579999997280538,0.0003869999782182276,0.003474899858701974,0.0034923001658171415,0.0039428999880328774,0.0005887998850084841,0.0005579999997280538,0.0005454999045468867,6015,0,0,2407,367065,367065,2413015,2413015,49487,,,,,,,0.6656665577049912,0.6656665577049912,0.0,4.586000884517827,4.586000884517827,0.0,95ff4a67e8ae6787b76f55f228a9c86db3c7b50d9d557be9734f93cfdaa40b3e
airfoil_self_noise,real,airfoil_self_noise,,9101,lipschitz,1202,5,1000,25,200.0,1e-06,0.0001,1,1,225,45.0,100,20.0,600.9999999999998,298.40801061011075,302.591989389889,298.4080106101107,0.0,0.0,6.930000381544232e-05,0.0,0.009666900092270225,0.00971670012222603,9.369984036311507e-05,0.002906800073105842,0.0009073000401258469,0.00971670012222603,0.011957300186622888,0.007850100402720273,0.002906800073105842,0.003605000034440309,0.0018864001031033695,6015,10,0,2407,547600,547600,2413025,2413025,49487,,,,,,,0.6656665577049912,0.6656665577049912,0.0,4.586000884517827,4.586000884517827,0.0,689078ae3c4463b94ae63d34f19f3b99fec4f3bd01198a54361ee9323cc79df4
airfoil_self_noise,real,airfoil_self_noise,,9101,ascd_g3_zero,1202,5,1000,25,200.0,1e-06,0.0001,1,1,150,30.0,100,20.0,600.9999999999998,298.40801061011075,302.591989389889,298.4080106101109,1.7053025658242404e-13,5.63565006880259e-16,6.930000381544232e-05,0.0,0.02003460010746494,0.02009680011542514,0.00011449988232925534,0.0031630999292246997,0.0015674000605940819,0.02146350045222789,0.0168290997389704,0.02009680011542514,0.0022776000550948083,0.0031630999292246997,0.004110300040338188,6015,6015,0,2437,377580,377580,2449030,2449030,49487,5.0,1.0,0.999,0.0010000000000000009,0.001,1.0,0.6656665577049912,0.6656665577049913,1.1102230246251565e-16,4.586000884517827,4.586000884517828,8.881784197001252e-16,0e3578abba902c4d466b9d2052d2768fcf2e29ba8a9b230b96e1a0d02a37e358
airfoil_self_noise,real,airfoil_self_noise,,9101,ascd_g1_exact,1202,5,1000,25,200.0,1e-06,0.0001,1,1,75,15.0,50,10.0,600.9999999999998,298.40801061011075,302.591989389889,298.4080106101108,5.684341886080802e-14,1.8785500229341964e-16,8.47000046633184e-05,2.300000051036477e-05,0.02018110017525032,0.02026420016773045,0.00012550002429634333,0.0012774999486282468,0.0008956999517977238,0.01807379990350455,0.02026420016773045,0.02401420014211908,0.0012774999486282468,0.0012614000588655472,0.0017733999993652105,6015,6015,30050,2437,194805,224855,2449030,2479080,49487,1.0,0.2,0.0,1.0,1.0,0.2,0.6656665577049912,0.6656665577049913,1.1102230246251565e-16,4.586000884517827,4.586000884517828,8.881784197001252e-16,42d3b5ac70eba79d22c533ddeb1e73ea8b9233ad49775e1c27e9590f689bae78
airfoil_self_noise,real,airfoil_self_noise,,9102,uniform,1202,5,1000,25,200.0,1e-06,0.0001,1,1,200,40.0,125,25.0,600.9999999999998,298.40801061011075,302.591989389889,298.4080106101108,5.684341886080802e-14,1.8785500229341964e-16,6.0399994254112244e-05,0.0,0.0037027999642305076,0.00376319995848462,7.970008300617337e-05,0.0008723000064492226,0.0005737000028602779,0.003578100062441081,0.00376319995848462,0.00418549997266382,0.0007220001425594091,0.0008723000064492226,0.001006099977530539,6015,0,0,2407,487415,487415,2413015,2413015,49487,,,,,,,0.6656665577049912,0.6656665577049912,0.0,4.586000884517827,4.586000884517827,0.0,e158662b93f3611d85d77ac9d8ed6aca02c7ed5acf0cf139d638dcf5adcc746c
airfoil_self_noise,real,airfoil_self_noise,,9102,lipschitz,1202,5,1000,25,200.0,1e-06,0.0001,1,1,175,35.0,125,25.0,600.9999999999998,298.40801061011075,302.591989389889,298.4080106101108,5.684341886080802e-14,1.8785500229341964e-16,5.9699988923966885e-05,0.0,0.00830999983008951,0.00837369984947145,8.41001165099442e-05,0.0014668001676909626,0.0010736000840552151,0.00837369984947145,0.00942650018259883,0.007904599886387587,0.001806100073736161,0.0014668001676909626,0.0014587999903596938,6015,10,0,2407,427250,427250,2413025,2413025,49487,,,,,,,0.6656665577049912,0.6656665577049913,1.1102230246251565e-16,4.586000884517827,4.586000884517828,8.881784197001252e-16,5cac364d4325fc764d4ad9f5ccc78dbcd9217e85e3e8572fc25e1c688706821c
airfoil_self_noise,real,airfoil_self_noise,,9102,ascd_g3_zero,1202,5,1000,25,200.0,1e-06,0.0001,1,1,200,40.0,125,25.0,600.9999999999998,298.40801061011075,302.591989389889,298.4080106101108,5.684341886080802e-14,1.8785500229341964e-16,6.769999163225293e-05,0.0,0.01646629988681525,0.016535399889107794,8.859997615218163e-05,0.003016200033016503,0.001935299951583147,0.016535399889107794,0.01507530000526458,0.018937700369860977,0.003016200033016503,0.003059100010432303,0.0029362000059336424,6015,6015,0,2437,499430,499430,2449030,2449030,49487,5.0,1.0,0.999,0.0010000000000000009,0.001,1.0,0.6656665577049912,0.6656665577049912,0.0,4.586000884517827,4.586000884517827,0.0,a7dbb038b7f507ff01ed300af3d616065f13274fafe6d26c6358962ac8283a8a
airfoil_self_noise,real,airfoil_self_noise,,9102,ascd_g1_exact,1202,5,1000,25,200.0,1e-06,0.0001,1,1,75,15.0,50,10.0,600.9999999999998,298.40801061011075,302.591989389889,298.4080106101108,5.684341886080802e-14,1.8785500229341964e-16,8.760002674534917e-05,2.500001573935151e-05,0.018785000080242753,0.018872600106988102,9.85999358817935e-05,0.0015348000451922417,0.001047199999447912,0.017188099678605795,0.019953499955590814,0.018872600106988102,0.0015796999796293676,0.0015348000451922417,0.0013195000938139856,6015,6015,30050,2437,194805,224855,2449030,2479080,49487,1.0,0.2,0.0,1.0,1.0,0.2,0.6656665577049912,0.6656665577049913,1.1102230246251565e-16,4.586000884517827,4.586000884517828,8.881784197001252e-16,42d3b5ac70eba79d22c533ddeb1e73ea8b9233ad49775e1c27e9590f689bae78
airfoil_self_noise,real,airfoil_self_noise,,9103,uniform,1202,5,1000,25,200.0,1e-06,0.0001,1,1,150,30.0,100,20.0,600.9999999999998,298.40801061011075,302.591989389889,298.4080106101108,5.684341886080802e-14,1.8785500229341964e-16,3.819999983534217e-05,0.0,0.003439200110733509,0.0034774001105688512,7.200002437457442e-05,0.0005521000130102038,0.0003798999823629856,0.003422100155148655,0.0035748998634517193,0.0034774001105688512,0.0005439000087790191,0.0005521000130102038,0.0005552000948227942,6015,0,0,2407,367065,367065,2413015,2413015,49487,,,,,,,0.6656665577049912,0.6656665577049913,1.1102230246251565e-16,4.586000884517827,4.586000884517828,8.881784197001252e-16,26a0ec749ed75d3598f1b2af37447dc12b1d71846ba0858515b4a9dc6b1529ec
airfoil_self_noise,real,airfoil_self_noise,,9103,lipschitz,1202,5,1000,25,200.0,1e-06,0.0001,1,1,175,35.0,100,20.0,600.9999999999998,298.40801061011075,302.591989389889,298.4080106101107,0.0,0.0,5.879998207092285e-05,0.0,0.008594300190452486,0.008634800207801163,8.439994417130947e-05,0.0014402999659068882,0.0008543000440113246,0.008710799855180085,0.00781580014154315,0.008634800207801163,0.0014201999874785542,0.0014402999659068882,0.001749300048686564,6015,10,0,2407,427250,427250,2413025,2413025,49487,,,,,,,0.6656665577049912,0.6656665577049912,0.0,4.586000884517827,4.586000884517827,0.0,164aeb5e6aeb6f2781371fd012c1e015dd5bb96a6e5900d5d5bb0a0a26acf7b5
airfoil_self_noise,real,airfoil_self_noise,,9103,ascd_g3_zero,1202,5,1000,25,200.0,1e-06,0.0001,1,1,150,30.0,100,20.0,600.9999999999998,298.40801061011075,302.591989389889,298.4080106101108,5.684341886080802e-14,1.8785500229341964e-16,7.329997606575489e-05,0.0,0.01437490014359355,0.0144295000936836,7.849989924579859e-05,0.0022343999589793384,0.001540199969895184,0.02839049999602139,0.014385899994522333,0.0144295000936836,0.005139400018379092,0.0022343999589793384,0.0022096000029705465,6015,6015,0,2437,377580,377580,2449030,2449030,49487,5.0,1.0,0.999,0.0010000000000000009,0.001,1.0,0.6656665577049912,0.6656665577049913,1.1102230246251565e-16,4.586000884517827,4.586000884517828,8.881784197001252e-16,dfa0e1dbd10ecbc2e030c0184694f4495aefb7b8f9fd0ffc74264f7917542dc9
airfoil_self_noise,real,airfoil_self_noise,,9103,ascd_g1_exact,1202,5,1000,25,200.0,1e-06,0.0001,1,1,75,15.0,50,10.0,600.9999999999998,298.40801061011075,302.591989389889,298.4080106101108,5.684341886080802e-14,1.8785500229341964e-16,8.440000237897038e-05,2.4500011932104826e-05,0.016108400013763458,0.016226899984758347,8.530012564733624e-05,0.0014794000308029354,0.0010888000251725316,0.016226899984758347,0.021263199800159782,0.01617159991292283,0.001668799901381135,0.001252500049304217,0.0014794000308029354,6015,6015,30050,2437,194805,224855,2449030,2479080,49487,1.0,0.2,0.0,1.0,1.0,0.2,0.6656665577049912,0.6656665577049913,1.1102230246251565e-16,4.586000884517827,4.586000884517828,8.881784197001252e-16,42d3b5ac70eba79d22c533ddeb1e73ea8b9233ad49775e1c27e9590f689bae78
airfoil_self_noise,real,airfoil_self_noise,,9104,uniform,1202,5,1000,25,200.0,1e-06,0.0001,1,1,150,30.0,100,20.0,600.9999999999998,298.40801061011075,302.591989389889,298.4080106101107,0.0,0.0,3.390002530068159e-05,0.0,0.004000999848358333,0.004083499894477427,8.590007200837135e-05,0.0008283000206574798,0.0003801999846473336,0.004083499894477427,0.003440299886278808,0.005735300132073462,0.0008283000206574798,0.0005510000046342611,0.0011287000379525125,6015,0,0,2407,367065,367065,2413015,2413015,49487,,,,,,,0.6656665577049912,0.6656665577049913,1.1102230246251565e-16,4.586000884517827,4.586000884517828,8.881784197001252e-16,0ce0abac8a91546574302aa6a72e8411696817be3bef8175e4b7cff38d91d885
airfoil_self_noise,real,airfoil_self_noise,,9104,lipschitz,1202,5,1000,25,200.0,1e-06,0.0001,1,1,150,30.0,100,20.0,600.9999999999998,298.40801061011075,302.591989389889,298.4080106101107,0.0,0.0,5.059997783973813e-05,0.0,0.007788699876982719,0.0078410001588054,7.750012446194887e-05,0.0012329001328907907,0.0008479001116938889,0.008364399545826018,0.0078410001588054,0.007828399888239801,0.001428299816325307,0.0012329001328907907,0.0012317998916842043,6015,10,0,2407,367075,367075,2413025,2413025,49487,,,,,,,0.6656665577049912,0.6656665577049913,1.1102230246251565e-16,4.586000884517827,4.586000884517828,8.881784197001252e-16,a8bfa3c557ed3fc26c8ecb98ee7a5e827f5a5b2d59f1d392ba4b939a393320b7
airfoil_self_noise,real,airfoil_self_noise,,9104,ascd_g3_zero,1202,5,1000,25,200.0,1e-06,0.0001,1,1,150,30.0,100,20.0,600.9999999999998,298.40801061011075,302.591989389889,298.4080106101107,0.0,0.0,6.920000305399299e-05,0.0,0.01592289994005114,0.016009699902497232,9.350007167086005e-05,0.003401499940082431,0.002682599937543273,0.016009699902497232,0.020390199671965092,0.01478350005345419,0.003401499940082431,0.0036600999301299453,0.002684099890757352,6015,6015,0,2437,377580,377580,2449030,2449030,49487,5.0,1.0,0.999,0.0010000000000000009,0.001,1.0,0.6656665577049912,0.6656665577049912,0.0,4.586000884517827,4.586000884517827,0.0,e1bcc3bc680eec9d70d6fb970b78b7947aefd85cbbef0afeae670dcd270a0907
airfoil_self_noise,real,airfoil_self_noise,,9104,ascd_g1_exact,1202,5,1000,25,200.0,1e-06,0.0001,1,1,75,15.0,50,10.0,600.9999999999998,298.40801061011075,302.591989389889,298.4080106101108,5.684341886080802e-14,1.8785500229341964e-16,9.059999138116837e-05,2.540001878514886e-05,0.023514600237831473,0.02360520022921264,0.00012539990711957216,0.0012956999707967043,0.0008980999700725079,0.019295199774205685,0.02360520022921264,0.023900299856904894,0.0012712999014183879,0.0012956999707967043,0.003565699968021363,6015,6015,30050,2437,194805,224855,2449030,2479080,49487,1.0,0.2,0.0,1.0,1.0,0.2,0.6656665577049912,0.6656665577049913,1.1102230246251565e-16,4.586000884517827,4.586000884517828,8.881784197001252e-16,42d3b5ac70eba79d22c533ddeb1e73ea8b9233ad49775e1c27e9590f689bae78
airfoil_self_noise,real,airfoil_self_noise,,9105,uniform,1202,5,1000,25,200.0,1e-06,0.0001,1,1,175,35.0,125,25.0,600.9999999999998,298.40801061011075,302.591989389889,298.4080106101108,5.684341886080802e-14,1.8785500229341964e-16,4.9400026910007e-05,0.0,0.0034259998938068748,0.0034753999207168818,7.289997301995754e-05,0.0006621999200433493,0.0004900998901575804,0.003974499937612563,0.0034753999207168818,0.0034462999901734293,0.0006621999200433493,0.0006790999323129654,0.0006413000519387424,6015,0,0,2407,427240,427240,2413015,2413015,49487,,,,,,,0.6656665577049912,0.6656665577049912,0.0,4.586000884517827,4.586000884517827,0.0,b5cf3ecf6c36814164a08665afabe3abf680c306d02fbbafefc4d7a9b6cb6350
airfoil_self_noise,real,airfoil_self_noise,,9105,lipschitz,1202,5,1000,25,200.0,1e-06,0.0001,1,1,175,35.0,125,25.0,600.9999999999998,298.40801061011075,302.591989389889,298.4080106101108,5.684341886080802e-14,1.8785500229341964e-16,5.7800032664090395e-05,0.0,0.009199899970553815,0.00925089995143935,9.859987767413259e-05,0.002708699961658567,0.001799300080165267,0.009883800114039332,0.008060799678787589,0.00925089995143935,0.0028834000695496798,0.0014692999538965523,0.002708699961658567,6015,10,0,2407,427250,427250,2413025,2413025,49487,,,,,,,0.6656665577049912,0.6656665577049912,0.0,4.586000884517827,4.586000884517827,0.0,e79788e18baadf26f194e0a13ec44eefae4de1f0aeee03c98efe6bed88650a63
airfoil_self_noise,real,airfoil_self_noise,,9105,ascd_g3_zero,1202,5,1000,25,200.0,1e-06,0.0001,1,1,175,35.0,125,25.0,600.9999999999998,298.40801061011075,302.591989389889,298.40801061011075,0.0,0.0,8.179998258128762e-05,0.0,0.015778900298755616,0.015860700281336904,8.369964780285954e-05,0.003898500115610659,0.003044600074645132,0.016952100151684135,0.015860700281336904,0.014875599998049438,0.004524599993601441,0.003898500115610659,0.0028857000870630145,6015,6015,0,2437,438505,438505,2449030,2449030,49487,5.0,1.0,0.999,0.0010000000000000009,0.001,1.0,0.6656665577049912,0.6656665577049912,0.0,4.586000884517827,4.586000884517827,0.0,8334ee659106862f8e77d38b69442838241add2e2429e6ef25d148bd1fd18b11
airfoil_self_noise,real,airfoil_self_noise,,9105,ascd_g1_exact,1202,5,1000,25,200.0,1e-06,0.0001,1,1,75,15.0,50,10.0,600.9999999999998,298.40801061011075,302.591989389889,298.4080106101108,5.684341886080802e-14,1.8785500229341964e-16,8.789997082203627e-05,2.440001117065549e-05,0.0213699002051726,0.021463900222443044,0.00011099991388618946,0.0013488000840879977,0.0009422000730410218,0.021463900222443044,0.020840399782173336,0.02153970004292205,0.0013488000840879977,0.0013332999660633504,0.0029979999526403844,6015,6015,30050,2437,194805,224855,2449030,2479080,49487,1.0,0.2,0.0,1.0,1.0,0.2,0.6656665577049912,0.6656665577049913,1.1102230246251565e-16,4.586000884517827,4.586000884517828,8.881784197001252e-16,42d3b5ac70eba79d22c533ddeb1e73ea8b9233ad49775e1c27e9590f689bae78
airfoil_self_noise,real,airfoil_self_noise,,9106,uniform,1202,5,1000,25,200.0,1e-06,0.0001,1,1,150,30.0,75,15.0,600.9999999999998,298.40801061011075,302.591989389889,298.4080106101108,5.684341886080802e-14,1.8785500229341964e-16,3.100000321865082e-05,0.0,0.003403700015041977,0.003434700018260628,7.029989501461387e-05,0.0005433999467641115,0.0002924999571405351,0.0034070000401698053,0.003434700018260628,0.003663900133688003,0.0005433999467641115,0.0005519999540410936,0.0005388000281527638,6015,0,0,2407,367065,367065,2413015,2413015,49487,,,,,,,0.6656665577049912,0.6656665577049913,1.1102230246251565e-16,4.586000884517827,4.586000884517828,8.881784197001252e-16,869c372b9cb43a86fc4f9ff9523f07df5a1d7f9bd37f56bb7c455a7352db7707
airfoil_self_noise,real,airfoil_self_noise,,9106,lipschitz,1202,5,1000,25,200.0,1e-06,0.0001,1,1,200,40.0,125,25.0,600.9999999999998,298.40801061011075,302.591989389889,298.4080106101108,5.684341886080802e-14,1.8785500229341964e-16,6.400002166628838e-05,0.0,0.008871200087014586,0.008942900109104812,9.12998802959919e-05,0.0016697999672032893,0.001088599965441972,0.012290299986489117,0.008942900109104812,0.007804599939845502,0.0019847999792546034,0.0016697999672032893,0.0016324000316672027,6015,10,0,2407,487425,487425,2413025,2413025,49487,,,,,,,0.6656665577049912,0.6656665577049912,0.0,4.586000884517827,4.586000884517827,0.0,dfdae57c97a3544908b87957f2b3648c73cfaf1dcc21dd1c7ee71c0fbd7a9fc2
airfoil_self_noise,real,airfoil_self_noise,,9106,ascd_g3_zero,1202,5,1000,25,200.0,1e-06,0.0001,1,1,150,30.0,100,20.0,600.9999999999998,298.40801061011075,302.591989389889,298.4080106101108,5.684341886080802e-14,1.8785500229341964e-16,7.16999638825655e-05,0.0,0.017265099799260497,0.017336799763143063,0.00010149995796382427,0.0024499998544342816,0.0017396998591721058,0.017336799763143063,0.018677100131753832,0.016948700067587197,0.0024499998544342816,0.0040805001044645905,0.002335200086236,6015,6015,0,2437,377580,377580,2449030,2449030,49487,5.0,1.0,0.999,0.0010000000000000009,0.001,1.0,0.6656665577049912,0.6656665577049913,1.1102230246251565e-16,4.586000884517827,4.586000884517828,8.881784197001252e-16,f2a0b6cd52694f18dedde745a767f1fa708c968c4616b0dc20bcbb2cdef667c4
airfoil_self_noise,real,airfoil_self_noise,,9106,ascd_g1_exact,1202,5,1000,25,200.0,1e-06,0.0001,1,1,75,15.0,50,10.0,600.9999999999998,298.40801061011075,302.591989389889,298.4080106101108,5.684341886080802e-14,1.8785500229341964e-16,9.290000889450312e-05,2.559996210038662e-05,0.016436600184533745,0.016529500193428248,8.479983080178499e-05,0.0012680001091212034,0.0008915000944398344,0.016529500193428248,0.016633299877867103,0.016429699899163097,0.0013541000662371516,0.0012680001091212034,0.001242700091097504,6015,6015,30050,2437,194805,224855,2449030,2479080,49487,1.0,0.2,0.0,1.0,1.0,0.2,0.6656665577049912,0.6656665577049913,1.1102230246251565e-16,4.586000884517827,4.586000884517828,8.881784197001252e-16,42d3b5ac70eba79d22c533ddeb1e73ea8b9233ad49775e1c27e9590f689bae78
airfoil_self_noise,real,airfoil_self_noise,,9107,uniform,1202,5,1000,25,200.0,1e-06,0.0001,1,1,150,30.0,100,20.0,600.9999999999998,298.40801061011075,302.591989389889,298.4080106101108,5.684341886080802e-14,1.8785500229341964e-16,4.409998655319214e-05,0.0,0.004148799867834896,0.004192899854388088,0.00011020025704056025,0.0005604999605566263,0.00039279996417462826,0.004192899854388088,0.006476100068539381,0.003960800066124648,0.0005547999171540141,0.0006546000950038433,0.0005604999605566263,6015,0,0,2407,367065,367065,2413015,2413015,49487,,,,,,,0.6656665577049912,0.6656665577049913,1.1102230246251565e-16,4.586000884517827,4.586000884517828,8.881784197001252e-16,d44011223bf4d23ab35c6d1173f608bca047ebd19b7de19c7eee9afa7290946d
airfoil_self_noise,real,airfoil_self_noise,,9107,lipschitz,1202,5,1000,25,200.0,1e-06,0.0001,1,1,150,30.0,75,15.0,600.9999999999998,298.40801061011075,302.591989389889,298.4080106101108,5.684341886080802e-14,1.8785500229341964e-16,5.050003528594971e-05,0.0,0.00815180002246052,0.008202299999538809,8.039985550567508e-05,0.0012669999850913882,0.0006784999859519303,0.008202299999538809,0.016855300054885447,0.007889099942985922,0.0012586000375449657,0.0028839000733569264,0.0012669999850913882,6015,10,0,2407,367075,367075,2413025,2413025,49487,,,,,,,0.6656665577049912,0.6656665577049913,1.1102230246251565e-16,4.586000884517827,4.586000884517828,8.881784197001252e-16,a5b446405b16c402c031f604f485ae520dc23c7fbffe4e3281c3370ecfb42c93
airfoil_self_noise,real,airfoil_self_noise,,9107,ascd_g3_zero,1202,5,1000,25,200.0,1e-06,0.0001,1,1,125,25.0,75,15.0,600.9999999999998,298.40801061011075,302.591989389889,298.4080106101107,0.0,0.0,6.350001785904169e-05,0.0,0.01573030010331422,0.015793800121173263,8.480006363242865e-05,0.00186850008321926,0.0011538001126609743,0.014800899953115731,0.015793800121173263,0.017143400211352855,0.0018524998449720442,0.00186850008321926,0.0019041000632569194,6015,6015,0,2437,316655,316655,2449030,2449030,49487,5.0,1.0,0.999,0.0010000000000000009,0.001,1.0,0.6656665577049912,0.6656665577049913,1.1102230246251565e-16,4.586000884517827,4.586000884517828,8.881784197001252e-16,9c7b6e609e0f2cf91157f44ff85187a01383008b6fa33a4c617e5114e20c7468
airfoil_self_noise,real,airfoil_self_noise,,9107,ascd_g1_exact,1202,5,1000,25,200.0,1e-06,0.0001,1,1,75,15.0,50,10.0,600.9999999999998,298.40801061011075,302.591989389889,298.4080106101108,5.684341886080802e-14,1.8785500229341964e-16,8.819997310638428e-05,2.47000134550035e-05,0.016685799870174378,0.016773999843280762,9.320036042481661e-05,0.0013160999515093863,0.0009263999527320266,0.018840899982023984,0.016736499965190887,0.016773999843280762,0.0013160999515093863,0.0012729000300168991,0.00138369994238019,6015,6015,30050,2437,194805,224855,2449030,2479080,49487,1.0,0.2,0.0,1.0,1.0,0.2,0.6656665577049912,0.6656665577049913,1.1102230246251565e-16,4.586000884517827,4.586000884517828,8.881784197001252e-16,42d3b5ac70eba79d22c533ddeb1e73ea8b9233ad49775e1c27e9590f689bae78
airfoil_self_noise,real,airfoil_self_noise,,9108,uniform,1202,5,1000,25,200.0,1e-06,0.0001,1,1,200,40.0,125,25.0,600.9999999999998,298.40801061011075,302.591989389889,298.40801061011086,1.1368683772161603e-13,3.7571000458683927e-16,3.330002073198557e-05,0.0,0.003412900143302977,0.003445400157943368,7.010000990703702e-05,0.0007272000657394528,0.00046820007264614105,0.0034201000817120075,0.003445400157943368,0.0034474999993108213,0.0007203001296147704,0.0007280000718310475,0.0007272000657394528,6015,0,0,2407,487415,487415,2413015,2413015,49487,,,,,,,0.6656665577049912,0.6656665577049913,1.1102230246251565e-16,4.586000884517827,4.586000884517828,8.881784197001252e-16,052049b0a56b12230522340d18b362594441419dea8cec504f4efb03fc7bff58
airfoil_self_noise,real,airfoil_self_noise,,9108,lipschitz,1202,5,1000,25,200.0,1e-06,0.0001,1,1,175,35.0,100,20.0,600.9999999999998,298.40801061011075,302.591989389889,298.4080106101108,5.684341886080802e-14,1.8785500229341964e-16,6.490002851933241e-05,0.0,0.009817200188990682,0.009869200177490711,0.00010090001160278916,0.0014320998452603817,0.0008443000260740519,0.011315500130876899,0.007943799952045083,0.009869200177490711,0.0014363000518642366,0.0014320998452603817,0.00139590009348467,6015,10,0,2407,427250,427250,2413025,2413025,49487,,,,,,,0.6656665577049912,0.6656665577049912,0.0,4.586000884517827,4.586000884517827,0.0,6954b3f03452cd38315e3d2d7a42cf7531643c855486cb53d3f6c17a4bbdf6ee
airfoil_self_noise,real,airfoil_self_noise,,9108,ascd_g3_zero,1202,5,1000,25,200.0,1e-06,0.0001,1,1,200,40.0,125,25.0,600.9999999999998,298.40801061011075,302.591989389889,298.40801061011075,0.0,0.0,7.269997149705887e-05,0.0,0.015955899725668132,0.016052199760451913,8.869991870597005e-05,0.0038523999974131584,0.001906599965877831,0.016052199760451913,0.01623700011987239,0.01509429985890165,0.004174999892711639,0.0038523999974131584,0.003500099992379546,6015,6015,0,2437,499430,499430,2449030,2449030,49487,5.0,1.0,0.999,0.0010000000000000009,0.001,1.0,0.6656665577049912,0.6656665577049913,1.1102230246251565e-16,4.586000884517827,4.586000884517828,8.881784197001252e-16,91fde895db088f6b5d856b6f722c309f7088c917c70c73d07b6ca4e379f3840e
airfoil_self_noise,real,airfoil_self_noise,,9108,ascd_g1_exact,1202,5,1000,25,200.0,1e-06,0.0001,1,1,75,15.0,50,10.0,600.9999999999998,298.40801061011075,302.591989389889,298.4080106101108,5.684341886080802e-14,1.8785500229341964e-16,8.670001989230514e-05,2.3800006601959467e-05,0.018565099802799523,0.018653999781236053,9.190005948767066e-05,0.0012881000293418765,0.0008910999167710543,0.018653999781236053,0.016268999897874892,0.02429820003453642,0.001288499915972352,0.0012881000293418765,0.001265200029592961,6015,6015,30050,2437,194805,224855,2449030,2479080,49487,1.0,0.2,0.0,1.0,1.0,0.2,0.6656665577049912,0.6656665577049913,1.1102230246251565e-16,4.586000884517827,4.586000884517828,8.881784197001252e-16,42d3b5ac70eba79d22c533ddeb1e73ea8b9233ad49775e1c27e9590f689bae78
airfoil_self_noise,real,airfoil_self_noise,,9109,uniform,1202,5,1000,25,200.0,1e-06,0.0001,1,1,125,25.0,75,15.0,600.9999999999998,298.40801061011075,302.591989389889,298.40801061011075,0.0,0.0,3.779999678954482e-05,0.0,0.004437600204255432,0.004495100176427513,0.00010119989747181535,0.0004879000480286777,0.0003158000181429088,0.003454500052612275,0.004613500204868615,0.004495100176427513,0.0004879000480286777,0.00046090007526800036,0.0004961000522598624,6015,0,0,2407,306890,306890,2413015,2413015,49487,,,,,,,0.6656665577049912,0.6656665577049912,0.0,4.586000884517827,4.586000884517827,0.0,951f8ea93035d01d4aebc86456decc4d20ec5fc7e60d939aa6a11412334706fa
airfoil_self_noise,real,airfoil_self_noise,,9109,lipschitz,1202,5,1000,25,200.0,1e-06,0.0001,1,1,125,25.0,75,15.0,600.9999999999998,298.40801061011075,302.591989389889,298.4080106101108,5.684341886080802e-14,1.8785500229341964e-16,0.00012159999459981918,0.0,0.011137300112750381,0.011265800159890205,0.0001137999352067709,0.0023313999408856034,0.001519199984613806,0.010802599717862904,0.011723299860022962,0.011265800159890205,0.0023313999408856034,0.0010526999831199646,0.0025032000266946852,6015,10,0,2407,306900,306900,2413025,2413025,49487,,,,,,,0.6656665577049912,0.6656665577049912,0.0,4.586000884517827,4.586000884517827,0.0,7df37cbfeb0184bd395ba63ec1e5d2efb81465677ceb6562a2d279bacdcfc879
airfoil_self_noise,real,airfoil_self_noise,,9109,ascd_g3_zero,1202,5,1000,25,200.0,1e-06,0.0001,1,1,125,25.0,75,15.0,600.9999999999998,298.40801061011075,302.591989389889,298.4080106101108,5.684341886080802e-14,1.8785500229341964e-16,7.00999516993761e-05,0.0,0.01722840021830052,0.01729240023996681,9.490002412348986e-05,0.0019361000158824027,0.0012122999760322273,0.01729240023996681,0.02028739987872541,0.016580199997406453,0.003850200097076595,0.0018637999310158193,0.0019361000158824027,6015,6015,0,2437,316655,316655,2449030,2449030,49487,5.0,1.0,0.999,0.0010000000000000009,0.001,1.0,0.6656665577049912,0.6656665577049912,0.0,4.586000884517827,4.586000884517827,0.0,7d61b512962fcc1feacb9a65b725cdd26f2b19b3bd16ef2ee1b4bcd5aecfc6f2
airfoil_self_noise,real,airfoil_self_noise,,9109,ascd_g1_exact,1202,5,1000,25,200.0,1e-06,0.0001,1,1,75,15.0,50,10.0,600.9999999999998,298.40801061011075,302.591989389889,298.4080106101108,5.684341886080802e-14,1.8785500229341964e-16,8.109997725114226e-05,2.3300002794712782e-05,0.016763200284913182,0.016850200307089835,9.039964061230421e-05,0.0012657999177463353,0.0008823999669402838,0.016850200307089835,0.019735699810553342,0.015671899949666113,0.0013367001083679497,0.0012645000242628157,0.0012657999177463353,6015,6015,30050,2437,194805,224855,2449030,2479080,49487,1.0,0.2,0.0,1.0,1.0,0.2,0.6656665577049912,0.6656665577049913,1.1102230246251565e-16,4.586000884517827,4.586000884517828,8.881784197001252e-16,42d3b5ac70eba79d22c533ddeb1e73ea8b9233ad49775e1c27e9590f689bae78
airfoil_self_noise,real,airfoil_self_noise,,9110,uniform,1202,5,1000,25,200.0,1e-06,0.0001,1,1,125,25.0,75,15.0,600.9999999999998,298.40801061011075,302.591989389889,298.40801061011086,1.1368683772161603e-13,3.7571000458683927e-16,5.030003376305103e-05,0.0,0.0035819997428916395,0.0036322997766546905,7.53002823330462e-05,0.0005967000615783036,0.0003187999245710671,0.004414000082761049,0.0036322997766546905,0.0034306999878026545,0.0009835000382736325,0.0005967000615783036,0.0004882999346591532,6015,0,0,2407,306890,306890,2413015,2413015,49487,,,,,,,0.6656665577049912,0.6656665577049912,0.0,4.586000884517827,4.586000884517827,0.0,798bafa019def623f960543c01a71299602fc43b30640e4eb5cce1b48d91ab56
airfoil_self_noise,real,airfoil_self_noise,,9110,lipschitz,1202,5,1000,25,200.0,1e-06,0.0001,1,1,150,30.0,100,20.0,600.9999999999998,298.40801061011075,302.591989389889,298.4080106101109,1.7053025658242404e-13,5.63565006880259e-16,5.6100019719451666e-05,0.0,0.012315900065004826,0.012382800108753145,0.00011159991845488548,0.0012415000819601119,0.0008515000226907432,0.008469699881970882,0.012603900278918445,0.012382800108753145,0.0011985001037828624,0.0040379001293331385,0.0012415000819601119,6015,10,0,2407,367075,367075,2413025,2413025,49487,,,,,,,0.6656665577049912,0.6656665577049912,0.0,4.586000884517827,4.586000884517827,0.0,75bead7685beb09ecc345bb2f49bde2be4a3ce352548c0fdbff2220a20f0bbb1
airfoil_self_noise,real,airfoil_self_noise,,9110,ascd_g3_zero,1202,5,1000,25,200.0,1e-06,0.0001,1,1,125,25.0,50,10.0,600.9999999999998,298.40801061011075,302.591989389889,298.4080106101108,5.684341886080802e-14,1.8785500229341964e-16,6.3000014051795e-05,0.0,0.01696760015329346,0.017030600167345256,9.419990237802267e-05,0.001900099974591285,0.0008360999636352062,0.017030600167345256,0.015898100391495973,0.017521300236694515,0.001900099974591285,0.0020262000034563243,0.001840100099798292,6015,6015,0,2437,316655,316655,2449030,2449030,49487,5.0,1.0,0.999,0.0010000000000000009,0.001,1.0,0.6656665577049912,0.6656665577049913,1.1102230246251565e-16,4.586000884517827,4.586000884517828,8.881784197001252e-16,edf8779cfa71c978600d44c8ca9daceafd7c14b32ce077ef788d2528fba76e55
airfoil_self_noise,real,airfoil_self_noise,,9110,ascd_g1_exact,1202,5,1000,25,200.0,1e-06,0.0001,1,1,75,15.0,50,10.0,600.9999999999998,298.40801061011075,302.591989389889,298.4080106101108,5.684341886080802e-14,1.8785500229341964e-16,8.909997995942831e-05,2.400000812485814e-05,0.017039500118698925,0.017137500108219683,8.639972656965256e-05,0.0012608999386429787,0.0008763999212533236,0.017137500108219683,0.016759800084400922,0.02514069981407374,0.0015030000358819962,0.0012608999386429787,0.0012454999377951026,6015,6015,30050,2437,194805,224855,2449030,2479080,49487,1.0,0.2,0.0,1.0,1.0,0.2,0.6656665577049912,0.6656665577049913,1.1102230246251565e-16,4.586000884517827,4.586000884517828,8.881784197001252e-16,42d3b5ac70eba79d22c533ddeb1e73ea8b9233ad49775e1c27e9590f689bae78
airfoil_self_noise,real,airfoil_self_noise,,9111,uniform,1202,5,1000,25,200.0,1e-06,0.0001,1,1,150,30.0,100,20.0,600.9999999999998,298.40801061011075,302.591989389889,298.4080106101107,0.0,0.0,6.230000872164965e-05,0.0,0.0034739000257104635,0.003536200034432113,7.669982733204961e-05,0.0005807999987155199,0.00041060004150494933,0.006615600141230971,0.003536200034432113,0.0035088001750409603,0.0009341000695712864,0.0005807999987155199,0.0005698000313714147,6015,0,0,2407,367065,367065,2413015,2413015,49487,,,,,,,0.6656665577049912,0.6656665577049912,0.0,4.586000884517827,4.586000884517827,0.0,a71bdfd9ba371064283aad1fad7b3a55e50ba1c4c67f41a24d604b6476d42260
airfoil_self_noise,real,airfoil_self_noise,,9111,lipschitz,1202,5,1000,25,200.0,1e-06,0.0001,1,1,150,30.0,100,20.0,600.9999999999998,298.40801061011075,302.591989389889,298.4080106101108,5.684341886080802e-14,1.8785500229341964e-16,5.819997750222683e-05,0.0,0.00810020009521395,0.008158400072716177,8.400005754083395e-05,0.0012425999157130718,0.0008574999519623816,0.008158400072716177,0.01793639996321872,0.007943500182591379,0.0012425999157130718,0.0027413000352680683,0.0012317000655457377,6015,10,0,2407,367075,367075,2413025,2413025,49487,,,,,,,0.6656665577049912,0.6656665577049913,1.1102230246251565e-16,4.586000884517827,4.586000884517828,8.881784197001252e-16,80fc53a68c65b16ad4cbe0dd858599d24f1bc7c46640e19a8e42d24a4d11fef1
airfoil_self_noise,real,airfoil_self_noise,,9111,ascd_g3_zero,1202,5,1000,25,200.0,1e-06,0.0001,1,1,150,30.0,100,20.0,600.9999999999998,298.40801061011075,302.591989389889,298.4080106101107,0.0,0.0,6.499997107312083e-05,0.0,0.021183700009714812,0.021243700000923127,0.0001191999763250351,0.004875500046182424,0.0027996000717394054,0.023493700136896223,0.019646600063424557,0.021243700000923127,0.005465800000820309,0.0022629000595770776,0.004875500046182424,6015,6015,0,2437,377580,377580,2449030,2449030,49487,5.0,1.0,0.999,0.0010000000000000009,0.001,1.0,0.6656665577049912,0.6656665577049912,0.0,4.586000884517827,4.586000884517827,0.0,4f6f0a20b6374cfc87a4b7f8711fd286185be23a616bc7409e0dce13d30beb07
airfoil_self_noise,real,airfoil_self_noise,,9111,ascd_g1_exact,1202,5,1000,25,200.0,1e-06,0.0001,1,1,75,15.0,50,10.0,600.9999999999998,298.40801061011075,302.591989389889,298.4080106101108,5.684341886080802e-14,1.8785500229341964e-16,0.00018540001474320889,5.040003452450037e-05,0.02906920009991154,0.02925460011465475,0.00015169987455010414,0.003284499980509281,0.0023142999853007495,0.015621400089003146,0.03615180013002828,0.02925460011465475,0.001281999982893467,0.0034666999708861113,0.003284499980509281,6015,6015,30050,2437,194805,224855,2449030,2479080,49487,1.0,0.2,0.0,1.0,1.0,0.2,0.6656665577049912,0.6656665577049913,1.1102230246251565e-16,4.586000884517827,4.586000884517828,8.881784197001252e-16,42d3b5ac70eba79d22c533ddeb1e73ea8b9233ad49775e1c27e9590f689bae78
residential_building,real,residential_building,,9100,uniform,297,107,21400,535,200.0,1e-06,0.0001,0,0,,,,,148.50000000000006,0.6391633922219624,147.86083660777808,0.6953847421913282,0.056221349969365786,0.0003802315153842996,8.019997039809823e-05,0.0,0.07293039991054684,0.07301059988094494,0.00010799983283504844,,,0.07312130031641573,0.0708794001257047,0.07301059988094494,,,,31886,0,0,597,,,12807686,12807686,16564,,,,,,,0.3061246517347699,0.30283851612970414,-0.003286135605065743,351.41989325653645,347.64752988424834,-3.772363372288112,8a912c0112ceda855dbe6954209f433492eea819e96a60ef589856cf8681990f
residential_building,real,residential_building,,9100,lipschitz,297,107,21400,535,200.0,1e-06,0.0001,0,0,,,,,148.50000000000006,0.6391633922219624,147.86083660777808,0.7004663037992891,0.0613029115773267,0.0004145987063494129,7.010000990703702e-05,0.0,0.2008686003391631,0.20093800034374,0.00013119983486831188,,,0.2024643002077937,0.20093800034374,0.197110699955374,,,,31886,214,0,597,,,12807900,12807900,16564,,,,,,,0.3061246517347699,0.3020537797285878,-0.004070872006182058,351.41989325653645,346.74668122422685,-4.673212032309607,15c08c4240ffde003f8299e50504b12c2be4f85158018c5a06ec27e4038341c3
residential_building,real,residential_building,,9100,ascd_g3_zero,297,107,21400,535,200.0,1e-06,0.0001,0,0,,,,,148.50000000000006,0.6391633922219624,147.86083660777808,0.6924284360573307,0.05326504383536834,0.00036023767386533497,8.099997648969293e-05,0.0,0.4263889997964725,0.42654619977110997,0.00013559998478740454,,,0.4203709000721574,0.42654619977110997,0.43803819973254576,,,,31886,31886,0,1667,,,35737572,35737572,16564,107.0,1.0,0.9999532710280374,4.672897196256187e-05,4.672897196261682e-05,1.0,0.3061246517347699,0.30164078847131526,-0.004483863263454624,351.41989325653645,346.27258238009864,-5.147310876437814,47a35e392bb09d0c69debe147616e13e61472a2ec68ec706adec1e3e4c889a07
residential_building,real,residential_building,,9100,ascd_g1_exact,297,107,21400,535,200.0,1e-06,0.0001,0,1,,,16585,155.0,148.50000000000006,0.6391633922219624,147.86083660777808,0.6501763789745965,0.011012986752634069,7.448210767160465e-05,0.0002142000012099743,0.00013729999773204327,1.2392467999598011,1.2394609999610111,0.00015460007125511765,,0.9645748002803884,1.2394609999610111,1.199929399881512,1.2396782002761029,,,,31886,31886,3400353,1667,,,35737572,39137925,16564,1.0,0.009345794392523364,0.0,1.0,1.0,0.009345794392523364,0.3061246517347699,0.3074170329958917,0.0012923812611218,351.41989325653645,352.9034996314444,1.4836063749079358,55d1c659f0df20d12407a1d7257d5d3546ae1f0f0b36e1eeed7c78611af51256
residential_building,real,residential_building,,9101,uniform,297,107,21400,535,200.0,1e-06,0.0001,0,0,,,,,148.50000000000006,0.6391633922219624,147.86083660777808,0.725365457508552,0.08620206528658958,0.0005829945728986562,7.660000119358301e-05,0.0,0.07347110006958246,0.07359400007408112,0.00010079977801069617,,,0.07634989987127483,0.06492869975045323,0.07359400007408112,,,,31886,0,0,597,,,12807686,12807686,16564,,,,,,,0.3061246517347699,0.30575534769988494,-0.000369304034884943,351.41989325653645,350.9959457443612,-0.4239475121752321,2dc231cbe35d0579d49a7a19b7de029df509e7ad153745b86b0bbaf3ca6b7f95
residential_building,real,residential_building,,9101,lipschitz,297,107,21400,535,200.0,1e-06,0.0001,0,0,,,,,148.50000000000006,0.6391633922219624,147.86083660777808,0.7080799743176247,0.06891658209566232,0.0004660908437740912,7.040001219138503e-05,0.0,0.20334489992819726,0.20341529994038865,0.00013890006812289357,,,0.21030740020796657,0.20341529994038865,0.1992535999743268,,,,31886,214,0,597,,,12807900,12807900,16564,,,,,,,0.3061246517347699,0.30540535084803855,-0.0007193008867313333,351.41989325653645,350.5941621714964,-0.8257310850400472,80804c65d8fae459dc84a80776e7ea912d5cfa5a6d2cd767d99f3dd4adc73b3b
residential_building,real,residential_building,,9101,ascd_g3_zero,297,107,21400,535,200.0,1e-06,0.0001,0,0,,,,,148.50000000000006,0.6391633922219624,147.86083660777808,0.693213590395693,0.05405019817373058,0.0003655477637875567,8.289999095723033e-05,0.0,0.4302143001114018,0.430291400058195,0.00013869983376935124,,,0.4355701002641581,0.430291400058195,0.4285597000271082,,,,31886,31886,0,1667,,,35737572,35737572,16564,107.0,1.0,0.9999532710280374,4.672897196256187e-05,4.672897196261682e-05,1.0,0.3061246517347699,0.2994839420641454,-0.006640709670624467,351.41989325653645,343.7966016647818,-7.623291591754651,6bb4a6c40dc60c04c6cf577cdee181945ddf7f2356248b56747af36ceb009c27
residential_building,real,residential_building,,9101,ascd_g1_exact,297,107,21400,535,200.0,1e-06,0.0001,0,1,,,16585,155.0,148.50000000000006,0.6391633922219624,147.86083660777808,0.6501763789745965,0.011012986752634069,7.448210767160465e-05,0.00020569999469444156,0.00012839998817071319,1.18329280015314,1.1834985001478344,0.0001537000061944127,,0.9143733000964858,1.209497200208716,1.1834985001478344,1.1676077998708934,,,,31886,31886,3400353,1667,,,35737572,39137925,16564,1.0,0.009345794392523364,0.0,1.0,1.0,0.009345794392523364,0.3061246517347699,0.3074170329958917,0.0012923812611218,351.41989325653645,352.9034996314444,1.4836063749079358,55d1c659f0df20d12407a1d7257d5d3546ae1f0f0b36e1eeed7c78611af51256
residential_building,real,residential_building,,9102,uniform,297,107,21400,535,200.0,1e-06,0.0001,0,0,,,,,148.50000000000006,0.6391633922219624,147.86083660777808,0.6976784998228589,0.05851510760089651,0.0003957444644799093,6.400002166628838e-05,0.0,0.07247750018723309,0.0725329002016224,9.619980119168758e-05,,,0.08283309970283881,0.06716440012678504,0.0725329002016224,,,,31886,0,0,597,,,12807686,12807686,16564,,,,,,,0.3061246517347699,0.303007362138333,-0.0031172895964368674,351.41989325653645,347.84135892086107,-3.5785343356753856,57c01023a2381e86e188bc7b5a8857192860cbd1200b29b7c5115a3f883257e3
residential_building,real,residential_building,,9102,lipschitz,297,107,21400,535,200.0,1e-06,0.0001,0,0,,,,,148.50000000000006,0.6391633922219624,147.86083660777808,0.7039132957101556,0.0647499034881932,0.00043791111273062483,7.03000114299357e-05,0.0,0.19469890021719038,0.19476920022862032,0.00012149987742304802,,,0.19658559997333214,0.19190559978596866,0.19476920022862032,,,,31886,214,0,597,,,12807900,12807900,16564,,,,,,,0.3061246517347699,0.3034810858071891,-0.0026435659275808043,351.41989325653645,348.3851763501308,-3.034716906405663,cd9ffcb2c33556036fd3f415375c1e7d5557d220dfbb54fdd9f5fda9829c0e82
residential_building,real,residential_building,,9102,ascd_g3_zero,297,107,21400,535,200.0,1e-06,0.0001,0,0,,,,,148.50000000000006,0.6391633922219624,147.86083660777808,0.6988044949086571,0.05964110268669476,0.0004033596999379983,0.00011520000407472253,0.0,0.4084748000022955,0.4086245000362396,0.00013810000382363796,,,0.4464557002065703,0.39680360013153404,0.4086245000362396,,,,31886,31886,0,1667,,,35737572,35737572,16564,107.0,1.0,0.9999532710280374,4.672897196256187e-05,4.672897196261682e-05,1.0,0.3061246517347699,0.3021138776477991,-0.004010774086970759,351.41989325653645,346.81567143535324,-4.604221821183216,1041bf197710ef3efe9b5468dd2e724a424ef99fe710d5b9832b7ef137dfde50
residential_building,real,residential_building,,9102,ascd_g1_exact,297,107,21400,535,200.0,1e-06,0.0001,0,1,,,16585,155.0,148.50000000000006,0.6391633922219624,147.86083660777808,0.6501763789745965,0.011012986752634069,7.448210767160465e-05,0.00020349997794255614,0.00011959997937083244,1.1442643001209944,1.1444580000825226,0.00014410022413358092,,0.8873527000541799,1.130032200133428,1.1556868996703997,1.1444580000825226,,,,31886,31886,3400353,1667,,,35737572,39137925,16564,1.0,0.009345794392523364,0.0,1.0,1.0,0.009345794392523364,0.3061246517347699,0.3074170329958917,0.0012923812611218,351.41989325653645,352.9034996314444,1.4836063749079358,55d1c659f0df20d12407a1d7257d5d3546ae1f0f0b36e1eeed7c78611af51256
residential_building,real,residential_building,,9103,uniform,297,107,21400,535,200.0,1e-06,0.0001,0,0,,,,,148.50000000000006,0.6391633922219624,147.86083660777808,0.7100302532272766,0.07086686100531425,0.0004792808064064908,0.00013569998554885387,0.0,0.07909609994385391,0.07917029998498037,0.00011349993292242289,,,0.07673240004805848,0.08778799988795072,0.07917029998498037,,,,31886,0,0,597,,,12807686,12807686,16564,,,,,,,0.3061246517347699,0.302921096958441,-0.0032035547763288874,351.41989325653645,347.7423296524319,-3.6775636041045345,867da5987952a8479347a16bc97669b5922aacfc1ec3566f7e449803d4d5d4ca
residential_building,real,residential_building,,9103,lipschitz,297,107,21400,535,200.0,1e-06,0.0001,0,0,,,,,148.50000000000006,0.6391633922219624,147.86083660777808,0.6949096242352615,0.05574623201329909,0.00037701823750107617,6.819999543949962e-05,0.0,0.18729320034617558,0.1873591003823094,0.00011810031719505787,,,0.17356919986195862,0.1873591003823094,0.20395639998605475,,,,31886,214,0,597,,,12807900,12807900,16564,,,,,,,0.3061246517347699,0.2985220951475133,-0.007602556587256559,351.41989325653645,342.69243661679724,-8.727456639739216,ef2dad9a0d5cc89987c1ecdbca101b0d872c9ab43e854ff70e6d672188882d1e
residential_building,real,residential_building,,9103,ascd_g3_zero,297,107,21400,535,200.0,1e-06,0.0001,0,0,,,,,148.50000000000006,0.6391633922219624,147.86083660777808,0.695254982578748,0.05609159035678557,0.0003793539360633844,8.919998072087765e-05,0.0,0.4050182998762466,0.4051074998569675,0.00013679987750947475,,,0.4163552002282813,0.4051074998569675,0.404612599988468,,,,31886,31886,0,1667,,,35737572,35737572,16564,107.0,1.0,0.9999532710280374,4.672897196256187e-05,4.672897196261682e-05,1.0,0.3061246517347699,0.2999852640814158,-0.006139387653354089,351.41989325653645,344.3721009876816,-7.047792268854835,0299610bb04fa6a79a0ba133d32b8053c7544f075cfe5af8977fa83afb5f7ba8
residential_building,real,residential_building,,9103,ascd_g1_exact,297,107,21400,535,200.0,1e-06,0.0001,0,1,,,16585,155.0,148.50000000000006,0.6391633922219624,147.86083660777808,0.6501763789745965,0.011012986752634069,7.448210767160465e-05,0.0003772000200115144,0.00024090002989396453,1.075535299954936,1.0759974999236874,0.00015369983157142997,,0.8420570000307634,1.0747545000631362,1.0759974999236874,1.1075810003094375,,,,31886,31886,3400353,1667,,,35737572,39137925,16564,1.0,0.009345794392523364,0.0,1.0,1.0,0.009345794392523364,0.3061246517347699,0.3074170329958917,0.0012923812611218,351.41989325653645,352.9034996314444,1.4836063749079358,55d1c659f0df20d12407a1d7257d5d3546ae1f0f0b36e1eeed7c78611af51256
residential_building,real,residential_building,,9104,uniform,297,107,21400,535,200.0,1e-06,0.0001,0,0,,,,,148.50000000000006,0.6391633922219624,147.86083660777808,0.688885061847988,0.049721669626025644,0.0003362734228125562,6.369996117427945e-05,0.0,0.0737160001299344,0.07378260011319071,0.00010370009113103151,,,0.07378260011319071,0.07029270037310198,0.07611840008758008,,,,31886,0,0,597,,,12807686,12807686,16564,,,,,,,0.3061246517347699,0.3006125890946807,-0.005512062640089188,351.41989325653645,345.09224713713223,-6.327646119404221,ef014c84e384d65d73c74c3da86da5c46c31ae0cb18bdc6ab0520e0a06e7cf69
residential_building,real,residential_building,,9104,lipschitz,297,107,21400,535,200.0,1e-06,0.0001,0,0,,,,,148.50000000000006,0.6391633922219624,147.86083660777808,0.7028294280772928,0.06366603585533037,0.0004305807901264186,7.040001219138503e-05,0.0,0.20974939985899255,0.20981979987118393,0.0001327000791206956,,,0.20981979987118393,0.21112819988047704,0.20267639978555962,,,,31886,214,0,597,,,12807900,12807900,16564,,,,,,,0.3061246517347699,0.30695808373891054,0.0008334320041406551,351.41989325653645,352.3766426861298,0.9567494295933443,78f0550e11552059fd8dcf8f7d7d0d41c501b8e3acea3f12010249eb10664962
residential_building,real,residential_building,,9104,ascd_g3_zero,297,107,21400,535,200.0,1e-06,0.0001,0,0,,,,,148.50000000000006,0.6391633922219624,147.86083660777808,0.6889262708504416,0.04976287862847917,0.0003365521240792265,7.950002327561378e-05,0.0,0.3985060000559315,0.3985826000571251,0.00013290013885125518,,,0.4049718999885954,0.3985826000571251,0.3754208001191728,,,,31886,31886,0,1667,,,35737572,35737572,16564,107.0,1.0,0.9999532710280374,4.672897196256187e-05,4.672897196261682e-05,1.0,0.3061246517347699,0.30094842071759154,-0.0051762310171783454,351.41989325653645,345.4777695457547,-5.942123710781743,dc1317d085ce1721ed2651414ca3224fb4f2cb86eace68bf368fad405c02639e
residential_building,real,residential_building,,9104,ascd_g1_exact,297,107,21400,535,200.0,1e-06,0.0001,0,1,,,16585,155.0,148.50000000000006,0.6391633922219624,147.86083660777808,0.6501763789745965,0.011012986752634069,7.448210767160465e-05,0.0002077000099234283,0.00012739998055621982,1.1420515999780037,1.1422467999509536,0.00014849996659904718,,0.882647399965208,1.1715576002607122,1.136115800065454,1.1422467999509536,,,,31886,31886,3400353,1667,,,35737572,39137925,16564,1.0,0.009345794392523364,0.0,1.0,1.0,0.009345794392523364,0.3061246517347699,0.3074170329958917,0.0012923812611218,351.41989325653645,352.9034996314444,1.4836063749079358,55d1c659f0df20d12407a1d7257d5d3546ae1f0f0b36e1eeed7c78611af51256
residential_building,real,residential_building,,9105,uniform,297,107,21400,535,200.0,1e-06,0.0001,0,0,,,,,148.50000000000006,0.6391633922219624,147.86083660777808,0.6986139663801927,0.059450574158230296,0.0004020711333855861,6.970000686123967e-05,0.0,0.07087669987231493,0.07094639987917617,0.00010239990660920739,,,0.07474760006880388,0.06464260001666844,0.07094639987917617,,,,31886,0,0,597,,,12807686,12807686,16564,,,,,,,0.3061246517347699,0.30027836498205424,-0.005846286752715646,351.41989325653645,344.7085700914668,-6.711323165069643,ba3453dd5bb63bd0aee0947cfe7c023f79715f95132e6b90f6d38e7ccf24aabe
residential_building,real,residential_building,,9105,lipschitz,297,107,21400,535,200.0,1e-06,0.0001,0,0,,,,,148.50000000000006,0.6391633922219624,147.86083660777808,0.7003271557155302,0.06116376349356778,0.000413657631708208,7.000000914558768e-05,0.0,0.19698360009351745,0.19705080013955012,0.00013049982953816652,,,0.190102799795568,0.19705080013955012,0.19731539976783097,,,,31886,214,0,597,,,12807900,12807900,16564,,,,,,,0.3061246517347699,0.3005557775175368,-0.005568874217233066,351.41989325653645,345.02702952638936,-6.3928637301470985,1e75c59edbd55d0c858fbff109c03764575a3653750913aa14cb1f4954f5837e
residential_building,real,residential_building,,9105,ascd_g3_zero,297,107,21400,535,200.0,1e-06,0.0001,0,0,,,,,148.50000000000006,0.6391633922219624,147.86083660777808,0.6946535373224378,0.05549014510047545,0.0003752862919859635,7.82000133767724e-05,0.0,0.4381616001483053,0.43824300018604845,0.00013409979874268174,,,0.43824300018604845,0.4450933001935482,0.4135421997634694,,,,31886,31886,0,1667,,,35737572,35737572,16564,107.0,1.0,0.9999532710280374,4.672897196256187e-05,4.672897196261682e-05,1.0,0.3061246517347699,0.30049422888055427,-0.005630422854215611,351.41989325653645,344.956373944371,-6.463519312165431,215bdcb52fc374192f0e5a43eef601192e2e96c4b78c056f8c8eacfeef60ded2
residential_building,real,residential_building,,9105,ascd_g1_exact,297,107,21400,535,200.0,1e-06,0.0001,0,1,,,16585,155.0,148.50000000000006,0.6391633922219624,147.86083660777808,0.6501763789745965,0.011012986752634069,7.448210767160465e-05,0.00019829999655485153,0.0001246000174432993,1.1317703002132475,1.1319644001778215,0.00016219966346397996,,0.8771889000199735,1.1739238002919592,1.1226042999187484,1.1319644001778215,,,,31886,31886,3400353,1667,,,35737572,39137925,16564,1.0,0.009345794392523364,0.0,1.0,1.0,0.009345794392523364,0.3061246517347699,0.3074170329958917,0.0012923812611218,351.41989325653645,352.9034996314444,1.4836063749079358,55d1c659f0df20d12407a1d7257d5d3546ae1f0f0b36e1eeed7c78611af51256
residential_building,real,residential_building,,9106,uniform,297,107,21400,535,200.0,1e-06,0.0001,0,0,,,,,148.50000000000006,0.6391633922219624,147.86083660777808,0.7124527581815714,0.073289365959609,0.0004956644885894936,6.250001024454832e-05,0.0,0.07828020001761615,0.07833240000763908,0.00010770000517368317,,,0.08181610016617924,0.0658994996920228,0.07833240000763908,,,,31886,0,0,597,,,12807686,12807686,16564,,,,,,,0.3061246517347699,0.3015979786898379,-0.004526673044931984,351.41989325653645,346.22343831818836,-5.196454938348097,9acbcb285c54f2432eefad09287e9f5268dd6c53837dc14ae676fbd9740a8c87
residential_building,real,residential_building,,9106,lipschitz,297,107,21400,535,200.0,1e-06,0.0001,0,0,,,,,148.50000000000006,0.6391633922219624,147.86083660777808,0.7211438376944488,0.0819804454724864,0.0005544432680977668,6.970000686123967e-05,0.0,0.1828811998711899,0.18295089987805113,0.00011610001092776656,,,0.20727359998272732,0.18038529984187335,0.18295089987805113,,,,31886,214,0,597,,,12807900,12807900,16564,,,,,,,0.3061246517347699,0.2970973633387667,-0.009027288396003197,351.41989325653645,341.0568966584448,-10.362996598091627,f74c65bd175dbfda23fde92a7f615f78eef0f95481751bd4826098b7d817175b
residential_building,real,residential_building,,9106,ascd_g3_zero,297,107,21400,535,200.0,1e-06,0.0001,0,0,,,,,148.50000000000006,0.6391633922219624,147.86083660777808,0.6964835792873495,0.05732018706538711,0.00038766307820533344,7.859995821490884e-05,0.0,0.41159150016028434,0.41166670015081763,0.00013410020619630814,,,0.4344012003275566,0.41166670015081763,0.3907735997927375,,,,31886,31886,0,1667,,,35737572,35737572,16564,107.0,1.0,0.9999532710280374,4.672897196256187e-05,4.672897196261682e-05,1.0,0.3061246517347699,0.30079511304544576,-0.00532953868932412,351.41989325653645,345.30177795058074,-6.118115305955712,39b9cf18f73e22efb4ae9d36c37f6bc9ddbd7764e24bd2b011fbc8b726a8e828
residential_building,real,residential_building,,9106,ascd_g1_exact,297,107,21400,535,200.0,1e-06,0.0001,0,1,,,16585,155.0,148.50000000000006,0.6391633922219624,147.86083660777808,0.6501763789745965,0.011012986752634069,7.448210767160465e-05,0.00021650001872330904,0.0001265000319108367,1.136161599715706,1.1363549997331575,0.0001568002044223249,,0.8863499002181925,1.1341028000460938,1.1363549997331575,1.1514570002327673,,,,31886,31886,3400353,1667,,,35737572,39137925,16564,1.0,0.009345794392523364,0.0,1.0,1.0,0.009345794392523364,0.3061246517347699,0.3074170329958917,0.0012923812611218,351.41989325653645,352.9034996314444,1.4836063749079358,55d1c659f0df20d12407a1d7257d5d3546ae1f0f0b36e1eeed7c78611af51256
residential_building,real,residential_building,,9107,uniform,297,107,21400,535,200.0,1e-06,0.0001,0,0,,,,,148.50000000000006,0.6391633922219624,147.86083660777808,0.7204306734285748,0.08126728120661242,0.0005496200553915804,8.289999095723033e-05,0.0,0.07534700026735663,0.07546650024596602,0.00011379970237612724,,,0.07119290006812662,0.08375960012199357,0.07546650024596602,,,,31886,0,0,597,,,12807686,12807686,16564,,,,,,,0.3061246517347699,0.3013468787923629,-0.004777772942406999,351.41989325653645,345.9351848284176,-5.484708428118836,9668b4e3c821bb102307e1f79f0869e53c3b6b2083f4cb43e567f6af83572a29
residential_building,real,residential_building,,9107,lipschitz,297,107,21400,535,200.0,1e-06,0.0001,0,0,,,,,148.50000000000006,0.6391633922219624,147.86083660777808,0.7193353412114304,0.080171948989468,0.000542212196473198,6.960000609979033e-05,0.0,0.19122009968850762,0.19128849968547001,0.00012849981430917978,,,0.19128849968547001,0.2250520999659784,0.19027560006361455,,,,31886,214,0,597,,,12807900,12807900,16564,,,,,,,0.3061246517347699,0.3047812643111944,-0.0013433874235754817,351.41989325653645,349.87773367441923,-1.5421595821172218,daf3320a6df19c0015857ddc13dbfc875e2d9c54fc8c065a631688913e1762d6
residential_building,real,residential_building,,9107,ascd_g3_zero,297,107,21400,535,200.0,1e-06,0.0001,0,0,,,,,148.50000000000006,0.6391633922219624,147.86083660777808,0.6904762740420138,0.05131288182005145,0.00034703497557075355,0.00011550000635907054,0.0,0.41810940008144826,0.4181855000788346,0.0001426997478120029,,,0.4181855000788346,0.44038759981049225,0.4114206002559513,,,,31886,31886,0,1667,,,35737572,35737572,16564,107.0,1.0,0.9999532710280374,4.672897196256187e-05,4.672897196261682e-05,1.0,0.3061246517347699,0.3014160160722306,-0.004708635662539262,351.41989325653645,346.01455189465514,-5.405341361881312,8a8471619e5c838dcf250e213fca023e6f108e892abcf3f8d1803b40c525ff41
residential_building,real,residential_building,,9107,ascd_g1_exact,297,107,21400,535,200.0,1e-06,0.0001,0,1,,,16585,155.0,148.50000000000006,0.6391633922219624,147.86083660777808,0.6501763789745965,0.011012986752634069,7.448210767160465e-05,0.000199599948246032,0.00011929997708648443,1.0966747001511976,1.0968742001568899,0.00017019995721057057,,0.852546300215181,1.1054872000822797,1.0968742001568899,1.0679937000968494,,,,31886,31886,3400353,1667,,,35737572,39137925,16564,1.0,0.009345794392523364,0.0,1.0,1.0,0.009345794392523364,0.3061246517347699,0.3074170329958917,0.0012923812611218,351.41989325653645,352.9034996314444,1.4836063749079358,55d1c659f0df20d12407a1d7257d5d3546ae1f0f0b36e1eeed7c78611af51256
residential_building,real,residential_building,,9108,uniform,297,107,21400,535,200.0,1e-06,0.0001,0,0,,,,,148.50000000000006,0.6391633922219624,147.86083660777808,0.7055342226710222,0.06637083044905978,0.000448873629905922,6.67999847792089e-05,0.0,0.06963339971844107,0.06970029970398173,9.650015272200108e-05,,,0.08199600025545806,0.06970029970398173,0.06628379982430488,,,,31886,0,0,597,,,12807686,12807686,16564,,,,,,,0.3061246517347699,0.2992451162541302,-0.006879535480639687,351.41989325653645,343.52243837807214,-7.897454878464316,8e1955cffa6e35e0569cc090d48961975a25a33b44009defc8bfe2e492866a8e
residential_building,real,residential_building,,9108,lipschitz,297,107,21400,535,200.0,1e-06,0.0001,0,0,,,,,148.50000000000006,0.6391633922219624,147.86083660777808,0.69228638260845,0.0531229903864876,0.0003592769499025891,7.010000990703702e-05,0.0,0.1996220996370539,0.1996904996340163,0.00015299988444894552,,,0.1996904996340163,0.19467020011506975,0.22231010010000318,,,,31886,214,0,597,,,12807900,12807900,16564,,,,,,,0.3061246517347699,0.2983941831059459,-0.007730468628823983,351.41989325653645,342.5455982758171,-8.874294980719355,9583e9ace38112c9661ac4fc45f1c0d332eb478a34f5a7b5cc9db57ea064cdb0
residential_building,real,residential_building,,9108,ascd_g3_zero,297,107,21400,535,200.0,1e-06,0.0001,0,0,,,,,148.50000000000006,0.6391633922219624,147.86083660777808,0.6897115183283741,0.050548126106411684,0.0003418628439151726,7.750000804662704e-05,0.0,0.40719210013048723,0.40726840012939647,0.00013150001177564263,,,0.4342735998798162,0.38688589993398637,0.40726840012939647,,,,31886,31886,0,1667,,,35737572,35737572,16564,107.0,1.0,0.9999532710280374,4.672897196256187e-05,4.672897196261682e-05,1.0,0.3061246517347699,0.30179148521161536,-0.004333166523154519,351.41989325653645,346.4455767210975,-4.974316535438959,90698f810fa97784a8adc91c865ce181ad7a5b80b8c316481d10bf33ed42db37
residential_building,real,residential_building,,9108,ascd_g1_exact,297,107,21400,535,200.0,1e-06,0.0001,0,1,,,16585,155.0,148.50000000000006,0.6391633922219624,147.86083660777808,0.6501763789745965,0.011012986752634069,7.448210767160465e-05,0.00019459996838122606,0.00011909997556358576,1.15234999981476,1.152550999831874,0.00014960032422095537,,0.8948553000809625,1.150818000023719,1.1796524999663234,1.152550999831874,,,,31886,31886,3400353,1667,,,35737572,39137925,16564,1.0,0.009345794392523364,0.0,1.0,1.0,0.009345794392523364,0.3061246517347699,0.3074170329958917,0.0012923812611218,351.41989325653645,352.9034996314444,1.4836063749079358,55d1c659f0df20d12407a1d7257d5d3546ae1f0f0b36e1eeed7c78611af51256
residential_building,real,residential_building,,9109,uniform,297,107,21400,535,200.0,1e-06,0.0001,0,0,,,,,148.50000000000006,0.6391633922219624,147.86083660777808,0.7216533159091068,0.08248992368714436,0.0005578889283979951,7.020001066848636e-05,0.0,0.08817629975965247,0.08826359978411347,0.00013100006617605686,,,0.08826359978411347,0.07250999979441985,0.09698009968269616,,,,31886,0,0,597,,,12807686,12807686,16564,,,,,,,0.3061246517347699,0.29957057426706807,-0.006554077467701813,351.41989325653645,343.8960522622137,-7.523840994322768,17635a73b078502a63eec3e757f7a0d729aa4ca422c9eb2edd198962ade96191
residential_building,real,residential_building,,9109,lipschitz,297,107,21400,535,200.0,1e-06,0.0001,0,0,,,,,148.50000000000006,0.6391633922219624,147.86083660777808,0.7334927007958787,0.0943293085739163,0.0006379600625697678,0.00014399999054148793,0.0,0.19316830014577135,0.19324050017166883,0.00012609997065737844,,,0.19655800011241809,0.19023080001352355,0.19324050017166883,,,,31886,214,0,597,,,12807900,12807900,16564,,,,,,,0.3061246517347699,0.30001515637130793,-0.0061094953634619475,351.41989325653645,344.40641624214925,-7.013477014387206,1e76345e1c1394d5aab32a5b6d7f01022605066390e2bc2de2ac2d18d29d4daa
residential_building,real,residential_building,,9109,ascd_g3_zero,297,107,21400,535,200.0,1e-06,0.0001,0,0,,,,,148.50000000000006,0.6391633922219624,147.86083660777808,0.6927473918061936,0.05358399958423121,0.00036239480861568774,8.219998562708497e-05,0.0,0.4039672998478636,0.4040690998081118,0.00013020006008446217,,,0.4175369000295177,0.4040690998081118,0.3978347000083886,,,,31886,31886,0,1667,,,35737572,35737572,16564,107.0,1.0,0.9999532710280374,4.672897196256187e-05,4.672897196261682e-05,1.0,0.3061246517347699,0.30095453098105995,-0.005170120753709928,351.41989325653645,345.48478390452544,-5.935109352011011,9a69a9b8344dfdd96c3402034c11b6dbc433b8204b5fab7b9304bd4b12f167a5
residential_building,real,residential_building,,9109,ascd_g1_exact,297,107,21400,535,200.0,1e-06,0.0001,0,1,,,16585,155.0,148.50000000000006,0.6391633922219624,147.86083660777808,0.6501763789745965,0.011012986752634069,7.448210767160465e-05,0.00019950000569224358,0.0001235000090673566,1.1656859001377597,1.165885400143452,0.00014879979426041245,,0.9102709001745097,1.1302991999546066,1.1968450001440942,1.165885400143452,,,,31886,31886,3400353,1667,,,35737572,39137925,16564,1.0,0.009345794392523364,0.0,1.0,1.0,0.009345794392523364,0.3061246517347699,0.3074170329958917,0.0012923812611218,351.41989325653645,352.9034996314444,1.4836063749079358,55d1c659f0df20d12407a1d7257d5d3546ae1f0f0b36e1eeed7c78611af51256
residential_building,real,residential_building,,9110,uniform,297,107,21400,535,200.0,1e-06,0.0001,0,0,,,,,148.50000000000006,0.6391633922219624,147.86083660777808,0.709253158045799,0.07008976582383664,0.00047402522149769593,6.089999806135893e-05,0.0,0.07327319990145043,0.07332809991203249,0.0001088999561034143,,,0.07586139999330044,0.07332809991203249,0.0691193001694046,,,,31886,0,0,597,,,12807686,12807686,16564,,,,,,,0.3061246517347699,0.30046969835674875,-0.0056549533780211325,351.41989325653645,344.9282138010816,-6.491679455454857,54124f9cb64b4349f8863ab8e917b51b916c863aace5be16727e608ed82fd15f
residential_building,real,residential_building,,9110,lipschitz,297,107,21400,535,200.0,1e-06,0.0001,0,0,,,,,148.50000000000006,0.6391633922219624,147.86083660777808,0.733868947766703,0.09470555554474058,0.0006405046645039656,8.220004383474588e-05,0.0,0.1995547998812981,0.19963699992513284,0.00012449984205886722,,,0.20176430029096082,0.19963699992513284,0.19520870019914582,,,,31886,214,0,597,,,12807900,12807900,16564,,,,,,,0.3061246517347699,0.29869592876848394,-0.007428722966285939,351.41989325653645,342.8919912497865,-8.527902006749969,c66d01dc43825f32a081e659665d33dd42ff238d5b930d752636577c812cadbf
residential_building,real,residential_building,,9110,ascd_g3_zero,297,107,21400,535,200.0,1e-06,0.0001,0,0,,,,,148.50000000000006,0.6391633922219624,147.86083660777808,0.6969235350832331,0.057760142861270736,0.0003906385503180111,7.660000119358301e-05,0.0,0.415790900005959,0.41586750000715256,0.0001397996675223112,,,0.4612766003119759,0.39850569964619353,0.41586750000715256,,,,31886,31886,0,1667,,,35737572,35737572,16564,107.0,1.0,0.9999532710280374,4.672897196256187e-05,4.672897196261682e-05,1.0,0.3061246517347699,0.30070122166173224,-0.005423430073037638,351.41989325653645,345.1939940793527,-6.225899177183749,695266900ccb6c8029566d4709f5ec9e49f419e24aba8990b90ee99659275864
residential_building,real,residential_building,,9110,ascd_g1_exact,297,107,21400,535,200.0,1e-06,0.0001,0,1,,,16585,155.0,148.50000000000006,0.6391633922219624,147.86083660777808,0.6501763789745965,0.011012986752634069,7.448210767160465e-05,0.00019799999427050352,0.00012059998698532581,1.1410815003910102,1.1412888003978878,0.00014579994603991508,,0.892320100334473,1.1706254000309855,1.1412888003978878,1.1237823999254033,,,,31886,31886,3400353,1667,,,35737572,39137925,16564,1.0,0.009345794392523364,0.0,1.0,1.0,0.009345794392523364,0.3061246517347699,0.3074170329958917,0.0012923812611218,351.41989325653645,352.9034996314444,1.4836063749079358,55d1c659f0df20d12407a1d7257d5d3546ae1f0f0b36e1eeed7c78611af51256
residential_building,real,residential_building,,9111,uniform,297,107,21400,535,200.0,1e-06,0.0001,0,0,,,,,148.50000000000006,0.6391633922219624,147.86083660777808,0.7101153838637816,0.0709519916418192,0.0004798565547821798,7.229996845126152e-05,0.0,0.07166659977519885,0.07173829973908141,9.710004087537527e-05,,,0.07114810007624328,0.07173829973908141,0.07204550027381629,,,,31886,0,0,597,,,12807686,12807686,16564,,,,,,,0.3061246517347699,0.30491560265168005,-0.0012090490830898304,351.41989325653645,350.03194917129673,-1.3879440852397238,9a1366c5b7b94bcc9e5e28bd1eba0c13ffc779cbdb35d769e4179d565aa51768
residential_building,real,residential_building,,9111,lipschitz,297,107,21400,535,200.0,1e-06,0.0001,0,0,,,,,148.50000000000006,0.6391633922219624,147.86083660777808,0.7065787056559846,0.06741531343402218,0.0004559375895650509,6.799999391660094e-05,0.0,0.19465699995635077,0.19472339993808419,0.00012820010306313634,,,0.19914989999961108,0.18471520015737042,0.19472339993808419,,,,31886,214,0,597,,,12807900,12807900,16564,,,,,,,0.3061246517347699,0.3024740773422251,-0.003650574392544792,351.41989325653645,347.2291674979829,-4.190725758553526,f5fe6364e4f52a13cd13cd693cd8a2bf93387ad59a60df16e731c88e6c400688
residential_building,real,residential_building,,9111,ascd_g3_zero,297,107,21400,535,200.0,1e-06,0.0001,0,0,,,,,148.50000000000006,0.6391633922219624,147.86083660777808,0.694242970179433,0.05507957795747065,0.0003725095787438094,8.040003012865782e-05,0.0,0.422458499961067,0.42253889999119565,0.00013940001372247934,,,0.4092808999121189,0.44245450012385845,0.42253889999119565,,,,31886,31886,0,1667,,,35737572,35737572,16564,107.0,1.0,0.9999532710280374,4.672897196256187e-05,4.672897196261682e-05,1.0,0.3061246517347699,0.300260092107537,-0.005864559627232868,351.41989325653645,344.6875935004738,-6.732299756062673,8ab0ee2192b3d5c55672e37ebbe088628442f79e9f7b8514917d2714bf4037cb
residential_building,real,residential_building,,9111,ascd_g1_exact,297,107,21400,535,200.0,1e-06,0.0001,0,1,,,16585,155.0,148.50000000000006,0.6391633922219624,147.86083660777808,0.6501763789745965,0.011012986752634069,7.448210767160465e-05,0.0002098999684676528,0.00012849998893216252,1.1038003002176993,1.104010200186167,0.00016959995264187455,,0.8544820001116022,1.0762162998435088,1.104010200186167,1.1710465003270656,,,,31886,31886,3400353,1667,,,35737572,39137925,16564,1.0,0.009345794392523364,0.0,1.0,1.0,0.009345794392523364,0.3061246517347699,0.3074170329958917,0.0012923812611218,351.41989325653645,352.9034996314444,1.4836063749079358,55d1c659f0df20d12407a1d7257d5d3546ae1f0f0b36e1eeed7c78611af51256
