case,seed,method,steps,gap,last_refresh_step,age_since_refresh,max_probability,effective_coordinates,top5_overlap,mass_on_current_top5,mass_on_old_top5
balanced_independent,0,scheduled_gain,120,0.8224767638835364,60,60,0.11155980531275186,15.52452598190538,0.0,0.08576712495242937,0.4642251370000259
balanced_independent,0,scheduled_gain,240,0.02442264854714793,180,60,0.1394891966148619,13.241091819758816,0.0,0.10645728889810448,0.5250449534873654
balanced_independent,0,scheduled_gain,360,0.0014844757181151635,300,60,0.17122298387968476,11.668411014208198,0.0,0.09470539668640916,0.5850266867323641
balanced_independent,0,scheduled_gain,480,5.891026952564715e-05,420,60,0.1613819475675744,11.210247328230917,0.0,0.03939331668154562,0.5830501938543294
balanced_independent,0,scheduled_gain,600,3.2011560753275603e-06,540,60,0.1741926831480016,14.876521044003873,0.0,0.04572880343409744,0.4736219012710133
balanced_independent,0,scheduled_gain,720,2.546809678705131e-07,660,60,0.15026950893307403,13.067629905614831,0.0,0.08244806893515416,0.5303251795324022
balanced_independent,0,scheduled_gain,840,1.2132009175047642e-08,780,60,0.09994233402196064,15.44038568777045,0.0,0.051635413335686886,0.455533565058151
balanced_independent,0,scheduled_gain,960,7.853193650930734e-10,900,60,0.22715829121108866,9.769638140519278,0.0,0.03732937438085193,0.6031169631160598
balanced_independent,0,scheduled_gain,1080,5.897327071124892e-11,1020,60,0.15307097651624704,15.39195826131032,0.0,0.09062088590936342,0.45532043637015884
balanced_independent,0,scheduled_gain,1200,5.367262190247857e-12,1140,60,0.2401118019337909,9.745953962681531,0.0,0.046973256241294684,0.5977876067569083
balanced_independent,0,scheduled_gain,1320,4.1655567883935873e-13,1260,60,0.10725731058255232,15.723959106075485,0.0,0.031147740938392694,0.4626224303355921
balanced_independent,0,scheduled_gain,1440,3.9968028886505635e-14,1380,60,0.12499739986495999,15.776658538018259,0.0,0.05702201595418102,0.4744087973169442
balanced_independent,0,scheduled_gain,1560,3.9968028886505635e-15,1500,60,0.195135764357991,10.18067429852792,0.0,0.03463173702130258,0.6039180414181889
balanced_independent,0,scheduled_gain,1680,4.440892098500626e-16,1620,60,0.14388865929889005,13.441051209726643,0.0,0.02495464108291025,0.5349933669901148
balanced_independent,0,scheduled_gain,1800,4.440892098500626e-16,1740,60,0.12338254384609129,14.281507085248018,0.0,0.02415557541754345,0.5028033855858192
balanced_independent,0,scheduled_gain,1920,4.440892098500626e-16,1860,60,0.16976996851011575,14.059999489801184,0.0,0.09898182322436161,0.4871464303431768
balanced_independent,0,scheduled_gain,2040,8.881784197001252e-16,1980,60,0.23315278134176493,10.928237372847256,0.0,0.05281129572927441,0.5216675020552967
balanced_independent,0,scheduled_gain,2160,4.440892098500626e-16,2100,60,0.08864243169599159,20.11075651099877,0.0,0.043744290807103514,0.35980077902616314
balanced_independent,0,scheduled_gain,2280,0.0,2220,60,0.16325701688734626,13.97403078995676,0.0,0.06410619026419899,0.4945456603348067
balanced_independent,0,scheduled_gain,2400,4.440892098500626e-16,2340,60,0.08906933337548109,21.459335372336973,0.2,0.11050331873311896,0.36723270202970093
balanced_independent,0,triggered_gain,120,2.3254123433878195,0,120,0.1237258208976953,16.707017600031612,0.0,0.0638889245268012,0.45747706248231795
balanced_independent,0,triggered_gain,240,0.7106003153518041,0,240,0.1237258208976953,16.707017600031612,0.0,0.02107958948519454,0.45747706248231795
balanced_independent,0,triggered_gain,360,0.08596799242592823,240,120,0.3662616756976825,3.6769318166734664,0.0,0.015388689031616515,0.8892036477422858
balanced_independent,0,triggered_gain,480,0.009945808153805746,360,120,0.1319042298229604,15.094190432701662,0.0,0.008091298505159026,0.4674427383898
balanced_independent,0,triggered_gain,600,0.0015524640153250502,480,120,0.21363877344483434,10.863181923013403,0.0,0.0068312828881566074,0.5642034419627912
balanced_independent,0,triggered_gain,720,0.0001952282072874567,600,120,0.13510862231664816,15.883257507986881,0.0,0.015196050074875513,0.4375780818747054
balanced_independent,0,triggered_gain,840,3.773610933688332e-05,720,120,0.2729979662272604,7.986839374841186,0.0,0.01550836050418635,0.6660349728556331
balanced_independent,0,triggered_gain,960,6.309488781219841e-06,840,120,0.13154196476976532,17.17758310747662,0.0,0.005212497709106535,0.4386760776982309
balanced_independent,0,triggered_gain,1080,1.535039151345785e-06,960,120,0.20136411411870714,10.787996808667344,0.0,0.0218045221662324,0.5645429830090888
balanced_independent,0,triggered_gain,1200,3.211989740847798e-07,1080,120,0.10780330725647916,17.19842559115134,0.0,0.00962020416387408,0.416279788180822
balanced_independent,0,triggered_gain,1320,6.574892008615052e-08,1200,120,0.18593680060650142,11.567710834577376,0.0,0.005214923080172304,0.5448558968983145
balanced_independent,0,triggered_gain,1440,1.411931460637561e-08,1320,120,0.08928358620260683,19.4256076097499,0.0,0.019838304652184606,0.38916281641867656
balanced_independent,0,triggered_gain,1560,2.7685502779206672e-09,1440,120,0.20358140493902543,11.175947907177445,0.0,0.0054618903450676486,0.5686930712771024
balanced_independent,0,triggered_gain,1680,5.588889351315629e-10,1560,120,0.0988194728646628,16.213158249441058,0.0,0.0065698133917893526,0.4359987664120824
balanced_independent,0,triggered_gain,1800,1.4445733498291702e-10,1680,120,0.17274642989148414,11.400298947916,0.0,0.021082652987872093,0.5638975935944791
balanced_independent,0,triggered_gain,1920,3.5354830174583185e-11,1800,120,0.17202882425147017,11.921418678008628,0.0,0.019188052927973643,0.5601493145430648
balanced_independent,0,triggered_gain,2040,7.856382211457458e-12,1920,120,0.23230751825207394,8.42257896575241,0.0,0.020804109494007073,0.678624901228631
balanced_independent,0,triggered_gain,2160,1.497024726404561e-12,2040,120,0.20878980143098225,11.446227634759436,0.0,0.0052591475705315305,0.5361691572410314
balanced_independent,0,triggered_gain,2280,3.241851231905457e-13,2160,120,0.20832794501074361,9.414923441138768,0.0,0.022377653640742505,0.6375746518285054
balanced_independent,0,triggered_gain,2400,7.505107646466058e-14,2280,120,0.19575030100191942,11.104005661557654,0.0,0.006576001373963494,0.573993653051382
balanced_independent,1,scheduled_gain,120,0.6840967064560508,60,60,0.13523993071138,13.961058465052856,0.0,0.05034062814753235,0.5205159943793668
balanced_independent,1,scheduled_gain,240,0.026689246589192805,180,60,0.1545355601106838,14.871510572096692,0.0,0.07839330725050779,0.47732739218128517
balanced_independent,1,scheduled_gain,360,0.0020576095534341476,300,60,0.19738789153877637,11.072872409659126,0.0,0.06964363820584622,0.5575796032174414
balanced_independent,1,scheduled_gain,480,0.00010932528149298903,420,60,0.126779743851602,16.884743053926282,0.0,0.049932631837274734,0.4315235025916248
balanced_independent,1,scheduled_gain,600,6.126700633490856e-06,540,60,0.12064833577506517,15.453796106725598,0.0,0.046459613974265165,0.47604560132426604
balanced_independent,1,scheduled_gain,720,4.553251846672879e-07,660,60,0.19971090966925698,12.580132633503792,0.0,0.03150913523022629,0.5175322005361803
balanced_independent,1,scheduled_gain,840,2.2960837231522646e-08,780,60,0.15053591483120504,12.416734925242904,0.0,0.0307018380343764,0.540281471502976
balanced_independent,1,scheduled_gain,960,1.4903216438710842e-09,900,60,0.1552305379745393,14.679350520603233,0.0,0.10846750233734496,0.4892205602012016
balanced_independent,1,scheduled_gain,1080,1.5203660552742804e-10,1020,60,0.24880620686656474,7.9157374383553405,0.0,0.0556745258047964,0.6889812784061432
balanced_independent,1,scheduled_gain,1200,1.2561507389818871e-11,1140,60,0.10797444731350161,17.596959687357863,0.0,0.0867608914872766,0.4143550497573762
balanced_independent,1,scheduled_gain,1320,9.547918011776346e-13,1260,60,0.29788419204341987,8.210522244355786,0.0,0.07171668459314536,0.5769225814396286
balanced_independent,1,scheduled_gain,1440,8.615330671091215e-14,1380,60,0.1907315700143259,10.136407324319798,0.0,0.08695787936966512,0.5971036167146618
balanced_independent,1,scheduled_gain,1560,7.993605777301127e-15,1500,60,0.2590245602864197,7.478586536442424,0.0,0.037885956379776986,0.7159960862785414
balanced_independent,1,scheduled_gain,1680,4.440892098500626e-16,1620,60,0.23859163130081076,11.25131783802441,0.0,0.04003630776166347,0.5143204494405337
balanced_independent,1,scheduled_gain,1800,0.0,1740,60,0.16308704582483427,14.057578827231797,0.0,0.03521824644284746,0.4755896893479059
balanced_independent,1,scheduled_gain,1920,4.440892098500626e-16,1860,60,0.16897076566858177,11.582332932509633,0.0,0.03262397012696704,0.574837455573659
balanced_independent,1,scheduled_gain,2040,0.0,1980,60,0.1929347342228522,12.368365479254958,0.0,0.07825541146968007,0.5345691886499213
balanced_independent,1,scheduled_gain,2160,4.440892098500626e-16,2100,60,0.1832298718611392,13.287124060298154,0.0,0.06345780297843272,0.5174208598086483
balanced_independent,1,scheduled_gain,2280,0.0,2220,60,0.1405270775149482,16.97286504324355,0.0,0.13215457829377694,0.43652250546261895
balanced_independent,1,scheduled_gain,2400,0.0,2340,60,0.13865948023307706,16.892267555594483,0.0,0.09748760445564772,0.4470302220613048
balanced_independent,1,triggered_gain,120,2.383014830135738,0,120,0.1627183423732886,16.346976767736283,0.0,0.06936724647669294,0.4338903168408632
balanced_independent,1,triggered_gain,240,0.8297041749257801,0,240,0.1627183423732886,16.346976767736283,0.0,0.021736478827394854,0.4338903168408632
balanced_independent,1,triggered_gain,360,0.08757469957259456,240,120,0.21318275692293204,7.319699961108808,0.0,0.00863230656952682,0.7790571397414032
balanced_independent,1,triggered_gain,480,0.012188920974746331,360,120,0.22227762875370777,10.033179487822213,0.0,0.019106837388310937,0.6027052034761679
balanced_independent,1,triggered_gain,600,0.002603890298702005,480,120,0.43754599388783094,4.758586884034469,0.0,0.038227189458465365,0.646514468154897
balanced_independent,1,triggered_gain,720,0.0004221869033087522,600,120,0.2778857764235203,7.789135534002434,0.0,0.00815035409213022,0.6760395819752679
balanced_independent,1,triggered_gain,840,0.00010371824633637061,720,120,0.38917136412076037,5.239544869350128,0.0,0.03433569046081216,0.7319903650311679
balanced_independent,1,triggered_gain,960,2.6601795596548072e-05,840,120,0.228275887074858,8.724314073594881,0.0,0.023309338549313875,0.6756195848698094
balanced_independent,1,triggered_gain,1080,5.427771512245272e-06,960,120,0.23303353086247583,7.8818591861824,0.0,0.005253118842505724,0.7094652669329331
balanced_independent,1,triggered_gain,1200,1.0536024590557247e-06,1080,120,0.1582078766871986,10.615138630526008,0.0,0.016025178972084338,0.6147576707368083
balanced_independent,1,triggered_gain,1320,2.1833744012766942e-07,1200,120,0.1938299702392628,10.001988173995436,0.0,0.005218359644093341,0.61619571867014
balanced_independent,1,triggered_gain,1440,4.462854796827287e-08,1320,120,0.13163930248556346,12.638887065839215,0.0,0.0052097709498736015,0.5228741141502276
balanced_independent,1,triggered_gain,1560,1.2448358788219593e-08,1440,120,0.2071852974007031,10.399823327832726,0.0,0.046630087339666955,0.5843221057102866
balanced_independent,1,triggered_gain,1680,2.301946633309626e-09,1560,120,0.17457032726347546,11.476356481694411,0.0,0.028040574921564768,0.5693869301349521
balanced_independent,1,triggered_gain,1800,4.2539527456142423e-10,1680,120,0.1601618605546268,11.802642749676078,0.0,0.009130403630097544,0.5777914549105829
balanced_independent,1,triggered_gain,1920,9.044498483490315e-11,1800,120,0.10894829593328835,15.245060037368322,0.0,0.02089134348088722,0.4697410873857978
balanced_independent,1,triggered_gain,2040,1.4485301846889342e-11,1920,120,0.15896708313978794,11.150999847701533,0.0,0.008997695909361052,0.5811013687385194
balanced_independent,1,triggered_gain,2160,3.065103726385132e-12,2040,120,0.138764987586692,14.422412266558812,0.0,0.01958691715204483,0.4942527388876514
balanced_independent,1,triggered_gain,2280,7.003286839335487e-13,2160,120,0.15758478635032125,13.236186578376007,0.0,0.016365943526245336,0.5090639866518829
balanced_independent,1,triggered_gain,2400,2.327027459614328e-13,2280,120,0.09538157709999823,18.53132499735522,0.0,0.08187383225234302,0.3925494672621593
balanced_independent,2,scheduled_gain,120,0.4251777912445469,60,60,0.20372365726108288,12.008805650056036,0.0,0.03526638898997064,0.5367874667107055
balanced_independent,2,scheduled_gain,240,0.01289100431183332,180,60,0.23818148857278987,8.95222973420419,0.0,0.06468260365027793,0.634426830773768
balanced_independent,2,scheduled_gain,360,0.0005549779175062497,300,60,0.33749065923111526,6.49126547058211,0.0,0.02208392294613515,0.6934731662190156
balanced_independent,2,scheduled_gain,480,2.795453638348988e-05,420,60,0.17606700880535428,10.634760518996538,0.0,0.027036346307777816,0.6118623481708941
balanced_independent,2,scheduled_gain,600,1.5014792458245552e-06,540,60,0.28261808995445614,7.623198084906154,0.0,0.07001147942614677,0.6729838491111326
balanced_independent,2,scheduled_gain,720,8.59644937456494e-08,660,60,0.19443686836135524,10.69003733431282,0.0,0.060595467315719596,0.5776206916443483
balanced_independent,2,scheduled_gain,840,6.506284844221e-09,780,60,0.17596641696707246,12.180462166944672,0.0,0.11985020510353198,0.5357803320030574
balanced_independent,2,scheduled_gain,960,3.1068614347873336e-10,900,60,0.13967973501761588,14.784194067050427,0.0,0.068251990665601,0.4980806060033808
balanced_independent,2,scheduled_gain,1080,2.3065993559612252e-11,1020,60,0.19692470009279892,11.69584536109659,0.0,0.06173734997959975,0.5483643135455315
balanced_independent,2,scheduled_gain,1200,1.5205614545266144e-12,1140,60,0.18001748086995042,12.464243199833835,0.0,0.03334993740532082,0.5413897140689384
balanced_independent,2,scheduled_gain,1320,1.1013412404281553e-13,1260,60,0.2501049756810979,9.865864828328526,0.0,0.01940447901938727,0.5443438846005083
balanced_independent,2,scheduled_gain,1440,9.769962616701378e-15,1380,60,0.14721957425095694,14.86331180154432,0.0,0.034934352406919084,0.4839602865844938
balanced_independent,2,scheduled_gain,1560,4.440892098500626e-16,1500,60,0.12434601561767618,15.709650997698908,0.0,0.05717510774589924,0.4708094905757002
balanced_independent,2,scheduled_gain,1680,0.0,1620,60,0.1516188438703904,14.395938951455252,0.0,0.03476054634689146,0.5000192322333633
balanced_independent,2,scheduled_gain,1800,0.0,1740,60,0.3148477728045439,6.126774632440773,0.0,0.058674723587895716,0.7288575413795124
balanced_independent,2,scheduled_gain,1920,0.0,1860,60,0.18090447313161712,13.186471911922249,0.0,0.02201414713927894,0.49922062813045986
balanced_independent,2,scheduled_gain,2040,0.0,1980,60,0.11249041014272107,16.108037931798055,0.0,0.032234451159441756,0.4554174845193587
balanced_independent,2,scheduled_gain,2160,0.0,2100,60,0.13477010737222253,14.4527140574972,0.0,0.08903859896734999,0.4871676235944203
balanced_independent,2,scheduled_gain,2280,0.0,2220,60,0.12431281046964178,13.414273732731074,0.2,0.17718822681561192,0.5364676183547051
balanced_independent,2,scheduled_gain,2400,0.0,2340,60,0.11087264769057568,14.846794574759208,0.0,0.03219793274948666,0.48633094761432827
balanced_independent,2,triggered_gain,120,3.3803537807821584,0,120,0.0971523164400946,21.027906740341486,0.0,0.06166633948361339,0.3816229287207433
balanced_independent,2,triggered_gain,240,1.7733367928317518,0,240,0.0971523164400946,21.027906740341486,0.0,0.022517907036453746,0.3816229287207433
balanced_independent,2,triggered_gain,360,0.16255796626779828,240,120,0.23298879958675883,7.671399995797128,0.0,0.006099176909107785,0.7219658348725269
balanced_independent,2,triggered_gain,480,0.13477746139983093,240,240,0.23298879958675883,7.671399995797128,0.0,0.005247299027284534,0.7219658348725269
balanced_independent,2,triggered_gain,600,0.01242685092286111,480,120,0.15878447957908134,12.229944212638323,0.0,0.052216212819470774,0.5741564448618599
balanced_independent,2,triggered_gain,720,0.008641894016267138,480,240,0.15878447957908134,12.229944212638323,0.0,0.005450167675878339,0.5741564448618599
balanced_independent,2,triggered_gain,840,0.0013807979374131918,720,120,0.3122701824873004,7.006844314235754,0.0,0.030028417772639825,0.662820174888031
balanced_independent,2,triggered_gain,960,0.0007739564718680647,720,240,0.3122701824873004,7.006844314235754,0.0,0.008994198261703858,0.662820174888031
balanced_independent,2,triggered_gain,1080,9.359649517381996e-05,960,120,0.15413116816378855,12.623280882255578,0.0,0.013190566006042924,0.5458827809247435
balanced_independent,2,triggered_gain,1200,8.091935215581714e-05,960,240,0.15413116816378855,12.623280882255578,0.0,0.005252002041718228,0.5458827809247435
balanced_independent,2,triggered_gain,1320,1.088688501482693e-05,1200,120,0.3608080608929562,6.1871986339626055,0.0,0.0052287297946594325,0.6490927891120896
balanced_independent,2,triggered_gain,1440,7.234313934567638e-06,1200,240,0.3608080608929562,6.1871986339626055,0.0,0.005229302932055417,0.6490927891120896
balanced_independent,2,triggered_gain,1560,1.1135289383901181e-06,1440,120,0.2713230874177523,8.05674694272249,0.0,0.028985179472365966,0.6678015805400944
balanced_independent,2,triggered_gain,1680,6.931305591706405e-07,1440,240,0.2713230874177523,8.05674694272249,0.0,0.010298212990633097,0.6678015805400944
balanced_independent,2,triggered_gain,1800,1.0076910372802672e-07,1680,120,0.16468437254780183,11.787844184475997,0.0,0.032145413729400815,0.5768875262069336
balanced_independent,2,triggered_gain,1920,6.705905164494652e-08,1680,240,0.16468437254780183,11.787844184475997,0.0,0.012342486656703696,0.5768875262069336
balanced_independent,2,triggered_gain,2040,7.734151541427536e-09,1920,120,0.23671029024549198,8.473937611205889,0.0,0.006935272923310169,0.6603673121310836
balanced_independent,2,triggered_gain,2160,5.5207687310598885e-09,1920,240,0.23671029024549198,8.473937611205889,0.0,0.006935517263160124,0.6603673121310836
balanced_independent,2,triggered_gain,2280,8.985847621545417e-10,2160,120,0.12468338976752258,14.044685380009689,0.0,0.00798681910058747,0.48409887533549745
balanced_independent,2,triggered_gain,2400,6.973825961154034e-10,2160,240,0.12468338976752258,14.044685380009689,0.0,0.006351137401294809,0.48409887533549745
balanced_independent,3,scheduled_gain,120,0.5606215477761607,60,60,0.1228876161081453,15.977812693486948,0.0,0.08146412625039702,0.46003930083161715
balanced_independent,3,scheduled_gain,240,0.02201912690407548,180,60,0.25737155242643844,8.110192243240393,0.0,0.023890402695210373,0.6542831219654284
balanced_independent,3,scheduled_gain,360,0.0015141881342066732,300,60,0.12360139314942735,17.96412081333094,0.2,0.17020067604949674,0.4275545697013124
balanced_independent,3,scheduled_gain,480,7.255408816053688e-05,420,60,0.19339181955273724,11.960527603059214,0.0,0.058820770946105605,0.5320045558751701
balanced_independent,3,scheduled_gain,600,5.360799153475426e-06,540,60,0.23263834015428525,9.245121950221128,0.0,0.09796180644459791,0.5921379743849825
balanced_independent,3,scheduled_gain,720,2.180060518774951e-07,660,60,0.12226641075264752,15.625836157286745,0.0,0.03079705811634962,0.4764259759431111
balanced_independent,3,scheduled_gain,840,8.016650898667876e-09,780,60,0.14500242112014822,11.921139453794265,0.0,0.0718120471901943,0.5897883733423075
balanced_independent,3,scheduled_gain,960,6.136917640731099e-10,900,60,0.16884381059476797,11.622163002507039,0.0,0.09860359417270496,0.5822687334898966
balanced_independent,3,scheduled_gain,1080,1.8399060053297944e-11,1020,60,0.13888372975966676,14.337809891760127,0.0,0.06552022527791682,0.501707968380959
balanced_independent,3,scheduled_gain,1200,9.952039192739903e-13,1140,60,0.16145146059660492,12.604299229400452,0.0,0.05541646456195369,0.5173850215688242
balanced_independent,3,scheduled_gain,1320,4.707345624410664e-14,1260,60,0.21397910525203379,10.825968533847314,0.0,0.030215791822381943,0.5555576139451233
balanced_independent,3,scheduled_gain,1440,2.6645352591003757e-15,1380,60,0.26808459779152294,8.632612289015556,0.0,0.051937623429372894,0.6029674413398082
balanced_independent,3,scheduled_gain,1560,8.881784197001252e-16,1500,60,0.23343774098995237,8.258701708727893,0.2,0.05865936839820078,0.6263327340935061
balanced_independent,3,scheduled_gain,1680,8.881784197001252e-16,1620,60,0.15579425694895768,13.488456976043025,0.0,0.07339304792738817,0.527002800731197
balanced_independent,3,scheduled_gain,1800,1.3322676295501878e-15,1740,60,0.14971237105172516,16.398246861478857,0.0,0.07928261952373068,0.44062949743741514
balanced_independent,3,scheduled_gain,1920,1.3322676295501878e-15,1860,60,0.18040720287858858,11.358405505247218,0.0,0.04742237809198153,0.5712777395339378
balanced_independent,3,scheduled_gain,2040,8.881784197001252e-16,1980,60,0.13021746950703617,16.234890084757826,0.2,0.08463390357231486,0.4586671239347572
balanced_independent,3,scheduled_gain,2160,1.3322676295501878e-15,2100,60,0.10739859846651222,16.86978717173588,0.0,0.07556907744527742,0.4544211716455994
balanced_independent,3,scheduled_gain,2280,8.881784197001252e-16,2220,60,0.1845347137915105,9.854252200798413,0.0,0.06819375281167325,0.6600306573474304
balanced_independent,3,scheduled_gain,2400,1.3322676295501878e-15,2340,60,0.18739603187963527,10.049685600121812,0.0,0.04540572833803707,0.5955143946601598
balanced_independent,3,triggered_gain,120,2.259340027361802,0,120,0.09136429842054644,21.561961025052998,0.0,0.026667869906320786,0.34961985440878696
balanced_independent,3,triggered_gain,240,1.4985172398681894,0,240,0.09136429842054644,21.561961025052998,0.0,0.023727663276370357,0.34961985440878696
balanced_independent,3,triggered_gain,360,0.1762129989350245,240,120,0.23863670165470308,7.12168509677768,0.0,0.03619196797257046,0.7455200110089504
balanced_independent,3,triggered_gain,480,0.13464091817438906,240,240,0.23863670165470308,7.12168509677768,0.0,0.007152821879221251,0.7455200110089504
balanced_independent,3,triggered_gain,600,0.021232730712454906,480,120,0.43504930057714114,4.464356077273713,0.0,0.005862351604965495,0.7734038267237727
balanced_independent,3,triggered_gain,720,0.018997531813154556,480,240,0.43504930057714114,4.464356077273713,0.0,0.005862351604965495,0.7734038267237727
balanced_independent,3,triggered_gain,840,0.0031908577169814656,720,120,0.17295714409150706,11.207377014441013,0.0,0.005304769628825776,0.5694817813978214
balanced_independent,3,triggered_gain,960,0.0027411161794730354,720,240,0.17295714409150706,11.207377014441013,0.0,0.005330884502667846,0.5694817813978214
balanced_independent,3,triggered_gain,1080,0.0005114681331042092,960,120,0.5834740929194646,2.8176641202260284,0.0,0.005224453656544702,0.7871481652283561
balanced_independent,3,triggered_gain,1200,0.0004978363394263496,960,240,0.5834740929194646,2.8176641202260284,0.0,0.005224453656544702,0.7871481652283561
balanced_independent,3,triggered_gain,1320,9.188601301479693e-05,1200,120,0.20361314983354786,11.385663711036992,0.0,0.015114162166823639,0.5567684226237027
balanced_independent,3,triggered_gain,1440,8.619774059415164e-05,1200,240,0.20361314983354786,11.385663711036992,0.0,0.015343500917520214,0.5567684226237027
balanced_independent,3,triggered_gain,1560,1.702548634341383e-05,1440,120,0.41754274595403384,4.933062111136516,0.0,0.011398754883878483,0.6963682074422295
balanced_independent,3,triggered_gain,1680,1.477364361912592e-05,1440,240,0.41754274595403384,4.933062111136516,0.0,0.011398754883878483,0.6963682074422295
balanced_independent,3,triggered_gain,1800,2.928142895708419e-06,1680,120,0.16813027184261511,11.487446481087783,0.0,0.028895588351692234,0.5565422253958205
balanced_independent,3,triggered_gain,1920,2.14231922823771e-06,1680,240,0.16813027184261511,11.487446481087783,0.0,0.005232461458524968,0.5565422253958205
balanced_independent,3,triggered_gain,2040,4.283746055655513e-07,1920,120,0.5291079895296097,3.376073493235955,0.0,0.029811063679846643,0.7517330377419552
balanced_independent,3,triggered_gain,2160,3.300498985225886e-07,1920,240,0.5291079895296097,3.376073493235955,0.0,0.016106611096475203,0.7517330377419552
balanced_independent,3,triggered_gain,2280,5.4446731567736606e-08,2160,120,0.20127688998564025,9.120773641466823,0.0,0.006898702392981561,0.6497840953892047
balanced_independent,3,triggered_gain,2400,3.0655114002797745e-08,2160,240,0.20127688998564025,9.120773641466823,0.0,0.006954081221800912,0.6497840953892047
balanced_independent,4,scheduled_gain,120,0.6003997066987576,60,60,0.21931439409209805,10.220011442833716,0.0,0.03832635056999322,0.6095487242660614
balanced_independent,4,scheduled_gain,240,0.021146188795268195,180,60,0.13024345534445433,13.754205213039224,0.0,0.029303516925316228,0.5115224994387516
balanced_independent,4,scheduled_gain,360,0.0011089253309357616,300,60,0.12099326451409677,15.558571384586596,0.0,0.047484363832940635,0.4672602152443079
balanced_independent,4,scheduled_gain,480,8.184055044369032e-05,420,60,0.13610017544300995,17.593233312816025,0.0,0.07860386268380394,0.4005827565435862
balanced_independent,4,scheduled_gain,600,1.0856892108002114e-05,540,60,0.1527974234257259,13.01088469468142,0.0,0.13497609481032988,0.5452595426071718
balanced_independent,4,scheduled_gain,720,9.499263375900568e-07,660,60,0.11745885992398461,14.361103972895378,0.0,0.05376259421180528,0.49382809081933565
balanced_independent,4,scheduled_gain,840,8.895973913070065e-08,780,60,0.10842684597041001,18.717197896999515,0.0,0.1071561626728181,0.40091051179199294
balanced_independent,4,scheduled_gain,960,8.842593768321194e-09,900,60,0.1290983784099563,14.136464773694488,0.0,0.12204242273134178,0.525291564667547
balanced_independent,4,scheduled_gain,1080,5.789764223607108e-10,1020,60,0.1547305569253512,14.186592721609045,0.0,0.07841044068361443,0.4917283343011149
balanced_independent,4,scheduled_gain,1200,5.481837206389173e-11,1140,60,0.11065897073283376,14.471714369502271,0.0,0.04631075908976635,0.4827778754234635
balanced_independent,4,scheduled_gain,1320,4.330757974457811e-12,1260,60,0.1761979300753073,11.869172143915078,0.0,0.03164434927104227,0.5507882064037429
balanced_independent,4,scheduled_gain,1440,5.018208071305708e-13,1380,60,0.17274359918238102,11.58484582136057,0.0,0.09628129850795653,0.5709675185521612
balanced_independent,4,scheduled_gain,1560,5.240252676230739e-14,1500,60,0.15117748772206877,14.793944912715462,0.0,0.09728123989138084,0.4645365936747765
balanced_independent,4,scheduled_gain,1680,4.440892098500626e-15,1620,60,0.18952423883760272,12.161598426893898,0.0,0.08817956281621031,0.5413629799544193
balanced_independent,4,scheduled_gain,1800,8.881784197001252e-16,1740,60,0.11376171851131142,15.880849619562325,0.0,0.019210225785524043,0.47506296756779615
balanced_independent,4,scheduled_gain,1920,4.440892098500626e-16,1860,60,0.13702062419356192,12.338094538111417,0.0,0.05576071099753363,0.5791897981552978
balanced_independent,4,scheduled_gain,2040,8.881784197001252e-16,1980,60,0.23258217610631404,9.960615722691687,0.0,0.04149822371924353,0.5902867433855277
balanced_independent,4,scheduled_gain,2160,8.881784197001252e-16,2100,60,0.16463164300248412,14.190509188109377,0.0,0.03240479403714132,0.48730554380729285
balanced_independent,4,scheduled_gain,2280,4.440892098500626e-16,2220,60,0.16241378183737984,13.155426452064662,0.0,0.03498207819566145,0.522173378526007
balanced_independent,4,scheduled_gain,2400,4.440892098500626e-16,2340,60,0.17638448081285482,13.360306255926254,0.0,0.06217686246862528,0.49657760529706085
balanced_independent,4,triggered_gain,120,3.1446957764611536,0,120,0.08643270954304812,21.39886861729268,0.0,0.027118748148067397,0.3531453538631757
balanced_independent,4,triggered_gain,240,2.3225330112348983,0,240,0.08643270954304812,21.39886861729268,0.0,0.02095199138751357,0.3531453538631757
balanced_independent,4,triggered_gain,360,0.3945327022338265,240,120,0.3819350128988578,4.688151069093238,0.0,0.032566889887345164,0.8060745718357463
balanced_independent,4,triggered_gain,480,0.3271405126294189,240,240,0.3819350128988578,4.688151069093238,0.0,0.007007014843730869,0.8060745718357463
balanced_independent,4,triggered_gain,600,0.06090987788014246,480,120,0.0968472894849518,20.876155981336346,0.0,0.030526996941300233,0.3643246075234042
balanced_independent,4,triggered_gain,720,0.03452372235116963,480,240,0.0968472894849518,20.876155981336346,0.0,0.013761372058016743,0.3643246075234042
balanced_independent,4,triggered_gain,840,0.005940308988053644,720,120,0.22381305265555757,6.897626138095433,0.0,0.007901664908995805,0.7927694894263271
balanced_independent,4,triggered_gain,960,0.004328726239392289,720,240,0.22381305265555757,6.897626138095433,0.0,0.007986827580334888,0.7927694894263271
balanced_independent,4,triggered_gain,1080,0.0006700821264042922,960,120,0.17696445642494657,11.83263810020296,0.0,0.007691742995862679,0.5584825075044597
balanced_independent,4,triggered_gain,1200,0.0006637659961512554,960,240,0.17696445642494657,11.83263810020296,0.0,0.007691742995862679,0.5584825075044597
balanced_independent,4,triggered_gain,1320,0.0001350993420539126,1200,120,0.1854885588493104,9.846399745841333,0.0,0.005773575022962303,0.6173302745595174
balanced_independent,4,triggered_gain,1440,0.00010768388370774318,1200,240,0.1854885588493104,9.846399745841333,0.0,0.005772936453026548,0.6173302745595174
balanced_independent,4,triggered_gain,1560,2.0264041605155825e-05,1440,120,0.2645335581266976,9.368370121126215,0.0,0.04261159865604921,0.5670011665448971
balanced_independent,4,triggered_gain,1680,1.1118006562949034e-05,1440,240,0.2645335581266976,9.368370121126215,0.0,0.005957658160500121,0.5670011665448971
balanced_independent,4,triggered_gain,1800,2.2297740818189027e-06,1680,120,0.23447735759102603,7.812574617631886,0.0,0.01074172815609182,0.7070457970224977
balanced_independent,4,triggered_gain,1920,1.9469108698544346e-06,1680,240,0.23447735759102603,7.812574617631886,0.0,0.00989373733907742,0.7070457970224977
balanced_independent,4,triggered_gain,2040,4.0000146839247464e-07,1920,120,0.1448426355993105,11.677447039430003,0.0,0.005736271146580697,0.5614691502302664
balanced_independent,4,triggered_gain,2160,3.5291591826691615e-07,1920,240,0.1448426355993105,11.677447039430003,0.0,0.008235136100048031,0.5614691502302664
balanced_independent,4,triggered_gain,2280,9.116655030894094e-08,2160,120,0.18473045653967424,10.271195656406258,0.0,0.021461031995636294,0.626381773243076
balanced_independent,4,triggered_gain,2400,7.408336788472525e-08,2160,240,0.18473045653967424,10.271195656406258,0.0,0.007532128013311164,0.626381773243076
balanced_independent,5,scheduled_gain,120,0.8372697182748032,60,60,0.1847831594186104,10.61971379859233,0.0,0.03634332965260891,0.6138558557902709
balanced_independent,5,scheduled_gain,240,0.026814948641913805,180,60,0.24718857228446117,9.370935173041667,0.0,0.0649061825432016,0.5869862051342603
balanced_independent,5,scheduled_gain,360,0.0009280128509474572,300,60,0.127957842858682,15.382222668977652,0.0,0.04996941044878036,0.467841091657651
balanced_independent,5,scheduled_gain,480,2.87773212259701e-05,420,60,0.15953514595444654,13.403578199746836,0.0,0.03446844536240008,0.5142734307432832
balanced_independent,5,scheduled_gain,600,1.2781913834025715e-06,540,60,0.1669059267791542,11.564919438210852,0.0,0.035903918352552716,0.5936473719218612
balanced_independent,5,scheduled_gain,720,4.777412287992888e-08,660,60,0.22947336220253,10.032336518572416,0.0,0.030617223036200934,0.5694241544705837
balanced_independent,5,scheduled_gain,840,3.7040592815174023e-09,780,60,0.2227011615177071,10.267166697457604,0.0,0.04877681621444234,0.5993387486505387
balanced_independent,5,scheduled_gain,960,3.3482860928302216e-10,900,60,0.16054383665361419,13.754575602542253,0.0,0.0362900746698616,0.49572960302298064
balanced_independent,5,scheduled_gain,1080,3.1445956949482934e-11,1020,60,0.10470323780677097,17.29091234870539,0.0,0.09729315321575456,0.42792743276409634
balanced_independent,5,scheduled_gain,1200,2.914557484245961e-12,1140,60,0.1736583065924866,11.683125975524083,0.0,0.05095540631363403,0.5448512287729269
balanced_independent,5,scheduled_gain,1320,1.9584334154387761e-13,1260,60,0.1728430916731281,12.415195512752778,0.0,0.026281525999537366,0.552104868881407
balanced_independent,5,scheduled_gain,1440,1.9539925233402755e-14,1380,60,0.13985680607435108,12.957922714525198,0.0,0.054118540533742134,0.549893034394458
balanced_independent,5,scheduled_gain,1560,2.6645352591003757e-15,1500,60,0.13540371837882548,15.678206465780601,0.0,0.0930727006086675,0.4401806745231293
balanced_independent,5,scheduled_gain,1680,8.881784197001252e-16,1620,60,0.29982079292159153,7.930648925033201,0.0,0.039374570194216876,0.6279895456066347
balanced_independent,5,scheduled_gain,1800,8.881784197001252e-16,1740,60,0.2604117480472715,8.673335953139478,0.0,0.06573666306543226,0.6413364000963353
balanced_independent,5,scheduled_gain,1920,8.881784197001252e-16,1860,60,0.3324466789102812,6.628446489089757,0.0,0.03515834653450204,0.6667304025486357
balanced_independent,5,scheduled_gain,2040,8.881784197001252e-16,1980,60,0.16387284232604496,13.786748887329582,0.0,0.08561037686368896,0.49617480032174255
balanced_independent,5,scheduled_gain,2160,4.440892098500626e-16,2100,60,0.12966035852762348,16.134055506393686,0.0,0.03079135388362034,0.46686689692054356
balanced_independent,5,scheduled_gain,2280,4.440892098500626e-16,2220,60,0.16497517427764835,11.859005881602004,0.0,0.030018355092471985,0.5762318051551893
balanced_independent,5,scheduled_gain,2400,8.881784197001252e-16,2340,60,0.37619264802296365,5.817390140128523,0.0,0.02490438793842335,0.6617256440490831
balanced_independent,5,triggered_gain,120,1.9264718814687023,0,120,0.10359186330865676,20.860099981518218,0.0,0.07162088744475571,0.39072163846724217
balanced_independent,5,triggered_gain,240,0.47856194604642877,0,240,0.10359186330865676,20.860099981518218,0.0,0.0167785108386817,0.39072163846724217
balanced_independent,5,triggered_gain,360,0.05525650589853193,240,120,0.28542616179352304,7.003004026537546,0.0,0.024852136880578305,0.7320613552341793
balanced_independent,5,triggered_gain,480,0.007816388878029823,360,120,0.17111227338328047,14.27390980458887,0.0,0.04193082824327638,0.48406249473076435
balanced_independent,5,triggered_gain,600,0.0011665894130992172,480,120,0.35557333686763004,5.910876468650251,0.0,0.009782082076406554,0.7118758941502255
balanced_independent,5,triggered_gain,720,0.00016888503219369966,600,120,0.11411708358055889,13.877540352489028,0.0,0.02283558243916259,0.5016631840601804
balanced_independent,5,triggered_gain,840,3.401468317587586e-05,720,120,0.22659558019634934,10.00411819668642,0.0,0.05948682764861143,0.6063583642393626
balanced_independent,5,triggered_gain,960,4.792634947126118e-06,840,120,0.14116150623242907,13.571131090610084,0.0,0.007298458147569216,0.5154214186781237
balanced_independent,5,triggered_gain,1080,8.538810321034873e-07,960,120,0.1761915720173636,11.05405108578993,0.0,0.01544739290841538,0.608695912889603
balanced_independent,5,triggered_gain,1200,1.7120137441040129e-07,1080,120,0.15053648438818715,13.026132746872198,0.0,0.011300802176282656,0.5433954344810129
balanced_independent,5,triggered_gain,1320,2.8014401465270566e-08,1200,120,0.15066972207428045,13.414636616196633,0.0,0.005827979622247558,0.517182848358697
balanced_independent,5,triggered_gain,1440,4.686101728879066e-09,1320,120,0.2907735622310826,7.893111405857889,0.0,0.020580596864725957,0.6352377267831337
balanced_independent,5,triggered_gain,1560,7.784222155748921e-10,1440,120,0.15008436074872716,12.361771293531094,0.0,0.006299033839282207,0.5616573189563547
balanced_independent,5,triggered_gain,1680,1.364539592429992e-10,1560,120,0.18457476205378276,12.147510301928117,0.0,0.02052767556524015,0.5127995094647264
balanced_independent,5,triggered_gain,1800,3.267563997155776e-11,1680,120,0.15639120154738015,12.187269884614981,0.0,0.06598801826231532,0.5395716715212564
balanced_independent,5,triggered_gain,1920,6.042721878429802e-12,1800,120,0.1529018411394862,15.309109060650242,0.0,0.037943922461153225,0.46121906729403395
balanced_independent,5,triggered_gain,2040,1.2327916465437738e-12,1920,120,0.2141883231757595,8.600936202405927,0.0,0.01820970422379284,0.660060960167748
balanced_independent,5,triggered_gain,2160,2.5224267119483557e-13,2040,120,0.14742864347720064,14.535705988074357,0.0,0.024364220419335798,0.4901502304195263
balanced_independent,5,triggered_gain,2280,3.9968028886505635e-14,2160,120,0.15051774123643097,11.93082391818057,0.0,0.013965526735575934,0.5554863978704702
balanced_independent,5,triggered_gain,2400,1.0658141036401503e-14,2280,120,0.12632262366762984,16.37951448751246,0.0,0.03980333973558632,0.43518115660896417
balanced_independent,6,scheduled_gain,120,0.4915576970928903,60,60,0.13919302140645876,14.396828633461734,0.0,0.07526502811319175,0.4991311966796963
balanced_independent,6,scheduled_gain,240,0.021608467198177106,180,60,0.1351833842145277,13.892455085816179,0.0,0.10403521698448162,0.4883235316320456
balanced_independent,6,scheduled_gain,360,0.001385773477462049,300,60,0.22748754556354192,10.770653648545117,0.0,0.10714061376466776,0.5734028966667776
balanced_independent,6,scheduled_gain,480,5.8980839241939975e-05,420,60,0.1620909341945458,11.423920083157643,0.0,0.032372861796484874,0.5941011527864444
balanced_independent,6,scheduled_gain,600,5.057429648847034e-06,540,60,0.15900821943236032,13.2678230795763,0.0,0.07939917711706387,0.5087922585045888
balanced_independent,6,scheduled_gain,720,2.889100869651884e-07,660,60,0.1366368682425725,14.134555935639668,0.0,0.141244093355914,0.5058679266869042
balanced_independent,6,scheduled_gain,840,1.1621834605790582e-08,780,60,0.15641139380521046,12.079509787930132,0.0,0.014059893140858943,0.5838199063571189
balanced_independent,6,scheduled_gain,960,4.060933811445011e-10,900,60,0.1384651722337945,14.65516681161977,0.0,0.049231223157398904,0.5000840863218206
balanced_independent,6,scheduled_gain,1080,2.559819023417731e-11,1020,60,0.2133646123610485,11.120493446833752,0.0,0.07967702134719465,0.5642762995768437
balanced_independent,6,scheduled_gain,1200,1.7887913372760522e-12,1140,60,0.10042734332104775,16.888419823384847,0.0,0.06769760559174103,0.4357837899970452
balanced_independent,6,scheduled_gain,1320,8.837375276016246e-14,1260,60,0.1220724731224857,16.94341438368941,0.0,0.042746416889217466,0.4272415608107782
balanced_independent,6,scheduled_gain,1440,4.884981308350689e-15,1380,60,0.11258684738601671,15.99030042290792,0.0,0.08212471438728595,0.4852381795052346
balanced_independent,6,scheduled_gain,1560,4.440892098500626e-16,1500,60,0.34189043367720845,6.5523358889557874,0.0,0.051189174015682626,0.6617211805950377
balanced_independent,6,scheduled_gain,1680,0.0,1620,60,0.2060807135095102,11.431219643859054,0.0,0.04198467309411194,0.5402949639663422
balanced_independent,6,scheduled_gain,1800,0.0,1740,60,0.16984902320864023,12.243634413687111,0.0,0.06208029815898105,0.5623770287598495
balanced_independent,6,scheduled_gain,1920,8.881784197001252e-16,1860,60,0.21362512684736848,9.500593181687922,0.0,0.04333305933933319,0.6176933022150053
balanced_independent,6,scheduled_gain,2040,8.881784197001252e-16,1980,60,0.1721071897579021,14.517767082453531,0.0,0.12212018119757292,0.4656163835575644
balanced_independent,6,scheduled_gain,2160,8.881784197001252e-16,2100,60,0.17093636736531848,12.672809405807149,0.0,0.058227529979086486,0.5377480142790554
balanced_independent,6,scheduled_gain,2280,8.881784197001252e-16,2220,60,0.19226360485551985,13.510236525217769,0.0,0.03359683216780136,0.4884314267645334
balanced_independent,6,scheduled_gain,2400,1.3322676295501878e-15,2340,60,0.17945253969162683,11.619634032950332,0.0,0.06214557232770252,0.5919143006939568
balanced_independent,6,triggered_gain,120,2.427942045603291,0,120,0.12895093773770108,16.83778392453005,0.0,0.037369265958640145,0.44772321968485784
balanced_independent,6,triggered_gain,240,1.514764228448629,0,240,0.12895093773770108,16.83778392453005,0.0,0.03469520064944482,0.44772321968485784
balanced_independent,6,triggered_gain,360,0.11230594756857482,240,120,0.16832984871242487,10.202393919109374,0.0,0.011761453040704216,0.6198071696909534
balanced_independent,6,triggered_gain,480,0.07361745979836387,240,240,0.16832984871242487,10.202393919109374,0.0,0.006046417521520007,0.6198071696909534
balanced_independent,6,triggered_gain,600,0.010213677392106657,480,120,0.20616179433490128,7.29042339285989,0.0,0.011266165024521244,0.7550967844333614
balanced_independent,6,triggered_gain,720,0.009139779298239059,480,240,0.20616179433490128,7.29042339285989,0.0,0.011297846301776297,0.7550967844333614
balanced_independent,6,triggered_gain,840,0.001494632230453874,720,120,0.1728779207748879,10.544174724347465,0.0,0.014920530762000332,0.5983358153756608
balanced_independent,6,triggered_gain,960,0.001302657034846888,720,240,0.1728779207748879,10.544174724347465,0.0,0.010299247030809018,0.5983358153756608
balanced_independent,6,triggered_gain,1080,0.00023012444457481962,960,120,0.19762355816965796,10.510907080604227,0.0,0.026205282874913007,0.5696966365374714
balanced_independent,6,triggered_gain,1200,0.0002233300874352473,960,240,0.19762355816965796,10.510907080604227,0.0,0.026205282874913007,0.5696966365374714
balanced_independent,6,triggered_gain,1320,3.653229900191235e-05,1200,120,0.11116361387087474,15.676947608928025,0.0,0.005787644347802745,0.4431181653022539
balanced_independent,6,triggered_gain,1440,3.21691598190732e-05,1200,240,0.11116361387087474,15.676947608928025,0.0,0.0057567144811470315,0.4431181653022539
balanced_independent,6,triggered_gain,1560,5.784805064745768e-06,1440,120,0.1482062392516912,12.012552740010864,0.0,0.005554849897236383,0.5350911633217609
balanced_independent,6,triggered_gain,1680,5.25258822303698e-06,1440,240,0.1482062392516912,12.012552740010864,0.0,0.005554849897236383,0.5350911633217609
balanced_independent,6,triggered_gain,1800,1.1433547579819958e-06,1680,120,0.12147167512163903,13.777058951372931,0.0,0.005311201034682043,0.5094087477567563
balanced_independent,6,triggered_gain,1920,9.544353472001887e-07,1680,240,0.12147167512163903,13.777058951372931,0.0,0.005311198635072128,0.5094087477567563
balanced_independent,6,triggered_gain,2040,2.2131856036722297e-07,1920,120,0.12683412176543254,13.430283642999616,0.0,0.024046940888339773,0.5048951202490812
balanced_independent,6,triggered_gain,2160,1.8647135435756468e-07,1920,240,0.12683412176543254,13.430283642999616,0.0,0.007708815795021027,0.5048951202490812
balanced_independent,6,triggered_gain,2280,3.8136964697343956e-08,2160,120,0.1606877296877998,12.871102264522442,0.0,0.009684534121186635,0.4987405215566475
balanced_independent,6,triggered_gain,2400,3.592022990162036e-08,2160,240,0.1606877296877998,12.871102264522442,0.0,0.005686915298583766,0.4987405215566475
balanced_independent,7,scheduled_gain,120,0.5300093960829697,60,60,0.2614480880893291,8.039787975825828,0.0,0.042895884390290046,0.6901262004564885
balanced_independent,7,scheduled_gain,240,0.01704455553946449,180,60,0.11404043516574798,16.362187106811206,0.0,0.05422703169631026,0.44212739677788093
balanced_independent,7,scheduled_gain,360,0.0007614168358234252,300,60,0.15845362154275686,12.388562736118821,0.0,0.04255066326295448,0.5788574480477503
balanced_independent,7,scheduled_gain,480,5.402394564191226e-05,420,60,0.1238711184496641,15.856596775594312,0.0,0.03202425449570348,0.44110270908411003
balanced_independent,7,scheduled_gain,600,6.220836120895967e-06,540,60,0.16081876950588217,13.095584462220906,0.0,0.07857255799027658,0.5010250771909694
balanced_independent,7,scheduled_gain,720,5.322859126799528e-07,660,60,0.17773390164800204,13.447752635841713,0.0,0.03462687903394979,0.4942331972148966
balanced_independent,7,scheduled_gain,840,4.9373055865942206e-08,780,60,0.10928103836010879,15.370730077003413,0.0,0.05184678880536519,0.4775598745948616
balanced_independent,7,scheduled_gain,960,5.25846477472669e-09,900,60,0.13811928317554775,17.393630148724593,0.0,0.11727782284845359,0.3972252552698756
balanced_independent,7,scheduled_gain,1080,6.31652063987076e-10,1020,60,0.2565597813284611,9.783795169635125,0.0,0.06253407417418769,0.5555196628617437
balanced_independent,7,scheduled_gain,1200,9.886713669970959e-11,1140,60,0.14080604971493757,15.132834067720466,0.0,0.04939614068381895,0.46925136509468546
balanced_independent,7,scheduled_gain,1320,8.839151632855646e-12,1260,60,0.10237711816056809,16.65903442580193,0.0,0.027162866382465616,0.43576692049398025
balanced_independent,7,scheduled_gain,1440,1.2221335055073723e-12,1380,60,0.21146186817768842,12.527855032555928,0.0,0.06449982275378983,0.49441355175838464
balanced_independent,7,scheduled_gain,1560,1.6431300764452317e-13,1500,60,0.12960825108177887,16.124493493450554,0.0,0.05160806443707811,0.44670675856374403
balanced_independent,7,scheduled_gain,1680,1.509903313490213e-14,1620,60,0.13978171000471573,13.785284012666622,0.0,0.04783567274512822,0.5180851233651134
balanced_independent,7,scheduled_gain,1800,1.7763568394002505e-15,1740,60,0.11154928649407668,17.452661669587926,0.0,0.13577947040189992,0.45229049818411865
balanced_independent,7,scheduled_gain,1920,0.0,1860,60,0.1521641339127003,14.43322259699811,0.0,0.08622321375023287,0.4709112056984891
balanced_independent,7,scheduled_gain,2040,0.0,1980,60,0.16605319523725562,15.326237493292046,0.0,0.07099423583955328,0.4455739769377461
balanced_independent,7,scheduled_gain,2160,0.0,2100,60,0.1138619816740579,15.415525542753851,0.0,0.06177170997289804,0.4656065194900154
balanced_independent,7,scheduled_gain,2280,0.0,2220,60,0.13627590250642152,14.590841601624462,0.0,0.032084207600816525,0.4919408708421214
balanced_independent,7,scheduled_gain,2400,0.0,2340,60,0.14663264470122017,16.55045268775151,0.0,0.05724614475267424,0.4476858478474164
balanced_independent,7,triggered_gain,120,2.690099411481781,0,120,0.13652209729148138,16.494797443004952,0.0,0.04765828005482933,0.45260303117173395
balanced_independent,7,triggered_gain,240,1.1391346257110024,0,240,0.13652209729148138,16.494797443004952,0.0,0.03212790424070194,0.45260303117173395
balanced_independent,7,triggered_gain,360,0.12004003154742282,240,120,0.349961135714921,6.0726642289286685,0.0,0.01952186497654927,0.7104106430187177
balanced_independent,7,triggered_gain,480,0.09567534687641821,240,240,0.349961135714921,6.0726642289286685,0.0,0.008071103888322375,0.7104106430187177
balanced_independent,7,triggered_gain,600,0.01963103363138785,480,120,0.2993767127887445,7.557996833482179,0.0,0.008387045697081989,0.6439381806812412
balanced_independent,7,triggered_gain,720,0.01688399088729131,480,240,0.2993767127887445,7.557996833482179,0.0,0.008387045697081989,0.6439381806812412
balanced_independent,7,triggered_gain,840,0.0040759516734847345,720,120,0.1211545781654026,14.802128832212967,0.0,0.023916930912245837,0.45989971173468014
balanced_independent,7,triggered_gain,960,0.003019354598319701,720,240,0.1211545781654026,14.802128832212967,0.0,0.01413296348805095,0.45989971173468014
balanced_independent,7,triggered_gain,1080,0.0006095661474621039,960,120,0.18595203933065155,8.984550326597402,0.0,0.05080410722449357,0.6788966123292884
balanced_independent,7,triggered_gain,1200,0.0004494658735119117,960,240,0.18595203933065155,8.984550326597402,0.0,0.005445168403549709,0.6788966123292884
balanced_independent,7,triggered_gain,1320,9.353970030900882e-05,1200,120,0.1487230564320375,13.12669964729599,0.0,0.01632294352298204,0.5108364809327668
balanced_independent,7,triggered_gain,1440,5.709675973086803e-05,1200,240,0.1487230564320375,13.12669964729599,0.0,0.01430222663613129,0.5108364809327668
balanced_independent,7,triggered_gain,1560,9.989530795451174e-06,1440,120,0.19275418348898368,9.987103404485401,0.0,0.01928904769997071,0.6144376738521327
balanced_independent,7,triggered_gain,1680,7.686000811801819e-06,1440,240,0.19275418348898368,9.987103404485401,0.0,0.0055889838479291284,0.6144376738521327
balanced_independent,7,triggered_gain,1800,1.4083233166317655e-06,1680,120,0.12360145827307874,12.900391740016639,0.0,0.006415753618565988,0.5340301038410716
balanced_independent,7,triggered_gain,1920,9.155353990486503e-07,1680,240,0.12360145827307874,12.900391740016639,0.0,0.006431177396775252,0.5340301038410716
balanced_independent,7,triggered_gain,2040,2.449176101926298e-07,1920,120,0.20632211622942484,9.391597686589124,0.0,0.02108486256157748,0.6571997591486279
balanced_independent,7,triggered_gain,2160,1.9014161134478513e-07,1920,240,0.20632211622942484,9.391597686589124,0.0,0.018955031583101547,0.6571997591486279
balanced_independent,7,triggered_gain,2280,4.621362803547413e-08,2160,120,0.31176618882525325,7.103845421407334,0.0,0.010414994255758566,0.6634444978517797
balanced_independent,7,triggered_gain,2400,2.833089229881125e-08,2160,240,0.31176618882525325,7.103845421407334,0.0,0.006859329413153916,0.6634444978517797
balanced_independent,8,scheduled_gain,120,0.36221874931081377,60,60,0.2030500754995252,9.388827187288095,0.0,0.0519006882427501,0.6571228321250452
balanced_independent,8,scheduled_gain,240,0.01633128022046204,180,60,0.14971086980958914,12.276278019244106,0.2,0.10469898712480528,0.5564454921597449
balanced_independent,8,scheduled_gain,360,0.0011153994263670697,300,60,0.10621084022029376,17.724558270914116,0.0,0.0669337323218033,0.4200508735825663
balanced_independent,8,scheduled_gain,480,6.414048205938272e-05,420,60,0.1632276909270126,11.804326894956073,0.0,0.0465241595148107,0.5626292431525302
balanced_independent,8,scheduled_gain,600,6.654202433953316e-06,540,60,0.1636977658099769,12.687141292076912,0.0,0.08923408949904485,0.5380340375476934
balanced_independent,8,scheduled_gain,720,5.471738679929672e-07,660,60,0.2723286731577817,9.073468153372287,0.0,0.039534161617532086,0.5735509408774808
balanced_independent,8,scheduled_gain,840,3.2388614901179835e-08,780,60,0.27940235193596646,8.02961406995947,0.0,0.06830109655541532,0.612249343045657
balanced_independent,8,scheduled_gain,960,2.8243380967296616e-09,900,60,0.21363888915350399,10.938596782046032,0.0,0.04511965342744482,0.5769330510452224
balanced_independent,8,scheduled_gain,1080,2.2962920454006053e-10,1020,60,0.10921166880621246,18.116786244840007,0.0,0.054981651950424835,0.40290006511248294
balanced_independent,8,scheduled_gain,1200,1.894751022746277e-11,1140,60,0.10999725842646768,16.421045969817143,0.0,0.05378782207856864,0.45273605601760863
balanced_independent,8,scheduled_gain,1320,1.084909939663703e-12,1260,60,0.14609758695718683,14.646781861262175,0.0,0.02482765775813441,0.48767876944738586
balanced_independent,8,scheduled_gain,1440,1.2079226507921703e-13,1380,60,0.14191366705194047,12.46224994780161,0.0,0.024768270731749347,0.5421676603853525
balanced_independent,8,scheduled_gain,1560,1.199040866595169e-14,1500,60,0.1276741135933914,15.346514149531096,0.0,0.030584347140469034,0.47244015588549554
balanced_independent,8,scheduled_gain,1680,1.7763568394002505e-15,1620,60,0.13543261304524815,16.937819313886802,0.2,0.11464454489400838,0.426162754647058
balanced_independent,8,scheduled_gain,1800,0.0,1740,60,0.2216459957199218,8.745333773414286,0.0,0.04173058167247263,0.6761860646023724
balanced_independent,8,scheduled_gain,1920,0.0,1860,60,0.1943850982867085,12.814234584647453,0.0,0.019274994840679842,0.48156914838166687
balanced_independent,8,scheduled_gain,2040,4.440892098500626e-16,1980,60,0.2056414113883657,11.189023300951321,0.0,0.01796815198330687,0.5588643857644642
balanced_independent,8,scheduled_gain,2160,0.0,2100,60,0.17471743376091484,13.48153303709485,0.0,0.06595651882547876,0.4815530515756387
balanced_independent,8,scheduled_gain,2280,0.0,2220,60,0.14771036488455772,14.722426109054382,0.0,0.047829959725101956,0.4839907359311151
balanced_independent,8,scheduled_gain,2400,8.881784197001252e-16,2340,60,0.13255539512960318,14.01551869538693,0.0,0.09797479069781057,0.5105185356728219
balanced_independent,8,triggered_gain,120,1.3705285594161958,0,120,0.17667862336568235,13.943115074729851,0.0,0.03551466201047052,0.4881118741202732
balanced_independent,8,triggered_gain,240,0.34771539532520945,0,240,0.17667862336568235,13.943115074729851,0.0,0.008076333542668158,0.4881118741202732
balanced_independent,8,triggered_gain,360,0.06383042385795257,240,120,0.27940057532329987,7.274702730983843,0.0,0.024416709851529262,0.7002487893812023
balanced_independent,8,triggered_gain,480,0.011060030046890823,360,120,0.1921375575904908,11.18776526673644,0.0,0.015217792061634502,0.5556561920206946
balanced_independent,8,triggered_gain,600,0.0023253614471414608,480,120,0.27616529008900653,6.937535544092294,0.0,0.019158393592539315,0.7291354003604397
balanced_independent,8,triggered_gain,720,0.0005056900219155835,600,120,0.10309696066977234,16.27723601224689,0.0,0.025182725565926507,0.43866960428751434
balanced_independent,8,triggered_gain,840,0.00012652220536590875,720,120,0.21171098991742754,8.023190031948095,0.0,0.01758047648028503,0.7380845802472621
balanced_independent,8,triggered_gain,960,2.386041508506409e-05,840,120,0.10650087232185704,16.284689197100693,0.0,0.006524688917747233,0.43503703260847476
balanced_independent,8,triggered_gain,1080,4.614899162813657e-06,960,120,0.20319513934189629,10.649890588861911,0.0,0.00621279175316108,0.586672021653109
balanced_independent,8,triggered_gain,1200,1.1724077904062824e-06,1080,120,0.1332076346537911,13.590968406243425,0.0,0.038038610579974715,0.5089470064900681
balanced_independent,8,triggered_gain,1320,2.4851622315580357e-07,1200,120,0.12555397329693477,14.40987223858009,0.0,0.008968078757790036,0.48742050907683554
balanced_independent,8,triggered_gain,1440,5.6784236868168136e-08,1320,120,0.141312481447982,13.09825491825697,0.0,0.028240720239919078,0.517810026544473
balanced_independent,8,triggered_gain,1560,1.6644857936398694e-08,1440,120,0.1135790706341146,15.493700631632535,0.0,0.027981966300141593,0.4675518720249306
balanced_independent,8,triggered_gain,1680,4.2016257140176094e-09,1560,120,0.15897894497357448,13.733689410115376,0.0,0.018035623577568202,0.492970382395449
balanced_independent,8,triggered_gain,1800,1.082108180838759e-09,1680,120,0.15990639859987785,11.10356207131614,0.0,0.005381690381042368,0.6037278101456736
balanced_independent,8,triggered_gain,1920,2.9572744253414385e-10,1800,120,0.10928997378356226,15.242106700663992,0.0,0.02135490811502317,0.4587948568687478
balanced_independent,8,triggered_gain,2040,6.403810814958888e-11,1920,120,0.08918037666518874,16.398814707470233,0.0,0.007532239054385053,0.40522276903818644
balanced_independent,8,triggered_gain,2160,1.9123813643773246e-11,2040,120,0.14442666477387836,12.418659905958409,0.0,0.012973124498513108,0.5488851929927322
balanced_independent,8,triggered_gain,2280,5.188738327888132e-12,2160,120,0.12249066935873361,16.867176953795216,0.0,0.018690482976215096,0.42737869933688405
balanced_independent,8,triggered_gain,2400,1.1430856261540612e-12,2280,120,0.13585376632373963,13.575321085403113,0.0,0.032111700048789035,0.5199718159671479
balanced_independent,9,scheduled_gain,120,0.3954150637786089,60,60,0.18122695155658122,13.230643294667034,0.0,0.042245960095299136,0.48851657950523986
balanced_independent,9,scheduled_gain,240,0.010945486016481265,180,60,0.15188928626245393,13.929228502516475,0.0,0.06339462577406779,0.5055691176387371
balanced_independent,9,scheduled_gain,360,0.0002526806408389426,300,60,0.19825269940669146,9.679207735144503,0.0,0.033129929079841,0.6222821556015679
balanced_independent,9,scheduled_gain,480,8.126978487510428e-06,420,60,0.15480119469251588,13.931084233206645,0.0,0.048788140737661266,0.5081185953728622
balanced_independent,9,scheduled_gain,600,3.81214564804111e-07,540,60,0.1828693448123417,11.976751037041703,0.2,0.12142922167211881,0.5342742860108257
balanced_independent,9,scheduled_gain,720,2.4085470506918227e-08,660,60,0.1538011203731116,13.059711379006457,0.0,0.05495192226359595,0.5128776258230583
balanced_independent,9,scheduled_gain,840,1.7562848952934473e-09,780,60,0.11005124004002578,14.208109267491665,0.0,0.05298841961181401,0.5032449893817615
balanced_independent,9,scheduled_gain,960,1.3723777669838455e-10,900,60,0.19110087451898164,10.78463505699618,0.0,0.04591584913644684,0.5797564585267405
balanced_independent,9,scheduled_gain,1080,8.64686100499057e-12,1020,60,0.1383078881334387,13.326936407431731,0.0,0.04572778707305998,0.5168599685139428
balanced_independent,9,scheduled_gain,1200,7.851497230149107e-13,1140,60,0.11536042084006667,16.028877495455202,0.0,0.0726107087526087,0.48846316770593856
balanced_independent,9,scheduled_gain,1320,4.574118861455645e-14,1260,60,0.18690912804364254,10.677485988190128,0.0,0.05824267933832169,0.5735448617445174
balanced_independent,9,scheduled_gain,1440,1.3322676295501878e-15,1380,60,0.17973489360624573,13.293819500997234,0.0,0.01938622169773641,0.5001654764257433
balanced_independent,9,scheduled_gain,1560,0.0,1500,60,0.176222202510274,12.906301398516156,0.0,0.06426074433507808,0.521171614935006
balanced_independent,9,scheduled_gain,1680,0.0,1620,60,0.14538561014766824,14.220953186912954,0.0,0.04587364795494904,0.49538946910721815
balanced_independent,9,scheduled_gain,1800,0.0,1740,60,0.1419411819281382,12.814531708543072,0.0,0.08100416653090048,0.5428749459367423
balanced_independent,9,scheduled_gain,1920,0.0,1860,60,0.21568714347364706,11.23786494898113,0.0,0.04631879433399254,0.5484454647482716
balanced_independent,9,scheduled_gain,2040,0.0,1980,60,0.2258053446263538,10.02737797635094,0.0,0.09789331410836187,0.6048639166804998
balanced_independent,9,scheduled_gain,2160,0.0,2100,60,0.11227152274222255,17.997909160188097,0.0,0.0957043496988824,0.4099936282838902
balanced_independent,9,scheduled_gain,2280,0.0,2220,60,0.2017289171082275,10.464618206279484,0.0,0.057013274885321895,0.613441070761904
balanced_independent,9,scheduled_gain,2400,0.0,2340,60,0.23158815248076556,9.677112729670466,0.0,0.06270050146907316,0.5854353758427066
balanced_independent,9,triggered_gain,120,1.6285829492436923,0,120,0.09948660164616668,21.0965398888585,0.0,0.035469695256540305,0.4042331287423562
balanced_independent,9,triggered_gain,240,1.3364360212125899,0,240,0.09948660164616668,21.0965398888585,0.0,0.035566543475034275,0.4042331287423562
balanced_independent,9,triggered_gain,360,0.08828902355928925,240,120,0.339445483055725,5.92517703950979,0.0,0.005385859577163707,0.744450134243458
balanced_independent,9,triggered_gain,480,0.065378899812365,240,240,0.339445483055725,5.92517703950979,0.0,0.005508669520827082,0.744450134243458
balanced_independent,9,triggered_gain,600,0.008028871104980073,480,120,0.21340856602700586,9.680622074744987,0.0,0.0070911224475873206,0.6536953892497496
balanced_independent,9,triggered_gain,720,0.007257204578639431,480,240,0.21340856602700586,9.680622074744987,0.0,0.0070911224475873206,0.6536953892497496
balanced_independent,9,triggered_gain,840,0.0008074204371970595,720,120,0.190588897232995,9.881824692271188,0.0,0.007790715786259645,0.6403625835842623
balanced_independent,9,triggered_gain,960,0.0007303131075082625,720,240,0.190588897232995,9.881824692271188,0.0,0.007790715786259645,0.6403625835842623
balanced_independent,9,triggered_gain,1080,7.939596949846361e-05,960,120,0.15373910009622707,13.845124609891538,0.0,0.005310403785620551,0.4926432428509653
balanced_independent,9,triggered_gain,1200,6.227526004831674e-05,960,240,0.15373910009622707,13.845124609891538,0.0,0.00531013018946908,0.4926432428509653
balanced_independent,9,triggered_gain,1320,8.740709063648211e-06,1200,120,0.19341234757980563,10.956876151111484,0.0,0.009732820734679862,0.5823131780591826
balanced_independent,9,triggered_gain,1440,7.244644747217421e-06,1200,240,0.19341234757980563,10.956876151111484,0.0,0.009700586268397073,0.5823131780591826
balanced_independent,9,triggered_gain,1560,9.510085603459117e-07,1440,120,0.3042327775436878,7.731864760834705,0.0,0.0062582342424897935,0.6186007202333977
balanced_independent,9,triggered_gain,1680,8.040136418863142e-07,1440,240,0.3042327775436878,7.731864760834705,0.0,0.005211024049325532,0.6186007202333977
balanced_independent,9,triggered_gain,1800,1.279244257190726e-07,1680,120,0.2659256855431196,7.224868855780418,0.0,0.00786836395505443,0.6542105716069166
balanced_independent,9,triggered_gain,1920,1.0767242697440338e-07,1680,240,0.2659256855431196,7.224868855780418,0.0,0.0078685227001617,0.6542105716069166
balanced_independent,9,triggered_gain,2040,1.3971615420160788e-08,1920,120,0.35709513762012784,6.100124362719912,0.0,0.005226411948733552,0.6776607304237681
balanced_independent,9,triggered_gain,2160,1.3410633936672411e-08,1920,240,0.35709513762012784,6.100124362719912,0.0,0.005226411948733552,0.6776607304237681
balanced_independent,9,triggered_gain,2280,3.0851508014961837e-09,2160,120,0.28936454692574337,8.645011848158385,0.0,0.023952399920429242,0.5695598364146935
balanced_independent,9,triggered_gain,2400,2.359116013650464e-09,2160,240,0.28936454692574337,8.645011848158385,0.0,0.012446167675974626,0.5695598364146935
balanced_independent,10,scheduled_gain,120,0.5619072290860627,60,60,0.2522910777523618,8.934624585826798,0.0,0.0532222235391499,0.6139495557362683
balanced_independent,10,scheduled_gain,240,0.02814425782687291,180,60,0.09657631535752348,17.20380120689623,0.0,0.033026523472880535,0.42978461642801913
balanced_independent,10,scheduled_gain,360,0.0018694160924468406,300,60,0.18330313630897893,11.42918043076449,0.0,0.05420194534928803,0.5652654457707558
balanced_independent,10,scheduled_gain,480,0.0001301041258114921,420,60,0.20883000376520383,11.026275128204635,0.0,0.03227115619489036,0.5526639899428241
balanced_independent,10,scheduled_gain,600,9.660958946611231e-06,540,60,0.1516043275902617,14.253683030165133,0.0,0.028498437089735,0.49667822211733736
balanced_independent,10,scheduled_gain,720,8.799858886021639e-07,660,60,0.15865853470075147,12.287813750222382,0.0,0.09622723385537682,0.5400457850129786
balanced_independent,10,scheduled_gain,840,5.7010521636868816e-08,780,60,0.10371749183859381,14.978109780748724,0.0,0.03415727910826627,0.4735814072996658
balanced_independent,10,scheduled_gain,960,3.90582499676384e-09,900,60,0.14335156045320843,12.107626930294085,0.0,0.02491104786865788,0.5693829739990875
balanced_independent,10,scheduled_gain,1080,2.39543940239173e-10,1020,60,0.148270092782624,14.489605043039054,0.0,0.07679702418273364,0.4883952069522213
balanced_independent,10,scheduled_gain,1200,2.0976109738057858e-11,1140,60,0.11420777082860528,15.571857900039726,0.0,0.08770456960968337,0.4906253105044918
balanced_independent,10,scheduled_gain,1320,2.078781591308143e-12,1260,60,0.1849429236009149,14.494924184031827,0.0,0.035032367315899815,0.4476906626250157
balanced_independent,10,scheduled_gain,1440,2.1938006966593093e-13,1380,60,0.18038579939213775,13.598885009046745,0.0,0.14722841252273547,0.49583588361604974
balanced_independent,10,scheduled_gain,1560,2.1316282072803006e-14,1500,60,0.178600061778072,9.877549947281898,0.0,0.06359676647350854,0.6184870521843269
balanced_independent,10,scheduled_gain,1680,1.3322676295501878e-15,1620,60,0.22100086964133842,11.956731857210773,0.0,0.07444022925560806,0.5015885049419749
balanced_independent,10,scheduled_gain,1800,0.0,1740,60,0.18738058749952397,9.313893976145964,0.0,0.04211012581115171,0.6524379813977863
balanced_independent,10,scheduled_gain,1920,0.0,1860,60,0.16269840685441783,12.558996175312146,0.0,0.04391980425463308,0.5193720023069693
balanced_independent,10,scheduled_gain,2040,0.0,1980,60,0.12727273375281697,13.350051253498535,0.0,0.0988811444586719,0.5259616934913914
balanced_independent,10,scheduled_gain,2160,0.0,2100,60,0.10251728987065627,18.32976985541485,0.0,0.039978796170040735,0.4033763022309348
balanced_independent,10,scheduled_gain,2280,0.0,2220,60,0.10112249424408215,17.285267750157736,0.0,0.06904669260809765,0.4434560606609762
balanced_independent,10,scheduled_gain,2400,0.0,2340,60,0.1264928632213098,15.194139398038283,0.0,0.06306616495914431,0.4729997399725094
balanced_independent,10,triggered_gain,120,1.2315270049878744,0,120,0.08680634076846123,25.555471699603533,0.0,0.03702243731461787,0.32086844900695016
balanced_independent,10,triggered_gain,240,0.8478391275653951,0,240,0.08680634076846123,25.555471699603533,0.0,0.014207251243343011,0.32086844900695016
balanced_independent,10,triggered_gain,360,0.09858127240099135,240,120,0.29055382828669263,5.2810007488730255,0.0,0.00548570175043725,0.885482998179971
balanced_independent,10,triggered_gain,480,0.09541211099935731,240,240,0.29055382828669263,5.2810007488730255,0.0,0.00548570175043725,0.885482998179971
balanced_independent,10,triggered_gain,600,0.01694363962982548,480,120,0.14965648989973637,15.639055096603292,0.0,0.026007678102476305,0.4436281739489811
balanced_independent,10,triggered_gain,720,0.012341906416785786,480,240,0.14965648989973637,15.639055096603292,0.0,0.01589801306614626,0.4436281739489811
balanced_independent,10,triggered_gain,840,0.001787243202466371,720,120,0.1951409180940642,9.094090173382087,0.0,0.005899846793170077,0.6789079306048117
balanced_independent,10,triggered_gain,960,0.0015286090292616628,720,240,0.1951409180940642,9.094090173382087,0.0,0.006848057629818358,0.6789079306048117
balanced_independent,10,triggered_gain,1080,0.0003340628736090423,960,120,0.25188047572716166,10.422990253357213,0.0,0.06763768414776555,0.49536403958146424
balanced_independent,10,triggered_gain,1200,0.00021859045554828427,960,240,0.25188047572716166,10.422990253357213,0.0,0.015605416896109045,0.49536403958146424
balanced_independent,10,triggered_gain,1320,3.110693840024936e-05,1200,120,0.20897598743059406,9.437478456765247,0.0,0.007121138900245756,0.641971120000831
balanced_independent,10,triggered_gain,1440,2.5769718102530703e-05,1200,240,0.20897598743059406,9.437478456765247,0.0,0.007305953557097327,0.641971120000831
balanced_independent,10,triggered_gain,1560,4.466846061035312e-06,1440,120,0.2101339236784832,9.865485577754807,0.0,0.01399518493137308,0.617630486151388
balanced_independent,10,triggered_gain,1680,3.880233456321491e-06,1440,240,0.2101339236784832,9.865485577754807,0.0,0.006919636439433167,0.617630486151388
balanced_independent,10,triggered_gain,1800,7.245584230375357e-07,1680,120,0.2433552820617193,9.119754007549526,0.0,0.01894534160519581,0.6231117276137685
balanced_independent,10,triggered_gain,1920,4.468663354906255e-07,1680,240,0.2433552820617193,9.119754007549526,0.0,0.005747427061838733,0.6231117276137685
balanced_independent,10,triggered_gain,2040,1.0789507465247539e-07,1920,120,0.2755089194761304,6.117213438717272,0.0,0.05028604734727306,0.7491548868448479
balanced_independent,10,triggered_gain,2160,7.541471935823552e-08,1920,240,0.2755089194761304,6.117213438717272,0.0,0.005416430026030702,0.7491548868448479
balanced_independent,10,triggered_gain,2280,1.4435395989664812e-08,2160,120,0.1852462357642397,11.798748418068906,0.0,0.005697333787218746,0.5498807876058078
balanced_independent,10,triggered_gain,2400,1.3397703391149207e-08,2160,240,0.1852462357642397,11.798748418068906,0.0,0.005697333787218746,0.5498807876058078
balanced_independent,11,scheduled_gain,120,0.31246736218320104,60,60,0.1545614211023688,11.67026270509773,0.0,0.04546435876838285,0.5672925783641318
balanced_independent,11,scheduled_gain,240,0.015882660689517714,180,60,0.13372062215472796,12.963543651339307,0.0,0.07657280128842925,0.5504354995584854
balanced_independent,11,scheduled_gain,360,0.0007020933883437053,300,60,0.13239894437248598,17.62334956952957,0.0,0.023749074986177433,0.41814867616294427
balanced_independent,11,scheduled_gain,480,5.175686959413284e-05,420,60,0.1439521117935196,15.631594822837926,0.0,0.03183329025618223,0.4585981415672958
balanced_independent,11,scheduled_gain,600,4.0281801765296166e-06,540,60,0.1682231518575041,13.161406462945259,0.0,0.05306821587984681,0.5027939478843301
balanced_independent,11,scheduled_gain,720,3.4801355708324877e-07,660,60,0.1958006236284921,14.164552106295693,0.0,0.04514274127075029,0.4437380413444628
balanced_independent,11,scheduled_gain,840,2.06366177479822e-08,780,60,0.140983494242479,14.287315485318636,0.0,0.1013186310682179,0.5046494596002687
balanced_independent,11,scheduled_gain,960,2.4996720249248483e-09,900,60,0.21244464068626212,8.835427095359522,0.0,0.07344163449739238,0.6202685518972332
balanced_independent,11,scheduled_gain,1080,1.6370149680255963e-10,1020,60,0.10056648571797368,17.76284559246464,0.0,0.044015134476541054,0.40257621569584007
balanced_independent,11,scheduled_gain,1200,1.503730473473297e-11,1140,60,0.11827488396286354,17.2258100885569,0.0,0.05864049180327512,0.4438860673638263
balanced_independent,11,scheduled_gain,1320,1.1017853296380054e-12,1260,60,0.167496713110796,14.021708069249673,0.0,0.09366877343301275,0.4905267343667236
balanced_independent,11,scheduled_gain,1440,9.814371537686384e-14,1380,60,0.1360645309239686,14.081309994302245,0.0,0.13435047166140116,0.50758082433905
balanced_independent,11,scheduled_gain,1560,1.0658141036401503e-14,1500,60,0.2295622410644445,10.848025868694798,0.0,0.10461730644301234,0.5514769770577703
balanced_independent,11,scheduled_gain,1680,1.7763568394002505e-15,1620,60,0.1800797117111772,11.737406564081228,0.0,0.030405872936787454,0.5704372803533625
balanced_independent,11,scheduled_gain,1800,1.3322676295501878e-15,1740,60,0.15994343222654636,13.014594892604515,0.0,0.017007659719580803,0.5324386810559035
balanced_independent,11,scheduled_gain,1920,1.3322676295501878e-15,1860,60,0.1447771678777453,14.691852130185744,0.0,0.0922926032400027,0.4793853906556031
balanced_independent,11,scheduled_gain,2040,1.3322676295501878e-15,1980,60,0.238451080115814,9.627938077385275,0.2,0.13501867236864445,0.5925422719766178
balanced_independent,11,scheduled_gain,2160,1.3322676295501878e-15,2100,60,0.11822470084596662,15.462914325659595,0.0,0.07670781601928169,0.46647021242937686
balanced_independent,11,scheduled_gain,2280,1.3322676295501878e-15,2220,60,0.23707192478896638,10.809441968161105,0.2,0.12355312132704994,0.5272783244130572
balanced_independent,11,scheduled_gain,2400,1.7763568394002505e-15,2340,60,0.20529482486186665,10.910701571193496,0.0,0.06873118474156062,0.5664210855121324
balanced_independent,11,triggered_gain,120,1.5400271093552966,0,120,0.12212516202852779,17.35174176099792,0.0,0.036998363734753556,0.4335840814438745
balanced_independent,11,triggered_gain,240,1.0704158254259402,0,240,0.12212516202852779,17.35174176099792,0.0,0.01681122029880085,0.4335840814438745
balanced_independent,11,triggered_gain,360,0.14546670131627382,240,120,0.21914287511311642,6.9459739411442705,0.0,0.010367221505690954,0.7671596630744191
balanced_independent,11,triggered_gain,480,0.08957493492836877,240,240,0.21914287511311642,6.9459739411442705,0.0,0.008281743148696261,0.7671596630744191
balanced_independent,11,triggered_gain,600,0.0166363969663732,480,120,0.22551257656050694,9.601813900422977,0.0,0.05064857009622024,0.5996007815033816
balanced_independent,11,triggered_gain,720,0.007972568775384659,480,240,0.22551257656050694,9.601813900422977,0.0,0.006514968802363568,0.5996007815033816
balanced_independent,11,triggered_gain,840,0.0014144626886056777,720,120,0.20769591830348041,9.527285551487585,0.0,0.008843635926213077,0.6162373665358322
balanced_independent,11,triggered_gain,960,0.0013111322208785303,720,240,0.20769591830348041,9.527285551487585,0.0,0.008843635926213077,0.6162373665358322
balanced_independent,11,triggered_gain,1080,0.00022196020597853305,960,120,0.1468529617476884,13.412777096610041,0.0,0.01669702729401535,0.5123809242194772
balanced_independent,11,triggered_gain,1200,0.00017078403127479547,960,240,0.1468529617476884,13.412777096610041,0.0,0.005354092726967056,0.5123809242194772
balanced_independent,11,triggered_gain,1320,3.8394516063355866e-05,1200,120,0.23107723568869018,9.6780147736155,0.0,0.027598598294773097,0.5883827472034472
balanced_independent,11,triggered_gain,1440,2.3892160930127915e-05,1200,240,0.23107723568869018,9.6780147736155,0.0,0.005250683451542002,0.5883827472034472
balanced_independent,11,triggered_gain,1560,4.828820515001553e-06,1440,120,0.13488460239108793,12.347266307938147,0.0,0.009049758403960832,0.5405232484852448
balanced_independent,11,triggered_gain,1680,4.088476230457161e-06,1440,240,0.13488460239108793,12.347266307938147,0.0,0.008304933361241003,0.5405232484852448
balanced_independent,11,triggered_gain,1800,7.495368388177326e-07,1680,120,0.120810375091469,14.808235134473673,0.0,0.021931865854598942,0.48227982032686606
balanced_independent,11,triggered_gain,1920,6.021570042591406e-07,1680,240,0.120810375091469,14.808235134473673,0.0,0.009639345641830964,0.48227982032686606
balanced_independent,11,triggered_gain,2040,9.860800487260235e-08,1920,120,0.2541723311625605,8.495891081497172,0.0,0.008290690765440919,0.6519129453446149
balanced_independent,11,triggered_gain,2160,5.6275931026306125e-08,1920,240,0.2541723311625605,8.495891081497172,0.0,0.005744227264088732,0.6519129453446149
balanced_independent,11,triggered_gain,2280,1.0333865319012148e-08,2160,120,0.17536246855062063,12.236940129261503,0.0,0.013467679912827766,0.5321042722430518
balanced_independent,11,triggered_gain,2400,6.8007794951086e-09,2160,240,0.17536246855062063,12.236940129261503,0.0,0.0075127571514039876,0.5321042722430518
balanced_correlated,0,scheduled_gain,120,1.1115997021688964,60,60,0.12934468739688076,15.637855282873344,0.0,0.01805665819744587,0.4769708756859426
balanced_correlated,0,scheduled_gain,240,0.6116232252634246,180,60,0.10938864064210468,17.884678370884725,0.0,0.018490546317936857,0.4317334159624574
balanced_correlated,0,scheduled_gain,360,0.32310178810763635,300,60,0.09895997460212899,18.398051172124962,0.0,0.015867221823934803,0.4077820155776629
balanced_correlated,0,scheduled_gain,480,0.18385327614558822,420,60,0.12152245458832313,16.268646264301815,0.0,0.009790451896005808,0.44927761146384715
balanced_correlated,0,scheduled_gain,600,0.12557320679065054,540,60,0.11250891437657935,16.82822353654755,0.0,0.012730925751724749,0.4249319258696327
balanced_correlated,0,scheduled_gain,720,0.08686996794225221,660,60,0.12564933546460955,14.7591653339308,0.0,0.00586853508085512,0.463835715761135
balanced_correlated,0,scheduled_gain,840,0.05825801545697118,780,60,0.13162821793170187,14.010441696927252,0.0,0.00880233885798238,0.4926174646664653
balanced_correlated,0,scheduled_gain,960,0.03860646114364519,900,60,0.1291759583086961,13.41495571818316,0.0,0.008539796031267971,0.5241798698950331
balanced_correlated,0,scheduled_gain,1080,0.02214731275013504,1020,60,0.19678733621305938,10.37850790439602,0.0,0.014502652085644014,0.605186072059869
balanced_correlated,0,scheduled_gain,1200,0.014183535360099864,1140,60,0.18654237745900312,8.952180306375286,0.0,0.006560744919588344,0.6867327800600924
balanced_correlated,0,scheduled_gain,1320,0.009629025779711586,1260,60,0.16275976555454458,10.968550806370843,0.0,0.011314445763077541,0.5954044404434033
balanced_correlated,0,scheduled_gain,1440,0.006010758796545446,1380,60,0.12767537461539596,12.757203755988042,0.0,0.017134572944055734,0.56422336251163
balanced_correlated,0,scheduled_gain,1560,0.0043835293407950005,1500,60,0.1594220845656066,11.201473547445117,0.0,0.012357612643250894,0.5943041275858364
balanced_correlated,0,scheduled_gain,1680,0.0033846651020787988,1620,60,0.17112593709250445,9.778025484539867,0.0,0.006297271911905457,0.6419719897072828
balanced_correlated,0,scheduled_gain,1800,0.002702857640724865,1740,60,0.1425019735400065,13.26585670964311,0.0,0.008735535747810295,0.5361363156285099
balanced_correlated,0,scheduled_gain,1920,0.002130384459491541,1860,60,0.17423070250847894,10.33792731902543,0.0,0.007086240757344378,0.6123308765597635
balanced_correlated,0,scheduled_gain,2040,0.0015664410409281793,1980,60,0.18404340343641815,9.029574860406644,0.0,0.006269350278106731,0.6753831238967064
balanced_correlated,0,scheduled_gain,2160,0.001155435709443875,2100,60,0.1832121054767655,9.54676076018697,0.0,0.005996475016977074,0.6494440695326963
balanced_correlated,0,scheduled_gain,2280,0.0008954214891834233,2220,60,0.17143798907207894,9.708533777000856,0.0,0.006347996607253549,0.640766072925743
balanced_correlated,0,scheduled_gain,2400,0.0007106750267857898,2340,60,0.1791729555110584,9.186743716265717,0.0,0.005649222785282954,0.6484425619240174
balanced_correlated,0,triggered_gain,120,1.0714235184751506,0,120,0.06241507860357347,26.331543633199722,0.2,0.14272250271637377,0.2747255628713804
balanced_correlated,0,triggered_gain,240,0.5086459626832145,0,240,0.06241507860357347,26.331543633199722,0.0,0.0501257410813066,0.2747255628713804
balanced_correlated,0,triggered_gain,360,0.2465913298512259,240,120,0.13455514261422388,14.275278189139827,0.0,0.006140813591263863,0.5120131532775528
balanced_correlated,0,triggered_gain,480,0.1530433145214416,360,120,0.1312877686670405,15.426296917722196,0.0,0.007583990265972525,0.46402711757809734
balanced_correlated,0,triggered_gain,600,0.12431303574539321,480,120,0.19035716336078992,9.784509595494516,0.0,0.03292074795590534,0.6091133083263951
balanced_correlated,0,triggered_gain,720,0.09372604229402137,600,120,0.18706756665872568,11.225449868068248,0.0,0.006182603851507895,0.5554457125312952
balanced_correlated,0,triggered_gain,840,0.08587581393621191,600,240,0.18706756665872568,11.225449868068248,0.0,0.0055940833497323955,0.5554457125312952
balanced_correlated,0,triggered_gain,960,0.06710727744402334,840,120,0.18802635734781997,8.799804025760626,0.0,0.006016363641376065,0.6357879608950107
balanced_correlated,0,triggered_gain,1080,0.05908865850122824,840,240,0.18802635734781997,8.799804025760626,0.0,0.005987400203201199,0.6357879608950107
balanced_correlated,0,triggered_gain,1200,0.04848476537389157,1080,120,0.18094307589219366,12.57470203878713,0.0,0.015597354058516054,0.5020217327315322
balanced_correlated,0,triggered_gain,1320,0.04131230231056238,1080,240,0.18094307589219366,12.57470203878713,0.0,0.015597354058516054,0.5020217327315322
balanced_correlated,0,triggered_gain,1440,0.03877297267580149,1080,360,0.18094307589219366,12.57470203878713,0.0,0.015597354058516054,0.5020217327315322
balanced_correlated,0,triggered_gain,1560,0.03259838721257413,1440,120,0.17024834568356179,11.392987791900044,0.0,0.005868590925372917,0.5890781755872543
balanced_correlated,0,triggered_gain,1680,0.03036091448901601,1440,240,0.17024834568356179,11.392987791900044,0.0,0.005224054801609861,0.5890781755872543
balanced_correlated,0,triggered_gain,1800,0.01839274401868618,1680,120,0.16792658123355889,10.463438560580821,0.0,0.0052281214243429155,0.5990106295920276
balanced_correlated,0,triggered_gain,1920,0.017312398510739513,1680,240,0.16792658123355889,10.463438560580821,0.0,0.0052281214243429155,0.5990106295920276
balanced_correlated,0,triggered_gain,2040,0.012974842750076654,1920,120,0.19698286069140492,11.116199306457553,0.0,0.005259692445078644,0.5740601755951293
balanced_correlated,0,triggered_gain,2160,0.0120173410024762,1920,240,0.19698286069140492,11.116199306457553,0.0,0.005259692445078644,0.5740601755951293
balanced_correlated,0,triggered_gain,2280,0.009361337013235715,2160,120,0.19093962406013334,9.281625251471722,0.0,0.00526787853200072,0.6632596516252769
balanced_correlated,0,triggered_gain,2400,0.008755624204426216,2160,240,0.19093962406013334,9.281625251471722,0.0,0.005267931214199221,0.6632596516252769
balanced_correlated,1,scheduled_gain,120,0.855695527249837,60,60,0.10045630986826043,19.237975004342587,0.0,0.05290536178851701,0.4006779679629292
balanced_correlated,1,scheduled_gain,240,0.43891204133757933,180,60,0.19757165739483476,10.62900214365554,0.0,0.03710362081519921,0.602470087261005
balanced_correlated,1,scheduled_gain,360,0.27627736132366953,300,60,0.1417389516764505,13.807335520240748,0.0,0.024377763070895717,0.4940238491620212
balanced_correlated,1,scheduled_gain,480,0.1551866781282727,420,60,0.1290517251488876,16.9335001374701,0.0,0.0401257591056313,0.4479503773409902
balanced_correlated,1,scheduled_gain,600,0.086844029947994,540,60,0.10592074313184191,18.274995910798566,0.0,0.007149215200676717,0.4205826342267104
balanced_correlated,1,scheduled_gain,720,0.05550760477490124,660,60,0.12848623548677088,17.489947139430093,0.0,0.024827131783945328,0.4253610322552733
balanced_correlated,1,scheduled_gain,840,0.034329382347265014,780,60,0.08101881381378895,22.334458307127225,0.0,0.005806380304051062,0.3218640571257767
balanced_correlated,1,scheduled_gain,960,0.023976453970887324,900,60,0.08735537305856407,21.04349043600896,0.0,0.00598732129507855,0.3524059089816416
balanced_correlated,1,scheduled_gain,1080,0.016058633612317852,1020,60,0.11407399823212747,18.288681262665182,0.0,0.009148177949026663,0.4115400673200619
balanced_correlated,1,scheduled_gain,1200,0.010045353179338967,1140,60,0.09593738621583958,18.77034402725782,0.0,0.007862015040797171,0.39360581060858285
balanced_correlated,1,scheduled_gain,1320,0.006472897654836274,1260,60,0.0871365706728806,22.434011166137857,0.0,0.01079510822299253,0.3298256617335983
balanced_correlated,1,scheduled_gain,1440,0.004645014890375165,1380,60,0.10002595533264903,18.152772801372958,0.0,0.012482413738066928,0.4240323777509321
balanced_correlated,1,scheduled_gain,1560,0.0034095179251472096,1500,60,0.08495303668537002,19.068367141824282,0.0,0.006693656474383245,0.39382819525168666
balanced_correlated,1,scheduled_gain,1680,0.0025382890465706076,1620,60,0.08024918571353022,22.113774239842275,0.0,0.009488572990809803,0.32755585594318676
balanced_correlated,1,scheduled_gain,1800,0.0018928326992462274,1740,60,0.09618249259934131,20.385711715572818,0.0,0.006372683302853403,0.3814177085038033
balanced_correlated,1,scheduled_gain,1920,0.0012580767812409022,1860,60,0.08668801412967506,21.727557934888292,0.0,0.009819581347252564,0.3494368586010429
balanced_correlated,1,scheduled_gain,2040,0.0008380557875007355,1980,60,0.07303759620661691,21.53163111099285,0.0,0.007998732824560451,0.3479945868932815
balanced_correlated,1,scheduled_gain,2160,0.0006198691431653636,2100,60,0.09286383445223452,21.280580217919027,0.0,0.0059888003064897406,0.34881175300176637
balanced_correlated,1,scheduled_gain,2280,0.0004712519110072755,2220,60,0.09034478324052203,22.298035710827524,0.0,0.009762208284459528,0.33516178543231223
balanced_correlated,1,scheduled_gain,2400,0.00035799581579931683,2340,60,0.10467423789479621,18.783946198758986,0.0,0.007714744008841177,0.3966404226498652
balanced_correlated,1,triggered_gain,120,0.8371338001686035,0,120,0.07007755980020744,23.577179543941988,0.0,0.007527820071925846,0.33175030874442657
balanced_correlated,1,triggered_gain,240,0.3706382754955424,0,240,0.07007755980020744,23.577179543941988,0.0,0.05003079570449117,0.33175030874442657
balanced_correlated,1,triggered_gain,360,0.205524742777917,240,120,0.16343814233248705,12.556733661201392,0.0,0.009578063464668924,0.5350227174176722
balanced_correlated,1,triggered_gain,480,0.15670150664684845,360,120,0.08846278008692643,20.703169013983043,0.0,0.00590761430438932,0.3559816383111469
balanced_correlated,1,triggered_gain,600,0.12222653978621256,480,120,0.09128596826175993,17.578374677661166,0.0,0.006772325035228236,0.38488897244734027
balanced_correlated,1,triggered_gain,720,0.09862005571516397,480,240,0.09128596826175993,17.578374677661166,0.0,0.005736362666945051,0.38488897244734027
balanced_correlated,1,triggered_gain,840,0.08586771698115525,480,360,0.09128596826175993,17.578374677661166,0.0,0.005736362666945051,0.38488897244734027
balanced_correlated,1,triggered_gain,960,0.07520142725484069,480,480,0.09128596826175993,17.578374677661166,0.0,0.006808912307415522,0.38488897244734027
balanced_correlated,1,triggered_gain,1080,0.05943200963694295,480,600,0.09128596826175993,17.578374677661166,0.0,0.007092066241839001,0.38488897244734027
balanced_correlated,1,triggered_gain,1200,0.04606269399452678,480,720,0.09128596826175993,17.578374677661166,0.0,0.006025367838133679,0.38488897244734027
balanced_correlated,1,triggered_gain,1320,0.040276254635683184,480,840,0.09128596826175993,17.578374677661166,0.0,0.0056281259321013955,0.38488897244734027
balanced_correlated,1,triggered_gain,1440,0.0289597583141199,1320,120,0.09016921074272896,18.58492673672207,0.0,0.005295675503654283,0.3824325193981546
balanced_correlated,1,triggered_gain,1560,0.025091476444778493,1320,240,0.09016921074272896,18.58492673672207,0.0,0.005408331105122966,0.3824325193981546
balanced_correlated,1,triggered_gain,1680,0.02008629548326768,1560,120,0.0936709957232045,17.068619955545838,0.0,0.005920927272813918,0.4090633088927998
balanced_correlated,1,triggered_gain,1800,0.01592489567554134,1560,240,0.0936709957232045,17.068619955545838,0.0,0.007003850072270884,0.4090633088927998
balanced_correlated,1,triggered_gain,1920,0.013936723964365072,1560,360,0.0936709957232045,17.068619955545838,0.0,0.007270453072339815,0.4090633088927998
balanced_correlated,1,triggered_gain,2040,0.010148773071755102,1920,120,0.13277301108972686,18.574628544232258,0.0,0.005304896432320724,0.38075255510951045
balanced_correlated,1,triggered_gain,2160,0.00775751669142366,1920,240,0.13277301108972686,18.574628544232258,0.0,0.0076056009158067765,0.38075255510951045
balanced_correlated,1,triggered_gain,2280,0.0070891472252467835,1920,360,0.13277301108972686,18.574628544232258,0.0,0.007566368565728681,0.38075255510951045
balanced_correlated,1,triggered_gain,2400,0.00560088319727825,2280,120,0.09418723768468956,17.47963290709275,0.0,0.005247971244499104,0.40777015130565747
balanced_correlated,2,scheduled_gain,120,1.143508294380693,60,60,0.20462063680417616,11.08394255526593,0.0,0.04409296318363502,0.5665047415374724
balanced_correlated,2,scheduled_gain,240,0.6191863663076567,180,60,0.1229441865492488,15.344490061279862,0.0,0.005990288487934418,0.4747813357788495
balanced_correlated,2,scheduled_gain,360,0.3460988664929383,300,60,0.13119979260788925,14.812788567402926,0.0,0.012727257567979378,0.4915841037140997
balanced_correlated,2,scheduled_gain,480,0.18550038425554494,420,60,0.12282184797192888,13.988609744026585,0.0,0.00742285912448791,0.5122655214372527
balanced_correlated,2,scheduled_gain,600,0.091478725705195,540,60,0.14086887762178374,13.95699340022454,0.0,0.01302862115297327,0.542305168592199
balanced_correlated,2,scheduled_gain,720,0.05902297148710822,660,60,0.10124980083657802,18.496108369374166,0.0,0.0075354597830107764,0.3966536991349946
balanced_correlated,2,scheduled_gain,840,0.040348529748822415,780,60,0.08564949475372088,20.357683498596824,0.2,0.09284679182177304,0.35316669092959707
balanced_correlated,2,scheduled_gain,960,0.028754246501254688,900,60,0.07342319547596171,21.624944609138566,0.0,0.007536708183616769,0.3363802115974853
balanced_correlated,2,scheduled_gain,1080,0.021371191955140922,1020,60,0.09975676721639207,18.266814649520974,0.0,0.009191783663613722,0.40519020120734356
balanced_correlated,2,scheduled_gain,1200,0.016444354011967643,1140,60,0.09200461820294313,19.083672701562374,0.0,0.0064862714715424215,0.42024974012220784
balanced_correlated,2,scheduled_gain,1320,0.011037091995487636,1260,60,0.08665581628901571,19.36912624606206,0.0,0.023389207048248355,0.38546990019377775
balanced_correlated,2,scheduled_gain,1440,0.007933598034629785,1380,60,0.09591304527942818,20.78028811804908,0.0,0.006966922248341261,0.36451686892990565
balanced_correlated,2,scheduled_gain,1560,0.006023465143930373,1500,60,0.128819277205315,18.138548926501773,0.0,0.010352104082486194,0.3882942102848802
balanced_correlated,2,scheduled_gain,1680,0.004254669985842785,1620,60,0.11049157414092048,19.11796400072183,0.0,0.005386407163099492,0.3918287571317069
balanced_correlated,2,scheduled_gain,1800,0.0030073321026584665,1740,60,0.11616768492785896,18.325674351215238,0.0,0.005506417708422426,0.39061948516025824
balanced_correlated,2,scheduled_gain,1920,0.00231792539525566,1860,60,0.12614405035852733,17.106129210779393,0.0,0.00908448998172429,0.41595952024441557
balanced_correlated,2,scheduled_gain,2040,0.0016546252448876864,1980,60,0.13884425631095226,16.193587526999785,0.0,0.006908501532848216,0.43815599166240016
balanced_correlated,2,scheduled_gain,2160,0.0012964842829745749,2100,60,0.15257846541140954,14.211650862703811,0.0,0.006803342509170674,0.4836489359875319
balanced_correlated,2,scheduled_gain,2280,0.0009067174544750145,2220,60,0.15500365171720631,14.2404296706868,0.0,0.014639310825996291,0.47710128537651
balanced_correlated,2,scheduled_gain,2400,0.0006486937847056673,2340,60,0.17020395789330955,14.605564003839774,0.0,0.03843448686723456,0.46497496344227773
balanced_correlated,2,triggered_gain,120,1.3494591805834264,0,120,0.044292122038131265,34.07406593648047,0.2,0.09445233816674015,0.2108355048507524
balanced_correlated,2,triggered_gain,240,0.601270672532694,0,240,0.044292122038131265,34.07406593648047,0.0,0.06394441651054356,0.2108355048507524
balanced_correlated,2,triggered_gain,360,0.23257090186725504,240,120,0.2352979489059858,9.846658931009491,0.0,0.007503376575841682,0.6022383945011444
balanced_correlated,2,triggered_gain,480,0.14758040047197518,360,120,0.09122512045197001,22.314763537465616,0.0,0.005851336484146499,0.3616194958820928
balanced_correlated,2,triggered_gain,600,0.08785219262063437,480,120,0.12197104240794805,14.395169566114054,0.0,0.017195178514289478,0.4982781558725715
balanced_correlated,2,triggered_gain,720,0.06133128129504595,480,240,0.12197104240794805,14.395169566114054,0.0,0.005616374157511835,0.4982781558725715
balanced_correlated,2,triggered_gain,840,0.045164391836055806,720,120,0.08228506484267528,24.52394674959819,0.2,0.09669552963625677,0.32176383447560414
balanced_correlated,2,triggered_gain,960,0.0394602882147006,720,240,0.08228506484267528,24.52394674959819,0.0,0.014543475798096388,0.32176383447560414
balanced_correlated,2,triggered_gain,1080,0.0265477194871111,960,120,0.1609815309978347,12.246332094012292,0.0,0.00598096733759473,0.5541961732768678
balanced_correlated,2,triggered_gain,1200,0.021986044350844836,960,240,0.1609815309978347,12.246332094012292,0.0,0.00598096733759473,0.5541961732768678
balanced_correlated,2,triggered_gain,1320,0.016421466298687015,1200,120,0.0780758829897965,21.386099669688328,0.0,0.005226406077981317,0.36158787483405935
balanced_correlated,2,triggered_gain,1440,0.016184037620715408,1200,240,0.0780758829897965,21.386099669688328,0.0,0.005226406077981317,0.36158787483405935
balanced_correlated,2,triggered_gain,1560,0.01281119910557127,1440,120,0.14695736358311864,12.298651720975819,0.0,0.005405769872604938,0.5414345680875424
balanced_correlated,2,triggered_gain,1680,0.011204011603767494,1440,240,0.14695736358311864,12.298651720975819,0.0,0.005400159695054356,0.5414345680875424
balanced_correlated,2,triggered_gain,1800,0.009043074982394206,1680,120,0.10508443409018944,17.257451825634178,0.0,0.005435768164066989,0.4319328964762409
balanced_correlated,2,triggered_gain,1920,0.008626956508164696,1680,240,0.10508443409018944,17.257451825634178,0.0,0.008537985209153968,0.4319328964762409
balanced_correlated,2,triggered_gain,2040,0.006336913441640668,1920,120,0.16050480336309145,12.48907257692638,0.0,0.0052199441266727355,0.5336819612323168
balanced_correlated,2,triggered_gain,2160,0.005718213832270447,1920,240,0.16050480336309145,12.48907257692638,0.0,0.005220181863780941,0.5336819612323168
balanced_correlated,2,triggered_gain,2280,0.004707054264599719,2160,120,0.10311039394384999,19.476274006004637,0.0,0.00590496983280782,0.3862431312231699
balanced_correlated,2,triggered_gain,2400,0.004329074217258366,2160,240,0.10311039394384999,19.476274006004637,0.0,0.00590496983280782,0.3862431312231699
balanced_correlated,3,scheduled_gain,120,1.8049255792940992,60,60,0.13592559025653866,10.779227988065058,0.0,0.006227981579813741,0.6214831956981284
balanced_correlated,3,scheduled_gain,240,0.8405189772120369,180,60,0.20634130115390276,10.417520909072755,0.0,0.012227950413177615,0.5817247856722855
balanced_correlated,3,scheduled_gain,360,0.4956144114115584,300,60,0.25830747167045925,9.470766190419578,0.0,0.007010384356312703,0.5955758666795525
balanced_correlated,3,scheduled_gain,480,0.3172467489857107,420,60,0.11010896192975753,17.487114074220134,0.0,0.010139623171516806,0.4204506727034313
balanced_correlated,3,scheduled_gain,600,0.2138284762981737,540,60,0.10141927270579797,15.610353319405116,0.0,0.009899486305764364,0.4431384760485391
balanced_correlated,3,scheduled_gain,720,0.13376198884840473,660,60,0.10411911318427679,15.566573531252956,0.0,0.032146465214813,0.462654008611731
balanced_correlated,3,scheduled_gain,840,0.0935316632898302,780,60,0.08995000749401737,17.89443676824315,0.0,0.007641239069035855,0.41530636944112687
balanced_correlated,3,scheduled_gain,960,0.06621266035718198,900,60,0.08590026464949164,20.218383496242502,0.0,0.006175925601917517,0.3595866484028492
balanced_correlated,3,scheduled_gain,1080,0.044435718769193944,1020,60,0.07366917280063652,21.598926383787013,0.0,0.00804491704389234,0.33564905007162893
balanced_correlated,3,scheduled_gain,1200,0.02854097648315479,1140,60,0.08507278276926494,20.811765750415045,0.0,0.007587639583372825,0.35127811327543995
balanced_correlated,3,scheduled_gain,1320,0.01949486412080592,1260,60,0.07880761532855426,20.050424018339566,0.0,0.005577231551866897,0.35161334433951513
balanced_correlated,3,scheduled_gain,1440,0.013057338894851611,1380,60,0.08906506649024722,22.158504852203347,0.0,0.046881598723725985,0.3078126950197635
balanced_correlated,3,scheduled_gain,1560,0.009192193454000464,1500,60,0.07437903754389742,21.051847424249416,0.0,0.011766851023386649,0.3245517851510091
balanced_correlated,3,scheduled_gain,1680,0.0059506244840190625,1620,60,0.08819697896913564,19.160847973572764,0.0,0.005861284479567123,0.3975185599773786
balanced_correlated,3,scheduled_gain,1800,0.0041045490402202844,1740,60,0.09326174275101642,18.3263108119161,0.0,0.0058676507160816335,0.41330488490411754
balanced_correlated,3,scheduled_gain,1920,0.002923489083805464,1860,60,0.07992333677111624,21.244075262796606,0.0,0.005564474658565622,0.34972278313615873
balanced_correlated,3,scheduled_gain,2040,0.002084822996872404,1980,60,0.1149028934995311,17.895932582087568,0.0,0.015237712892058747,0.4194685776624233
balanced_correlated,3,scheduled_gain,2160,0.0015412226125621764,2100,60,0.10418302194753708,15.100037189326667,0.0,0.006814320517985096,0.4813696860384103
balanced_correlated,3,scheduled_gain,2280,0.0011286895847502088,2220,60,0.10370202556581086,16.639503089750242,0.0,0.010587065220443467,0.45088120200649223
balanced_correlated,3,scheduled_gain,2400,0.0007961356042658352,2340,60,0.10749594971136053,15.686355641703868,0.0,0.006222785751272636,0.4566792028176873
balanced_correlated,3,triggered_gain,120,1.936833718592624,0,120,0.05259361795197879,35.337547135106185,0.0,0.009186580520784629,0.22377289938566824
balanced_correlated,3,triggered_gain,240,0.6035891838139444,0,240,0.05259361795197879,35.337547135106185,0.0,0.06728723875461769,0.22377289938566824
balanced_correlated,3,triggered_gain,360,0.36629667279255607,240,120,0.16612246442271072,13.642391215680298,0.0,0.01995477267764008,0.5032142306105644
balanced_correlated,3,triggered_gain,480,0.245593275467054,360,120,0.12563735284741637,15.08675672949237,0.0,0.005419647250620739,0.4936104146558149
balanced_correlated,3,triggered_gain,600,0.21455163369875274,360,240,0.12563735284741637,15.08675672949237,0.0,0.008198991021772966,0.4936104146558149
balanced_correlated,3,triggered_gain,720,0.16629156907591458,600,120,0.13107806250531434,15.379984100420119,0.0,0.011194618396134299,0.47080254432461316
balanced_correlated,3,triggered_gain,840,0.1488662930915181,600,240,0.13107806250531434,15.379984100420119,0.2,0.1302087580419691,0.47080254432461316
balanced_correlated,3,triggered_gain,960,0.10447354026916278,840,120,0.10261684938110735,19.4131917982462,0.0,0.012755851657204807,0.3799016362324085
balanced_correlated,3,triggered_gain,1080,0.08699872386806495,840,240,0.10261684938110735,19.4131917982462,0.0,0.00569802619575895,0.3799016362324085
balanced_correlated,3,triggered_gain,1200,0.06617006463982777,1080,120,0.10166889765896676,17.577097866757175,0.0,0.0054753744256729325,0.4400977101392117
balanced_correlated,3,triggered_gain,1320,0.05839835093397161,1080,240,0.10166889765896676,17.577097866757175,0.0,0.0054753744256729325,0.4400977101392117
balanced_correlated,3,triggered_gain,1440,0.046208860493318404,1320,120,0.1303027714782593,14.421353155095305,0.0,0.0053534504388794615,0.4910324184113181
balanced_correlated,3,triggered_gain,1560,0.041088867892407954,1320,240,0.1303027714782593,14.421353155095305,0.0,0.005919716991993476,0.4910324184113181
balanced_correlated,3,triggered_gain,1680,0.03432320916457865,1560,120,0.11404894628145601,16.150528738561007,0.0,0.005319111863833574,0.45555675624793074
balanced_correlated,3,triggered_gain,1800,0.033590761256600654,1560,240,0.11404894628145601,16.150528738561007,0.0,0.005319111863833574,0.45555675624793074
balanced_correlated,3,triggered_gain,1920,0.022507002901210882,1800,120,0.14846548611293675,12.02654270236905,0.4,0.21578689827496847,0.5733391224004772
balanced_correlated,3,triggered_gain,2040,0.020761331026925234,1800,240,0.14846548611293675,12.02654270236905,0.0,0.005259717268332477,0.5733391224004772
balanced_correlated,3,triggered_gain,2160,0.01681365804720869,2040,120,0.10406437346102314,16.428759007935422,0.0,0.005271378147801073,0.44861216877203286
balanced_correlated,3,triggered_gain,2280,0.014864000107673192,2040,240,0.10406437346102314,16.428759007935422,0.0,0.005272712393742254,0.44861216877203286
balanced_correlated,3,triggered_gain,2400,0.011599258066010698,2280,120,0.13363548821983515,14.52896347957161,0.0,0.005283631050217853,0.4743517949011963
balanced_correlated,4,scheduled_gain,120,1.0684541102263325,60,60,0.22740575145141737,11.97145501405495,0.2,0.11587136848121177,0.4987002656170911
balanced_correlated,4,scheduled_gain,240,0.5771115516339336,180,60,0.0689638396806241,23.203149908341725,0.0,0.005543667736623693,0.3122105358881257
balanced_correlated,4,scheduled_gain,360,0.3665487128018108,300,60,0.08471780058574004,21.192820844778637,0.0,0.008410601602264289,0.3552086404301343
balanced_correlated,4,scheduled_gain,480,0.25685392586642397,420,60,0.07506450840729487,23.04844873661294,0.0,0.006567209633268025,0.3110589744967863
balanced_correlated,4,scheduled_gain,600,0.15691411242141085,540,60,0.0727429802767398,22.04688304259558,0.0,0.005852053612706085,0.33130586144562246
balanced_correlated,4,scheduled_gain,720,0.08552709579820306,660,60,0.10115690396980892,19.696036786666966,0.0,0.020883871150325913,0.3940565667670395
balanced_correlated,4,scheduled_gain,840,0.058316397788339636,780,60,0.13836800545136885,16.153422240900447,0.0,0.005460312170153397,0.44052064344389774
balanced_correlated,4,scheduled_gain,960,0.03965672858402458,900,60,0.1760547671374596,13.33606032451071,0.0,0.009523533961980525,0.4943670686538749
balanced_correlated,4,scheduled_gain,1080,0.02958602658386633,1020,60,0.17482893154338197,11.906245152874712,0.0,0.0059976137306356385,0.5525560403334157
balanced_correlated,4,scheduled_gain,1200,0.021648176856632784,1140,60,0.1971032338281123,9.991904667281707,0.4,0.40055067029640895,0.5661760033996293
balanced_correlated,4,scheduled_gain,1320,0.01311449844272694,1260,60,0.15162140306739874,12.683665549421795,0.2,0.06872481244014314,0.5424965825664312
balanced_correlated,4,scheduled_gain,1440,0.008810603545236884,1380,60,0.1162985598259816,16.289829136068647,0.0,0.03694985663653823,0.45589478022104224
balanced_correlated,4,scheduled_gain,1560,0.0064019827420835895,1500,60,0.10002622384647754,18.222203744299495,0.0,0.01690410231412419,0.430271062937518
balanced_correlated,4,scheduled_gain,1680,0.004189637857031414,1620,60,0.10059914919591904,16.60913812320943,0.0,0.010041786699525712,0.4376874124336666
balanced_correlated,4,scheduled_gain,1800,0.0026172847326386695,1740,60,0.08863170394108455,17.4743739583499,0.0,0.005359214098486847,0.40874512195211377
balanced_correlated,4,scheduled_gain,1920,0.0018189544750737419,1860,60,0.0938045267753924,18.792717509277104,0.0,0.0056243723835534805,0.4032445250894262
balanced_correlated,4,scheduled_gain,2040,0.0012186075111579875,1980,60,0.08254610684671336,23.334007561881393,0.0,0.005351305718740265,0.3381629033828054
balanced_correlated,4,scheduled_gain,2160,0.0007851103750171617,2100,60,0.10184316633255194,21.39069606749698,0.0,0.009591025380134684,0.3722740428399091
balanced_correlated,4,scheduled_gain,2280,0.0004970387329703563,2220,60,0.1049287746462539,22.242398648579503,0.0,0.010404031598705146,0.33606818259169535
balanced_correlated,4,scheduled_gain,2400,0.0003503613617383827,2340,60,0.13712280418569212,17.593630306905133,0.0,0.0077036310485749295,0.39141413523757446
balanced_correlated,4,triggered_gain,120,1.0372024387198242,0,120,0.08355723136389287,21.428807026922517,0.0,0.05866550389820793,0.36839650326696605
balanced_correlated,4,triggered_gain,240,0.8206652542520505,0,240,0.08355723136389287,21.428807026922517,0.0,0.03252302075532132,0.36839650326696605
balanced_correlated,4,triggered_gain,360,0.3983729947092449,240,120,0.200684771299901,11.170492994961338,0.0,0.009046351592183257,0.5757450960135028
balanced_correlated,4,triggered_gain,480,0.376660416829973,240,240,0.200684771299901,11.170492994961338,0.0,0.008949854097417786,0.5757450960135028
balanced_correlated,4,triggered_gain,600,0.28240291262146977,480,120,0.16926352464226363,12.470872563837652,0.0,0.006580946477478674,0.5360903609305947
balanced_correlated,4,triggered_gain,720,0.26959715346796065,480,240,0.16926352464226363,12.470872563837652,0.0,0.006580946477478674,0.5360903609305947
balanced_correlated,4,triggered_gain,840,0.19192420424452683,720,120,0.14924267133652894,13.430699235386454,0.0,0.005283904779519406,0.5151747161857151
balanced_correlated,4,triggered_gain,960,0.17715910289055348,720,240,0.14924267133652894,13.430699235386454,0.0,0.005283966293704444,0.5151747161857151
balanced_correlated,4,triggered_gain,1080,0.1325819572158129,960,120,0.10655333642936007,14.627242315239364,0.0,0.005371133334334826,0.4786480254650707
balanced_correlated,4,triggered_gain,1200,0.11699614085046095,960,240,0.10655333642936007,14.627242315239364,0.0,0.005499014072347517,0.4786480254650707
balanced_correlated,4,triggered_gain,1320,0.09074402541125792,1200,120,0.1355555159661764,12.627367246534412,0.0,0.005259396741576043,0.5548847321831529
balanced_correlated,4,triggered_gain,1440,0.07163730322568052,1200,240,0.1355555159661764,12.627367246534412,0.0,0.005259396741576043,0.5548847321831529
balanced_correlated,4,triggered_gain,1560,0.06677904832052883,1200,360,0.1355555159661764,12.627367246534412,0.0,0.005259396741576043,0.5548847321831529
balanced_correlated,4,triggered_gain,1680,0.056956646168354386,1560,120,0.14588769841948107,11.161913317161618,0.0,0.005247590466159518,0.6097462920998623
balanced_correlated,4,triggered_gain,1800,0.05317677767849016,1560,240,0.14588769841948107,11.161913317161618,0.0,0.009418084096664807,0.6097462920998623
balanced_correlated,4,triggered_gain,1920,0.043712202967283176,1800,120,0.17259236925919974,12.279041910134506,0.0,0.005839452331938684,0.5187852944541995
balanced_correlated,4,triggered_gain,2040,0.043078699004235776,1800,240,0.17259236925919974,12.279041910134506,0.0,0.005839452331938684,0.5187852944541995
balanced_correlated,4,triggered_gain,2160,0.032933236189269355,2040,120,0.1385661076956282,11.677273623216877,0.0,0.005347558458391799,0.5930210219831041
balanced_correlated,4,triggered_gain,2280,0.03235409739214479,2040,240,0.1385661076956282,11.677273623216877,0.0,0.005347558458391799,0.5930210219831041
balanced_correlated,4,triggered_gain,2400,0.025567749861053812,2280,120,0.17918467388515377,13.188128706539427,0.0,0.005209229400171221,0.5043848318212435
balanced_correlated,5,scheduled_gain,120,1.0097050430851238,60,60,0.10294327319542439,19.32572321639968,0.2,0.12887789187433507,0.37885730883336477
balanced_correlated,5,scheduled_gain,240,0.38688279688320915,180,60,0.11507809926156952,16.03929681779741,0.2,0.15772030012790725,0.47119308059245724
balanced_correlated,5,scheduled_gain,360,0.18874874034507982,300,60,0.10141548891835313,20.036186473464046,0.0,0.008857938425992872,0.38717974234718355
balanced_correlated,5,scheduled_gain,480,0.11475200876483926,420,60,0.09347558097914602,17.220066062173515,0.0,0.013303895404574375,0.44833570233940157
balanced_correlated,5,scheduled_gain,600,0.06910911412784593,540,60,0.10068371142590755,16.40528753298867,0.0,0.01589225454125854,0.4474787364545621
balanced_correlated,5,scheduled_gain,720,0.04799976271219508,660,60,0.11364180243115458,16.319306738634765,0.0,0.008161448076532856,0.45436358063803534
balanced_correlated,5,scheduled_gain,840,0.035050234080496345,780,60,0.09961818951007821,18.098526469625515,0.0,0.011234225828090466,0.4243431808393812
balanced_correlated,5,scheduled_gain,960,0.02419377191530403,900,60,0.10480664957022559,17.227200607533163,0.0,0.0066396069436546745,0.44437466336950937
balanced_correlated,5,scheduled_gain,1080,0.016983990629050094,1020,60,0.0978187543559573,19.35598071365431,0.0,0.007139053047054959,0.40376395803847553
balanced_correlated,5,scheduled_gain,1200,0.010820977016796629,1140,60,0.07151538522115236,22.162186636224728,0.0,0.01414381723710179,0.32809279995934687
balanced_correlated,5,scheduled_gain,1320,0.007843409255634537,1260,60,0.10829994068154208,17.511270085863856,0.0,0.005545501703647935,0.4141477733584161
balanced_correlated,5,scheduled_gain,1440,0.00548794231212657,1380,60,0.10039883532050738,18.38507218182983,0.0,0.007428354667741204,0.4052728099689206
balanced_correlated,5,scheduled_gain,1560,0.0037352741237199893,1500,60,0.09073727982120532,18.664706366199592,0.0,0.009500110129041166,0.4070448261926721
balanced_correlated,5,scheduled_gain,1680,0.002400645821293068,1620,60,0.09013836068374366,19.95480117107254,0.0,0.010568145957087756,0.38209616081419695
balanced_correlated,5,scheduled_gain,1800,0.0016319843297303294,1740,60,0.10361290222070851,16.650398579971938,0.0,0.006121270662128567,0.4508006308029696
balanced_correlated,5,scheduled_gain,1920,0.0011434920759798572,1860,60,0.10086976748278399,18.547117712558304,0.0,0.00667434568255317,0.423047739462965
balanced_correlated,5,scheduled_gain,2040,0.0008410135598415636,1980,60,0.09499486264861726,17.002495707887135,0.0,0.005480626406910387,0.4357072964891775
balanced_correlated,5,scheduled_gain,2160,0.00059935069392969,2100,60,0.10059133691692712,16.928773015552594,0.0,0.01980891958340937,0.4333300506534503
balanced_correlated,5,scheduled_gain,2280,0.00042382090650638915,2220,60,0.11248849486058465,16.25594716334194,0.0,0.00701757434808391,0.4561194687635785
balanced_correlated,5,scheduled_gain,2400,0.00030305025757737525,2340,60,0.12616549209778166,16.263820423703685,0.0,0.005713159045238081,0.4477568582241597
balanced_correlated,5,triggered_gain,120,1.066023534907599,0,120,0.05374137185590451,31.85947829533613,0.0,0.05201671777464859,0.22270535546305315
balanced_correlated,5,triggered_gain,240,0.6100829005233814,0,240,0.05374137185590451,31.85947829533613,0.0,0.018173873729311063,0.22270535546305315
balanced_correlated,5,triggered_gain,360,0.3543531388555805,240,120,0.2686590535855014,7.83261883505127,0.0,0.0206000773052559,0.6563615432097425
balanced_correlated,5,triggered_gain,480,0.27358722599950047,240,240,0.2686590535855014,7.83261883505127,0.0,0.021627823891572546,0.6563615432097425
balanced_correlated,5,triggered_gain,600,0.2161321099681941,480,120,0.26302309791602196,7.622267767693755,0.0,0.007391579046062886,0.6996102770220758
balanced_correlated,5,triggered_gain,720,0.1908709475843855,480,240,0.26302309791602196,7.622267767693755,0.0,0.007391579046062886,0.6996102770220758
balanced_correlated,5,triggered_gain,840,0.15557483206853728,720,120,0.16834621905187303,10.213827413481372,0.0,0.005853486653409746,0.6474405091879051
balanced_correlated,5,triggered_gain,960,0.1534819737583497,720,240,0.16834621905187303,10.213827413481372,0.0,0.005853486653409746,0.6474405091879051
balanced_correlated,5,triggered_gain,1080,0.12300480248285606,960,120,0.16110578292922018,8.63905682487777,0.0,0.005209012782339171,0.7434742246186372
balanced_correlated,5,triggered_gain,1200,0.10735745296410748,960,240,0.16110578292922018,8.63905682487777,0.0,0.00520938780227766,0.7434742246186372
balanced_correlated,5,triggered_gain,1320,0.08622023221203046,960,360,0.16110578292922018,8.63905682487777,0.0,0.00520938780227766,0.7434742246186372
balanced_correlated,5,triggered_gain,1440,0.0800026754182408,960,480,0.16110578292922018,8.63905682487777,0.0,0.005209402345255231,0.7434742246186372
balanced_correlated,5,triggered_gain,1560,0.06579879229529029,1440,120,0.21521567236236958,8.62884900228888,0.4,0.10249767713923003,0.644522435782191
balanced_correlated,5,triggered_gain,1680,0.06164084039104756,1440,240,0.21521567236236958,8.62884900228888,0.0,0.007246787946304928,0.644522435782191
balanced_correlated,5,triggered_gain,1800,0.05049349139033277,1680,120,0.225035613813159,6.566200303315676,0.0,0.0057641446888909275,0.7632561584881247
balanced_correlated,5,triggered_gain,1920,0.037819347022099326,1680,240,0.225035613813159,6.566200303315676,0.0,0.005764758908069599,0.7632561584881247
balanced_correlated,5,triggered_gain,2040,0.03161468356903985,1680,360,0.225035613813159,6.566200303315676,0.0,0.0057641446888909275,0.7632561584881247
balanced_correlated,5,triggered_gain,2160,0.02266850096696027,2040,120,0.25881460276671764,8.254991323609856,0.0,0.005878266376647734,0.6430844127284572
balanced_correlated,5,triggered_gain,2280,0.019151175034784806,2040,240,0.25881460276671764,8.254991323609856,0.0,0.005878266376647734,0.6430844127284572
balanced_correlated,5,triggered_gain,2400,0.016230585130068587,2280,120,0.23512874543838944,8.2681951771523,0.0,0.01137257215377109,0.6969279841980511
balanced_correlated,6,scheduled_gain,120,1.2835121918554844,60,60,0.10462307654301328,20.15590861571218,0.0,0.028149605535466013,0.3781555253981672
balanced_correlated,6,scheduled_gain,240,0.6893578365355331,180,60,0.10594094356287778,19.86215414823299,0.0,0.008296424708223248,0.38329946192860737
balanced_correlated,6,scheduled_gain,360,0.458804394510266,300,60,0.1264071144602664,18.908655514524348,0.0,0.010980557767595267,0.39166744693940286
balanced_correlated,6,scheduled_gain,480,0.263830213661008,420,60,0.09141886435033461,21.36007355749736,0.0,0.023686291567767477,0.3441470614732636
balanced_correlated,6,scheduled_gain,600,0.1837077688002422,540,60,0.08989036872793305,21.02857066086298,0.0,0.015593205923012585,0.32979377495389234
balanced_correlated,6,scheduled_gain,720,0.1282532761638855,660,60,0.09733556616114342,16.678530067136627,0.0,0.0053476386240882395,0.42276175575270963
balanced_correlated,6,scheduled_gain,840,0.09121438829059292,780,60,0.09695619183505058,18.480594362997987,0.0,0.008103734913552397,0.3949998937095349
balanced_correlated,6,scheduled_gain,960,0.062373694098335264,900,60,0.08194467313552468,20.219866179211724,0.0,0.007231620073466958,0.3501535201042769
balanced_correlated,6,scheduled_gain,1080,0.04403918736219614,1020,60,0.10566994702290691,19.691811077131305,0.0,0.0059048105404012965,0.37580461868871473
balanced_correlated,6,scheduled_gain,1200,0.03273241025095963,1140,60,0.11821864152347618,19.116189982055385,0.0,0.007199471950160999,0.38680136005376425
balanced_correlated,6,scheduled_gain,1320,0.023043277980548282,1260,60,0.10015586430516409,18.503404918433645,0.0,0.005773318941449033,0.3981784978783941
balanced_correlated,6,scheduled_gain,1440,0.015502911190108382,1380,60,0.10126966305356397,18.358662025356143,0.0,0.006167070150682824,0.38944009979312366
balanced_correlated,6,scheduled_gain,1560,0.009932812064004537,1500,60,0.11705761549231061,15.254951880171106,0.0,0.01158293115594939,0.483342428029792
balanced_correlated,6,scheduled_gain,1680,0.006671391289066797,1620,60,0.09798484956370455,17.95806593038112,0.0,0.006082584463033653,0.406713410697932
balanced_correlated,6,scheduled_gain,1800,0.0048038686748244075,1740,60,0.11973437102966444,14.108588633512362,0.0,0.005490345335569573,0.5113210226674842
balanced_correlated,6,scheduled_gain,1920,0.0034600475901940264,1860,60,0.11523139056555799,15.000749329800417,0.0,0.00902285995678039,0.5023534916552009
balanced_correlated,6,scheduled_gain,2040,0.0025965257158167,1980,60,0.11063194429854695,16.399507265755148,0.0,0.0053822713439835215,0.45974473334090804
balanced_correlated,6,scheduled_gain,2160,0.001910785719024144,2100,60,0.12120337602719845,14.22545591361197,0.0,0.005305447268985552,0.5112027196050726
balanced_correlated,6,scheduled_gain,2280,0.0014007863496869888,2220,60,0.10346274387537972,15.700976447734153,0.0,0.007175306853763586,0.45525104174024994
balanced_correlated,6,scheduled_gain,2400,0.000979788955082661,2340,60,0.10458204948347283,15.426737507018037,0.0,0.006725762921628615,0.49965708223186683
balanced_correlated,6,triggered_gain,120,1.0104265292745476,0,120,0.06917520752834488,25.24582898915007,0.2,0.14322421100365912,0.309629960607805
balanced_correlated,6,triggered_gain,240,0.5683920920273873,0,240,0.06917520752834488,25.24582898915007,0.0,0.04262499931761579,0.309629960607805
balanced_correlated,6,triggered_gain,360,0.24859265773274464,240,120,0.2476899992020421,10.44108813853618,0.0,0.008243571978324657,0.5302549582396787
balanced_correlated,6,triggered_gain,480,0.20563009154235523,240,240,0.2476899992020421,10.44108813853618,0.0,0.009350998313922785,0.5302549582396787
balanced_correlated,6,triggered_gain,600,0.13083294436304227,480,120,0.11975370229875622,16.019970159300264,0.0,0.006425605306148452,0.4448594194474185
balanced_correlated,6,triggered_gain,720,0.10190975884041187,480,240,0.11975370229875622,16.019970159300264,0.0,0.0072974540078085005,0.4448594194474185
balanced_correlated,6,triggered_gain,840,0.08337058178414525,720,120,0.09384391980021321,17.95064584362434,0.0,0.006747072603316282,0.41279126168313307
balanced_correlated,6,triggered_gain,960,0.07403316413143157,720,240,0.09384391980021321,17.95064584362434,0.0,0.0063229717918374135,0.41279126168313307
balanced_correlated,6,triggered_gain,1080,0.06438443029937213,720,360,0.09384391980021321,17.95064584362434,0.0,0.006725614039076696,0.41279126168313307
balanced_correlated,6,triggered_gain,1200,0.05367331077446558,720,480,0.09384391980021321,17.95064584362434,0.0,0.006725614039076696,0.41279126168313307
balanced_correlated,6,triggered_gain,1320,0.05018488302073543,720,600,0.09384391980021321,17.95064584362434,0.0,0.006725614039076696,0.41279126168313307
balanced_correlated,6,triggered_gain,1440,0.03974229284269715,1320,120,0.10877078687889899,17.39112566674,0.0,0.0052421350516850375,0.4312158607416771
balanced_correlated,6,triggered_gain,1560,0.03520119072572925,1320,240,0.10877078687889899,17.39112566674,0.0,0.005469319260042692,0.4312158607416771
balanced_correlated,6,triggered_gain,1680,0.02919670228785476,1560,120,0.08812626216208126,17.379098115590548,0.0,0.006791988384182695,0.4029361397975031
balanced_correlated,6,triggered_gain,1800,0.02545821888617894,1560,240,0.08812626216208126,17.379098115590548,0.0,0.005759328106251454,0.4029361397975031
balanced_correlated,6,triggered_gain,1920,0.0223617278962025,1560,360,0.08812626216208126,17.379098115590548,0.0,0.005600308246438927,0.4029361397975031
balanced_correlated,6,triggered_gain,2040,0.018640902944341065,1560,480,0.08812626216208126,17.379098115590548,0.0,0.005591963812010729,0.4029361397975031
balanced_correlated,6,triggered_gain,2160,0.016319787125079532,1560,600,0.08812626216208126,17.379098115590548,0.0,0.0055926065121967555,0.4029361397975031
balanced_correlated,6,triggered_gain,2280,0.015097308774147056,1560,720,0.08812626216208126,17.379098115590548,0.0,0.0055926065121967555,0.4029361397975031
balanced_correlated,6,triggered_gain,2400,0.013287983460600561,1560,840,0.08812626216208126,17.379098115590548,0.0,0.0055926065121967555,0.4029361397975031
balanced_correlated,7,scheduled_gain,120,0.8018686538138105,60,60,0.14940472245583652,15.18258091164053,0.0,0.04453928159589939,0.4673981288017578
balanced_correlated,7,scheduled_gain,240,0.44038955952537995,180,60,0.10154813095935762,19.345049056410936,0.0,0.046332195720209704,0.4034565560886316
balanced_correlated,7,scheduled_gain,360,0.28535579376439557,300,60,0.10204045151509256,21.10674133437257,0.0,0.008399028906134724,0.3520658618032092
balanced_correlated,7,scheduled_gain,480,0.1566155557324116,420,60,0.10099647559601421,21.095642641521927,0.0,0.01705119312431214,0.36273336641422194
balanced_correlated,7,scheduled_gain,600,0.08662148064636144,540,60,0.059073290035158744,26.326570226750338,0.0,0.03387304846526773,0.28121950144591185
balanced_correlated,7,scheduled_gain,720,0.06315436994399404,660,60,0.08370712086870401,23.521387583879875,0.0,0.005673381552319103,0.3258873646446628
balanced_correlated,7,scheduled_gain,840,0.040062461076242784,780,60,0.08151355424521088,22.111511338969528,0.0,0.00677015062855568,0.34007069842570453
balanced_correlated,7,scheduled_gain,960,0.027038148152923824,900,60,0.07358097222542109,21.73080031507405,0.0,0.007494949858187882,0.33425164773221877
balanced_correlated,7,scheduled_gain,1080,0.01802327432808104,1020,60,0.08547720516960508,19.218259170348126,0.0,0.015684321835055,0.37156283528187456
balanced_correlated,7,scheduled_gain,1200,0.012099831069312561,1140,60,0.12351484135060609,15.699157528103981,0.0,0.007040491791146622,0.4467634394501948
balanced_correlated,7,scheduled_gain,1320,0.008491726577087189,1260,60,0.09265548665389535,18.078379045805686,0.0,0.0053131889515297065,0.3862760445842209
balanced_correlated,7,scheduled_gain,1440,0.005618173731127829,1380,60,0.0980134593201483,16.878969948046727,0.0,0.005840138232222971,0.3937921756808876
balanced_correlated,7,scheduled_gain,1560,0.0032798992038554076,1500,60,0.12044554384550646,14.131800434678318,0.0,0.01159677508004442,0.4944486923171218
balanced_correlated,7,scheduled_gain,1680,0.002123195236411579,1620,60,0.08507202053393731,19.085964624284966,0.0,0.009226268993639998,0.3629251278136814
balanced_correlated,7,scheduled_gain,1800,0.0014767090523415405,1740,60,0.0953205968680256,17.019087624601408,0.0,0.005741203088572091,0.40159790611144985
balanced_correlated,7,scheduled_gain,1920,0.0008472907282874864,1860,60,0.10030511135579229,17.375046150242262,0.0,0.019415100347854132,0.4120044417885181
balanced_correlated,7,scheduled_gain,2040,0.0005408313826644751,1980,60,0.10054342136599127,16.45649848735875,0.0,0.00817441107594533,0.4408570970931535
balanced_correlated,7,scheduled_gain,2160,0.00037891333453954346,2100,60,0.0976932464484407,20.53363739594723,0.0,0.006026836750303385,0.3674063695033131
balanced_correlated,7,scheduled_gain,2280,0.00022388548531138142,2220,60,0.07642086501055118,23.91879151145386,0.0,0.005408071299616488,0.3052647035728485
balanced_correlated,7,scheduled_gain,2400,0.00015351593133727803,2340,60,0.08820705178748472,22.367329640199614,0.0,0.005830109076115928,0.3397218185215916
balanced_correlated,7,triggered_gain,120,0.8680139414661503,0,120,0.06533203306436267,31.473994667147718,0.0,0.07690909462969911,0.24505118079880975
balanced_correlated,7,triggered_gain,240,0.6406078135653157,0,240,0.06533203306436267,31.473994667147718,0.0,0.019990188273966154,0.24505118079880975
balanced_correlated,7,triggered_gain,360,0.37873162789296977,240,120,0.2833231939436013,7.268773717879123,0.0,0.040152142144021324,0.7163893663695763
balanced_correlated,7,triggered_gain,480,0.2550961988057838,240,240,0.2833231939436013,7.268773717879123,0.0,0.029450254764341505,0.7163893663695763
balanced_correlated,7,triggered_gain,600,0.16003777082568593,480,120,0.16961247697628834,11.089931974868499,0.0,0.015445897349692657,0.6136068216402131
balanced_correlated,7,triggered_gain,720,0.15020673586077793,480,240,0.16961247697628834,11.089931974868499,0.0,0.010679852633381542,0.6136068216402131
balanced_correlated,7,triggered_gain,840,0.11703370781695055,720,120,0.18748161927885884,11.53422727556915,0.0,0.00523228697481871,0.5448079361802326
balanced_correlated,7,triggered_gain,960,0.11497179037860183,720,240,0.18748161927885884,11.53422727556915,0.0,0.00523228697481871,0.5448079361802326
balanced_correlated,7,triggered_gain,1080,0.08995133308909731,960,120,0.1101007988709478,14.848348518413252,0.0,0.0052122678877658465,0.4900160193824588
balanced_correlated,7,triggered_gain,1200,0.08178740980876587,960,240,0.1101007988709478,14.848348518413252,0.0,0.005211520890451624,0.4900160193824588
balanced_correlated,7,triggered_gain,1320,0.06676766722974836,1200,120,0.1720652305951107,11.28682004789132,0.0,0.005231714184060947,0.5496498323475867
balanced_correlated,7,triggered_gain,1440,0.05761635542634602,1200,240,0.1720652305951107,11.28682004789132,0.0,0.005231714184060947,0.5496498323475867
balanced_correlated,7,triggered_gain,1560,0.05637627356712738,1200,360,0.1720652305951107,11.28682004789132,0.0,0.005231714184060947,0.5496498323475867
balanced_correlated,7,triggered_gain,1680,0.043138595152181214,1560,120,0.1258826230808643,14.457639314896031,0.0,0.005216937309541959,0.5030845847842558
balanced_correlated,7,triggered_gain,1800,0.03758760919572479,1560,240,0.1258826230808643,14.457639314896031,0.0,0.005218713481197055,0.5030845847842558
balanced_correlated,7,triggered_gain,1920,0.02903053224114549,1800,120,0.1899096077425903,10.150523673183091,0.0,0.005455420865998036,0.5892999773630131
balanced_correlated,7,triggered_gain,2040,0.026690192800742363,1800,240,0.1899096077425903,10.150523673183091,0.0,0.005663337720143512,0.5892999773630131
balanced_correlated,7,triggered_gain,2160,0.020366095124390693,2040,120,0.15425367051694105,10.191114442109722,0.0,0.006252425257179424,0.6407963592054898
balanced_correlated,7,triggered_gain,2280,0.016107445730655368,2040,240,0.15425367051694105,10.191114442109722,0.0,0.006005350378392697,0.6407963592054898
balanced_correlated,7,triggered_gain,2400,0.015202711443898842,2040,360,0.15425367051694105,10.191114442109722,0.0,0.006067646284524862,0.6407963592054898
balanced_correlated,8,scheduled_gain,120,1.1451582125426234,60,60,0.19127860231951474,11.086414519171884,0.0,0.03756378025667838,0.589509155600916
balanced_correlated,8,scheduled_gain,240,0.5113239235539688,180,60,0.09515719871504183,19.393050914289837,0.0,0.015300993303739983,0.4043966337423136
balanced_correlated,8,scheduled_gain,360,0.3035375800227249,300,60,0.10354336613939333,19.21337216857851,0.0,0.007287559810607324,0.39287319393455733
balanced_correlated,8,scheduled_gain,480,0.17968679592918857,420,60,0.09859934680295965,21.152541658989744,0.0,0.006392323283908132,0.353892392923562
balanced_correlated,8,scheduled_gain,600,0.11735917112734828,540,60,0.0850109466490619,21.97164705544333,0.0,0.007076149906254039,0.3377926657525436
balanced_correlated,8,scheduled_gain,720,0.07450885945605235,660,60,0.07845757873032676,20.096609835808174,0.0,0.013446866279425738,0.3481338161158079
balanced_correlated,8,scheduled_gain,840,0.05282114885477185,780,60,0.07894514082259782,21.91994078047245,0.0,0.005213189394773086,0.32888940533891875
balanced_correlated,8,scheduled_gain,960,0.031510597814437435,900,60,0.09630444226874973,19.875031710681874,0.0,0.007995643325659151,0.3778314352144265
balanced_correlated,8,scheduled_gain,1080,0.022136066541891264,1020,60,0.11029093329012027,16.47824074408581,0.0,0.00533760796622631,0.4478524998614648
balanced_correlated,8,scheduled_gain,1200,0.01603705415068335,1140,60,0.11558037309570401,16.704334548921068,0.0,0.005862909854051433,0.4524802160419966
balanced_correlated,8,scheduled_gain,1320,0.011941495606901054,1260,60,0.12264356815070501,14.96546128407782,0.0,0.006084794234027636,0.5013815562791999
balanced_correlated,8,scheduled_gain,1440,0.008577615877296108,1380,60,0.16602383743623486,9.329082650170662,0.2,0.12191401313356931,0.686267915955456
balanced_correlated,8,scheduled_gain,1560,0.006280800526647923,1500,60,0.1520121805992949,10.490553319472612,0.0,0.03943349002421054,0.634732870512699
balanced_correlated,8,scheduled_gain,1680,0.004841375934339531,1620,60,0.1590444390731089,9.820083276400718,0.0,0.010240782904241302,0.6668683304494316
balanced_correlated,8,scheduled_gain,1800,0.0031470921292138243,1740,60,0.18322393698583572,9.623290681003862,0.0,0.02342515989355426,0.6647235577450427
balanced_correlated,8,scheduled_gain,1920,0.002419225162358263,1860,60,0.17975786965864657,8.528387951912743,0.0,0.005293827620159263,0.7009944241308061
balanced_correlated,8,scheduled_gain,2040,0.0017702149229381625,1980,60,0.17783928651166117,8.023735910149236,0.0,0.006581979959701306,0.7226359388389053
balanced_correlated,8,scheduled_gain,2160,0.0013520511157563142,2100,60,0.19334851464274794,7.155966610138249,0.0,0.012392017813001338,0.7636536722469118
balanced_correlated,8,scheduled_gain,2280,0.0009182414898369906,2220,60,0.19393097305233406,8.040604335569773,0.0,0.007311995320764469,0.7134333457215114
balanced_correlated,8,scheduled_gain,2400,0.0005380479107999214,2340,60,0.18481694613433697,8.884887688239433,0.0,0.007167232908923163,0.6814533014382522
balanced_correlated,8,triggered_gain,120,1.4219642648489956,0,120,0.0988094304500065,15.865805488088242,0.0,0.04582871773455511,0.46223781243737827
balanced_correlated,8,triggered_gain,240,1.108854388477631,0,240,0.0988094304500065,15.865805488088242,0.0,0.010075060070484962,0.46223781243737827
balanced_correlated,8,triggered_gain,360,0.647920226963635,240,120,0.20544616805680246,11.057914383177332,0.0,0.02941683580595924,0.5591091748308332
balanced_correlated,8,triggered_gain,480,0.5516044669248754,240,240,0.20544616805680246,11.057914383177332,0.0,0.035029760791151755,0.5591091748308332
balanced_correlated,8,triggered_gain,600,0.3977318988138716,480,120,0.2781942323168452,7.869180171437333,0.0,0.006338074169707643,0.6529742404342092
balanced_correlated,8,triggered_gain,720,0.35157374483582826,480,240,0.2781942323168452,7.869180171437333,0.0,0.006338074169707643,0.6529742404342092
balanced_correlated,8,triggered_gain,840,0.2811471405103698,720,120,0.14154212995316476,10.241420042856204,0.0,0.005212151326680176,0.6680464968726016
balanced_correlated,8,triggered_gain,960,0.2595835586175861,720,240,0.14154212995316476,10.241420042856204,0.0,0.005212151326680176,0.6680464968726016
balanced_correlated,8,triggered_gain,1080,0.20021439229147076,960,120,0.39702584857574696,5.281679418922495,0.0,0.005213544677030311,0.693829085103033
balanced_correlated,8,triggered_gain,1200,0.15122805142022555,960,240,0.39702584857574696,5.281679418922495,0.0,0.005213544677030311,0.693829085103033
balanced_correlated,8,triggered_gain,1320,0.13932032856500065,960,360,0.39702584857574696,5.281679418922495,0.0,0.005213544677030311,0.693829085103033
balanced_correlated,8,triggered_gain,1440,0.11497778027807115,1320,120,0.17073821510293347,8.338179327473478,0.0,0.00595948038533272,0.7506350797129718
balanced_correlated,8,triggered_gain,1560,0.10363519320778725,1320,240,0.17073821510293347,8.338179327473478,0.0,0.05986949456960624,0.7506350797129718
balanced_correlated,8,triggered_gain,1680,0.076649201150226,1560,120,0.5321658150846663,3.362465871302154,0.0,0.005282444144532386,0.702952182569598
balanced_correlated,8,triggered_gain,1800,0.05716004492296323,1560,240,0.5321658150846663,3.362465871302154,0.0,0.005282444144532386,0.702952182569598
balanced_correlated,8,triggered_gain,1920,0.05364115416327486,1560,360,0.5321658150846663,3.362465871302154,0.0,0.005282444144532386,0.702952182569598
balanced_correlated,8,triggered_gain,2040,0.0429257286171989,1920,120,0.18284933033120263,7.691134317554802,0.0,0.01491084488738739,0.7868732430952317
balanced_correlated,8,triggered_gain,2160,0.04175858959589096,1920,240,0.18284933033120263,7.691134317554802,0.0,0.005308514502532348,0.7868732430952317
balanced_correlated,8,triggered_gain,2280,0.034004647434418445,2160,120,0.5765937292861406,2.9179337127577387,0.0,0.005269570020698631,0.7316686690945422
balanced_correlated,8,triggered_gain,2400,0.0240087486781837,2160,240,0.5765937292861406,2.9179337127577387,0.0,0.005269570020698631,0.7316686690945422
balanced_correlated,9,scheduled_gain,120,1.025007324754117,60,60,0.14184755272646232,11.905921400967799,0.0,0.09171799437857256,0.5718490485218614
balanced_correlated,9,scheduled_gain,240,0.45226260727693024,180,60,0.11989753648466359,14.652225242518021,0.0,0.005726595901602258,0.4802548683326059
balanced_correlated,9,scheduled_gain,360,0.24629352762702483,300,60,0.08830927747107296,20.271606458238672,0.0,0.005840095813185198,0.38009464008711663
balanced_correlated,9,scheduled_gain,480,0.16144396758589163,420,60,0.09063246075746037,21.849450180234516,0.0,0.03154871282317584,0.3328682460532215
balanced_correlated,9,scheduled_gain,600,0.11110586563715286,540,60,0.0664091688782842,23.65707028635575,0.0,0.007044367060855729,0.29838888236077643
balanced_correlated,9,scheduled_gain,720,0.06936900949294911,660,60,0.07923198724751818,21.05103585694077,0.0,0.008203750559268653,0.3538518186185059
balanced_correlated,9,scheduled_gain,840,0.0457234163983653,780,60,0.10555674984377597,20.626098151191528,0.0,0.006455983063545834,0.3658698135591518
balanced_correlated,9,scheduled_gain,960,0.03352381043289476,900,60,0.07574979908884764,21.081604991156066,0.0,0.007510260944461368,0.35753561372565107
balanced_correlated,9,scheduled_gain,1080,0.0246110725130122,1020,60,0.11468751221929502,15.182677979157665,0.0,0.0070961067234144234,0.5129879170159523
balanced_correlated,9,scheduled_gain,1200,0.01772064201417356,1140,60,0.12452655831825278,14.978939180181783,0.0,0.006244974239249818,0.5049153313273539
balanced_correlated,9,scheduled_gain,1320,0.012440876727167538,1260,60,0.10923447514643546,18.190258458467323,0.0,0.022652223502139555,0.4312857804276185
balanced_correlated,9,scheduled_gain,1440,0.008739406027144625,1380,60,0.09429249286666182,18.492561447351367,0.0,0.0058427558549918705,0.42506103550998137
balanced_correlated,9,scheduled_gain,1560,0.005579019350491876,1500,60,0.08869039105813334,20.082894463419603,0.0,0.006422191249319656,0.3714295304308609
balanced_correlated,9,scheduled_gain,1680,0.004213750068611244,1620,60,0.08587094622959143,18.572462728404112,0.0,0.007026518075541759,0.3815335591155846
balanced_correlated,9,scheduled_gain,1800,0.002739901818656243,1740,60,0.09418487783374842,18.04574920611278,0.0,0.007606921704964514,0.39697686241580976
balanced_correlated,9,scheduled_gain,1920,0.0019715471699286446,1860,60,0.11702697022885812,16.877375798710812,0.0,0.00984249552142887,0.4514918458285023
balanced_correlated,9,scheduled_gain,2040,0.0013183384387018826,1980,60,0.07543881782234943,22.050868986572077,0.0,0.014844504368277455,0.32064466518008694
balanced_correlated,9,scheduled_gain,2160,0.0009563541978825363,2100,60,0.0938362993035917,19.755216148642507,0.0,0.007935026782137977,0.3695846696865555
balanced_correlated,9,scheduled_gain,2280,0.0007229673247968194,2220,60,0.08237655301750975,19.984525234165893,0.0,0.0059472714925831284,0.35850561542074433
balanced_correlated,9,scheduled_gain,2400,0.0005143636345397162,2340,60,0.07044030102820069,21.282932632311738,0.0,0.02582132565457724,0.3223464960818479
balanced_correlated,9,triggered_gain,120,0.7686206926708117,0,120,0.08420167095943316,18.082773814637427,0.0,0.05985442299102238,0.3739052494024539
balanced_correlated,9,triggered_gain,240,0.5292831966344242,0,240,0.08420167095943316,18.082773814637427,0.0,0.04003206492993415,0.3739052494024539
balanced_correlated,9,triggered_gain,360,0.25344619960148895,240,120,0.2868037624814596,8.352493070850997,0.0,0.03198256704421337,0.6053003744006891
balanced_correlated,9,triggered_gain,480,0.17887669000150597,240,240,0.2868037624814596,8.352493070850997,0.0,0.021986297501250154,0.6053003744006891
balanced_correlated,9,triggered_gain,600,0.1224546743105086,480,120,0.1733997928021744,11.991121790031418,0.0,0.009774878905125146,0.5384082096842099
balanced_correlated,9,triggered_gain,720,0.10292842045229289,480,240,0.1733997928021744,11.991121790031418,0.0,0.00900000121058893,0.5384082096842099
balanced_correlated,9,triggered_gain,840,0.0766993322666174,720,120,0.13110350440865867,15.91126693694664,0.0,0.0059822629003867265,0.4443384019103641
balanced_correlated,9,triggered_gain,960,0.06752925603387538,720,240,0.13110350440865867,15.91126693694664,0.0,0.005505204600373978,0.4443384019103641
balanced_correlated,9,triggered_gain,1080,0.047161093753850025,960,120,0.11988655820826112,16.28976483219266,0.0,0.005426712493814583,0.45058055104338285
balanced_correlated,9,triggered_gain,1200,0.04347776290990657,960,240,0.11988655820826112,16.28976483219266,0.0,0.005426712493814583,0.45058055104338285
balanced_correlated,9,triggered_gain,1320,0.034096714743300005,1200,120,0.10529595828562995,15.817665575135404,0.0,0.005851594284886829,0.45781738515682646
balanced_correlated,9,triggered_gain,1440,0.031134429677039943,1200,240,0.10529595828562995,15.817665575135404,0.0,0.005747803048682505,0.45781738515682646
balanced_correlated,9,triggered_gain,1560,0.023855548668281212,1440,120,0.16181728957291697,13.296481380825693,0.0,0.00524297347326703,0.5113320327750612
balanced_correlated,9,triggered_gain,1680,0.02287483791163769,1440,240,0.16181728957291697,13.296481380825693,0.0,0.00524297347326703,0.5113320327750612
balanced_correlated,9,triggered_gain,1800,0.01870770149133394,1680,120,0.1184150546762527,15.156352380562009,0.0,0.005324554912614575,0.46387079616637983
balanced_correlated,9,triggered_gain,1920,0.01614890467612451,1680,240,0.1184150546762527,15.156352380562009,0.0,0.005295138425286719,0.46387079616637983
balanced_correlated,9,triggered_gain,2040,0.015535734861581219,1680,360,0.1184150546762527,15.156352380562009,0.0,0.005324554912614575,0.46387079616637983
balanced_correlated,9,triggered_gain,2160,0.011867442676328555,2040,120,0.16459271937949424,13.324234351502083,0.0,0.005216870417947222,0.5277211963686737
balanced_correlated,9,triggered_gain,2280,0.01155614779379599,2040,240,0.16459271937949424,13.324234351502083,0.0,0.005216870417947222,0.5277211963686737
balanced_correlated,9,triggered_gain,2400,0.00959743263511692,2280,120,0.127603986762774,13.828933417415717,0.0,0.005246900462183259,0.52871135873347
balanced_correlated,10,scheduled_gain,120,0.6275114193066722,60,60,0.0953799171100071,18.818247075458054,0.2,0.15309886474370782,0.4101049475686383
balanced_correlated,10,scheduled_gain,240,0.3455704799477357,180,60,0.11569014494036076,20.485809461231682,0.0,0.11166795851540823,0.3658778858197288
balanced_correlated,10,scheduled_gain,360,0.206345740602897,300,60,0.14916754123921672,14.025592162101484,0.0,0.007626216429525091,0.5190525463698932
balanced_correlated,10,scheduled_gain,480,0.12436867697382326,420,60,0.18384591433947045,12.929032794515434,0.0,0.010766404755733688,0.5177869978119223
balanced_correlated,10,scheduled_gain,600,0.08344678220859203,540,60,0.10174066502678804,18.47973924873703,0.0,0.0073245962292329434,0.4257460542380631
balanced_correlated,10,scheduled_gain,720,0.053410433366110954,660,60,0.12118087070712254,15.228445427297787,0.0,0.006960844205597346,0.46380656157011246
balanced_correlated,10,scheduled_gain,840,0.036801842577687705,780,60,0.18182211382634791,11.182793903622175,0.0,0.007148977596950384,0.554209266708814
balanced_correlated,10,scheduled_gain,960,0.023370744971532353,900,60,0.18826447018195258,10.345332677269365,0.0,0.005809219596419831,0.6042444923522349
balanced_correlated,10,scheduled_gain,1080,0.016562376352101893,1020,60,0.13489866526326252,17.675026589344114,0.0,0.017914626229347093,0.4126754620625669
balanced_correlated,10,scheduled_gain,1200,0.012705072769299885,1140,60,0.2077431681253109,10.170636800805237,0.0,0.010979395913814739,0.5383711945016734
balanced_correlated,10,scheduled_gain,1320,0.0096471923360828,1260,60,0.1742168764989203,12.758255679999879,0.0,0.0065195602661175705,0.5068901271947585
balanced_correlated,10,scheduled_gain,1440,0.006704369058466941,1380,60,0.19136937133397974,11.081521852389992,0.0,0.00725036582749958,0.5847299529552802
balanced_correlated,10,scheduled_gain,1560,0.00483342998148073,1500,60,0.17902104265888882,12.513502165323501,0.0,0.009486925734379693,0.5137024173105456
balanced_correlated,10,scheduled_gain,1680,0.0036651900497042256,1620,60,0.20818467591974493,10.031977141068923,0.0,0.008917208248225734,0.5853499957781488
balanced_correlated,10,scheduled_gain,1800,0.00288872999879608,1740,60,0.182398958942142,11.485567574949737,0.0,0.006643147120137362,0.545366109953757
balanced_correlated,10,scheduled_gain,1920,0.002002158484015304,1860,60,0.17347603211621115,12.139445041908198,0.0,0.006080084296932041,0.505496437654987
balanced_correlated,10,scheduled_gain,2040,0.0013750036189654757,1980,60,0.23072051964328702,10.698792361391124,0.0,0.012505410230042664,0.5508517840004716
balanced_correlated,10,scheduled_gain,2160,0.0010249119160370412,2100,60,0.2126116238614292,10.687438692430485,0.0,0.014346762958189213,0.5578231989244614
balanced_correlated,10,scheduled_gain,2280,0.0007903420823400786,2220,60,0.1699542276286037,12.184961952449889,0.0,0.006430943940948422,0.5117135454483758
balanced_correlated,10,scheduled_gain,2400,0.0005579524945718006,2340,60,0.2288508078037998,8.726542998779252,0.0,0.025233285782486025,0.5859806934114309
balanced_correlated,10,triggered_gain,120,0.682222900445228,0,120,0.08024983664257881,21.424322166985064,0.0,0.0535667067441688,0.33540082078539524
balanced_correlated,10,triggered_gain,240,0.49926798793515603,0,240,0.08024983664257881,21.424322166985064,0.0,0.04397225777447214,0.33540082078539524
balanced_correlated,10,triggered_gain,360,0.292212189686909,240,120,0.19507464327495078,10.186747500784572,0.0,0.013613980528242883,0.5914651777399412
balanced_correlated,10,triggered_gain,480,0.21570188777421162,240,240,0.19507464327495078,10.186747500784572,0.0,0.02254000535514851,0.5914651777399412
balanced_correlated,10,triggered_gain,600,0.15314081660570622,480,120,0.16324270399735433,12.217551893867768,0.0,0.006665791605881807,0.5446009746547481
balanced_correlated,10,triggered_gain,720,0.1437291849223068,480,240,0.16324270399735433,12.217551893867768,0.0,0.006749892215582355,0.5446009746547481
balanced_correlated,10,triggered_gain,840,0.11627152072939628,720,120,0.11906406203308924,16.059483571529285,0.0,0.0061132965853653055,0.4390333731540852
balanced_correlated,10,triggered_gain,960,0.1105413530444328,720,240,0.11906406203308924,16.059483571529285,0.0,0.006105352852242828,0.4390333731540852
balanced_correlated,10,triggered_gain,1080,0.09424734764268505,960,120,0.14350038239150917,10.454685819649342,0.0,0.005237165905018043,0.6096775556467868
balanced_correlated,10,triggered_gain,1200,0.08777723177140029,960,240,0.14350038239150917,10.454685819649342,0.0,0.005335291756953579,0.6096775556467868
balanced_correlated,10,triggered_gain,1320,0.07295404183586607,1200,120,0.15021283968061733,12.829467951805432,0.0,0.005261149972571892,0.5077811838710884
balanced_correlated,10,triggered_gain,1440,0.07107752232115416,1200,240,0.15021283968061733,12.829467951805432,0.0,0.005261149972571892,0.5077811838710884
balanced_correlated,10,triggered_gain,1560,0.06148806364641013,1440,120,0.14378270259123216,10.161135865500473,0.0,0.005215381790724451,0.6316424810604906
balanced_correlated,10,triggered_gain,1680,0.056196522466784415,1440,240,0.14378270259123216,10.161135865500473,0.0,0.005215235711339109,0.6316424810604906
balanced_correlated,10,triggered_gain,1800,0.05532043561871536,1440,360,0.14378270259123216,10.161135865500473,0.0,0.0052145623428815225,0.6316424810604906
balanced_correlated,10,triggered_gain,1920,0.046441529558499894,1800,120,0.1753472691766123,10.592927077994982,0.0,0.005237429001930323,0.5890589524386065
balanced_correlated,10,triggered_gain,2040,0.04550858475452779,1800,240,0.1753472691766123,10.592927077994982,0.0,0.005237429001930323,0.5890589524386065
balanced_correlated,10,triggered_gain,2160,0.038450855853422894,2040,120,0.16415045034616163,8.534919922795494,0.2,0.1785178735782989,0.7165791227036012
balanced_correlated,10,triggered_gain,2280,0.03744720111380628,2040,240,0.16415045034616163,8.534919922795494,0.0,0.005215137162746122,0.7165791227036012
balanced_correlated,10,triggered_gain,2400,0.03174849862052653,2280,120,0.21735461821329277,8.530930526720097,0.0,0.00524600938918532,0.6527220522931468
balanced_correlated,11,scheduled_gain,120,1.5697783897179223,60,60,0.25130199297567124,11.22990050895734,0.0,0.030509227401281157,0.4728988105776981
balanced_correlated,11,scheduled_gain,240,0.8405298752302679,180,60,0.1237574705355898,15.4721633099957,0.0,0.024891540589452046,0.4917188724857906
balanced_correlated,11,scheduled_gain,360,0.4751096701276829,300,60,0.126134545081106,14.908119632037355,0.0,0.025027970189041765,0.49147830174878027
balanced_correlated,11,scheduled_gain,480,0.2796690496249936,420,60,0.11464832363982007,15.223731542679147,0.0,0.00693802568147843,0.47701669436760924
balanced_correlated,11,scheduled_gain,600,0.18028301585338413,540,60,0.1337704034194999,13.852393430494793,0.0,0.009328945509225452,0.5019207336579518
balanced_correlated,11,scheduled_gain,720,0.12648962176380207,660,60,0.139555727508762,13.63189334296461,0.0,0.015718252587070373,0.5006988185393398
balanced_correlated,11,scheduled_gain,840,0.08977189211285319,780,60,0.14316424121112634,12.910020604069652,0.0,0.007229269048954819,0.532424477033715
balanced_correlated,11,scheduled_gain,960,0.058966981102588356,900,60,0.1466841210496462,13.919668685853367,0.0,0.0059804873588059785,0.49757902149059446
balanced_correlated,11,scheduled_gain,1080,0.04130132084129068,1020,60,0.12490478473114118,15.284963836892308,0.0,0.005914898305165107,0.4740137473601271
balanced_correlated,11,scheduled_gain,1200,0.02506347086385441,1140,60,0.13906648683769135,15.526046511264825,0.0,0.006686432740486338,0.4756187150464485
balanced_correlated,11,scheduled_gain,1320,0.01817107964030651,1260,60,0.13272434984031226,14.83643222782925,0.0,0.00921707668724755,0.4781507262619608
balanced_correlated,11,scheduled_gain,1440,0.01367266906267739,1380,60,0.15859168297784498,12.416599581217989,0.0,0.006635344607604452,0.5611403977248828
balanced_correlated,11,scheduled_gain,1560,0.010118991366017127,1500,60,0.13590093126945,13.332262365042329,0.6,0.3938634003697873,0.5290332851920412
balanced_correlated,11,scheduled_gain,1680,0.006602397932310655,1620,60,0.13937886652746778,14.501276548131834,0.0,0.005702168067233889,0.5207607734651551
balanced_correlated,11,scheduled_gain,1800,0.004730558296087484,1740,60,0.117218305836903,16.64169215594151,0.0,0.005489256305779211,0.472310842624402
balanced_correlated,11,scheduled_gain,1920,0.003307352494742233,1860,60,0.10225065012816589,18.45208920134511,0.0,0.007923204290961453,0.43029550912898523
balanced_correlated,11,scheduled_gain,2040,0.002436898121321196,1980,60,0.10189898585592913,17.696209803424008,0.0,0.006562900881860644,0.4473994702323655
balanced_correlated,11,scheduled_gain,2160,0.0017122958475863648,2100,60,0.09699045513072567,18.466253403619906,0.0,0.012547500219828905,0.42853682574290797
balanced_correlated,11,scheduled_gain,2280,0.001287906036489428,2220,60,0.11167404773312509,18.287575692976436,0.0,0.006319609483561598,0.41179256527260444
balanced_correlated,11,scheduled_gain,2400,0.0010118927679592105,2340,60,0.11197547331739592,18.370061064034875,0.0,0.008626020923701171,0.4129738551506039
balanced_correlated,11,triggered_gain,120,1.8165987761150046,0,120,0.0793063263530665,19.848871974490862,0.0,0.053836897852736376,0.3704686455664358
balanced_correlated,11,triggered_gain,240,1.1391880462116664,0,240,0.0793063263530665,19.848871974490862,0.0,0.011314204644375088,0.3704686455664358
balanced_correlated,11,triggered_gain,360,0.7577880174922256,240,120,0.12521054434376308,15.172802104115537,0.0,0.005788783405996031,0.4597058804324654
balanced_correlated,11,triggered_gain,480,0.6566428153078339,240,240,0.12521054434376308,15.172802104115537,0.0,0.005788783405996031,0.4597058804324654
balanced_correlated,11,triggered_gain,600,0.46667010231999617,480,120,0.10820479974617613,14.257207687050164,0.0,0.005874064454130204,0.4767799078808046
balanced_correlated,11,triggered_gain,720,0.45180320557866205,480,240,0.10820479974617613,14.257207687050164,0.0,0.005874064454130204,0.4767799078808046
balanced_correlated,11,triggered_gain,840,0.31252159876454266,720,120,0.13492293207553926,14.975876417480695,0.0,0.005293585716646001,0.4691137728517137
balanced_correlated,11,triggered_gain,960,0.2887068325193334,720,240,0.13492293207553926,14.975876417480695,0.0,0.005213333165230585,0.4691137728517137
balanced_correlated,11,triggered_gain,1080,0.199759509043699,960,120,0.09903450270366998,16.488024906841094,0.0,0.005284226360214224,0.43621914234094733
balanced_correlated,11,triggered_gain,1200,0.18891618817060074,960,240,0.09903450270366998,16.488024906841094,0.0,0.005284226360214224,0.43621914234094733
balanced_correlated,11,triggered_gain,1320,0.12729245723260796,1200,120,0.16522928084925181,12.087958061269806,0.4,0.2819119068162152,0.5381997903785449
balanced_correlated,11,triggered_gain,1440,0.09981347602043256,1200,240,0.16522928084925181,12.087958061269806,0.0,0.005268204550144405,0.5381997903785449
balanced_correlated,11,triggered_gain,1560,0.07766301731138103,1440,120,0.10217078732340899,17.511490647721107,0.0,0.005716706123979625,0.4235053740928859
balanced_correlated,11,triggered_gain,1680,0.06505587575557614,1440,240,0.10217078732340899,17.511490647721107,0.0,0.005716706123979625,0.4235053740928859
balanced_correlated,11,triggered_gain,1800,0.05926863889570022,1440,360,0.10217078732340899,17.511490647721107,0.0,0.005716706123979625,0.4235053740928859
balanced_correlated,11,triggered_gain,1920,0.04502848114249991,1800,120,0.18826003845883194,9.351824592720853,0.0,0.0057880813651106896,0.6948465057427753
balanced_correlated,11,triggered_gain,2040,0.038171206932766655,1800,240,0.18826003845883194,9.351824592720853,0.0,0.005612798615792307,0.6948465057427753
balanced_correlated,11,triggered_gain,2160,0.027954132915072094,2040,120,0.1257869959532731,13.438067319133307,0.0,0.00543739876931521,0.5405469548532864
balanced_correlated,11,triggered_gain,2280,0.02701719545535175,2040,240,0.1257869959532731,13.438067319133307,0.0,0.00543739876931521,0.5405469548532864
balanced_correlated,11,triggered_gain,2400,0.021660729288291325,2280,120,0.1294785245566948,12.219153523995116,0.0,0.00537781590223779,0.599492032492158
