case,seed,method,steps,gap,proxy_work,seconds,refreshes
balanced_independent,0,uniform,0,28.767916123777322,448,1.2399978004395962e-05,0
balanced_independent,0,uniform,120,2.313125133838289,103016,0.0028237999649718404,0
balanced_independent,0,uniform,240,0.047790164989892414,205584,0.005458699946757406,0
balanced_independent,0,uniform,360,0.004988927068758198,308152,0.007777899969369173,0
balanced_independent,0,uniform,480,0.00041077431113079044,410720,0.01009709999198094,0
balanced_independent,0,uniform,600,0.0001786542814929959,513288,0.013813300000037998,0
balanced_independent,0,uniform,720,1.1419547356616988e-05,615856,0.015875799988862127,0
balanced_independent,0,uniform,840,1.0395735676738127e-06,718424,0.017766499950084835,0
balanced_independent,0,uniform,960,7.191150119822964e-08,820992,0.019572199962567538,0
balanced_independent,0,uniform,1080,4.010973775336879e-09,923560,0.021371099981479347,0
balanced_independent,0,uniform,1200,3.377333968046514e-10,1026128,0.02315579995047301,0
balanced_independent,0,uniform,1320,5.481481935021293e-11,1128696,0.024884299957193434,0
balanced_independent,0,uniform,1440,5.6421534111450455e-12,1231264,0.026453099970240146,0
balanced_independent,0,uniform,1560,4.733990977001667e-13,1333832,0.02899329998763278,0
balanced_independent,0,uniform,1680,1.2434497875801753e-14,1436400,0.031384199974127114,0
balanced_independent,0,uniform,1800,2.6645352591003757e-15,1538968,0.03381919994717464,0
balanced_independent,0,uniform,1920,0.0,1641536,0.036172599997371435,0
balanced_independent,0,uniform,2040,0.0,1744104,0.03853239997988567,0
balanced_independent,0,uniform,2160,0.0,1846672,0.04085349995875731,0
balanced_independent,0,uniform,2280,4.440892098500626e-16,1949240,0.04318129998864606,0
balanced_independent,0,uniform,2400,8.881784197001252e-16,2051808,0.04547299997648224,0
balanced_independent,0,lipschitz,0,28.767916123777322,448,5.999987479299307e-06,0
balanced_independent,0,lipschitz,120,2.315121284143684,103016,0.0017680999590083957,0
balanced_independent,0,lipschitz,240,0.0469601126054231,205584,0.003219700010959059,0
balanced_independent,0,lipschitz,360,0.005237050930536391,308152,0.004490799969062209,0
balanced_independent,0,lipschitz,480,0.0004361766438973902,410720,0.005596600007265806,0
balanced_independent,0,lipschitz,600,2.7521745531444708e-05,513288,0.006587599986232817,0
balanced_independent,0,lipschitz,720,6.135438923138281e-06,615856,0.007525799970608205,0
balanced_independent,0,lipschitz,840,9.425270066643066e-07,718424,0.008432400005403906,0
balanced_independent,0,lipschitz,960,1.4444108709099623e-07,820992,0.00933839997742325,0
balanced_independent,0,lipschitz,1080,6.846082367673034e-09,923560,0.010248699982184917,0
balanced_independent,0,lipschitz,1200,4.930202912589721e-10,1026128,0.011153900006320328,0
balanced_independent,0,lipschitz,1320,3.042543994524749e-11,1128696,0.012062599998898804,0
balanced_independent,0,lipschitz,1440,2.525979425627156e-12,1231264,0.012975599966011941,0
balanced_independent,0,lipschitz,1560,2.873257187729905e-13,1333832,0.013883600011467934,0
balanced_independent,0,lipschitz,1680,1.509903313490213e-14,1436400,0.014838900009635836,0
balanced_independent,0,lipschitz,1800,8.881784197001252e-16,1538968,0.01648419996490702,0
balanced_independent,0,lipschitz,1920,4.440892098500626e-16,1641536,0.01739539997652173,0
balanced_independent,0,lipschitz,2040,0.0,1744104,0.01836889999685809,0
balanced_independent,0,lipschitz,2160,0.0,1846672,0.019270699995104223,0
balanced_independent,0,lipschitz,2280,4.440892098500626e-16,1949240,0.020174100005533546,0
balanced_independent,0,lipschitz,2400,4.440892098500626e-16,2051808,0.021103399980347604,0
balanced_independent,0,scheduled_gain,0,28.767916123777322,448,3.100023604929447e-06,0
balanced_independent,0,scheduled_gain,120,0.8224767638835364,141512,0.0009858999983407557,2
balanced_independent,0,scheduled_gain,240,0.02442264854714793,282576,0.0019133000168949366,4
balanced_independent,0,scheduled_gain,360,0.0014844757181151635,423640,0.0028392000240273774,6
balanced_independent,0,scheduled_gain,480,5.891026952564715e-05,564704,0.0037592999869957566,8
balanced_independent,0,scheduled_gain,600,3.2011560753275603e-06,705768,0.00467739999294281,10
balanced_independent,0,scheduled_gain,720,2.546809678705131e-07,846832,0.005598600022494793,12
balanced_independent,0,scheduled_gain,840,1.2132009175047642e-08,987896,0.00651470001321286,14
balanced_independent,0,scheduled_gain,960,7.853193650930734e-10,1128960,0.008430799993220717,16
balanced_independent,0,scheduled_gain,1080,5.897327071124892e-11,1270024,0.011378100025467575,18
balanced_independent,0,scheduled_gain,1200,5.367262190247857e-12,1411088,0.013880499987863004,20
balanced_independent,0,scheduled_gain,1320,4.1655567883935873e-13,1552152,0.016353300015907735,22
balanced_independent,0,scheduled_gain,1440,3.9968028886505635e-14,1693216,0.018786999979056418,24
balanced_independent,0,scheduled_gain,1560,3.9968028886505635e-15,1834280,0.021319899999070913,26
balanced_independent,0,scheduled_gain,1680,4.440892098500626e-16,1975344,0.02349509997293353,28
balanced_independent,0,scheduled_gain,1800,4.440892098500626e-16,2116408,0.02532219997374341,30
balanced_independent,0,scheduled_gain,1920,4.440892098500626e-16,2257472,0.02723649999825284,32
balanced_independent,0,scheduled_gain,2040,8.881784197001252e-16,2398536,0.02819520002231002,34
balanced_independent,0,scheduled_gain,2160,4.440892098500626e-16,2539600,0.029167599976062775,36
balanced_independent,0,scheduled_gain,2280,0.0,2680664,0.030105900019407272,38
balanced_independent,0,scheduled_gain,2400,4.440892098500626e-16,2821728,0.031050999998115003,40
balanced_independent,0,triggered_gain,0,28.767916123777322,448,3.0999653972685337e-06,0
balanced_independent,0,triggered_gain,120,2.3254123433878195,122264,0.0009407000034116209,1
balanced_independent,0,triggered_gain,240,0.7106003153518041,224832,0.0018605999648571014,1
balanced_independent,0,triggered_gain,360,0.08596799242592823,346648,0.0027791999746114016,2
balanced_independent,0,triggered_gain,480,0.009945808153805746,468464,0.0036935999523848295,3
balanced_independent,0,triggered_gain,600,0.0015524640153250502,590280,0.0046091999975033104,4
balanced_independent,0,triggered_gain,720,0.0001952282072874567,712096,0.0055528999655507505,5
balanced_independent,0,triggered_gain,840,3.773610933688332e-05,833912,0.006479999981820583,6
balanced_independent,0,triggered_gain,960,6.309488781219841e-06,955728,0.007408299949020147,7
balanced_independent,0,triggered_gain,1080,1.535039151345785e-06,1077544,0.008330799988470972,8
balanced_independent,0,triggered_gain,1200,3.211989740847798e-07,1199360,0.009243999957107008,9
balanced_independent,0,triggered_gain,1320,6.574892008615052e-08,1321176,0.010167300002649426,10
balanced_independent,0,triggered_gain,1440,1.411931460637561e-08,1442992,0.011078299954533577,11
balanced_independent,0,triggered_gain,1560,2.7685502779206672e-09,1564808,0.012001700000837445,12
balanced_independent,0,triggered_gain,1680,5.588889351315629e-10,1686624,0.015431999985594302,13
balanced_independent,0,triggered_gain,1800,1.4445733498291702e-10,1808440,0.017965299950446934,14
balanced_independent,0,triggered_gain,1920,3.5354830174583185e-11,1930256,0.020384199975524098,15
balanced_independent,0,triggered_gain,2040,7.856382211457458e-12,2052072,0.022444999951403588,16
balanced_independent,0,triggered_gain,2160,1.497024726404561e-12,2173888,0.02483769995160401,17
balanced_independent,0,triggered_gain,2280,3.241851231905457e-13,2295704,0.0273149999557063,18
balanced_independent,0,triggered_gain,2400,7.505107646466058e-14,2417520,0.029934799997135997,19
balanced_independent,1,uniform,0,24.162466066812307,448,7.800001185387373e-06,0
balanced_independent,1,uniform,120,2.617752889093535,103016,0.0024381999974139035,0
balanced_independent,1,uniform,240,2.388979093986814,205584,0.004705699975602329,0
balanced_independent,1,uniform,360,0.10796214528201098,308152,0.007553799950983375,0
balanced_independent,1,uniform,480,0.011663521967844925,410720,0.010284099960699677,0
balanced_independent,1,uniform,600,0.0004824957278430908,513288,0.013101199991069734,0
balanced_independent,1,uniform,720,2.7484085471485287e-05,615856,0.015101799974218011,0
balanced_independent,1,uniform,840,1.5742680490760108e-05,718424,0.016607999976258725,0
balanced_independent,1,uniform,960,3.8959513570802073e-07,820992,0.017938599979970604,0
balanced_independent,1,uniform,1080,1.7976349742099273e-07,923560,0.019110799999907613,0
balanced_independent,1,uniform,1200,8.211698876436913e-09,1026128,0.020157499995548278,0
balanced_independent,1,uniform,1320,2.034854507115824e-09,1128696,0.021109299967065454,0
balanced_independent,1,uniform,1440,2.0935342348593622e-10,1231264,0.022014099988155067,0
balanced_independent,1,uniform,1560,8.829825759448795e-12,1333832,0.022921099967788905,0
balanced_independent,1,uniform,1680,5.170530670284279e-12,1436400,0.023824599978979677,0
balanced_independent,1,uniform,1800,4.747313653297169e-13,1538968,0.025972899980843067,0
balanced_independent,1,uniform,1920,4.8405723873656825e-14,1641536,0.028401799965649843,0
balanced_independent,1,uniform,2040,1.3322676295501878e-15,1744104,0.030712499981746078,0
balanced_independent,1,uniform,2160,0.0,1846672,0.03270889999112114,0
balanced_independent,1,uniform,2280,0.0,1949240,0.03471959999296814,0
balanced_independent,1,uniform,2400,0.0,2051808,0.03679449995979667,0
balanced_independent,1,lipschitz,0,24.162466066812307,448,6.999995093792677e-06,0
balanced_independent,1,lipschitz,120,3.996100411002968,103016,0.0017523000133223832,0
balanced_independent,1,lipschitz,240,2.411287125034838,205584,0.003221499966457486,0
balanced_independent,1,lipschitz,360,0.09521989664894104,308152,0.004536199965514243,0
balanced_independent,1,lipschitz,480,0.010950853844022834,410720,0.005711300007533282,0
balanced_independent,1,lipschitz,600,0.0006527852263524814,513288,0.00675609998870641,0
balanced_independent,1,lipschitz,720,3.980942983083935e-05,615856,0.007734799990430474,0
balanced_independent,1,lipschitz,840,2.2366668201545536e-05,718424,0.008644799992907792,0
balanced_independent,1,lipschitz,960,4.521461045570163e-07,820992,0.009549400012474507,0
balanced_independent,1,lipschitz,1080,1.1555765855320033e-07,923560,0.010457700002007186,0
balanced_independent,1,lipschitz,1200,5.635454325414457e-09,1026128,0.012163300008978695,0
balanced_independent,1,lipschitz,1320,6.83682443991529e-10,1128696,0.01455690001603216,0
balanced_independent,1,lipschitz,1440,5.7406968068107744e-11,1231264,0.016866999969352037,0
balanced_independent,1,lipschitz,1560,1.837641150359559e-12,1333832,0.018846799968741834,0
balanced_independent,1,lipschitz,1680,1.603162047558726e-13,1436400,0.02003409998724237,0
balanced_independent,1,lipschitz,1800,1.4210854715202004e-14,1538968,0.021165899990592152,0
balanced_independent,1,lipschitz,1920,0.0,1641536,0.022150199976749718,0
balanced_independent,1,lipschitz,2040,0.0,1744104,0.023053399985656142,0
balanced_independent,1,lipschitz,2160,4.440892098500626e-16,1846672,0.023954099975526333,0
balanced_independent,1,lipschitz,2280,0.0,1949240,0.024851699999999255,0
balanced_independent,1,lipschitz,2400,0.0,2051808,0.027295199979562312,0
balanced_independent,1,scheduled_gain,0,24.162466066812307,448,4.200031980872154e-06,0
balanced_independent,1,scheduled_gain,120,0.6840967064560508,141512,0.0010302999871782959,2
balanced_independent,1,scheduled_gain,240,0.026689246589192805,282576,0.001976700033992529,4
balanced_independent,1,scheduled_gain,360,0.0020576095534341476,423640,0.0029007000266574323,6
balanced_independent,1,scheduled_gain,480,0.00010932528149298903,564704,0.003864400030579418,8
balanced_independent,1,scheduled_gain,600,6.126700633490856e-06,705768,0.004801200004294515,10
balanced_independent,1,scheduled_gain,720,4.553251846672879e-07,846832,0.005759600026067346,12
balanced_independent,1,scheduled_gain,840,2.2960837231522646e-08,987896,0.0067007000325247645,14
balanced_independent,1,scheduled_gain,960,1.4903216438710842e-09,1128960,0.007642199983820319,16
balanced_independent,1,scheduled_gain,1080,1.5203660552742804e-10,1270024,0.008573200029786676,18
balanced_independent,1,scheduled_gain,1200,1.2561507389818871e-11,1411088,0.00950739998370409,20
balanced_independent,1,scheduled_gain,1320,9.547918011776346e-13,1552152,0.010433099989313632,22
balanced_independent,1,scheduled_gain,1440,8.615330671091215e-14,1693216,0.0113625000230968,24
balanced_independent,1,scheduled_gain,1560,7.993605777301127e-15,1834280,0.01229450001846999,26
balanced_independent,1,scheduled_gain,1680,4.440892098500626e-16,1975344,0.01322319998871535,28
balanced_independent,1,scheduled_gain,1800,0.0,2116408,0.01415390003239736,30
balanced_independent,1,scheduled_gain,1920,4.440892098500626e-16,2257472,0.015083300007972866,32
balanced_independent,1,scheduled_gain,2040,0.0,2398536,0.016016900015529245,34
balanced_independent,1,scheduled_gain,2160,4.440892098500626e-16,2539600,0.01806060003582388,36
balanced_independent,1,scheduled_gain,2280,0.0,2680664,0.019584299996495247,38
balanced_independent,1,scheduled_gain,2400,0.0,2821728,0.020510300004389137,40
balanced_independent,1,triggered_gain,0,24.162466066812307,448,2.600019797682762e-06,0
balanced_independent,1,triggered_gain,120,2.383014830135738,122264,0.0009255000040866435,1
balanced_independent,1,triggered_gain,240,0.8297041749257801,224832,0.0038787000230513513,1
balanced_independent,1,triggered_gain,360,0.08757469957259456,346648,0.0057854000478982925,2
balanced_independent,1,triggered_gain,480,0.012188920974746331,468464,0.006714800023473799,3
balanced_independent,1,triggered_gain,600,0.002603890298702005,590280,0.009218100050929934,4
balanced_independent,1,triggered_gain,720,0.0004221869033087522,712096,0.011645600025076419,5
balanced_independent,1,triggered_gain,840,0.00010371824633637061,833912,0.014696300029754639,6
balanced_independent,1,triggered_gain,960,2.6601795596548072e-05,955728,0.015688300016336143,7
balanced_independent,1,triggered_gain,1080,5.427771512245272e-06,1077544,0.016937200038228184,8
balanced_independent,1,triggered_gain,1200,1.0536024590557247e-06,1199360,0.017872000054921955,9
balanced_independent,1,triggered_gain,1320,2.1833744012766942e-07,1321176,0.020005700003821403,10
balanced_independent,1,triggered_gain,1440,4.462854796827287e-08,1442992,0.021772700012661517,11
balanced_independent,1,triggered_gain,1560,1.2448358788219593e-08,1564808,0.02272650005761534,12
balanced_independent,1,triggered_gain,1680,2.301946633309626e-09,1686624,0.023716700030490756,13
balanced_independent,1,triggered_gain,1800,4.2539527456142423e-10,1808440,0.02467740001156926,14
balanced_independent,1,triggered_gain,1920,9.044498483490315e-11,1930256,0.02558600000338629,15
balanced_independent,1,triggered_gain,2040,1.4485301846889342e-11,2052072,0.02649850002489984,16
balanced_independent,1,triggered_gain,2160,3.065103726385132e-12,2173888,0.027406000008340925,17
balanced_independent,1,triggered_gain,2280,7.003286839335487e-13,2295704,0.028414000000339,18
balanced_independent,1,triggered_gain,2400,2.327027459614328e-13,2417520,0.029998600017279387,19
balanced_independent,2,uniform,0,31.76498611637578,448,8.000002708286047e-06,0
balanced_independent,2,uniform,120,1.6209922883621957,103016,0.0023988999892026186,0
balanced_independent,2,uniform,240,0.10939480173204252,205584,0.004191800020635128,0
balanced_independent,2,uniform,360,0.014567580560081783,308152,0.005774100020062178,0
balanced_independent,2,uniform,480,0.011901862566435106,410720,0.007081200019456446,0
balanced_independent,2,uniform,600,0.00031106800272517887,513288,0.008195100002922118,0
balanced_independent,2,uniform,720,5.64253806589754e-05,615856,0.009187899995595217,0
balanced_independent,2,uniform,840,4.227856561600518e-05,718424,0.010259400005452335,0
balanced_independent,2,uniform,960,5.624297640949294e-07,820992,0.011222000000998378,0
balanced_independent,2,uniform,1080,4.042143508797835e-08,923560,0.012135200027842075,0
balanced_independent,2,uniform,1200,1.942463301318753e-08,1026128,0.013044900028035045,0
balanced_independent,2,uniform,1320,1.7578777988802585e-08,1128696,0.014081600005738437,0
balanced_independent,2,uniform,1440,4.97001106936068e-10,1231264,0.015062500024214387,0
balanced_independent,2,uniform,1560,3.261488856765027e-10,1333832,0.01612290000775829,0
balanced_independent,2,uniform,1680,2.488587114157781e-11,1436400,0.01712269999552518,0
balanced_independent,2,uniform,1800,3.325340003357269e-12,1538968,0.018166500027291477,0
balanced_independent,2,uniform,1920,1.7763568394002505e-13,1641536,0.01906389999203384,0
balanced_independent,2,uniform,2040,1.509903313490213e-14,1744104,0.020020299998577684,0
balanced_independent,2,uniform,2160,2.220446049250313e-15,1846672,0.02092650003032759,0
balanced_independent,2,uniform,2280,1.3322676295501878e-15,1949240,0.02186400000937283,0
balanced_independent,2,uniform,2400,8.881784197001252e-16,2051808,0.02291890000924468,0
balanced_independent,2,lipschitz,0,31.76498611637578,448,3.00002284348011e-06,0
balanced_independent,2,lipschitz,120,3.0322437678567082,103016,0.0009893000242300332,0
balanced_independent,2,lipschitz,240,0.10877924767963965,205584,0.0018937999848276377,0
balanced_independent,2,lipschitz,360,0.0067842927676662335,308152,0.0028190999873913825,0
balanced_independent,2,lipschitz,480,0.002991692652969391,410720,0.00387439999030903,0
balanced_independent,2,lipschitz,600,0.00014321350452162207,513288,0.00489809998543933,0
balanced_independent,2,lipschitz,720,1.5795795043516137e-05,615856,0.0058031000080518425,0
balanced_independent,2,lipschitz,840,8.476477644236979e-07,718424,0.0067128000082448125,0
balanced_independent,2,lipschitz,960,1.1479174677475612e-07,820992,0.007791400013957173,0
balanced_independent,2,lipschitz,1080,2.547634014860023e-08,923560,0.008910799981094897,0
balanced_independent,2,lipschitz,1200,2.3925057490714607e-09,1026128,0.009849400026723742,0
balanced_independent,2,lipschitz,1320,2.318545355706192e-10,1128696,0.010777599993161857,0
balanced_independent,2,lipschitz,1440,1.4145129512144194e-11,1231264,0.011899299977812916,0
balanced_independent,2,lipschitz,1560,5.867306640539027e-12,1333832,0.012861100025475025,0
balanced_independent,2,lipschitz,1680,7.154277170684509e-13,1436400,0.013759299996308982,0
balanced_independent,2,lipschitz,1800,1.7719159473017498e-13,1538968,0.014663600013591349,0
balanced_independent,2,lipschitz,1920,2.1316282072803006e-14,1641536,0.015695400012191385,0
balanced_independent,2,lipschitz,2040,8.881784197001252e-16,1744104,0.016592799976933748,0
balanced_independent,2,lipschitz,2160,0.0,1846672,0.017547100025694817,0
balanced_independent,2,lipschitz,2280,0.0,1949240,0.018445299996528774,0
balanced_independent,2,lipschitz,2400,0.0,2051808,0.019385599996894598,0
balanced_independent,2,scheduled_gain,0,31.76498611637578,448,3.300025127828121e-06,0
balanced_independent,2,scheduled_gain,120,0.4251777912445469,141512,0.0009717000066302717,2
balanced_independent,2,scheduled_gain,240,0.01289100431183332,282576,0.001982600020710379,4
balanced_independent,2,scheduled_gain,360,0.0005549779175062497,423640,0.0029110999894328415,6
balanced_independent,2,scheduled_gain,480,2.795453638348988e-05,564704,0.004059400002006441,8
balanced_independent,2,scheduled_gain,600,1.5014792458245552e-06,705768,0.004982100042980164,10
balanced_independent,2,scheduled_gain,720,8.59644937456494e-08,846832,0.006589299999177456,12
balanced_independent,2,scheduled_gain,840,6.506284844221e-09,987896,0.007515800010878593,14
balanced_independent,2,scheduled_gain,960,3.1068614347873336e-10,1128960,0.008577300002798438,16
balanced_independent,2,scheduled_gain,1080,2.3065993559612252e-11,1270024,0.00949120003497228,18
balanced_independent,2,scheduled_gain,1200,1.5205614545266144e-12,1411088,0.010462800040841103,20
balanced_independent,2,scheduled_gain,1320,1.1013412404281553e-13,1552152,0.011380600044503808,22
balanced_independent,2,scheduled_gain,1440,9.769962616701378e-15,1693216,0.012423600011970848,24
balanced_independent,2,scheduled_gain,1560,4.440892098500626e-16,1834280,0.013337100041098893,26
balanced_independent,2,scheduled_gain,1680,0.0,1975344,0.014308599987998605,28
balanced_independent,2,scheduled_gain,1800,0.0,2116408,0.015259800013154745,30
balanced_independent,2,scheduled_gain,1920,0.0,2257472,0.01622210000641644,32
balanced_independent,2,scheduled_gain,2040,0.0,2398536,0.017252399993594736,34
balanced_independent,2,scheduled_gain,2160,0.0,2539600,0.01824609999312088,36
balanced_independent,2,scheduled_gain,2280,0.0,2680664,0.019173000007867813,38
balanced_independent,2,scheduled_gain,2400,0.0,2821728,0.020094300038181245,40
balanced_independent,2,triggered_gain,0,31.76498611637578,448,2.800021320581436e-06,0
balanced_independent,2,triggered_gain,120,3.3803537807821584,122264,0.0010571000166237354,1
balanced_independent,2,triggered_gain,240,1.7733367928317518,224832,0.002415599999949336,1
balanced_independent,2,triggered_gain,360,0.16255796626779828,346648,0.003405999974347651,2
balanced_independent,2,triggered_gain,480,0.13477746139983093,449216,0.004530999984126538,2
balanced_independent,2,triggered_gain,600,0.01242685092286111,571032,0.005453000019770116,3
balanced_independent,2,triggered_gain,720,0.008641894016267138,673600,0.006423900020308793,3
balanced_independent,2,triggered_gain,840,0.0013807979374131918,795416,0.007334599969908595,4
balanced_independent,2,triggered_gain,960,0.0007739564718680647,897984,0.008242000010795891,4
balanced_independent,2,triggered_gain,1080,9.359649517381996e-05,1019800,0.009260300023015589,5
balanced_independent,2,triggered_gain,1200,8.091935215581714e-05,1122368,0.010205500002484769,5
balanced_independent,2,triggered_gain,1320,1.088688501482693e-05,1244184,0.01111939997645095,6
balanced_independent,2,triggered_gain,1440,7.234313934567638e-06,1346752,0.012021299975458533,6
balanced_independent,2,triggered_gain,1560,1.1135289383901181e-06,1468568,0.013045799976680428,7
balanced_independent,2,triggered_gain,1680,6.931305591706405e-07,1571136,0.013982300006318837,7
balanced_independent,2,triggered_gain,1800,1.0076910372802672e-07,1692952,0.01489160000346601,8
balanced_independent,2,triggered_gain,1920,6.705905164494652e-08,1795520,0.01578939997125417,8
balanced_independent,2,triggered_gain,2040,7.734151541427536e-09,1917336,0.016978800005745143,9
balanced_independent,2,triggered_gain,2160,5.5207687310598885e-09,2019904,0.017915199976414442,9
balanced_independent,2,triggered_gain,2280,8.985847621545417e-10,2141720,0.018985999980941415,10
balanced_independent,2,triggered_gain,2400,6.973825961154034e-10,2244288,0.01989049999974668,10
balanced_independent,3,uniform,0,27.202406399348924,448,2.8999638743698597e-06,0
balanced_independent,3,uniform,120,1.1168842727290862,103016,0.0010600999812595546,0
balanced_independent,3,uniform,240,0.044623291794188,205584,0.002020800020545721,0
balanced_independent,3,uniform,360,0.0012516043139223498,308152,0.002929900016169995,0
balanced_independent,3,uniform,480,0.0001158566488936863,410720,0.0038331999676302075,0
balanced_independent,3,uniform,600,1.186272496322971e-05,513288,0.005504300002939999,0
balanced_independent,3,uniform,720,1.9041954391063598e-06,615856,0.00787749997107312,0
balanced_independent,3,uniform,840,1.3143857557906813e-07,718424,0.010130600014235824,0
balanced_independent,3,uniform,960,1.1416886991355568e-08,820992,0.012376200000289828,0
balanced_independent,3,uniform,1080,8.737921497470325e-10,923560,0.013638900010846555,0
balanced_independent,3,uniform,1200,6.08209038688301e-10,1026128,0.016187599976547062,0
balanced_independent,3,uniform,1320,5.98858740374908e-11,1128696,0.01860309997573495,0
balanced_independent,3,uniform,1440,3.729905273530676e-12,1231264,0.020122799964156002,0
balanced_independent,3,uniform,1560,6.10178574333986e-13,1333832,0.021187899983488023,0
balanced_independent,3,uniform,1680,3.064215547965432e-14,1436400,0.022119299974292517,0
balanced_independent,3,uniform,1800,2.220446049250313e-14,1538968,0.023189499974250793,0
balanced_independent,3,uniform,1920,8.881784197001252e-16,1641536,0.024124099989421666,0
balanced_independent,3,uniform,2040,4.440892098500626e-16,1744104,0.02504629996838048,0
balanced_independent,3,uniform,2160,4.440892098500626e-16,1846672,0.02620369999203831,0
balanced_independent,3,uniform,2280,4.440892098500626e-16,1949240,0.027287599979899824,0
balanced_independent,3,uniform,2400,4.440892098500626e-16,2051808,0.028266599983908236,0
balanced_independent,3,lipschitz,0,27.202406399348924,448,3.0999653972685337e-06,0
balanced_independent,3,lipschitz,120,1.1355041229993499,103016,0.002448399958666414,0
balanced_independent,3,lipschitz,240,0.037036503869888104,205584,0.010090399999171495,0
balanced_independent,3,lipschitz,360,0.0018477167431112385,308152,0.011256299971137196,0
balanced_independent,3,lipschitz,480,0.000329765138735727,410720,0.01258909999160096,0
balanced_independent,3,lipschitz,600,1.0587400693928828e-05,513288,0.014791099994909018,0
balanced_independent,3,lipschitz,720,2.870526842890797e-07,615856,0.017072799964807928,0
balanced_independent,3,lipschitz,840,2.2397895094172782e-08,718424,0.018950199999380857,0
balanced_independent,3,lipschitz,960,1.4735501707718868e-09,820992,0.021236200002022088,0
balanced_independent,3,lipschitz,1080,1.9708545906382824e-10,923560,0.02342280000448227,0
balanced_independent,3,lipschitz,1200,2.1152857243578183e-11,1026128,0.024768899951595813,0
balanced_independent,3,lipschitz,1320,8.117950756059145e-13,1128696,0.026664899953175336,0
balanced_independent,3,lipschitz,1440,9.681144774731365e-14,1231264,0.02797269995789975,0
balanced_independent,3,lipschitz,1560,7.549516567451064e-15,1333832,0.028994199994485825,0
balanced_independent,3,lipschitz,1680,1.7763568394002505e-15,1436400,0.031609400000888854,0
balanced_independent,3,lipschitz,1800,0.0,1538968,0.03272969997487962,0
balanced_independent,3,lipschitz,1920,0.0,1641536,0.03377320000436157,0
balanced_independent,3,lipschitz,2040,0.0,1744104,0.0352396999951452,0
balanced_independent,3,lipschitz,2160,0.0,1846672,0.036197499954141676,0
balanced_independent,3,lipschitz,2280,4.440892098500626e-16,1949240,0.03773310000542551,0
balanced_independent,3,lipschitz,2400,0.0,2051808,0.038873299956321716,0
balanced_independent,3,scheduled_gain,0,27.202406399348924,448,3.400025889277458e-06,0
balanced_independent,3,scheduled_gain,120,0.5606215477761607,141512,0.0010325000039301813,2
balanced_independent,3,scheduled_gain,240,0.02201912690407548,282576,0.001988200005143881,4
balanced_independent,3,scheduled_gain,360,0.0015141881342066732,423640,0.003162000037264079,6
balanced_independent,3,scheduled_gain,480,7.255408816053688e-05,564704,0.01166780001949519,8
balanced_independent,3,scheduled_gain,600,5.360799153475426e-06,705768,0.02091880002990365,10
balanced_independent,3,scheduled_gain,720,2.180060518774951e-07,846832,0.021901500003878027,12
balanced_independent,3,scheduled_gain,840,8.016650898667876e-09,987896,0.022908400045707822,14
balanced_independent,3,scheduled_gain,960,6.136917640731099e-10,1128960,0.023983300023246557,16
balanced_independent,3,scheduled_gain,1080,1.8399060053297944e-11,1270024,0.03168020001612604,18
balanced_independent,3,scheduled_gain,1200,9.952039192739903e-13,1411088,0.03509330004453659,20
balanced_independent,3,scheduled_gain,1320,4.707345624410664e-14,1552152,0.03691740002250299,22
balanced_independent,3,scheduled_gain,1440,2.6645352591003757e-15,1693216,0.03822650003712624,24
balanced_independent,3,scheduled_gain,1560,8.881784197001252e-16,1834280,0.039230599999427795,26
balanced_independent,3,scheduled_gain,1680,8.881784197001252e-16,1975344,0.04021110001485795,28
balanced_independent,3,scheduled_gain,1800,1.3322676295501878e-15,2116408,0.04125100001692772,30
balanced_independent,3,scheduled_gain,1920,1.3322676295501878e-15,2257472,0.04237239999929443,32
balanced_independent,3,scheduled_gain,2040,8.881784197001252e-16,2398536,0.0434567000484094,34
balanced_independent,3,scheduled_gain,2160,1.3322676295501878e-15,2539600,0.044493300025351346,36
balanced_independent,3,scheduled_gain,2280,8.881784197001252e-16,2680664,0.04545880004297942,38
balanced_independent,3,scheduled_gain,2400,1.3322676295501878e-15,2821728,0.0464289000374265,40
balanced_independent,3,triggered_gain,0,27.202406399348924,448,3.0999653972685337e-06,0
balanced_independent,3,triggered_gain,120,2.259340027361802,122264,0.0009884999599307775,1
balanced_independent,3,triggered_gain,240,1.4985172398681894,224832,0.001975199964363128,1
balanced_independent,3,triggered_gain,360,0.1762129989350245,346648,0.0029811999993398786,2
balanced_independent,3,triggered_gain,480,0.13464091817438906,449216,0.003976000007241964,2
balanced_independent,3,triggered_gain,600,0.021232730712454906,571032,0.004968900000676513,3
balanced_independent,3,triggered_gain,720,0.018997531813154556,673600,0.005958799971267581,3
balanced_independent,3,triggered_gain,840,0.0031908577169814656,795416,0.006932599993888289,4
balanced_independent,3,triggered_gain,960,0.0027411161794730354,897984,0.007841499987989664,4
balanced_independent,3,triggered_gain,1080,0.0005114681331042092,1019800,0.008749299973715097,5
balanced_independent,3,triggered_gain,1200,0.0004978363394263496,1122368,0.00964959996053949,5
balanced_independent,3,triggered_gain,1320,9.188601301479693e-05,1244184,0.010579599998891354,6
balanced_independent,3,triggered_gain,1440,8.619774059415164e-05,1346752,0.011531999974977225,6
balanced_independent,3,triggered_gain,1560,1.702548634341383e-05,1468568,0.012448099965695292,7
balanced_independent,3,triggered_gain,1680,1.477364361912592e-05,1571136,0.013348600012250245,7
balanced_independent,3,triggered_gain,1800,2.928142895708419e-06,1692952,0.014257300004828721,8
balanced_independent,3,triggered_gain,1920,2.14231922823771e-06,1795520,0.015152200008742511,8
balanced_independent,3,triggered_gain,2040,4.283746055655513e-07,1917336,0.016052099992521107,9
balanced_independent,3,triggered_gain,2160,3.300498985225886e-07,2019904,0.01695229997858405,9
balanced_independent,3,triggered_gain,2280,5.4446731567736606e-08,2141720,0.017864299996290356,10
balanced_independent,3,triggered_gain,2400,3.0655114002797745e-08,2244288,0.018761100014671683,10
balanced_independent,4,uniform,0,32.6068226667799,448,2.7999631129205227e-06,0
balanced_independent,4,uniform,120,2.2554935584859397,103016,0.000927699962630868,0
balanced_independent,4,uniform,240,0.07750507580854915,205584,0.0018321999814361334,0
balanced_independent,4,uniform,360,0.015438726713232764,308152,0.002736099995672703,0
balanced_independent,4,uniform,480,0.0013707558179896218,410720,0.003653899999335408,0
balanced_independent,4,uniform,600,0.00030655849998195706,513288,0.00457079999614507,0
balanced_independent,4,uniform,720,5.114080390278275e-06,615856,0.005478599981870502,0
balanced_independent,4,uniform,840,4.2109307463178425e-07,718424,0.0063847999554127455,0
balanced_independent,4,uniform,960,3.076995369610813e-08,820992,0.007282599981408566,0
balanced_independent,4,uniform,1080,4.218541516110008e-09,923560,0.008185399987269193,0
balanced_independent,4,uniform,1200,1.55756740838342e-10,1026128,0.009083999961148947,0
balanced_independent,4,uniform,1320,1.6202150732169684e-11,1128696,0.00998299999628216,0
balanced_independent,4,uniform,1440,5.986322548778844e-13,1231264,0.010879999957978725,0
balanced_independent,4,uniform,1560,7.061018436615996e-14,1333832,0.011781799956224859,0
balanced_independent,4,uniform,1680,3.1086244689504383e-15,1436400,0.012684299959801137,0
balanced_independent,4,uniform,1800,8.881784197001252e-16,1538968,0.013588799978606403,0
balanced_independent,4,uniform,1920,0.0,1641536,0.014491899986751378,0
balanced_independent,4,uniform,2040,0.0,1744104,0.015399499970953912,0
balanced_independent,4,uniform,2160,0.0,1846672,0.016303899988997728,0
balanced_independent,4,uniform,2280,0.0,1949240,0.017222599999513477,0
balanced_independent,4,uniform,2400,0.0,2051808,0.018123399990145117,0
balanced_independent,4,lipschitz,0,32.6068226667799,448,2.6999623514711857e-06,0
balanced_independent,4,lipschitz,120,2.1505558700234575,103016,0.000963500002399087,0
balanced_independent,4,lipschitz,240,0.09461603450397504,205584,0.0018763999687507749,0
balanced_independent,4,lipschitz,360,0.00584999312193446,308152,0.0027858999674208462,0
balanced_independent,4,lipschitz,480,0.0014921265814509255,410720,0.0037032999680377543,0
balanced_independent,4,lipschitz,600,9.542691047803586e-05,513288,0.004609900002833456,0
balanced_independent,4,lipschitz,720,3.5985382487169204e-06,615856,0.005543799954466522,0
balanced_independent,4,lipschitz,840,2.052583258027596e-06,718424,0.0064492999808862805,0
balanced_independent,4,lipschitz,960,4.445253054541354e-08,820992,0.007353399996645749,0
balanced_independent,4,lipschitz,1080,1.0101685266050708e-08,923560,0.008252899977378547,0
balanced_independent,4,lipschitz,1200,3.6366598621384583e-10,1026128,0.009155099978670478,0
balanced_independent,4,lipschitz,1320,4.0168757209357864e-11,1128696,0.010053599951788783,0
balanced_independent,4,lipschitz,1440,1.2301271112846734e-12,1231264,0.01095510000595823,0
balanced_independent,4,lipschitz,1560,6.128431095930864e-14,1333832,0.011851099960040301,0
balanced_independent,4,lipschitz,1680,1.0658141036401503e-14,1436400,0.012745799962431192,0
balanced_independent,4,lipschitz,1800,8.881784197001252e-16,1538968,0.013637299998663366,0
balanced_independent,4,lipschitz,1920,4.440892098500626e-16,1641536,0.01453599997330457,0
balanced_independent,4,lipschitz,2040,0.0,1744104,0.01543400000082329,0
balanced_independent,4,lipschitz,2160,4.440892098500626e-16,1846672,0.016329799953382462,0
balanced_independent,4,lipschitz,2280,4.440892098500626e-16,1949240,0.017223799950443208,0
balanced_independent,4,lipschitz,2400,8.881784197001252e-16,2051808,0.01811569998972118,0
balanced_independent,4,scheduled_gain,0,32.6068226667799,448,2.600019797682762e-06,0
balanced_independent,4,scheduled_gain,120,0.6003997066987576,141512,0.0009518000297248363,2
balanced_independent,4,scheduled_gain,240,0.021146188795268195,282576,0.0018680000212043524,4
balanced_independent,4,scheduled_gain,360,0.0011089253309357616,423640,0.002789699996355921,6
balanced_independent,4,scheduled_gain,480,8.184055044369032e-05,564704,0.0037314000073820353,8
balanced_independent,4,scheduled_gain,600,1.0856892108002114e-05,705768,0.00467890000436455,10
balanced_independent,4,scheduled_gain,720,9.499263375900568e-07,846832,0.0056108999997377396,12
balanced_independent,4,scheduled_gain,840,8.895973913070065e-08,987896,0.006536700006108731,14
balanced_independent,4,scheduled_gain,960,8.842593768321194e-09,1128960,0.007455200015101582,16
balanced_independent,4,scheduled_gain,1080,5.789764223607108e-10,1270024,0.008380300016142428,18
balanced_independent,4,scheduled_gain,1200,5.481837206389173e-11,1411088,0.009299000026658177,20
balanced_independent,4,scheduled_gain,1320,4.330757974457811e-12,1552152,0.010216100024990737,22
balanced_independent,4,scheduled_gain,1440,5.018208071305708e-13,1693216,0.011137900000903755,24
balanced_independent,4,scheduled_gain,1560,5.240252676230739e-14,1834280,0.012053699989337474,26
balanced_independent,4,scheduled_gain,1680,4.440892098500626e-15,1975344,0.01297300000442192,28
balanced_independent,4,scheduled_gain,1800,8.881784197001252e-16,2116408,0.013893400027882308,30
balanced_independent,4,scheduled_gain,1920,4.440892098500626e-16,2257472,0.014834600035101175,32
balanced_independent,4,scheduled_gain,2040,8.881784197001252e-16,2398536,0.015784399991389364,34
balanced_independent,4,scheduled_gain,2160,8.881784197001252e-16,2539600,0.016710199997760355,36
balanced_independent,4,scheduled_gain,2280,4.440892098500626e-16,2680664,0.01763260003644973,38
balanced_independent,4,scheduled_gain,2400,4.440892098500626e-16,2821728,0.01964589999988675,40
balanced_independent,4,triggered_gain,0,32.6068226667799,448,7.599999662488699e-06,0
balanced_independent,4,triggered_gain,120,3.1446957764611536,122264,0.00269059999845922,1
balanced_independent,4,triggered_gain,240,2.3225330112348983,224832,0.005217099969740957,1
balanced_independent,4,triggered_gain,360,0.3945327022338265,346648,0.007613399997353554,2
balanced_independent,4,triggered_gain,480,0.3271405126294189,449216,0.010425499989651144,2
balanced_independent,4,triggered_gain,600,0.06090987788014246,571032,0.012757199991028756,3
balanced_independent,4,triggered_gain,720,0.03452372235116963,673600,0.014891200000420213,3
balanced_independent,4,triggered_gain,840,0.005940308988053644,795416,0.015828999981749803,4
balanced_independent,4,triggered_gain,960,0.004328726239392289,897984,0.01675989996874705,4
balanced_independent,4,triggered_gain,1080,0.0006700821264042922,1019800,0.017695299990009516,5
balanced_independent,4,triggered_gain,1200,0.0006637659961512554,1122368,0.0194340999587439,5
balanced_independent,4,triggered_gain,1320,0.0001350993420539126,1244184,0.021788799960631877,6
balanced_independent,4,triggered_gain,1440,0.00010768388370774318,1346752,0.024097899964544922,6
balanced_independent,4,triggered_gain,1560,2.0264041605155825e-05,1468568,0.026711399958003312,7
balanced_independent,4,triggered_gain,1680,1.1118006562949034e-05,1571136,0.02912379999179393,7
balanced_independent,4,triggered_gain,1800,2.2297740818189027e-06,1692952,0.031948699965141714,8
balanced_independent,4,triggered_gain,1920,1.9469108698544346e-06,1795520,0.03451139997923747,8
balanced_independent,4,triggered_gain,2040,4.0000146839247464e-07,1917336,0.03688139998121187,9
balanced_independent,4,triggered_gain,2160,3.5291591826691615e-07,2019904,0.039152199984528124,9
balanced_independent,4,triggered_gain,2280,9.116655030894094e-08,2141720,0.04133789998013526,10
balanced_independent,4,triggered_gain,2400,7.408336788472525e-08,2244288,0.044047199946362525,10
balanced_independent,5,uniform,0,24.247718561444692,448,9.400013368576765e-06,0
balanced_independent,5,uniform,120,0.3983288771845337,103016,0.0024367999867536128,0
balanced_independent,5,uniform,240,0.022579499299109518,205584,0.004140899982303381,0
balanced_independent,5,uniform,360,0.0017533203632882355,308152,0.005605699960142374,0
balanced_independent,5,uniform,480,0.00015883374786351823,410720,0.006917899998370558,0
balanced_independent,5,uniform,600,1.200470061757386e-05,513288,0.008044299960602075,0
balanced_independent,5,uniform,720,5.552980697487442e-07,615856,0.009032899979501963,0
balanced_independent,5,uniform,840,6.817267683700834e-08,718424,0.010031100013293326,0
balanced_independent,5,uniform,960,5.8502278577066136e-09,820992,0.010949199961032718,0
balanced_independent,5,uniform,1080,2.0541301992693661e-10,923560,0.011852599971462041,0
balanced_independent,5,uniform,1200,1.0476508549572827e-11,1026128,0.012758600001689047,0
balanced_independent,5,uniform,1320,2.1675994332781556e-12,1128696,0.0142218999681063,0
balanced_independent,5,uniform,1440,5.995204332975845e-14,1231264,0.016722499975003302,0
balanced_independent,5,uniform,1560,3.9968028886505635e-15,1333832,0.019173900014720857,0
balanced_independent,5,uniform,1680,8.881784197001252e-16,1436400,0.02080619998741895,0
balanced_independent,5,uniform,1800,8.881784197001252e-16,1538968,0.022291100001893938,0
balanced_independent,5,uniform,1920,8.881784197001252e-16,1641536,0.023645400011446327,0
balanced_independent,5,uniform,2040,4.440892098500626e-16,1744104,0.024856099975295365,0
balanced_independent,5,uniform,2160,4.440892098500626e-16,1846672,0.025876600004266948,0
balanced_independent,5,uniform,2280,4.440892098500626e-16,1949240,0.026791299984324723,0
balanced_independent,5,uniform,2400,4.440892098500626e-16,2051808,0.027722499973606318,0
balanced_independent,5,lipschitz,0,24.247718561444692,448,3.2999669201672077e-06,0
balanced_independent,5,lipschitz,120,0.39602512943265067,103016,0.0009278999641537666,0
balanced_independent,5,lipschitz,240,0.020466941061720423,205584,0.0018285999540239573,0
balanced_independent,5,lipschitz,360,0.002400369299559113,308152,0.0028279999969527125,0
balanced_independent,5,lipschitz,480,0.0009045649081942386,410720,0.003867399995215237,0
balanced_independent,5,lipschitz,600,1.829465812752673e-05,513288,0.005345399957150221,0
balanced_independent,5,lipschitz,720,9.324359573348318e-07,615856,0.006459099997300655,0
balanced_independent,5,lipschitz,840,8.355141867255611e-08,718424,0.007393399951979518,0
balanced_independent,5,lipschitz,960,2.5479726328825336e-08,820992,0.008307999989483505,0
balanced_independent,5,lipschitz,1080,5.998512797589228e-10,923560,0.009221699961926788,0
balanced_independent,5,lipschitz,1200,3.269517989679116e-11,1026128,0.010116799967363477,0
balanced_independent,5,lipschitz,1320,7.085443343157749e-12,1128696,0.011020499980077147,0
balanced_independent,5,lipschitz,1440,1.9539925233402755e-13,1231264,0.012530399952083826,0
balanced_independent,5,lipschitz,1560,1.8207657603852567e-14,1333832,0.015075399947818369,0
balanced_independent,5,lipschitz,1680,4.440892098500626e-16,1436400,0.017438999959267676,0
balanced_independent,5,lipschitz,1800,0.0,1538968,0.019378299999516457,0
balanced_independent,5,lipschitz,1920,0.0,1641536,0.023242699971888214,0
balanced_independent,5,lipschitz,2040,0.0,1744104,0.025245899974834174,0
balanced_independent,5,lipschitz,2160,0.0,1846672,0.02755639998940751,0
balanced_independent,5,lipschitz,2280,0.0,1949240,0.029854799970053136,0
balanced_independent,5,lipschitz,2400,0.0,2051808,0.03208589996211231,0
balanced_independent,5,scheduled_gain,0,24.247718561444692,448,6.700051017105579e-06,0
balanced_independent,5,scheduled_gain,120,0.8372697182748032,141512,0.0019138000207021832,2
balanced_independent,5,scheduled_gain,240,0.026814948641913805,282576,0.0036356000346131623,4
balanced_independent,5,scheduled_gain,360,0.0009280128509474572,423640,0.006017300009261817,6
balanced_independent,5,scheduled_gain,480,2.87773212259701e-05,564704,0.0074637000216171145,8
balanced_independent,5,scheduled_gain,600,1.2781913834025715e-06,705768,0.009612300025764853,10
balanced_independent,5,scheduled_gain,720,4.777412287992888e-08,846832,0.012132000003475696,12
balanced_independent,5,scheduled_gain,840,3.7040592815174023e-09,987896,0.01446060003945604,14
balanced_independent,5,scheduled_gain,960,3.3482860928302216e-10,1128960,0.01678510004421696,16
balanced_independent,5,scheduled_gain,1080,3.1445956949482934e-11,1270024,0.019155500049237162,18
balanced_independent,5,scheduled_gain,1200,2.914557484245961e-12,1411088,0.02243140002246946,20
balanced_independent,5,scheduled_gain,1320,1.9584334154387761e-13,1552152,0.024879700038582087,22
balanced_independent,5,scheduled_gain,1440,1.9539925233402755e-14,1693216,0.027224800025578588,24
balanced_independent,5,scheduled_gain,1560,2.6645352591003757e-15,1834280,0.02958299999590963,26
balanced_independent,5,scheduled_gain,1680,8.881784197001252e-16,1975344,0.03204410005128011,28
balanced_independent,5,scheduled_gain,1800,8.881784197001252e-16,2116408,0.03436879999935627,30
balanced_independent,5,scheduled_gain,1920,8.881784197001252e-16,2257472,0.03694950003409758,32
balanced_independent,5,scheduled_gain,2040,8.881784197001252e-16,2398536,0.039925500052049756,34
balanced_independent,5,scheduled_gain,2160,4.440892098500626e-16,2539600,0.04230380000080913,36
balanced_independent,5,scheduled_gain,2280,4.440892098500626e-16,2680664,0.044651900010649115,38
balanced_independent,5,scheduled_gain,2400,8.881784197001252e-16,2821728,0.04685270000481978,40
balanced_independent,5,triggered_gain,0,24.247718561444692,448,6.399990525096655e-06,0
balanced_independent,5,triggered_gain,120,1.9264718814687023,122264,0.0019425000064074993,1
balanced_independent,5,triggered_gain,240,0.47856194604642877,224832,0.00346110004466027,1
balanced_independent,5,triggered_gain,360,0.05525650589853193,346648,0.005530500027816743,2
balanced_independent,5,triggered_gain,480,0.007816388878029823,468464,0.008332800003699958,3
balanced_independent,5,triggered_gain,600,0.0011665894130992172,590280,0.010773600020911545,4
balanced_independent,5,triggered_gain,720,0.00016888503219369966,712096,0.013095400005113333,5
balanced_independent,5,triggered_gain,840,3.401468317587586e-05,833912,0.015416400041431189,6
balanced_independent,5,triggered_gain,960,4.792634947126118e-06,955728,0.017824200040195137,7
balanced_independent,5,triggered_gain,1080,8.538810321034873e-07,1077544,0.019996499991975725,8
balanced_independent,5,triggered_gain,1200,1.7120137441040129e-07,1199360,0.021897100028581917,9
balanced_independent,5,triggered_gain,1320,2.8014401465270566e-08,1321176,0.02509100001771003,10
balanced_independent,5,triggered_gain,1440,4.686101728879066e-09,1442992,0.027459500008262694,11
balanced_independent,5,triggered_gain,1560,7.784222155748921e-10,1564808,0.029758599994238466,12
balanced_independent,5,triggered_gain,1680,1.364539592429992e-10,1686624,0.03191570000490174,13
balanced_independent,5,triggered_gain,1800,3.267563997155776e-11,1808440,0.033813800022471696,14
balanced_independent,5,triggered_gain,1920,6.042721878429802e-12,1930256,0.03536179999355227,15
balanced_independent,5,triggered_gain,2040,1.2327916465437738e-12,2052072,0.03681930003222078,16
balanced_independent,5,triggered_gain,2160,2.5224267119483557e-13,2173888,0.038020200037863106,17
balanced_independent,5,triggered_gain,2280,3.9968028886505635e-14,2295704,0.03906840004492551,18
balanced_independent,5,triggered_gain,2400,1.0658141036401503e-14,2417520,0.042208700033370405,19
balanced_independent,6,uniform,0,22.521416477727392,448,8.000002708286047e-06,0
balanced_independent,6,uniform,120,0.6382783372102345,103016,0.0023601999855600297,0
balanced_independent,6,uniform,240,0.02953420462682077,205584,0.004660099977627397,0
balanced_independent,6,uniform,360,0.000723258298030327,308152,0.006953999982215464,0
balanced_independent,6,uniform,480,0.0003213181201293658,410720,0.00923640001565218,0
balanced_independent,6,uniform,600,7.118354988566722e-06,513288,0.017331000010017306,0
balanced_independent,6,uniform,720,3.1637451636257197e-07,615856,0.020011499989777803,0
balanced_independent,6,uniform,840,1.4261563929807153e-08,718424,0.021636699966620654,0
balanced_independent,6,uniform,960,8.298832732123174e-10,820992,0.02265240001725033,0
balanced_independent,6,uniform,1080,7.289147063715973e-11,923560,0.023820800008252263,0
balanced_independent,6,uniform,1200,1.3166800982844507e-11,1026128,0.025721199985127896,0
balanced_independent,6,uniform,1320,3.672617765460018e-13,1128696,0.026684699987526983,0
balanced_independent,6,uniform,1440,3.2862601528904634e-14,1231264,0.02806769998278469,0
balanced_independent,6,uniform,1560,4.440892098500626e-15,1333832,0.030267099966295063,0
balanced_independent,6,uniform,1680,0.0,1436400,0.0325662000104785,0
balanced_independent,6,uniform,1800,0.0,1538968,0.03363209997769445,0
balanced_independent,6,uniform,1920,0.0,1641536,0.035406699986197054,0
balanced_independent,6,uniform,2040,0.0,1744104,0.03779709996888414,0
balanced_independent,6,uniform,2160,0.0,1846672,0.038836399966385216,0
balanced_independent,6,uniform,2280,0.0,1949240,0.0406506999861449,0
balanced_independent,6,uniform,2400,0.0,2051808,0.04290299996500835,0
balanced_independent,6,lipschitz,0,22.521416477727392,448,6.700051017105579e-06,0
balanced_independent,6,lipschitz,120,0.6587905239322969,103016,0.0018369000172242522,0
balanced_independent,6,lipschitz,240,0.03261484808312343,205584,0.0033796000061556697,0
balanced_independent,6,lipschitz,360,0.004777194204373281,308152,0.004929800052195787,0
balanced_independent,6,lipschitz,480,0.0024216463514314945,410720,0.006568400014657527,0
balanced_independent,6,lipschitz,600,5.704755229940517e-05,513288,0.007995399995706975,0
balanced_independent,6,lipschitz,720,6.15120258284918e-06,615856,0.009107200021389872,0
balanced_independent,6,lipschitz,840,1.6027647786742705e-07,718424,0.010139600024558604,0
balanced_independent,6,lipschitz,960,1.633242829868209e-08,820992,0.011115300003439188,0
balanced_independent,6,lipschitz,1080,9.157231417589173e-09,923560,0.01215800002682954,0
balanced_independent,6,lipschitz,1200,3.790323610530777e-10,1026128,0.013222800043877214,0
balanced_independent,6,lipschitz,1320,7.168488025399711e-12,1128696,0.014149599999655038,0
balanced_independent,6,lipschitz,1440,3.4772185131259903e-13,1231264,0.015058100048918277,0
balanced_independent,6,lipschitz,1560,7.593925488436071e-14,1333832,0.015959000040311366,0
balanced_independent,6,lipschitz,1680,1.199040866595169e-14,1436400,0.016879300004802644,0
balanced_independent,6,lipschitz,1800,2.220446049250313e-15,1538968,0.017791700025554746,0
balanced_independent,6,lipschitz,1920,8.881784197001252e-16,1641536,0.01872320001712069,0
balanced_independent,6,lipschitz,2040,4.440892098500626e-16,1744104,0.020036700007040054,0
balanced_independent,6,lipschitz,2160,8.881784197001252e-16,1846672,0.021792500047013164,0
balanced_independent,6,lipschitz,2280,1.3322676295501878e-15,1949240,0.02278840000508353,0
balanced_independent,6,lipschitz,2400,1.3322676295501878e-15,2051808,0.02418000000761822,0
balanced_independent,6,scheduled_gain,0,22.521416477727392,448,3.100023604929447e-06,0
balanced_independent,6,scheduled_gain,120,0.4915576970928903,141512,0.000963500002399087,2
balanced_independent,6,scheduled_gain,240,0.021608467198177106,282576,0.0019328999915160239,4
balanced_independent,6,scheduled_gain,360,0.001385773477462049,423640,0.0035437000333331525,6
balanced_independent,6,scheduled_gain,480,5.8980839241939975e-05,564704,0.0044923999812453985,8
balanced_independent,6,scheduled_gain,600,5.057429648847034e-06,705768,0.005420200002845377,10
balanced_independent,6,scheduled_gain,720,2.889100869651884e-07,846832,0.0063507999875582755,12
balanced_independent,6,scheduled_gain,840,1.1621834605790582e-08,987896,0.007278200006112456,14
balanced_independent,6,scheduled_gain,960,4.060933811445011e-10,1128960,0.008195900009013712,16
balanced_independent,6,scheduled_gain,1080,2.559819023417731e-11,1270024,0.00912090000929311,18
balanced_independent,6,scheduled_gain,1200,1.7887913372760522e-12,1411088,0.010043499991297722,20
balanced_independent,6,scheduled_gain,1320,8.837375276016246e-14,1552152,0.010967899987008423,22
balanced_independent,6,scheduled_gain,1440,4.884981308350689e-15,1693216,0.012192800000775605,24
balanced_independent,6,scheduled_gain,1560,4.440892098500626e-16,1834280,0.013909100031014532,26
balanced_independent,6,scheduled_gain,1680,0.0,1975344,0.015111299988348037,28
balanced_independent,6,scheduled_gain,1800,0.0,2116408,0.01618380000581965,30
balanced_independent,6,scheduled_gain,1920,8.881784197001252e-16,2257472,0.017167999991215765,32
balanced_independent,6,scheduled_gain,2040,8.881784197001252e-16,2398536,0.018102800007909536,34
balanced_independent,6,scheduled_gain,2160,8.881784197001252e-16,2539600,0.01904169999761507,36
balanced_independent,6,scheduled_gain,2280,8.881784197001252e-16,2680664,0.019969400018453598,38
balanced_independent,6,scheduled_gain,2400,1.3322676295501878e-15,2821728,0.020908000005874783,40
balanced_independent,6,triggered_gain,0,22.521416477727392,448,3.00002284348011e-06,0
balanced_independent,6,triggered_gain,120,2.427942045603291,122264,0.0009411000064574182,1
balanced_independent,6,triggered_gain,240,1.514764228448629,224832,0.0018808000022545457,1
balanced_independent,6,triggered_gain,360,0.11230594756857482,346648,0.002799500012770295,2
balanced_independent,6,triggered_gain,480,0.07361745979836387,449216,0.0037093000137247145,2
balanced_independent,6,triggered_gain,600,0.010213677392106657,571032,0.004623599990736693,3
balanced_independent,6,triggered_gain,720,0.009139779298239059,673600,0.0055398999829776585,3
balanced_independent,6,triggered_gain,840,0.001494632230453874,795416,0.006457499985117465,4
balanced_independent,6,triggered_gain,960,0.001302657034846888,897984,0.008135200012475252,4
balanced_independent,6,triggered_gain,1080,0.00023012444457481962,1019800,0.010927499970421195,5
balanced_independent,6,triggered_gain,1200,0.0002233300874352473,1122368,0.013233300007414073,5
balanced_independent,6,triggered_gain,1320,3.653229900191235e-05,1244184,0.014913299994077533,6
balanced_independent,6,triggered_gain,1440,3.21691598190732e-05,1346752,0.015842999971937388,6
balanced_independent,6,triggered_gain,1560,5.784805064745768e-06,1468568,0.016796200012322515,7
balanced_independent,6,triggered_gain,1680,5.25258822303698e-06,1571136,0.017728500009980053,7
balanced_independent,6,triggered_gain,1800,1.1433547579819958e-06,1692952,0.018670300021767616,8
balanced_independent,6,triggered_gain,1920,9.544353472001887e-07,1795520,0.01957649999530986,8
balanced_independent,6,triggered_gain,2040,2.2131856036722297e-07,1917336,0.020492399984505028,9
balanced_independent,6,triggered_gain,2160,1.8647135435756468e-07,2019904,0.021393699978943914,9
balanced_independent,6,triggered_gain,2280,3.8136964697343956e-08,2141720,0.022309300024062395,10
balanced_independent,6,triggered_gain,2400,3.592022990162036e-08,2244288,0.02322560001630336,10
balanced_independent,7,uniform,0,21.535782521704903,448,2.8999638743698597e-06,0
balanced_independent,7,uniform,120,0.5921874568708017,103016,0.0029835999594070017,0
balanced_independent,7,uniform,240,0.01974214374239258,205584,0.005642399948555976,0
balanced_independent,7,uniform,360,0.0025782227353068343,308152,0.008127399953082204,0
balanced_independent,7,uniform,480,0.0003541512019609172,410720,0.010464099992532283,0
balanced_independent,7,uniform,600,3.9821879366019886e-05,513288,0.012813099951017648,0
balanced_independent,7,uniform,720,2.1786978088300657e-06,615856,0.015172099985647947,0
balanced_independent,7,uniform,840,4.532148603075825e-07,718424,0.01784159999806434,0
balanced_independent,7,uniform,960,6.573427402400966e-08,820992,0.01992779999272898,0
balanced_independent,7,uniform,1080,5.6925104630067835e-09,923560,0.02247709996299818,0
balanced_independent,7,uniform,1200,9.540221945769645e-10,1026128,0.024564199964515865,0
balanced_independent,7,uniform,1320,1.259388149321694e-10,1128696,0.026408499979879707,0
balanced_independent,7,uniform,1440,6.763212212490544e-11,1231264,0.027980799961369485,0
balanced_independent,7,uniform,1560,4.0745185003743245e-12,1333832,0.0293932999484241,0
balanced_independent,7,uniform,1680,2.7977620220553945e-13,1436400,0.030647699953988194,0
balanced_independent,7,uniform,1800,1.8207657603852567e-14,1538968,0.03179069998441264,0
balanced_independent,7,uniform,1920,3.9968028886505635e-15,1641536,0.032794599945191294,0
balanced_independent,7,uniform,2040,0.0,1744104,0.03418229997623712,0
balanced_independent,7,uniform,2160,0.0,1846672,0.03705639997497201,0
balanced_independent,7,uniform,2280,0.0,1949240,0.039959399960935116,0
balanced_independent,7,uniform,2400,0.0,2051808,0.042543599964119494,0
balanced_independent,7,lipschitz,0,21.535782521704903,448,8.300004992634058e-06,0
balanced_independent,7,lipschitz,120,1.6112467903786136,103016,0.0024276000331155956,0
balanced_independent,7,lipschitz,240,0.46628054399492447,205584,0.004845600051339716,0
balanced_independent,7,lipschitz,360,0.03418121733547119,308152,0.006586500036064535,0
balanced_independent,7,lipschitz,480,0.001840943495720726,410720,0.009434000006876886,0
balanced_independent,7,lipschitz,600,0.00019595286212448215,513288,0.012894900050014257,0
balanced_independent,7,lipschitz,720,1.8632727345924138e-05,615856,0.014517100004013628,0
balanced_independent,7,lipschitz,840,3.5517381737903975e-06,718424,0.01607080001849681,0
balanced_independent,7,lipschitz,960,2.785781894054651e-07,820992,0.017267700051888824,0
balanced_independent,7,lipschitz,1080,4.830335642580508e-08,923560,0.01835840003332123,0
balanced_independent,7,lipschitz,1200,1.4301422268658825e-09,1026128,0.019307400041725487,0
balanced_independent,7,lipschitz,1320,2.47851961177048e-10,1128696,0.020442800014279783,0
balanced_independent,7,lipschitz,1440,1.482014511111629e-11,1231264,0.0214210000121966,0
balanced_independent,7,lipschitz,1560,2.2182256032010628e-12,1333832,0.0223278000485152,0
balanced_independent,7,lipschitz,1680,3.6060043839825084e-13,1436400,0.023226400022394955,0
balanced_independent,7,lipschitz,1800,3.730349362740526e-14,1538968,0.0244436000357382,0
balanced_independent,7,lipschitz,1920,1.3766765505351941e-14,1641536,0.025602700014133006,0
balanced_independent,7,lipschitz,2040,8.881784197001252e-16,1744104,0.02676350000547245,0
balanced_independent,7,lipschitz,2160,0.0,1846672,0.02767210005549714,0
balanced_independent,7,lipschitz,2280,0.0,1949240,0.028801500040572137,0
balanced_independent,7,lipschitz,2400,0.0,2051808,0.03068290004739538,0
balanced_independent,7,scheduled_gain,0,21.535782521704903,448,9.399955160915852e-06,0
balanced_independent,7,scheduled_gain,120,0.5300093960829697,141512,0.0027471999637782574,2
balanced_independent,7,scheduled_gain,240,0.01704455553946449,282576,0.0049433999811299145,4
balanced_independent,7,scheduled_gain,360,0.0007614168358234252,423640,0.006778699986170977,6
balanced_independent,7,scheduled_gain,480,5.402394564191226e-05,564704,0.008328599971719086,8
balanced_independent,7,scheduled_gain,600,6.220836120895967e-06,705768,0.009787599963601679,10
balanced_independent,7,scheduled_gain,720,5.322859126799528e-07,846832,0.011110699968412519,12
balanced_independent,7,scheduled_gain,840,4.9373055865942206e-08,987896,0.012260999996215105,14
balanced_independent,7,scheduled_gain,960,5.25846477472669e-09,1128960,0.01323219999903813,16
balanced_independent,7,scheduled_gain,1080,6.31652063987076e-10,1270024,0.01423809997504577,18
balanced_independent,7,scheduled_gain,1200,9.886713669970959e-11,1411088,0.015216399973724037,20
balanced_independent,7,scheduled_gain,1320,8.839151632855646e-12,1552152,0.016180199978407472,22
balanced_independent,7,scheduled_gain,1440,1.2221335055073723e-12,1693216,0.01710189995355904,24
balanced_independent,7,scheduled_gain,1560,1.6431300764452317e-13,1834280,0.018021199968643486,26
balanced_independent,7,scheduled_gain,1680,1.509903313490213e-14,1975344,0.018934399995487183,28
balanced_independent,7,scheduled_gain,1800,1.7763568394002505e-15,2116408,0.01985649997368455,30
balanced_independent,7,scheduled_gain,1920,0.0,2257472,0.020771399955265224,32
balanced_independent,7,scheduled_gain,2040,0.0,2398536,0.02168169996002689,34
balanced_independent,7,scheduled_gain,2160,0.0,2539600,0.02259720000438392,36
balanced_independent,7,scheduled_gain,2280,0.0,2680664,0.023515199951361865,38
balanced_independent,7,scheduled_gain,2400,0.0,2821728,0.024429799988865852,40
balanced_independent,7,triggered_gain,0,21.535782521704903,448,3.00002284348011e-06,0
balanced_independent,7,triggered_gain,120,2.690099411481781,122264,0.0009329000022262335,1
balanced_independent,7,triggered_gain,240,1.1391346257110024,224832,0.0028324000304564834,1
balanced_independent,7,triggered_gain,360,0.12004003154742282,346648,0.005549200053792447,2
balanced_independent,7,triggered_gain,480,0.09567534687641821,449216,0.00789700000314042,2
balanced_independent,7,triggered_gain,600,0.01963103363138785,571032,0.010240500036161393,3
balanced_independent,7,triggered_gain,720,0.01688399088729131,673600,0.012569800019264221,3
balanced_independent,7,triggered_gain,840,0.0040759516734847345,795416,0.01498510001692921,4
balanced_independent,7,triggered_gain,960,0.003019354598319701,897984,0.017316100012976676,4
balanced_independent,7,triggered_gain,1080,0.0006095661474621039,1019800,0.01923420000821352,5
balanced_independent,7,triggered_gain,1200,0.0004494658735119117,1122368,0.021746000042185187,5
balanced_independent,7,triggered_gain,1320,9.353970030900882e-05,1244184,0.024252000031992793,6
balanced_independent,7,triggered_gain,1440,5.709675973086803e-05,1346752,0.026557400007732213,6
balanced_independent,7,triggered_gain,1560,9.989530795451174e-06,1468568,0.028868700028397143,7
balanced_independent,7,triggered_gain,1680,7.686000811801819e-06,1571136,0.0312013000366278,7
balanced_independent,7,triggered_gain,1800,1.4083233166317655e-06,1692952,0.03343800001312047,8
balanced_independent,7,triggered_gain,1920,9.155353990486503e-07,1795520,0.03587890003109351,8
balanced_independent,7,triggered_gain,2040,2.449176101926298e-07,1917336,0.03929190000053495,9
balanced_independent,7,triggered_gain,2160,1.9014161134478513e-07,2019904,0.04177260003052652,9
balanced_independent,7,triggered_gain,2280,4.621362803547413e-08,2141720,0.04414880002150312,10
balanced_independent,7,triggered_gain,2400,2.833089229881125e-08,2244288,0.04645740002160892,10
balanced_independent,8,uniform,0,23.422822430530402,448,7.399998139590025e-06,0
balanced_independent,8,uniform,120,0.4822502047913195,103016,0.0019810000085271895,0
balanced_independent,8,uniform,240,0.08064498078873505,205584,0.003601200005505234,0
balanced_independent,8,uniform,360,0.00629996198188465,308152,0.005224500026088208,0
balanced_independent,8,uniform,480,0.0004593006701036906,410720,0.006524000025819987,0
balanced_independent,8,uniform,600,5.747874744388426e-05,513288,0.007646700018085539,0
balanced_independent,8,uniform,720,3.216903134539706e-06,615856,0.008631600008811802,0
balanced_independent,8,uniform,840,1.133872515879375e-07,718424,0.009629400039557368,0
balanced_independent,8,uniform,960,2.0242652887247914e-08,820992,0.010540799994487315,0
balanced_independent,8,uniform,1080,1.98377581028808e-09,923560,0.011450199992395937,0
balanced_independent,8,uniform,1200,2.986721980846596e-10,1026128,0.012358600040897727,0
balanced_independent,8,uniform,1320,2.98001623377786e-11,1128696,0.013262899999972433,0
balanced_independent,8,uniform,1440,3.141042981269493e-12,1231264,0.014169000030960888,0
balanced_independent,8,uniform,1560,2.2737367544323206e-13,1333832,0.015070600027684122,0
balanced_independent,8,uniform,1680,4.085620730620576e-14,1436400,0.01601439999649301,0
balanced_independent,8,uniform,1800,5.329070518200751e-15,1538968,0.01692600001115352,0
balanced_independent,8,uniform,1920,4.440892098500626e-16,1641536,0.017840499989688396,0
balanced_independent,8,uniform,2040,0.0,1744104,0.018756900040898472,0
balanced_independent,8,uniform,2160,0.0,1846672,0.019663500017486513,0
balanced_independent,8,uniform,2280,0.0,1949240,0.020574300026055425,0
balanced_independent,8,uniform,2400,0.0,2051808,0.024923900025896728,0
balanced_independent,8,lipschitz,0,23.422822430530402,448,1.0800024028867483e-05,0
balanced_independent,8,lipschitz,120,0.36746104846475935,103016,0.002441300021018833,0
balanced_independent,8,lipschitz,240,0.02266332064921439,205584,0.004737499984912574,0
balanced_independent,8,lipschitz,360,0.0014793878238323899,308152,0.007028999971225858,0
balanced_independent,8,lipschitz,480,2.2277214520638466e-05,410720,0.00958449998870492,0
balanced_independent,8,lipschitz,600,9.918487284821254e-07,513288,0.011708899983204901,0
balanced_independent,8,lipschitz,720,1.6993039331225646e-07,615856,0.014583699987269938,0
balanced_independent,8,lipschitz,840,7.811538527136008e-09,718424,0.016085000010207295,0
balanced_independent,8,lipschitz,960,2.464264348134293e-10,820992,0.017287000024225563,0
balanced_independent,8,lipschitz,1080,1.482991507373299e-11,923560,0.01829779997933656,0
balanced_independent,8,lipschitz,1200,5.142553050063725e-13,1026128,0.019230799982324243,0
balanced_independent,8,lipschitz,1320,8.881784197001252e-14,1128696,0.02013959997566417,0
balanced_independent,8,lipschitz,1440,1.7763568394002505e-15,1231264,0.02106539998203516,0
balanced_independent,8,lipschitz,1560,0.0,1333832,0.021975799987558275,0
balanced_independent,8,lipschitz,1680,0.0,1436400,0.022940900002140552,0
balanced_independent,8,lipschitz,1800,0.0,1538968,0.02384959999471903,0
balanced_independent,8,lipschitz,1920,0.0,1641536,0.02607919997535646,0
balanced_independent,8,lipschitz,2040,0.0,1744104,0.028674300003331155,0
balanced_independent,8,lipschitz,2160,0.0,1846672,0.030047399981413037,0
balanced_independent,8,lipschitz,2280,0.0,1949240,0.031201799982227385,0
balanced_independent,8,lipschitz,2400,0.0,2051808,0.03212109999731183,0
balanced_independent,8,scheduled_gain,0,23.422822430530402,448,2.800021320581436e-06,0
balanced_independent,8,scheduled_gain,120,0.36221874931081377,141512,0.0009548000525683165,2
balanced_independent,8,scheduled_gain,240,0.01633128022046204,282576,0.0035481000086292624,4
balanced_independent,8,scheduled_gain,360,0.0011153994263670697,423640,0.006122300052084029,6
balanced_independent,8,scheduled_gain,480,6.414048205938272e-05,564704,0.00899940001545474,8
balanced_independent,8,scheduled_gain,600,6.654202433953316e-06,705768,0.011361600016243756,10
balanced_independent,8,scheduled_gain,720,5.471738679929672e-07,846832,0.014011800056323409,12
balanced_independent,8,scheduled_gain,840,3.2388614901179835e-08,987896,0.016519100056029856,14
balanced_independent,8,scheduled_gain,960,2.8243380967296616e-09,1128960,0.018538900010753423,16
balanced_independent,8,scheduled_gain,1080,2.2962920454006053e-10,1270024,0.019775900000240654,18
balanced_independent,8,scheduled_gain,1200,1.894751022746277e-11,1411088,0.020862900011707097,20
balanced_independent,8,scheduled_gain,1320,1.084909939663703e-12,1552152,0.021890100033488125,22
balanced_independent,8,scheduled_gain,1440,1.2079226507921703e-13,1693216,0.022824500047136098,24
balanced_independent,8,scheduled_gain,1560,1.199040866595169e-14,1834280,0.02377240004716441,26
balanced_independent,8,scheduled_gain,1680,1.7763568394002505e-15,1975344,0.02468800003407523,28
balanced_independent,8,scheduled_gain,1800,0.0,2116408,0.025905200047418475,30
balanced_independent,8,scheduled_gain,1920,0.0,2257472,0.02683350001461804,32
balanced_independent,8,scheduled_gain,2040,4.440892098500626e-16,2398536,0.027755700051784515,34
balanced_independent,8,scheduled_gain,2160,0.0,2539600,0.028671300038695335,36
balanced_independent,8,scheduled_gain,2280,0.0,2680664,0.02967080002417788,38
balanced_independent,8,scheduled_gain,2400,8.881784197001252e-16,2821728,0.0319638000219129,40
balanced_independent,8,triggered_gain,0,23.422822430530402,448,3.400025889277458e-06,0
balanced_independent,8,triggered_gain,120,1.3705285594161958,122264,0.0010378999868407845,1
balanced_independent,8,triggered_gain,240,0.34771539532520945,224832,0.001978199987206608,1
balanced_independent,8,triggered_gain,360,0.06383042385795257,346648,0.002934599993750453,2
balanced_independent,8,triggered_gain,480,0.011060030046890823,468464,0.005694099992979318,3
balanced_independent,8,triggered_gain,600,0.0023253614471414608,590280,0.007557300035841763,4
balanced_independent,8,triggered_gain,720,0.0005056900219155835,712096,0.008484599995426834,5
balanced_independent,8,triggered_gain,840,0.00012652220536590875,833912,0.009408999991137534,6
balanced_independent,8,triggered_gain,960,2.386041508506409e-05,955728,0.0104867999907583,7
balanced_independent,8,triggered_gain,1080,4.614899162813657e-06,1077544,0.011408200021833181,8
balanced_independent,8,triggered_gain,1200,1.1724077904062824e-06,1199360,0.01232839998556301,9
balanced_independent,8,triggered_gain,1320,2.4851622315580357e-07,1321176,0.013239899999462068,10
balanced_independent,8,triggered_gain,1440,5.6784236868168136e-08,1442992,0.015019199985545129,11
balanced_independent,8,triggered_gain,1560,1.6644857936398694e-08,1564808,0.01741180004319176,12
balanced_independent,8,triggered_gain,1680,4.2016257140176094e-09,1686624,0.019396800023969263,13
balanced_independent,8,triggered_gain,1800,1.082108180838759e-09,1808440,0.020340299990493804,14
balanced_independent,8,triggered_gain,1920,2.9572744253414385e-10,1930256,0.021314000012353063,15
balanced_independent,8,triggered_gain,2040,6.403810814958888e-11,2052072,0.022237700002733618,16
balanced_independent,8,triggered_gain,2160,1.9123813643773246e-11,2173888,0.02446129999589175,17
balanced_independent,8,triggered_gain,2280,5.188738327888132e-12,2295704,0.026838799996767193,18
balanced_independent,8,triggered_gain,2400,1.1430856261540612e-12,2417520,0.0291715000057593,19
balanced_independent,9,uniform,0,17.51485017784784,448,8.800008799880743e-06,0
balanced_independent,9,uniform,120,1.7801546740996836,103016,0.0021294000325724483,0
balanced_independent,9,uniform,240,0.047512259638587295,205584,0.0039988000062294304,0
balanced_independent,9,uniform,360,0.0016121513085036732,308152,0.005742300010751933,0
balanced_independent,9,uniform,480,0.0003972508380858386,410720,0.007869600027333945,0
balanced_independent,9,uniform,600,3.9305850704440815e-05,513288,0.010460000019520521,0
balanced_independent,9,uniform,720,1.614468980726258e-06,615856,0.012860000017099082,0
balanced_independent,9,uniform,840,2.2179238712283222e-07,718424,0.015132700034882873,0
balanced_independent,9,uniform,960,8.90646090212499e-09,820992,0.01739850000012666,0
balanced_independent,9,uniform,1080,1.0962173391249053e-09,923560,0.020434900012332946,0
balanced_independent,9,uniform,1200,9.691181190873976e-11,1026128,0.022870899992994964,0
balanced_independent,9,uniform,1320,1.2218226430604773e-11,1128696,0.024816500023007393,0
balanced_independent,9,uniform,1440,3.6415315207705135e-13,1231264,0.026408500038087368,0
balanced_independent,9,uniform,1560,1.936228954946273e-13,1333832,0.027874500025063753,0
balanced_independent,9,uniform,1680,1.021405182655144e-14,1436400,0.02921589999459684,0
balanced_independent,9,uniform,1800,2.6645352591003757e-15,1538968,0.030394000001251698,0
balanced_independent,9,uniform,1920,8.881784197001252e-16,1641536,0.03140109998639673,0
balanced_independent,9,uniform,2040,8.881784197001252e-16,1744104,0.03232719999505207,0
balanced_independent,9,uniform,2160,8.881784197001252e-16,1846672,0.03352009999798611,0
balanced_independent,9,uniform,2280,8.881784197001252e-16,1949240,0.03645940002752468,0
balanced_independent,9,uniform,2400,8.881784197001252e-16,2051808,0.03824780002469197,0
balanced_independent,9,lipschitz,0,17.51485017784784,448,3.100023604929447e-06,0
balanced_independent,9,lipschitz,120,0.8475301436343621,103016,0.000930100039113313,0
balanced_independent,9,lipschitz,240,0.04993312409789086,205584,0.0018408000469207764,0
balanced_independent,9,lipschitz,360,0.0017158711375442337,308152,0.00274389999685809,0
balanced_independent,9,lipschitz,480,3.44069168760619e-05,410720,0.0036649000248871744,0
balanced_independent,9,lipschitz,600,3.14019355096562e-06,513288,0.004567100026179105,0
balanced_independent,9,lipschitz,720,1.0558631395873874e-06,615856,0.0054707000381313264,0
balanced_independent,9,lipschitz,840,3.185378183445664e-08,718424,0.006375900004059076,0
balanced_independent,9,lipschitz,960,3.0578348741983064e-09,820992,0.007297300035133958,0
balanced_independent,9,lipschitz,1080,8.402873952206846e-10,923560,0.008226500009186566,0
balanced_independent,9,lipschitz,1200,6.791545104078978e-11,1026128,0.009167500014882535,0
balanced_independent,9,lipschitz,1320,1.5374368445009168e-11,1128696,0.010076800012029707,0
balanced_independent,9,lipschitz,1440,9.872103134966892e-13,1231264,0.01097430003574118,0
balanced_independent,9,lipschitz,1560,1.652011860642233e-13,1333832,0.011883500032126904,0
balanced_independent,9,lipschitz,1680,1.0658141036401503e-14,1436400,0.012976200028788298,0
balanced_independent,9,lipschitz,1800,2.6645352591003757e-15,1538968,0.0151540000224486,0
balanced_independent,9,lipschitz,1920,8.881784197001252e-16,1641536,0.01639970001997426,0
balanced_independent,9,lipschitz,2040,8.881784197001252e-16,1744104,0.01731730002211407,0
balanced_independent,9,lipschitz,2160,8.881784197001252e-16,1846672,0.018377200001850724,0
balanced_independent,9,lipschitz,2280,8.881784197001252e-16,1949240,0.019287900009658188,0
balanced_independent,9,lipschitz,2400,8.881784197001252e-16,2051808,0.02020600001560524,0
balanced_independent,9,scheduled_gain,0,17.51485017784784,448,3.00002284348011e-06,0
balanced_independent,9,scheduled_gain,120,0.3954150637786089,141512,0.0009531999821774662,2
balanced_independent,9,scheduled_gain,240,0.010945486016481265,282576,0.0018734000041149557,4
balanced_independent,9,scheduled_gain,360,0.0002526806408389426,423640,0.0027996000135317445,6
balanced_independent,9,scheduled_gain,480,8.126978487510428e-06,564704,0.003733100020326674,8
balanced_independent,9,scheduled_gain,600,3.81214564804111e-07,705768,0.004651300027035177,10
balanced_independent,9,scheduled_gain,720,2.4085470506918227e-08,846832,0.005571399990003556,12
balanced_independent,9,scheduled_gain,840,1.7562848952934473e-09,987896,0.006484400015324354,14
balanced_independent,9,scheduled_gain,960,1.3723777669838455e-10,1128960,0.007404600037261844,16
balanced_independent,9,scheduled_gain,1080,8.64686100499057e-12,1270024,0.008321400033310056,18
balanced_independent,9,scheduled_gain,1200,7.851497230149107e-13,1411088,0.010103799984790385,20
balanced_independent,9,scheduled_gain,1320,4.574118861455645e-14,1552152,0.012444499996490777,22
balanced_independent,9,scheduled_gain,1440,1.3322676295501878e-15,1693216,0.014634800027124584,24
balanced_independent,9,scheduled_gain,1560,0.0,1834280,0.016962399997282773,26
balanced_independent,9,scheduled_gain,1680,0.0,1975344,0.019268700038082898,28
balanced_independent,9,scheduled_gain,1800,0.0,2116408,0.021790300030261278,30
balanced_independent,9,scheduled_gain,1920,0.0,2257472,0.024104800017084926,32
balanced_independent,9,scheduled_gain,2040,0.0,2398536,0.02588339999783784,34
balanced_independent,9,scheduled_gain,2160,0.0,2539600,0.028621200006455183,36
balanced_independent,9,scheduled_gain,2280,0.0,2680664,0.031053900020197034,38
balanced_independent,9,scheduled_gain,2400,0.0,2821728,0.03345440002158284,40
balanced_independent,9,triggered_gain,0,17.51485017784784,448,7.299997378140688e-06,0
balanced_independent,9,triggered_gain,120,1.6285829492436923,122264,0.0023609999916516244,1
balanced_independent,9,triggered_gain,240,1.3364360212125899,224832,0.004507000034209341,1
balanced_independent,9,triggered_gain,360,0.08828902355928925,346648,0.0064789000316523015,2
balanced_independent,9,triggered_gain,480,0.065378899812365,449216,0.009251900017261505,2
balanced_independent,9,triggered_gain,600,0.008028871104980073,571032,0.011732999992091209,3
balanced_independent,9,triggered_gain,720,0.007257204578639431,673600,0.013293500000145286,3
balanced_independent,9,triggered_gain,840,0.0008074204371970595,795416,0.01491530000930652,4
balanced_independent,9,triggered_gain,960,0.0007303131075082625,897984,0.01745749998372048,4
balanced_independent,9,triggered_gain,1080,7.939596949846361e-05,1019800,0.02002250001532957,5
balanced_independent,9,triggered_gain,1200,6.227526004831674e-05,1122368,0.02232340001501143,5
balanced_independent,9,triggered_gain,1320,8.740709063648211e-06,1244184,0.025248899997677654,6
balanced_independent,9,triggered_gain,1440,7.244644747217421e-06,1346752,0.02888840000377968,6
balanced_independent,9,triggered_gain,1560,9.510085603459117e-07,1468568,0.031370599986985326,7
balanced_independent,9,triggered_gain,1680,8.040136418863142e-07,1571136,0.033408000017516315,7
balanced_independent,9,triggered_gain,1800,1.279244257190726e-07,1692952,0.035233400005381554,8
balanced_independent,9,triggered_gain,1920,1.0767242697440338e-07,1795520,0.036867299990262836,8
balanced_independent,9,triggered_gain,2040,1.3971615420160788e-08,1917336,0.03833260003011674,9
balanced_independent,9,triggered_gain,2160,1.3410633936672411e-08,2019904,0.03963320003822446,9
balanced_independent,9,triggered_gain,2280,3.0851508014961837e-09,2141720,0.04085709998616949,10
balanced_independent,9,triggered_gain,2400,2.359116013650464e-09,2244288,0.042441199999302626,10
balanced_independent,10,uniform,0,22.573340406858694,448,1.1000025551766157e-05,0
balanced_independent,10,uniform,120,1.8093454355635643,103016,0.0028532000142149627,0
balanced_independent,10,uniform,240,0.0699294805796864,205584,0.005404499999713153,0
balanced_independent,10,uniform,360,0.002602501588180761,308152,0.007717400032561272,0
balanced_independent,10,uniform,480,0.0001298423712596808,410720,0.010019699984695762,0
balanced_independent,10,uniform,600,1.737406953061793e-05,513288,0.012401500018313527,0
balanced_independent,10,uniform,720,1.1830032078385955e-06,615856,0.01443390001077205,0
balanced_independent,10,uniform,840,8.294380648976585e-08,718424,0.018286500009708107,0
balanced_independent,10,uniform,960,3.717930407987069e-09,820992,0.02105959999607876,0
balanced_independent,10,uniform,1080,3.0446223320268473e-10,923560,0.02338710002368316,0
balanced_independent,10,uniform,1200,1.6180745632254911e-10,1026128,0.025701800012029707,0
balanced_independent,10,uniform,1320,1.2921219649797422e-11,1128696,0.028130899998359382,0
balanced_independent,10,uniform,1440,6.417089082333405e-13,1231264,0.03108280000742525,0
balanced_independent,10,uniform,1560,1.163513729807164e-13,1333832,0.035177099984139204,0
balanced_independent,10,uniform,1680,1.2434497875801753e-14,1436400,0.037522400030866265,0
balanced_independent,10,uniform,1800,4.884981308350689e-15,1538968,0.039818999997805804,0
balanced_independent,10,uniform,1920,0.0,1641536,0.0424001999781467,0
balanced_independent,10,uniform,2040,0.0,1744104,0.044997200020588934,0
balanced_independent,10,uniform,2160,0.0,1846672,0.04773599997861311,0
balanced_independent,10,uniform,2280,0.0,1949240,0.051308599999174476,0
balanced_independent,10,uniform,2400,0.0,2051808,0.05387000000337139,0
balanced_independent,10,lipschitz,0,22.573340406858694,448,7.90000194683671e-06,0
balanced_independent,10,lipschitz,120,1.0275399398160436,103016,0.002213000028859824,0
balanced_independent,10,lipschitz,240,0.06041527158794935,205584,0.004510700004175305,0
balanced_independent,10,lipschitz,360,0.0024204654486998933,308152,0.006605100003071129,0
balanced_independent,10,lipschitz,480,0.00020920171113303354,410720,0.009183200018014759,0
balanced_independent,10,lipschitz,600,9.569448226276478e-06,513288,0.011298500001430511,0
balanced_independent,10,lipschitz,720,6.520536803833465e-07,615856,0.013833199976943433,0
balanced_independent,10,lipschitz,840,1.0199774891361812e-07,718424,0.01642940001329407,0
balanced_independent,10,lipschitz,960,1.7097994131631822e-09,820992,0.018145699985325336,0
balanced_independent,10,lipschitz,1080,1.9231016779031052e-10,923560,0.019663500017486513,0
balanced_independent,10,lipschitz,1200,9.515233045931382e-11,1026128,0.02098540001315996,0
balanced_independent,10,lipschitz,1320,3.3866243143165775e-12,1128696,0.02211750001879409,0
balanced_independent,10,lipschitz,1440,2.8066438062523957e-13,1231264,0.023141600016970187,0
balanced_independent,10,lipschitz,1560,2.220446049250313e-14,1333832,0.02440940000815317,0
balanced_independent,10,lipschitz,1680,3.552713678800501e-15,1436400,0.025327800016384572,0
balanced_independent,10,lipschitz,1800,1.7763568394002505e-15,1538968,0.02623610000591725,0
balanced_independent,10,lipschitz,1920,8.881784197001252e-16,1641536,0.02777400001650676,0
balanced_independent,10,lipschitz,2040,0.0,1744104,0.029442100028973073,0
balanced_independent,10,lipschitz,2160,0.0,1846672,0.030358500021975487,0
balanced_independent,10,lipschitz,2280,0.0,1949240,0.03126000001793727,0
balanced_independent,10,lipschitz,2400,0.0,2051808,0.03242689999751747,0
balanced_independent,10,scheduled_gain,0,22.573340406858694,448,3.100023604929447e-06,0
balanced_independent,10,scheduled_gain,120,0.5619072290860627,141512,0.0009415000095032156,2
balanced_independent,10,scheduled_gain,240,0.02814425782687291,282576,0.0018666000105440617,4
balanced_independent,10,scheduled_gain,360,0.0018694160924468406,423640,0.0027851000195369124,6
balanced_independent,10,scheduled_gain,480,0.0001301041258114921,564704,0.004553099977783859,8
balanced_independent,10,scheduled_gain,600,9.660958946611231e-06,705768,0.007362900010775775,10
balanced_independent,10,scheduled_gain,720,8.799858886021639e-07,846832,0.008647500013466924,12
balanced_independent,10,scheduled_gain,840,5.7010521636868816e-08,987896,0.009579100005794317,14
balanced_independent,10,scheduled_gain,960,3.90582499676384e-09,1128960,0.010510099993553013,16
balanced_independent,10,scheduled_gain,1080,2.39543940239173e-10,1270024,0.011521900014486164,18
balanced_independent,10,scheduled_gain,1200,2.0976109738057858e-11,1411088,0.013673499983269721,20
balanced_independent,10,scheduled_gain,1320,2.078781591308143e-12,1552152,0.014604100026190281,22
balanced_independent,10,scheduled_gain,1440,2.1938006966593093e-13,1693216,0.01551669999025762,24
balanced_independent,10,scheduled_gain,1560,2.1316282072803006e-14,1834280,0.01666349999140948,26
balanced_independent,10,scheduled_gain,1680,1.3322676295501878e-15,1975344,0.017582600004971027,28
balanced_independent,10,scheduled_gain,1800,0.0,2116408,0.018510000023525208,30
balanced_independent,10,scheduled_gain,1920,0.0,2257472,0.019427200022619218,32
balanced_independent,10,scheduled_gain,2040,0.0,2398536,0.02113800001097843,34
balanced_independent,10,scheduled_gain,2160,0.0,2539600,0.02414719999069348,36
balanced_independent,10,scheduled_gain,2280,0.0,2680664,0.026792199991177768,38
balanced_independent,10,scheduled_gain,2400,0.0,2821728,0.029033800004981458,40
balanced_independent,10,triggered_gain,0,22.573340406858694,448,3.0999653972685337e-06,0
balanced_independent,10,triggered_gain,120,1.2315270049878744,122264,0.0021711000008508563,1
balanced_independent,10,triggered_gain,240,0.8478391275653951,224832,0.0038292999961413443,1
balanced_independent,10,triggered_gain,360,0.09858127240099135,346648,0.004763800010550767,2
balanced_independent,10,triggered_gain,480,0.09541211099935731,449216,0.005679900001268834,2
balanced_independent,10,triggered_gain,600,0.01694363962982548,571032,0.006594999984372407,3
balanced_independent,10,triggered_gain,720,0.012341906416785786,673600,0.00836949999211356,3
balanced_independent,10,triggered_gain,840,0.001787243202466371,795416,0.010862299997825176,4
balanced_independent,10,triggered_gain,960,0.0015286090292616628,897984,0.01313450001180172,4
balanced_independent,10,triggered_gain,1080,0.0003340628736090423,1019800,0.015248899988364428,5
balanced_independent,10,triggered_gain,1200,0.00021859045554828427,1122368,0.017338800011202693,5
balanced_independent,10,triggered_gain,1320,3.110693840024936e-05,1244184,0.018312899977900088,6
balanced_independent,10,triggered_gain,1440,2.5769718102530703e-05,1346752,0.019230599980801344,6
balanced_independent,10,triggered_gain,1560,4.466846061035312e-06,1468568,0.02015130000654608,7
balanced_independent,10,triggered_gain,1680,3.880233456321491e-06,1571136,0.021065999986603856,7
balanced_independent,10,triggered_gain,1800,7.245584230375357e-07,1692952,0.02198239997960627,8
balanced_independent,10,triggered_gain,1920,4.468663354906255e-07,1795520,0.02289229998132214,8
balanced_independent,10,triggered_gain,2040,1.0789507465247539e-07,1917336,0.023982899961993098,9
balanced_independent,10,triggered_gain,2160,7.541471935823552e-08,2019904,0.024890500004403293,9
balanced_independent,10,triggered_gain,2280,1.4435395989664812e-08,2141720,0.02581269998336211,10
balanced_independent,10,triggered_gain,2400,1.3397703391149207e-08,2244288,0.026718900015112013,10
balanced_independent,11,uniform,0,18.90269119585936,448,3.00002284348011e-06,0
balanced_independent,11,uniform,120,0.32090522433001967,103016,0.0011870000162161887,0
balanced_independent,11,uniform,240,0.01844556182732493,205584,0.002088800014462322,0
balanced_independent,11,uniform,360,0.0007612764240243486,308152,0.00299880001693964,0
balanced_independent,11,uniform,480,4.9189251882797436e-05,410720,0.00390110001899302,0
balanced_independent,11,uniform,600,2.883239935247417e-06,513288,0.005946700053755194,0
balanced_independent,11,uniform,720,1.2648364089429265e-07,615856,0.00795480003580451,0
balanced_independent,11,uniform,840,1.1385704823396736e-08,718424,0.00902290001977235,0
balanced_independent,11,uniform,960,8.350165003889742e-10,820992,0.00993420003214851,0
balanced_independent,11,uniform,1080,3.554889715928766e-11,923560,0.010844200034625828,0
balanced_independent,11,uniform,1200,1.575051200575217e-11,1026128,0.011760600027628243,0
balanced_independent,11,uniform,1320,3.5837999234900053e-13,1128696,0.012686600035522133,0
balanced_independent,11,uniform,1440,5.062616992290714e-14,1231264,0.014480500016361475,0
balanced_independent,11,uniform,1560,3.9968028886505635e-15,1333832,0.017254100006539375,0
balanced_independent,11,uniform,1680,0.0,1436400,0.01818370004184544,0
balanced_independent,11,uniform,1800,0.0,1538968,0.019087900000158697,0
balanced_independent,11,uniform,1920,0.0,1641536,0.019989100052043796,0
balanced_independent,11,uniform,2040,0.0,1744104,0.020888300030492246,0
balanced_independent,11,uniform,2160,0.0,1846672,0.02265080000506714,0
balanced_independent,11,uniform,2280,0.0,1949240,0.025270900048781186,0
balanced_independent,11,uniform,2400,0.0,2051808,0.027793000044766814,0
balanced_independent,11,lipschitz,0,18.90269119585936,448,1.2000033166259527e-05,0
balanced_independent,11,lipschitz,120,0.2419427583931384,103016,0.0018613000283949077,0
balanced_independent,11,lipschitz,240,0.01482688529388998,205584,0.0027701000217348337,0
balanced_independent,11,lipschitz,360,0.0002956660168340619,308152,0.0036863000132143497,0
balanced_independent,11,lipschitz,480,1.0696779237484577e-05,410720,0.0045909000327810645,0
balanced_independent,11,lipschitz,600,1.1816629279515212e-06,513288,0.005495200050063431,0
balanced_independent,11,lipschitz,720,2.6631177707514553e-08,615856,0.006396000040695071,0
balanced_independent,11,lipschitz,840,1.6888677123461093e-09,718424,0.007295300019904971,0
balanced_independent,11,lipschitz,960,2.3354118638962973e-10,820992,0.008189100015442818,0
balanced_independent,11,lipschitz,1080,1.4483969579259792e-11,923560,0.009088399994652718,0
balanced_independent,11,lipschitz,1200,1.3145040611561853e-12,1026128,0.011099800001829863,0
balanced_independent,11,lipschitz,1320,9.459100169806334e-14,1128696,0.012132600008044392,0
balanced_independent,11,lipschitz,1440,8.43769498715119e-15,1231264,0.01310919999377802,0
balanced_independent,11,lipschitz,1560,0.0,1333832,0.014011000050231814,0
balanced_independent,11,lipschitz,1680,0.0,1436400,0.014909700024873018,0
balanced_independent,11,lipschitz,1800,0.0,1538968,0.015803600021172315,0
balanced_independent,11,lipschitz,1920,0.0,1641536,0.016714800032787025,0
balanced_independent,11,lipschitz,2040,0.0,1744104,0.017963399994187057,0
balanced_independent,11,lipschitz,2160,0.0,1846672,0.020323600037954748,0
balanced_independent,11,lipschitz,2280,0.0,1949240,0.022230300004594028,0
balanced_independent,11,lipschitz,2400,0.0,2051808,0.02407640003366396,0
balanced_independent,11,scheduled_gain,0,18.90269119585936,448,4.799978341907263e-06,0
balanced_independent,11,scheduled_gain,120,0.31246736218320104,141512,0.0014482999686151743,2
balanced_independent,11,scheduled_gain,240,0.015882660689517714,282576,0.0035888999700546265,4
balanced_independent,11,scheduled_gain,360,0.0007020933883437053,423640,0.0046108000096865,6
balanced_independent,11,scheduled_gain,480,5.175686959413284e-05,564704,0.0055475999834015965,8
balanced_independent,11,scheduled_gain,600,4.0281801765296166e-06,705768,0.006475200003478676,10
balanced_independent,11,scheduled_gain,720,3.4801355708324877e-07,846832,0.007756299979519099,12
balanced_independent,11,scheduled_gain,840,2.06366177479822e-08,987896,0.008690699993167073,14
balanced_independent,11,scheduled_gain,960,2.4996720249248483e-09,1128960,0.009617899951990694,16
balanced_independent,11,scheduled_gain,1080,1.6370149680255963e-10,1270024,0.0105489999987185,18
balanced_independent,11,scheduled_gain,1200,1.503730473473297e-11,1411088,0.011465799994766712,20
balanced_independent,11,scheduled_gain,1320,1.1017853296380054e-12,1552152,0.012450499983970076,22
balanced_independent,11,scheduled_gain,1440,9.814371537686384e-14,1693216,0.013378700008615851,24
balanced_independent,11,scheduled_gain,1560,1.0658141036401503e-14,1834280,0.014628899982199073,26
balanced_independent,11,scheduled_gain,1680,1.7763568394002505e-15,1975344,0.01647849997971207,28
balanced_independent,11,scheduled_gain,1800,1.3322676295501878e-15,2116408,0.017987300001550466,30
balanced_independent,11,scheduled_gain,1920,1.3322676295501878e-15,2257472,0.01947999995900318,32
balanced_independent,11,scheduled_gain,2040,1.3322676295501878e-15,2398536,0.021380399994086474,34
balanced_independent,11,scheduled_gain,2160,1.3322676295501878e-15,2539600,0.02230559999588877,36
balanced_independent,11,scheduled_gain,2280,1.3322676295501878e-15,2680664,0.024812899995595217,38
balanced_independent,11,scheduled_gain,2400,1.7763568394002505e-15,2821728,0.02727510000113398,40
balanced_independent,11,triggered_gain,0,18.90269119585936,448,8.000002708286047e-06,0
balanced_independent,11,triggered_gain,120,1.5400271093552966,122264,0.0023658000282011926,1
balanced_independent,11,triggered_gain,240,1.0704158254259402,224832,0.004662799998186529,1
balanced_independent,11,triggered_gain,360,0.14546670131627382,346648,0.006968200032133609,2
balanced_independent,11,triggered_gain,480,0.08957493492836877,449216,0.009358600014820695,2
balanced_independent,11,triggered_gain,600,0.0166363969663732,571032,0.011998700036201626,3
balanced_independent,11,triggered_gain,720,0.007972568775384659,673600,0.014421200030483305,3
balanced_independent,11,triggered_gain,840,0.0014144626886056777,795416,0.016563400044105947,4
balanced_independent,11,triggered_gain,960,0.0013111322208785303,897984,0.018056800006888807,4
balanced_independent,11,triggered_gain,1080,0.00022196020597853305,1019800,0.01965070003643632,5
balanced_independent,11,triggered_gain,1200,0.00017078403127479547,1122368,0.021943800034932792,5
balanced_independent,11,triggered_gain,1320,3.8394516063355866e-05,1244184,0.02367900003446266,6
balanced_independent,11,triggered_gain,1440,2.3892160930127915e-05,1346752,0.025666800036560744,6
balanced_independent,11,triggered_gain,1560,4.828820515001553e-06,1468568,0.028048000007402152,7
balanced_independent,11,triggered_gain,1680,4.088476230457161e-06,1571136,0.029307999997399747,7
balanced_independent,11,triggered_gain,1800,7.495368388177326e-07,1692952,0.030544000037480146,8
balanced_independent,11,triggered_gain,1920,6.021570042591406e-07,1795520,0.032996100024320185,8
balanced_independent,11,triggered_gain,2040,9.860800487260235e-08,1917336,0.03571730002295226,9
balanced_independent,11,triggered_gain,2160,5.6275931026306125e-08,2019904,0.03805910004302859,9
balanced_independent,11,triggered_gain,2280,1.0333865319012148e-08,2141720,0.040559599990956485,10
balanced_independent,11,triggered_gain,2400,6.8007794951086e-09,2244288,0.0435122000053525,10
scaled_independent,0,uniform,0,167.46074682362197,448,6.999995093792677e-06,0
scaled_independent,0,uniform,120,8.814704507064414,103016,0.0019390999805182219,0
scaled_independent,0,uniform,240,0.137073904835332,205584,0.0036598999868147075,0
scaled_independent,0,uniform,360,0.008130073412888184,308152,0.005012999987229705,0
scaled_independent,0,uniform,480,0.0005021126647322127,410720,0.006259399990085512,0
scaled_independent,0,uniform,600,9.011368010725107e-05,513288,0.0075523999985307455,0
scaled_independent,0,uniform,720,5.675587569253793e-06,615856,0.00945099996170029,0
scaled_independent,0,uniform,840,4.24997462555865e-07,718424,0.0116351000033319,0
scaled_independent,0,uniform,960,2.6166510291858458e-08,820992,0.014915900013875216,0
scaled_independent,0,uniform,1080,1.1599077254231815e-09,923560,0.01790079998318106,0
scaled_independent,0,uniform,1200,9.22426579563762e-11,1026128,0.020298399962484837,0
scaled_independent,0,uniform,1320,2.958833178468012e-11,1128696,0.02191760001005605,0
scaled_independent,0,uniform,1440,1.5614176618328202e-12,1231264,0.023208200000226498,0
scaled_independent,0,uniform,1560,1.0658141036401503e-13,1333832,0.02523779997136444,0
scaled_independent,0,uniform,1680,3.9968028886505635e-15,1436400,0.027020699984859675,0
scaled_independent,0,uniform,1800,1.7763568394002505e-15,1538968,0.028935300011653453,0
scaled_independent,0,uniform,1920,1.3322676295501878e-15,1641536,0.03083790000528097,0
scaled_independent,0,uniform,2040,1.3322676295501878e-15,1744104,0.0329996999935247,0
scaled_independent,0,uniform,2160,1.3322676295501878e-15,1846672,0.03438520000781864,0
scaled_independent,0,uniform,2280,8.881784197001252e-16,1949240,0.03553509997436777,0
scaled_independent,0,uniform,2400,8.881784197001252e-16,2051808,0.03685390000464395,0
scaled_independent,0,lipschitz,0,167.46074682362197,448,3.300025127828121e-06,0
scaled_independent,0,lipschitz,120,4.011156398281608,103016,0.0009288000292144716,0
scaled_independent,0,lipschitz,240,1.251677814092842,205584,0.0019553000456653535,0
scaled_independent,0,lipschitz,360,0.8340782500805717,308152,0.0029165000305511057,0
scaled_independent,0,lipschitz,480,0.7299903702990043,410720,0.004043300054036081,0
scaled_independent,0,lipschitz,600,0.7165809657662789,513288,0.004937300051096827,0
scaled_independent,0,lipschitz,720,0.43197053589779566,615856,0.005954899999778718,0
scaled_independent,0,lipschitz,840,0.4206451631838304,718424,0.006903000001329929,0
scaled_independent,0,lipschitz,960,0.2840364674388618,820992,0.00779630005126819,0
scaled_independent,0,lipschitz,1080,0.28068837369740773,923560,0.009112700005061924,0
scaled_independent,0,lipschitz,1200,0.27685344365304587,1026128,0.011080400028731674,0
scaled_independent,0,lipschitz,1320,0.24706735889029607,1128696,0.013676000002305955,0
scaled_independent,0,lipschitz,1440,0.21388038573824364,1231264,0.01568750001024455,0
scaled_independent,0,lipschitz,1560,0.21359988703414956,1333832,0.016642200003843755,0
scaled_independent,0,lipschitz,1680,0.2135778910783932,1436400,0.017538300016894937,0
scaled_independent,0,lipschitz,1800,0.21249091990761748,1538968,0.0185678000561893,0
scaled_independent,0,lipschitz,1920,0.21248426570972967,1641536,0.019519300025422126,0
scaled_independent,0,lipschitz,2040,0.20573342721137022,1744104,0.02041670004837215,0
scaled_independent,0,lipschitz,2160,0.20569258137546598,1846672,0.02131020004162565,0
scaled_independent,0,lipschitz,2280,0.13241213835032983,1949240,0.022495000041089952,0
scaled_independent,0,lipschitz,2400,0.12941588218586642,2051808,0.023450100037734956,0
scaled_independent,0,scheduled_gain,0,167.46074682362197,448,3.00002284348011e-06,0
scaled_independent,0,scheduled_gain,120,1.3959479921532494,141512,0.0009980000322684646,2
scaled_independent,0,scheduled_gain,240,0.040438901256806936,282576,0.0019157000351697206,4
scaled_independent,0,scheduled_gain,360,0.0023369154988857055,423640,0.00489219999872148,6
scaled_independent,0,scheduled_gain,480,9.454259891272798e-05,564704,0.007680499984417111,8
scaled_independent,0,scheduled_gain,600,3.0230516196994017e-06,705768,0.009943299985025078,10
scaled_independent,0,scheduled_gain,720,1.371599758215325e-07,846832,0.011908399988897145,12
scaled_independent,0,scheduled_gain,840,8.043560040249531e-09,987896,0.013516200007870793,14
scaled_independent,0,scheduled_gain,960,3.8737502094932097e-10,1128960,0.014918900036718696,16
scaled_independent,0,scheduled_gain,1080,2.043032409915213e-11,1270024,0.01618939999025315,18
scaled_independent,0,scheduled_gain,1200,1.0462741784067475e-12,1411088,0.017388699983712286,20
scaled_independent,0,scheduled_gain,1320,3.68594044175552e-14,1552152,0.018397999985609204,22
scaled_independent,0,scheduled_gain,1440,1.3322676295501878e-15,1693216,0.019681300036609173,24
scaled_independent,0,scheduled_gain,1560,0.0,1834280,0.02152340003522113,26
scaled_independent,0,scheduled_gain,1680,0.0,1975344,0.024088800011668354,28
scaled_independent,0,scheduled_gain,1800,0.0,2116408,0.026576100033707917,30
scaled_independent,0,scheduled_gain,1920,0.0,2257472,0.028943900018930435,32
scaled_independent,0,scheduled_gain,2040,0.0,2398536,0.031293700041715056,34
scaled_independent,0,scheduled_gain,2160,0.0,2539600,0.033496799995191395,36
scaled_independent,0,scheduled_gain,2280,0.0,2680664,0.036992200009990484,38
scaled_independent,0,scheduled_gain,2400,0.0,2821728,0.04012160003185272,40
scaled_independent,0,triggered_gain,0,167.46074682362197,448,1.0000017937272787e-05,0
scaled_independent,0,triggered_gain,120,4.846020184885497,122264,0.0025039000320248306,1
scaled_independent,0,triggered_gain,240,1.5740720655515754,224832,0.004810200014617294,1
scaled_independent,0,triggered_gain,360,0.17732237003355067,346648,0.0071591000305488706,2
scaled_independent,0,triggered_gain,480,0.01801436435739312,468464,0.010238500020932406,3
scaled_independent,0,triggered_gain,600,0.002440214986030753,590280,0.01331380003830418,4
scaled_independent,0,triggered_gain,720,0.000460733951896497,712096,0.01831730001140386,5
scaled_independent,0,triggered_gain,840,8.050002541937218e-05,833912,0.02321080002002418,6
scaled_independent,0,triggered_gain,960,1.6362052527973958e-05,955728,0.026171899982728064,7
scaled_independent,0,triggered_gain,1080,2.8514177654592743e-06,1077544,0.029600600013509393,8
scaled_independent,0,triggered_gain,1200,5.556534032891136e-07,1199360,0.03163230000063777,9
scaled_independent,0,triggered_gain,1320,8.51645385324673e-08,1321176,0.03368330001831055,10
scaled_independent,0,triggered_gain,1440,1.3111161933920812e-08,1442992,0.03512690000934526,11
scaled_independent,0,triggered_gain,1560,2.3743567112433084e-09,1564808,0.036438000039197505,12
scaled_independent,0,triggered_gain,1680,3.447500063202824e-10,1686624,0.03756920003797859,13
scaled_independent,0,triggered_gain,1800,6.258105145207082e-11,1808440,0.03858430002583191,14
scaled_independent,0,triggered_gain,1920,1.163158458439284e-11,1930256,0.03953340003499761,15
scaled_independent,0,triggered_gain,2040,1.751931932858497e-12,2052072,0.040475399990100414,16
scaled_independent,0,triggered_gain,2160,2.220446049250313e-13,2173888,0.041422100039198995,17
scaled_independent,0,triggered_gain,2280,4.1744385725905886e-14,2295704,0.04236050002509728,18
scaled_independent,0,triggered_gain,2400,8.881784197001252e-15,2417520,0.043293500028084964,19
scaled_independent,1,uniform,0,123.09127736407206,448,3.200024366378784e-06,0
scaled_independent,1,uniform,120,7.971392149377712,103016,0.0009323999984189868,0
scaled_independent,1,uniform,240,5.835291054605523,205584,0.0029820000054314733,0
scaled_independent,1,uniform,360,0.2474297269514243,308152,0.003908000013325363,0
scaled_independent,1,uniform,480,0.022748413635881093,410720,0.0048180000158026814,0
scaled_independent,1,uniform,600,0.0008611159734854823,513288,0.005775500030722469,0
scaled_independent,1,uniform,720,5.080200987883643e-05,615856,0.0066983000142499804,0
scaled_independent,1,uniform,840,3.441290420846954e-05,718424,0.007614300004206598,0
scaled_independent,1,uniform,960,4.12250008796633e-07,820992,0.008525000012014061,0
scaled_independent,1,uniform,1080,7.278002511768022e-08,923560,0.009433200000785291,0
scaled_independent,1,uniform,1200,5.8989622075955594e-09,1026128,0.01033720001578331,0
scaled_independent,1,uniform,1320,5.903468824897118e-10,1128696,0.011296999990008771,0
scaled_independent,1,uniform,1440,1.0549561224593162e-10,1231264,0.01221140002598986,0
scaled_independent,1,uniform,1560,2.100541962590796e-12,1333832,0.013128000020515174,0
scaled_independent,1,uniform,1680,1.0720313525780512e-12,1436400,0.01405450003221631,0
scaled_independent,1,uniform,1800,7.460698725481052e-14,1538968,0.014968400006182492,0
scaled_independent,1,uniform,1920,7.105427357601002e-15,1641536,0.015874599979724735,0
scaled_independent,1,uniform,2040,4.440892098500626e-16,1744104,0.016794900002423674,0
scaled_independent,1,uniform,2160,0.0,1846672,0.01770690002012998,0
scaled_independent,1,uniform,2280,0.0,1949240,0.0192063000285998,0
scaled_independent,1,uniform,2400,0.0,2051808,0.020159900013823062,0
scaled_independent,1,lipschitz,0,123.09127736407206,448,3.00002284348011e-06,0
scaled_independent,1,lipschitz,120,2.856852488400044,103016,0.0009119000169448555,0
scaled_independent,1,lipschitz,240,2.3310073166439844,205584,0.0018080000299960375,0
scaled_independent,1,lipschitz,360,2.132132728188001,308152,0.0027393000200390816,0
scaled_independent,1,lipschitz,480,2.0760333360200143,410720,0.0036342000239528716,0
scaled_independent,1,lipschitz,600,2.069516688224966,513288,0.004565800016280264,0
scaled_independent,1,lipschitz,720,0.5193445625026603,615856,0.005469500028993934,0
scaled_independent,1,lipschitz,840,0.40063235416759735,718424,0.006371800031047314,0
scaled_independent,1,lipschitz,960,0.3894585848177168,820992,0.00727020000340417,0
scaled_independent,1,lipschitz,1080,0.38830503223041424,923560,0.008351100026629865,0
scaled_independent,1,lipschitz,1200,0.38828615933997135,1026128,0.009247999987564981,0
scaled_independent,1,lipschitz,1320,0.3760778062492829,1128696,0.010162700025830418,0
scaled_independent,1,lipschitz,1440,0.37458032699947275,1231264,0.011065800033975393,0
scaled_independent,1,lipschitz,1560,0.37096323083427674,1333832,0.011966300022322685,0
scaled_independent,1,lipschitz,1680,0.11598445746795027,1436400,0.012866500008385628,0
scaled_independent,1,lipschitz,1800,0.10724838041690976,1538968,0.01375959999859333,0
scaled_independent,1,lipschitz,1920,0.10640288564493527,1641536,0.014939600019715726,0
scaled_independent,1,lipschitz,2040,0.10232063958977777,1744104,0.015900300000794232,0
scaled_independent,1,lipschitz,2160,0.10230397362916399,1846672,0.01680270000360906,0
scaled_independent,1,lipschitz,2280,0.0820106566842469,1949240,0.01770660001784563,0
scaled_independent,1,lipschitz,2400,0.08041919998140035,2051808,0.018637800007127225,0
scaled_independent,1,scheduled_gain,0,123.09127736407206,448,2.7999631129205227e-06,0
scaled_independent,1,scheduled_gain,120,1.2244245875497946,141512,0.0009756999788805842,2
scaled_independent,1,scheduled_gain,240,0.044747700694709014,282576,0.001969599979929626,4
scaled_independent,1,scheduled_gain,360,0.0017064650090352629,423640,0.00290529994526878,6
scaled_independent,1,scheduled_gain,480,2.9009407561453315e-05,564704,0.0038521999958902597,8
scaled_independent,1,scheduled_gain,600,1.348517076671385e-06,705768,0.004828699980862439,10
scaled_independent,1,scheduled_gain,720,4.7231211830478514e-08,846832,0.0057631999952718616,12
scaled_independent,1,scheduled_gain,840,2.018173628215436e-09,987896,0.006713899958413094,14
scaled_independent,1,scheduled_gain,960,1.0235190472940303e-10,1128960,0.007639999967068434,16
scaled_independent,1,scheduled_gain,1080,6.142641950646066e-12,1270024,0.008568899997044355,18
scaled_independent,1,scheduled_gain,1200,3.197442310920451e-13,1411088,0.009496599959675223,20
scaled_independent,1,scheduled_gain,1320,2.5757174171303632e-14,1552152,0.010415299970190972,22
scaled_independent,1,scheduled_gain,1440,1.3322676295501878e-15,1693216,0.011347399966325611,24
scaled_independent,1,scheduled_gain,1560,0.0,1834280,0.01328259997535497,26
scaled_independent,1,scheduled_gain,1680,0.0,1975344,0.015350099944043905,28
scaled_independent,1,scheduled_gain,1800,0.0,2116408,0.017784499970730394,30
scaled_independent,1,scheduled_gain,1920,0.0,2257472,0.020187099988106638,32
scaled_independent,1,scheduled_gain,2040,0.0,2398536,0.021140299970284104,34
scaled_independent,1,scheduled_gain,2160,0.0,2539600,0.022105899988673627,36
scaled_independent,1,scheduled_gain,2280,0.0,2680664,0.02303169999504462,38
scaled_independent,1,scheduled_gain,2400,4.440892098500626e-16,2821728,0.02396619995124638,40
scaled_independent,1,triggered_gain,0,123.09127736407206,448,2.900022082030773e-06,0
scaled_independent,1,triggered_gain,120,4.145545965298059,122264,0.0009201000211760402,1
scaled_independent,1,triggered_gain,240,2.5734430036135265,224832,0.0018219000194221735,1
scaled_independent,1,triggered_gain,360,0.20030213143291675,346648,0.002729300002101809,2
scaled_independent,1,triggered_gain,480,0.13434376962893424,449216,0.003625400015152991,2
scaled_independent,1,triggered_gain,600,0.0193895558523991,571032,0.004530099977273494,3
scaled_independent,1,triggered_gain,720,0.014298559058450788,673600,0.0070454999804496765,3
scaled_independent,1,triggered_gain,840,0.0024372021966168056,795416,0.008269399986602366,4
scaled_independent,1,triggered_gain,960,0.0019331496850223395,897984,0.009180599998217076,4
scaled_independent,1,triggered_gain,1080,0.0003795901857337469,1019800,0.010094500030390918,5
scaled_independent,1,triggered_gain,1200,0.0002401757513581515,1122368,0.010999199992511421,5
scaled_independent,1,triggered_gain,1320,4.8372027512399995e-05,1244184,0.01194609998492524,6
scaled_independent,1,triggered_gain,1440,3.575574973080364e-05,1346752,0.012881600006949157,6
scaled_independent,1,triggered_gain,1560,7.422524058053881e-06,1468568,0.01378640002803877,7
scaled_independent,1,triggered_gain,1680,4.795585748507136e-06,1571136,0.014681399974506348,7
scaled_independent,1,triggered_gain,1800,4.875122865399817e-07,1692952,0.01558489998569712,8
scaled_independent,1,triggered_gain,1920,4.375819240287626e-07,1795520,0.016486199980136007,8
scaled_independent,1,triggered_gain,2040,6.152265896730569e-08,1917336,0.01737930002855137,9
scaled_independent,1,triggered_gain,2160,5.076813192061991e-08,2019904,0.0182683999883011,9
scaled_independent,1,triggered_gain,2280,6.542272501519619e-09,2141720,0.019165000005159527,10
scaled_independent,1,triggered_gain,2400,6.007637054494808e-09,2244288,0.020057599991559982,10
scaled_independent,2,uniform,0,119.26154378927664,448,3.0999653972685337e-06,0
scaled_independent,2,uniform,120,4.374759908006563,103016,0.0009322999976575375,0
scaled_independent,2,uniform,240,0.25258114855124036,205584,0.002002499997615814,0
scaled_independent,2,uniform,360,0.029443230133888054,308152,0.0029089999734424055,0
scaled_independent,2,uniform,480,0.02467595758499508,410720,0.0038124999846331775,0
scaled_independent,2,uniform,600,0.0004735434374896208,513288,0.0047568000154569745,0
scaled_independent,2,uniform,720,0.0001703442342084749,615856,0.006417699973098934,0
scaled_independent,2,uniform,840,0.00015695111887614743,718424,0.009113100008107722,0
scaled_independent,2,uniform,960,1.1013457483777245e-06,820992,0.011424899974372238,0
scaled_independent,2,uniform,1080,5.605569874944649e-08,923560,0.013708400016184896,0
scaled_independent,2,uniform,1200,2.6420724275055818e-08,1026128,0.015984700003173202,0
scaled_independent,2,uniform,1320,2.228017148553363e-08,1128696,0.0185287999920547,0
scaled_independent,2,uniform,1440,5.508282718835744e-10,1231264,0.019471800012979656,0
scaled_independent,2,uniform,1560,3.2743407984980877e-10,1333832,0.02040749997831881,0
scaled_independent,2,uniform,1680,1.8735679674364292e-11,1436400,0.02136040001641959,0
scaled_independent,2,uniform,1800,2.8368418725222e-12,1538968,0.02229639998404309,0
scaled_independent,2,uniform,1920,1.2922996006636822e-13,1641536,0.02522010001121089,0
scaled_independent,2,uniform,2040,1.2878587085651816e-14,1744104,0.02777250000508502,0
scaled_independent,2,uniform,2160,1.3322676295501878e-15,1846672,0.030059400014579296,0
scaled_independent,2,uniform,2280,1.3322676295501878e-15,1949240,0.03232679999200627,0
scaled_independent,2,uniform,2400,1.3322676295501878e-15,2051808,0.035200499987695366,0
scaled_independent,2,lipschitz,0,119.26154378927664,448,5.100038833916187e-06,0
scaled_independent,2,lipschitz,120,5.5891188369177485,103016,0.0012973000411875546,0
scaled_independent,2,lipschitz,240,2.1800787297043622,205584,0.0024696000036783516,0
scaled_independent,2,lipschitz,360,0.7257396059028722,308152,0.0035806000232696533,0
scaled_independent,2,lipschitz,480,0.5580864822252392,410720,0.004579500004183501,0
scaled_independent,2,lipschitz,600,0.554364116382438,513288,0.005475800018757582,0
scaled_independent,2,lipschitz,720,0.5049657006585071,615856,0.006378000020049512,0
scaled_independent,2,lipschitz,840,0.4611286092109812,718424,0.007273800030816346,0
scaled_independent,2,lipschitz,960,0.3833942167507902,820992,0.008173200010787696,0
scaled_independent,2,lipschitz,1080,0.3813421082182886,923560,0.009066099999472499,0
scaled_independent,2,lipschitz,1200,0.38079872299505935,1026128,0.009961400006432086,0
scaled_independent,2,lipschitz,1320,0.2728096995396525,1128696,0.010859200032427907,0
scaled_independent,2,lipschitz,1440,0.2509943197207707,1231264,0.011815200035925955,0
scaled_independent,2,lipschitz,1560,0.24964249301627817,1333832,0.012710799986962229,0
scaled_independent,2,lipschitz,1680,0.245191241823433,1436400,0.013633300026413053,0
scaled_independent,2,lipschitz,1800,0.20307253408046133,1538968,0.014536400034558028,0
scaled_independent,2,lipschitz,1920,0.20254781782735654,1641536,0.015769199992064387,0
scaled_independent,2,lipschitz,2040,0.20204482063232065,1744104,0.01668300002347678,0
scaled_independent,2,lipschitz,2160,0.2016549823895164,1846672,0.01761630002874881,0
scaled_independent,2,lipschitz,2280,0.20082786206986558,1949240,0.01956480002263561,0
scaled_independent,2,lipschitz,2400,0.20065078172921647,2051808,0.022121099987998605,0
scaled_independent,2,scheduled_gain,0,119.26154378927664,448,7.79994297772646e-06,0
scaled_independent,2,scheduled_gain,120,2.197035952732772,141512,0.0025245999568141997,2
scaled_independent,2,scheduled_gain,240,0.126868361433647,282576,0.0051577999838627875,4
scaled_independent,2,scheduled_gain,360,0.005768484948041053,423640,0.007516999961808324,6
scaled_independent,2,scheduled_gain,480,0.0002719750489226236,564704,0.009621799981687218,8
scaled_independent,2,scheduled_gain,600,1.629308189565748e-05,705768,0.011233599972911179,10
scaled_independent,2,scheduled_gain,720,1.1547604228390185e-06,846832,0.012818099989090115,12
scaled_independent,2,scheduled_gain,840,1.0102426895031158e-07,987896,0.014106999966315925,14
scaled_independent,2,scheduled_gain,960,6.959674170303742e-09,1128960,0.015294899989385158,16
scaled_independent,2,scheduled_gain,1080,5.182112516877169e-10,1270024,0.016368999960832298,18
scaled_independent,2,scheduled_gain,1200,7.312861427521966e-11,1411088,0.017351399990729988,20
scaled_independent,2,scheduled_gain,1320,3.7201353109139745e-12,1552152,0.018280899967066944,22
scaled_independent,2,scheduled_gain,1440,2.9976021664879227e-13,1693216,0.02031279995571822,24
scaled_independent,2,scheduled_gain,1560,1.9539925233402755e-14,1834280,0.022796499950345606,26
scaled_independent,2,scheduled_gain,1680,2.6645352591003757e-15,1975344,0.025159999961033463,28
scaled_independent,2,scheduled_gain,1800,4.440892098500626e-16,2116408,0.027695899945683777,30
scaled_independent,2,scheduled_gain,1920,8.881784197001252e-16,2257472,0.02901409997139126,32
scaled_independent,2,scheduled_gain,2040,4.440892098500626e-16,2398536,0.030205699964426458,34
scaled_independent,2,scheduled_gain,2160,4.440892098500626e-16,2539600,0.031308499979786575,36
scaled_independent,2,scheduled_gain,2280,4.440892098500626e-16,2680664,0.03228719998151064,38
scaled_independent,2,scheduled_gain,2400,8.881784197001252e-16,2821728,0.03322629997273907,40
scaled_independent,2,triggered_gain,0,119.26154378927664,448,2.900022082030773e-06,0
scaled_independent,2,triggered_gain,120,9.993954017281492,122264,0.00092299998505041,1
scaled_independent,2,triggered_gain,240,2.1112249726950565,224832,0.001832099980674684,1
scaled_independent,2,triggered_gain,360,0.4118437643400896,346648,0.0027345999842509627,2
scaled_independent,2,triggered_gain,480,0.06234156058941176,468464,0.0036456999951042235,3
scaled_independent,2,triggered_gain,600,0.011875579818054316,590280,0.004541700007393956,4
scaled_independent,2,triggered_gain,720,0.0023311669296135484,712096,0.005446900031529367,5
scaled_independent,2,triggered_gain,840,0.0005136653752573217,833912,0.006349000032059848,6
scaled_independent,2,triggered_gain,960,8.88317915861414e-05,955728,0.007249300018884242,7
scaled_independent,2,triggered_gain,1080,1.8548605738910595e-05,1077544,0.008147999993525445,8
scaled_independent,2,triggered_gain,1200,3.850361510071565e-06,1199360,0.009045400016475469,9
scaled_independent,2,triggered_gain,1320,7.345718167073301e-07,1321176,0.010080299980472773,10
scaled_independent,2,triggered_gain,1440,1.3981023050391173e-07,1442992,0.011049600027035922,11
scaled_independent,2,triggered_gain,1560,3.1676417489023834e-08,1564808,0.011965100013185292,12
scaled_independent,2,triggered_gain,1680,6.158344056927945e-09,1686624,0.012910199991893023,13
scaled_independent,2,triggered_gain,1800,1.177641539840124e-09,1808440,0.013832700031343848,14
scaled_independent,2,triggered_gain,1920,2.369686669112525e-10,1930256,0.014755500014871359,15
scaled_independent,2,triggered_gain,2040,3.703704010149522e-11,2052072,0.01571559999138117,16
scaled_independent,2,triggered_gain,2160,7.323919248847233e-12,2173888,0.016630100028123707,17
scaled_independent,2,triggered_gain,2280,1.2829737272568309e-12,2295704,0.01757339999312535,18
scaled_independent,2,triggered_gain,2400,2.375877272697835e-13,2417520,0.019470800005365163,19
scaled_independent,3,uniform,0,103.09704763681736,448,2.900022082030773e-06,0
scaled_independent,3,uniform,120,6.925604692790214,103016,0.0009521000320091844,0
scaled_independent,3,uniform,240,0.08419025954621473,205584,0.001857800001744181,0
scaled_independent,3,uniform,360,0.004150808847769749,308152,0.0027996000135317445,0
scaled_independent,3,uniform,480,0.00015327148414856495,410720,0.00373370002489537,0
scaled_independent,3,uniform,600,1.6788810358381312e-05,513288,0.004650000017136335,0
scaled_independent,3,uniform,720,1.8268689552236594e-06,615856,0.005568800028413534,0
scaled_independent,3,uniform,840,1.3499900708424661e-07,718424,0.007640600029844791,0
scaled_independent,3,uniform,960,5.543182801659441e-09,820992,0.009419100009836257,0
scaled_independent,3,uniform,1080,4.2047565429470524e-10,923560,0.010720400023274124,0
scaled_independent,3,uniform,1200,2.4669022380408023e-10,1026128,0.011762599984649569,0
scaled_independent,3,uniform,1320,2.3360868794952694e-11,1128696,0.012669600022491068,0
scaled_independent,3,uniform,1440,1.2687628725416289e-12,1231264,0.013573500036727637,0
scaled_independent,3,uniform,1560,1.98507876802978e-13,1333832,0.014467800036072731,0
scaled_independent,3,uniform,1680,9.325873406851315e-15,1436400,0.015363899990916252,0
scaled_independent,3,uniform,1800,7.549516567451064e-15,1538968,0.016261700016912073,0
scaled_independent,3,uniform,1920,8.881784197001252e-16,1641536,0.01716160000069067,0
scaled_independent,3,uniform,2040,0.0,1744104,0.01805940002668649,0
scaled_independent,3,uniform,2160,0.0,1846672,0.018958900007419288,0
scaled_independent,3,uniform,2280,0.0,1949240,0.019853200006764382,0
scaled_independent,3,uniform,2400,0.0,2051808,0.020746599999256432,0
scaled_independent,3,lipschitz,0,103.09704763681736,448,2.800021320581436e-06,0
scaled_independent,3,lipschitz,120,5.232837229882792,103016,0.0009112000116147101,0
scaled_independent,3,lipschitz,240,1.843483663442767,205584,0.003339999995660037,0
scaled_independent,3,lipschitz,360,1.1422464416667188,308152,0.005744100024458021,0
scaled_independent,3,lipschitz,480,1.130162051454049,410720,0.00793399999383837,0
scaled_independent,3,lipschitz,600,1.1247925733947621,513288,0.009620700031518936,0
scaled_independent,3,lipschitz,720,0.9891676900149986,615856,0.010528000013437122,0
scaled_independent,3,lipschitz,840,0.8510909091380254,718424,0.011428400001022965,0
scaled_independent,3,lipschitz,960,0.8494102353870843,820992,0.012332400016020983,0
scaled_independent,3,lipschitz,1080,0.5160321449313554,923560,0.013227300019934773,0
scaled_independent,3,lipschitz,1200,0.40199167597989893,1026128,0.01411829999415204,0
scaled_independent,3,lipschitz,1320,0.3972150347750776,1128696,0.015011300041805953,0
scaled_independent,3,lipschitz,1440,0.3454388640706445,1231264,0.01590050000231713,0
scaled_independent,3,lipschitz,1560,0.34149896614803854,1333832,0.016812100016977638,0
scaled_independent,3,lipschitz,1680,0.34064599358488445,1436400,0.017741399991791695,0
scaled_independent,3,lipschitz,1800,0.2882087401468332,1538968,0.018746100016869605,0
scaled_independent,3,lipschitz,1920,0.284831162455057,1641536,0.019640800019260496,0
scaled_independent,3,lipschitz,2040,0.217737687223432,1744104,0.02054110000608489,0
scaled_independent,3,lipschitz,2160,0.21489692105010194,1846672,0.021433500049170107,0
scaled_independent,3,lipschitz,2280,0.2145176221313383,1949240,0.022373500047251582,0
scaled_independent,3,lipschitz,2400,0.1818870925892475,2051808,0.023271000012755394,0
scaled_independent,3,scheduled_gain,0,103.09704763681736,448,3.100023604929447e-06,0
scaled_independent,3,scheduled_gain,120,1.6966614494490986,141512,0.0009531999821774662,2
scaled_independent,3,scheduled_gain,240,0.03065789458172352,282576,0.0018737000063993037,4
scaled_independent,3,scheduled_gain,360,0.0009203186961701526,423640,0.0027931000222451985,6
scaled_independent,3,scheduled_gain,480,4.183646946964714e-05,564704,0.003706499992404133,8
scaled_independent,3,scheduled_gain,600,2.435603744910253e-06,705768,0.004619100014679134,10
scaled_independent,3,scheduled_gain,720,2.372940808292867e-07,846832,0.005534099997021258,12
scaled_independent,3,scheduled_gain,840,8.949073926345363e-09,987896,0.00644650001777336,14
scaled_independent,3,scheduled_gain,960,6.261142715402457e-10,1128960,0.007359499984886497,16
scaled_independent,3,scheduled_gain,1080,2.794120490534624e-11,1270024,0.008269499987363815,18
scaled_independent,3,scheduled_gain,1200,2.362998685612183e-12,1411088,0.009821099985856563,20
scaled_independent,3,scheduled_gain,1320,1.0880185641326534e-13,1552152,0.011529800016433,22
scaled_independent,3,scheduled_gain,1440,5.329070518200751e-15,1693216,0.012931999983265996,24
scaled_independent,3,scheduled_gain,1560,0.0,1834280,0.013986899983137846,26
scaled_independent,3,scheduled_gain,1680,0.0,1975344,0.014911199978087097,28
scaled_independent,3,scheduled_gain,1800,0.0,2116408,0.015874999982770532,30
scaled_independent,3,scheduled_gain,1920,0.0,2257472,0.016801899997517467,32
scaled_independent,3,scheduled_gain,2040,0.0,2398536,0.017725099984090775,34
scaled_independent,3,scheduled_gain,2160,4.440892098500626e-16,2539600,0.018641199974808842,36
scaled_independent,3,scheduled_gain,2280,4.440892098500626e-16,2680664,0.019554500002413988,38
scaled_independent,3,scheduled_gain,2400,4.440892098500626e-16,2821728,0.020470099989324808,40
scaled_independent,3,triggered_gain,0,103.09704763681736,448,2.800021320581436e-06,0
scaled_independent,3,triggered_gain,120,6.307465935753756,122264,0.0009203000226989388,1
scaled_independent,3,triggered_gain,240,4.8902779644477885,224832,0.0018118000007234514,1
scaled_independent,3,triggered_gain,360,0.6181310713885568,346648,0.0027141000027768314,2
scaled_independent,3,triggered_gain,480,0.4750390141124563,449216,0.0036065999884158373,2
scaled_independent,3,triggered_gain,600,0.0745563892554757,571032,0.005551900016143918,3
scaled_independent,3,triggered_gain,720,0.05137629341961514,673600,0.008026700001209974,3
scaled_independent,3,triggered_gain,840,0.005732413201005482,795416,0.009147899982053787,4
scaled_independent,3,triggered_gain,960,0.004761061549015011,897984,0.010204399994108826,4
scaled_independent,3,triggered_gain,1080,0.0007389858067301525,1019800,0.01114169997163117,5
scaled_independent,3,triggered_gain,1200,0.0005703621357788791,1122368,0.012061299988999963,5
scaled_independent,3,triggered_gain,1320,8.913003830413047e-05,1244184,0.013018099998589605,6
scaled_independent,3,triggered_gain,1440,6.779768463349711e-05,1346752,0.013959000003524125,6
scaled_independent,3,triggered_gain,1560,1.2619197414576178e-05,1468568,0.01487840001937002,7
scaled_independent,3,triggered_gain,1680,7.412712942134192e-06,1571136,0.015788500022608787,7
scaled_independent,3,triggered_gain,1800,9.486407659409224e-07,1692952,0.01670360000571236,8
scaled_independent,3,triggered_gain,1920,9.117279806680756e-07,1795520,0.017614500015042722,8
scaled_independent,3,triggered_gain,2040,1.1018603141010885e-07,1917336,0.018525000021327287,9
scaled_independent,3,triggered_gain,2160,9.346072316063214e-08,2019904,0.01947429997380823,9
scaled_independent,3,triggered_gain,2280,2.0592462401936018e-08,2141720,0.020457000005990267,10
scaled_independent,3,triggered_gain,2400,1.4325121089342474e-08,2244288,0.021354899974539876,10
scaled_independent,4,uniform,0,131.58493879924953,448,2.800021320581436e-06,0
scaled_independent,4,uniform,120,2.4250995631367704,103016,0.0009665999677963555,0
scaled_independent,4,uniform,240,0.09133521626632524,205584,0.0019048000103794038,0
scaled_independent,4,uniform,360,0.05286510293106961,308152,0.0031344000017270446,0
scaled_independent,4,uniform,480,0.0050214358613009935,410720,0.004070499970111996,0
scaled_independent,4,uniform,600,0.001262445537609569,513288,0.00516190001508221,0
scaled_independent,4,uniform,720,1.6447605993619163e-05,615856,0.006119899975601584,0
scaled_independent,4,uniform,840,9.823000222120015e-07,718424,0.0071770999929867685,0
scaled_independent,4,uniform,960,4.373363093890248e-08,820992,0.00810149998869747,0
scaled_independent,4,uniform,1080,7.294017834169608e-09,923560,0.00917849998222664,0
scaled_independent,4,uniform,1200,2.1430190955129547e-10,1026128,0.010124299966264516,0
scaled_independent,4,uniform,1320,1.5159429267441737e-11,1128696,0.011288899986539036,0
scaled_independent,4,uniform,1440,6.559197629485425e-13,1231264,0.01220830000238493,0
scaled_independent,4,uniform,1560,9.059419880941277e-14,1333832,0.013249800016637892,0
scaled_independent,4,uniform,1680,3.1086244689504383e-15,1436400,0.014427500020246953,0
scaled_independent,4,uniform,1800,8.881784197001252e-16,1538968,0.015350300003774464,0
scaled_independent,4,uniform,1920,0.0,1641536,0.016292900021653622,0
scaled_independent,4,uniform,2040,0.0,1744104,0.01721780002117157,0
scaled_independent,4,uniform,2160,0.0,1846672,0.018127999966964126,0
scaled_independent,4,uniform,2280,0.0,1949240,0.019037899968679994,0
scaled_independent,4,uniform,2400,0.0,2051808,0.020148999989032745,0
scaled_independent,4,lipschitz,0,131.58493879924953,448,2.9999646358191967e-06,0
scaled_independent,4,lipschitz,120,4.4841439965940815,103016,0.0011190999648533762,0
scaled_independent,4,lipschitz,240,2.2160380084803295,205584,0.0020430999575182796,0
scaled_independent,4,lipschitz,360,2.1674637097882474,308152,0.0029535999638028443,0
scaled_independent,4,lipschitz,480,2.107144682936621,410720,0.004031199961900711,0
scaled_independent,4,lipschitz,600,2.0352758204330197,513288,0.005100200010929257,0
scaled_independent,4,lipschitz,720,1.140199989581538,615856,0.006023499998264015,0
scaled_independent,4,lipschitz,840,1.0684041681416914,718424,0.006940699997358024,0
scaled_independent,4,lipschitz,960,0.9056032585805278,820992,0.008197399962227792,0
scaled_independent,4,lipschitz,1080,0.8861725117556003,923560,0.009101899981033057,0
scaled_independent,4,lipschitz,1200,0.7730202008683471,1026128,0.011672699998598546,0
scaled_independent,4,lipschitz,1320,0.3689999043018166,1128696,0.014397399965673685,0
scaled_independent,4,lipschitz,1440,0.28846050618370445,1231264,0.01651369995670393,0
scaled_independent,4,lipschitz,1560,0.18519565566020812,1333832,0.018604899989441037,0
scaled_independent,4,lipschitz,1680,0.15751575905861603,1436400,0.020608599996194243,0
scaled_independent,4,lipschitz,1800,0.11555114416405754,1538968,0.02231869997922331,0
scaled_independent,4,lipschitz,1920,0.1136700122913199,1641536,0.023581899993587285,0
scaled_independent,4,lipschitz,2040,0.11346917585324601,1744104,0.024711899983230978,0
scaled_independent,4,lipschitz,2160,0.11334056675616866,1846672,0.0256585999741219,0
scaled_independent,4,lipschitz,2280,0.11333238856111105,1949240,0.026569899986498058,0
scaled_independent,4,lipschitz,2400,0.11323831062201162,2051808,0.027486299979500473,0
scaled_independent,4,scheduled_gain,0,131.58493879924953,448,3.00002284348011e-06,0
scaled_independent,4,scheduled_gain,120,1.3093156620610964,141512,0.000938400044105947,2
scaled_independent,4,scheduled_gain,240,0.02847467723139152,282576,0.001875300018582493,4
scaled_independent,4,scheduled_gain,360,0.0010734330191537467,423640,0.002791200007777661,6
scaled_independent,4,scheduled_gain,480,4.76447879744768e-05,564704,0.0037007000064477324,8
scaled_independent,4,scheduled_gain,600,2.6995115520733748e-06,705768,0.0046122000203467906,10
scaled_independent,4,scheduled_gain,720,1.4921770663534062e-07,846832,0.005536100012250245,12
scaled_independent,4,scheduled_gain,840,6.377689043546297e-09,987896,0.006446300016250461,14
scaled_independent,4,scheduled_gain,960,2.986544345162656e-10,1128960,0.007371800020337105,16
scaled_independent,4,scheduled_gain,1080,1.3014478383865935e-11,1270024,0.008277600049041212,18
scaled_independent,4,scheduled_gain,1200,7.784883848671598e-13,1411088,0.009179200045764446,20
scaled_independent,4,scheduled_gain,1320,3.419486915845482e-14,1552152,0.010092400014400482,22
scaled_independent,4,scheduled_gain,1440,1.7763568394002505e-15,1693216,0.011045799998100847,24
scaled_independent,4,scheduled_gain,1560,0.0,1834280,0.011975200031884015,26
scaled_independent,4,scheduled_gain,1680,0.0,1975344,0.012929000018630177,28
scaled_independent,4,scheduled_gain,1800,0.0,2116408,0.013876200013328344,30
scaled_independent,4,scheduled_gain,1920,0.0,2257472,0.014798200048971921,32
scaled_independent,4,scheduled_gain,2040,0.0,2398536,0.015722100040875375,34
scaled_independent,4,scheduled_gain,2160,0.0,2539600,0.01663720002397895,36
scaled_independent,4,scheduled_gain,2280,0.0,2680664,0.017566599999554455,38
scaled_independent,4,scheduled_gain,2400,0.0,2821728,0.01849060005042702,40
scaled_independent,4,triggered_gain,0,131.58493879924953,448,2.800021320581436e-06,0
scaled_independent,4,triggered_gain,120,8.580317653568862,122264,0.0009260000078938901,1
scaled_independent,4,triggered_gain,240,4.296006431116716,224832,0.001818499993532896,1
scaled_independent,4,triggered_gain,360,0.47037463166847004,346648,0.002737700007855892,2
scaled_independent,4,triggered_gain,480,0.33252792585348434,449216,0.0036740999785251915,2
scaled_independent,4,triggered_gain,600,0.03539127488245164,571032,0.0046045000199228525,3
scaled_independent,4,triggered_gain,720,0.03347196703626221,673600,0.0055071000242605805,3
scaled_independent,4,triggered_gain,840,0.0037055859298398275,795416,0.006419199984520674,4
scaled_independent,4,triggered_gain,960,0.002895331416892244,897984,0.007311600027605891,4
scaled_independent,4,triggered_gain,1080,0.0003870149478295559,1019800,0.008222299977205694,5
scaled_independent,4,triggered_gain,1200,0.00031067303241893995,1122368,0.009115200024098158,5
scaled_independent,4,triggered_gain,1320,3.299984015336932e-05,1244184,0.010026399977505207,6
scaled_independent,4,triggered_gain,1440,2.9056110872005547e-05,1346752,0.010927300027105957,6
scaled_independent,4,triggered_gain,1560,3.99664372885411e-06,1468568,0.011828700022306293,7
scaled_independent,4,triggered_gain,1680,3.1447807127271687e-06,1571136,0.012725599983241409,7
scaled_independent,4,triggered_gain,1800,4.789670429161674e-07,1692952,0.013620599987916648,8
scaled_independent,4,triggered_gain,1920,4.433163098838122e-07,1795520,0.01451090001501143,8
scaled_independent,4,triggered_gain,2040,7.569321436307064e-08,1917336,0.015414100023917854,9
scaled_independent,4,triggered_gain,2160,6.794487195094234e-08,2019904,0.016315100016072392,9
scaled_independent,4,triggered_gain,2280,1.350861422722005e-08,2141720,0.017215400002896786,10
scaled_independent,4,triggered_gain,2400,1.184667253184557e-08,2244288,0.01810520002618432,10
scaled_independent,5,uniform,0,105.09501901081273,448,2.7999631129205227e-06,0
scaled_independent,5,uniform,120,3.870618698631155,103016,0.0009227999835275114,0
scaled_independent,5,uniform,240,0.2393343213781023,205584,0.0018334999913349748,0
scaled_independent,5,uniform,360,0.0363474468963072,308152,0.0027560999733395875,0
scaled_independent,5,uniform,480,0.0008539969725505081,410720,0.0037340999697335064,0
scaled_independent,5,uniform,600,0.00014495422671156888,513288,0.004639899998437613,0
scaled_independent,5,uniform,720,7.362865658500084e-06,615856,0.005572499998379499,0
scaled_independent,5,uniform,840,9.016796380656444e-07,718424,0.006505099998321384,0
scaled_independent,5,uniform,960,3.857519415007005e-08,820992,0.007424299954436719,0
scaled_independent,5,uniform,1080,1.9551178453980356e-09,923560,0.008330799988470972,0
scaled_independent,5,uniform,1200,1.4432632866601125e-10,1026128,0.009245399967767298,0
scaled_independent,5,uniform,1320,3.04760661151704e-11,1128696,0.010151499998755753,0
scaled_independent,5,uniform,1440,8.22453216642316e-13,1231264,0.011051899986341596,0
scaled_independent,5,uniform,1560,5.1514348342607263e-14,1333832,0.011952299973927438,0
scaled_independent,5,uniform,1680,3.552713678800501e-15,1436400,0.012857099995017052,0
scaled_independent,5,uniform,1800,1.7763568394002505e-15,1538968,0.013762699963990599,0
scaled_independent,5,uniform,1920,1.7763568394002505e-15,1641536,0.014657799969427288,0
scaled_independent,5,uniform,2040,1.7763568394002505e-15,1744104,0.015555899997707456,0
scaled_independent,5,uniform,2160,1.3322676295501878e-15,1846672,0.01646069996058941,0
scaled_independent,5,uniform,2280,1.7763568394002505e-15,1949240,0.017362499958835542,0
scaled_independent,5,uniform,2400,1.3322676295501878e-15,2051808,0.018268899992108345,0
scaled_independent,5,lipschitz,0,105.09501901081273,448,2.700020559132099e-06,0
scaled_independent,5,lipschitz,120,4.630089899981166,103016,0.0009011999936774373,0
scaled_independent,5,lipschitz,240,3.271477545028711,205584,0.0017863999819383025,0
scaled_independent,5,lipschitz,360,3.061025883193688,308152,0.00266840000404045,0
scaled_independent,5,lipschitz,480,1.3734472153113515,410720,0.0035516000352799892,0
scaled_independent,5,lipschitz,600,0.48890534271733843,513288,0.004438200034201145,0
scaled_independent,5,lipschitz,720,0.46233393648044885,615856,0.006485500023700297,0
scaled_independent,5,lipschitz,840,0.44735970466639197,718424,0.008881899993866682,0
scaled_independent,5,lipschitz,960,0.1773334622585181,820992,0.010979800019413233,0
scaled_independent,5,lipschitz,1080,0.13924895753927968,923560,0.012539200019091368,0
scaled_independent,5,lipschitz,1200,0.138675583037986,1026128,0.013485000003129244,0
scaled_independent,5,lipschitz,1320,0.1370026830794604,1128696,0.014397300023119897,0
scaled_independent,5,lipschitz,1440,0.1369361799254567,1231264,0.015358100004959852,0
scaled_independent,5,lipschitz,1560,0.13690599151057947,1333832,0.016263300029095262,0
scaled_independent,5,lipschitz,1680,0.10283966805314648,1436400,0.017203600029461086,0
scaled_independent,5,lipschitz,1800,0.1021718959523259,1538968,0.018107599986251444,0
scaled_independent,5,lipschitz,1920,0.10188682373769087,1641536,0.01904179999837652,0
scaled_independent,5,lipschitz,2040,0.0985244683076143,1744104,0.01995280000846833,0
scaled_independent,5,lipschitz,2160,0.08861735736505771,1846672,0.020885000005364418,0
scaled_independent,5,lipschitz,2280,0.07260119152057598,1949240,0.021799599984660745,0
scaled_independent,5,lipschitz,2400,0.07174376791588122,2051808,0.022704700008034706,0
scaled_independent,5,scheduled_gain,0,105.09501901081273,448,3.1999661587178707e-06,0
scaled_independent,5,scheduled_gain,120,1.1721792459574942,141512,0.0009530999814160168,2
scaled_independent,5,scheduled_gain,240,0.030800765139840536,282576,0.0018756999634206295,4
scaled_independent,5,scheduled_gain,360,0.0015643023321576521,423640,0.0027900999994017184,6
scaled_independent,5,scheduled_gain,480,6.111068454295321e-05,564704,0.0037078000023029745,8
scaled_independent,5,scheduled_gain,600,5.101031190779537e-06,705768,0.004620899970177561,10
scaled_independent,5,scheduled_gain,720,3.3651261510669883e-07,846832,0.005539099976886064,12
scaled_independent,5,scheduled_gain,840,1.7354956582948944e-08,987896,0.006456499977502972,14
scaled_independent,5,scheduled_gain,960,7.651883571213602e-10,1128960,0.007373299973551184,16
scaled_independent,5,scheduled_gain,1080,6.534328633733821e-11,1270024,0.008286399999633431,18
scaled_independent,5,scheduled_gain,1200,4.89164264649844e-12,1411088,0.009196600003633648,20
scaled_independent,5,scheduled_gain,1320,3.0597746558669314e-13,1552152,0.010111399984452873,22
scaled_independent,5,scheduled_gain,1440,1.9984014443252818e-14,1693216,0.0110319999512285,24
scaled_independent,5,scheduled_gain,1560,8.881784197001252e-16,1834280,0.011971599946264178,26
scaled_independent,5,scheduled_gain,1680,0.0,1975344,0.012887799995951355,28
scaled_independent,5,scheduled_gain,1800,0.0,2116408,0.013802199973724782,30
scaled_independent,5,scheduled_gain,1920,0.0,2257472,0.014761899947188795,32
scaled_independent,5,scheduled_gain,2040,0.0,2398536,0.0157360999728553,34
scaled_independent,5,scheduled_gain,2160,0.0,2539600,0.01666339999064803,36
scaled_independent,5,scheduled_gain,2280,0.0,2680664,0.017617299978155643,38
scaled_independent,5,scheduled_gain,2400,0.0,2821728,0.01855259999865666,40
scaled_independent,5,triggered_gain,0,105.09501901081273,448,2.700020559132099e-06,0
scaled_independent,5,triggered_gain,120,5.3593816410548865,122264,0.0009728000150062144,1
scaled_independent,5,triggered_gain,240,4.182923186454758,224832,0.001893899985589087,1
scaled_independent,5,triggered_gain,360,0.5004448557391772,346648,0.0028606000123545527,2
scaled_independent,5,triggered_gain,480,0.3230408104175453,449216,0.004053100012242794,2
scaled_independent,5,triggered_gain,600,0.043110896544070076,571032,0.006584200018551201,3
scaled_independent,5,triggered_gain,720,0.03986991668161055,673600,0.009612400026526302,3
scaled_independent,5,triggered_gain,840,0.0033212325998039915,795416,0.011994900007266551,4
scaled_independent,5,triggered_gain,960,0.0025281572701914,897984,0.014370499993674457,4
scaled_independent,5,triggered_gain,1080,0.00039328815255279537,1019800,0.016177000012248755,5
scaled_independent,5,triggered_gain,1200,0.00027205701610943933,1122368,0.017513500002678484,5
scaled_independent,5,triggered_gain,1320,5.032194149823255e-05,1244184,0.018571000022348017,6
scaled_independent,5,triggered_gain,1440,3.788461697507017e-05,1346752,0.01951710000867024,6
scaled_independent,5,triggered_gain,1560,5.338273987742781e-06,1468568,0.02043289999710396,7
scaled_independent,5,triggered_gain,1680,3.5366834203465203e-06,1571136,0.021333099983166903,7
scaled_independent,5,triggered_gain,1800,4.796640706850042e-07,1692952,0.02224339998792857,8
scaled_independent,5,triggered_gain,1920,4.3599991306209063e-07,1795520,0.023143200029153377,8
scaled_independent,5,triggered_gain,2040,5.88915174404292e-08,1917336,0.02404940000269562,9
scaled_independent,5,triggered_gain,2160,5.0663382822335734e-08,2019904,0.026694900006987154,9
scaled_independent,5,triggered_gain,2280,8.545897323131157e-09,2141720,0.029009099991526455,10
scaled_independent,5,triggered_gain,2400,6.838035027101341e-09,2244288,0.030617100012023002,10
scaled_independent,6,uniform,0,160.017828976917,448,4.299974534660578e-06,0
scaled_independent,6,uniform,120,2.3936276436693675,103016,0.0012152999988757074,0
scaled_independent,6,uniform,240,0.21736683628008402,205584,0.002135799964889884,0
scaled_independent,6,uniform,360,0.0035658016621460398,308152,0.0031239999807439744,0
scaled_independent,6,uniform,480,0.0015796502721321382,410720,0.00404619995970279,0
scaled_independent,6,uniform,600,3.60052441115144e-05,513288,0.0049557999591343105,0
scaled_independent,6,uniform,720,3.1275242426964667e-06,615856,0.005862799996975809,0
scaled_independent,6,uniform,840,7.19220087930239e-08,718424,0.006771899992600083,0
scaled_independent,6,uniform,960,2.889342987089094e-09,820992,0.007676999957766384,0
scaled_independent,6,uniform,1080,2.0693358138146323e-10,923560,0.008580399968195707,0
scaled_independent,6,uniform,1200,5.5839333157337023e-11,1026128,0.009509700001217425,0
scaled_independent,6,uniform,1320,1.5827339439056232e-12,1128696,0.011489999946206808,0
scaled_independent,6,uniform,1440,1.4832579608992091e-13,1231264,0.012716099969111383,0
scaled_independent,6,uniform,1560,2.4868995751603507e-14,1333832,0.013679299969226122,0
scaled_independent,6,uniform,1680,1.3322676295501878e-15,1436400,0.014606099983211607,0
scaled_independent,6,uniform,1800,0.0,1538968,0.01555979996919632,0
scaled_independent,6,uniform,1920,0.0,1641536,0.016473499999847263,0
scaled_independent,6,uniform,2040,0.0,1744104,0.017405499995220453,0
scaled_independent,6,uniform,2160,4.440892098500626e-16,1846672,0.01833159994566813,0
scaled_independent,6,uniform,2280,4.440892098500626e-16,1949240,0.0192547999904491,0
scaled_independent,6,uniform,2400,4.440892098500626e-16,2051808,0.02018209995003417,0
scaled_independent,6,lipschitz,0,160.017828976917,448,2.800021320581436e-06,0
scaled_independent,6,lipschitz,120,3.8531363481016467,103016,0.0009281000238843262,0
scaled_independent,6,lipschitz,240,1.2606884687991342,205584,0.0018385000294074416,0
scaled_independent,6,lipschitz,360,1.104760386358413,308152,0.0027516999980434775,0
scaled_independent,6,lipschitz,480,0.9332226250299906,410720,0.003660700051113963,0
scaled_independent,6,lipschitz,600,0.3134058459617042,513288,0.004569800046738237,0
scaled_independent,6,lipschitz,720,0.3113914290885429,615856,0.005476800026372075,0
scaled_independent,6,lipschitz,840,0.11147873518831064,718424,0.007267600041814148,0
scaled_independent,6,lipschitz,960,0.10472163425450898,820992,0.009613700036425143,0
scaled_independent,6,lipschitz,1080,0.09697520967041573,923560,0.011996000015642494,0
scaled_independent,6,lipschitz,1200,0.09562131333406665,1026128,0.01380420004716143,0
scaled_independent,6,lipschitz,1320,0.09543575145252303,1128696,0.014752899995073676,0
scaled_independent,6,lipschitz,1440,0.08960988073020903,1231264,0.015672800014726818,0
scaled_independent,6,lipschitz,1560,0.0740965671090783,1333832,0.01660750003065914,0
scaled_independent,6,lipschitz,1680,0.03621155210205318,1436400,0.017564200039487332,0
scaled_independent,6,lipschitz,1800,0.023864643121136897,1538968,0.018495600030291826,0
scaled_independent,6,lipschitz,1920,0.023351249436776467,1641536,0.019411400018725544,0
scaled_independent,6,lipschitz,2040,0.023348032139069996,1744104,0.020325499994214624,0
scaled_independent,6,lipschitz,2160,0.02334681075025946,1846672,0.02124040003400296,0
scaled_independent,6,lipschitz,2280,0.023331637313693143,1949240,0.022150500037241727,0
scaled_independent,6,lipschitz,2400,0.02330503595854605,2051808,0.023528999998234212,0
scaled_independent,6,scheduled_gain,0,160.017828976917,448,3.100023604929447e-06,0
scaled_independent,6,scheduled_gain,120,0.7244623351564554,141512,0.0009569000103510916,2
scaled_independent,6,scheduled_gain,240,0.03515028241166984,282576,0.0018901000148616731,4
scaled_independent,6,scheduled_gain,360,0.0018011764204719505,423640,0.0028176000341773033,6
scaled_independent,6,scheduled_gain,480,7.416833777984522e-05,564704,0.003786300017964095,8
scaled_independent,6,scheduled_gain,600,2.9089407864724137e-06,705768,0.004713200032711029,10
scaled_independent,6,scheduled_gain,720,2.454451339950481e-07,846832,0.0056455000303685665,12
scaled_independent,6,scheduled_gain,840,1.4145859150715978e-08,987896,0.006565600051544607,14
scaled_independent,6,scheduled_gain,960,6.268936481035325e-10,1128960,0.007488700037356466,16
scaled_independent,6,scheduled_gain,1080,3.83124643121846e-11,1270024,0.00840970000717789,18
scaled_independent,6,scheduled_gain,1200,2.7342572650468355e-12,1411088,0.009330300032161176,20
scaled_independent,6,scheduled_gain,1320,1.9895196601282805e-13,1552152,0.010258300055284053,22
scaled_independent,6,scheduled_gain,1440,1.9095836023552692e-14,1693216,0.011181600042618811,24
scaled_independent,6,scheduled_gain,1560,2.220446049250313e-15,1834280,0.012106600042898208,26
scaled_independent,6,scheduled_gain,1680,4.440892098500626e-16,1975344,0.013029900030232966,28
scaled_independent,6,scheduled_gain,1800,8.881784197001252e-16,2116408,0.014340100053232163,30
scaled_independent,6,scheduled_gain,1920,4.440892098500626e-16,2257472,0.0162770000169985,32
scaled_independent,6,scheduled_gain,2040,4.440892098500626e-16,2398536,0.017476500011980534,34
scaled_independent,6,scheduled_gain,2160,0.0,2539600,0.01842220005346462,36
scaled_independent,6,scheduled_gain,2280,4.440892098500626e-16,2680664,0.01939260005019605,38
scaled_independent,6,scheduled_gain,2400,4.440892098500626e-16,2821728,0.020316200039815158,40
scaled_independent,6,triggered_gain,0,160.017828976917,448,2.900022082030773e-06,0
scaled_independent,6,triggered_gain,120,3.081689505738256,122264,0.0009203000226989388,1
scaled_independent,6,triggered_gain,240,1.2267157633560015,224832,0.0018834000220522285,1
scaled_independent,6,triggered_gain,360,0.07047927462929726,346648,0.002821900008711964,2
scaled_independent,6,triggered_gain,480,0.057700784225256374,449216,0.0037339000264182687,2
scaled_independent,6,triggered_gain,600,0.006869280524714139,571032,0.0046533000422641635,3
scaled_independent,6,triggered_gain,720,0.004239253452705594,673600,0.00556200003484264,3
scaled_independent,6,triggered_gain,840,0.0006825953284432806,795416,0.006479400035459548,4
scaled_independent,6,triggered_gain,960,0.0006606993222173507,897984,0.007390100043267012,4
scaled_independent,6,triggered_gain,1080,0.0001272402866780986,1019800,0.008301099995151162,5
scaled_independent,6,triggered_gain,1200,7.97938675147769e-05,1122368,0.010049200034700334,5
scaled_independent,6,triggered_gain,1320,9.530779729427508e-06,1244184,0.011804700014181435,6
scaled_independent,6,triggered_gain,1440,6.767643487837205e-06,1346752,0.01309150003362447,6
scaled_independent,6,triggered_gain,1560,9.716154463212945e-07,1468568,0.014213500020559877,7
scaled_independent,6,triggered_gain,1680,7.82018050315969e-07,1571136,0.015341499994974583,7
scaled_independent,6,triggered_gain,1800,1.0460495758479738e-07,1692952,0.016275900008622557,8
scaled_independent,6,triggered_gain,1920,7.601717255667495e-08,1795520,0.01719280000543222,8
scaled_independent,6,triggered_gain,2040,1.2131108562130066e-08,1917336,0.01811569998972118,9
scaled_independent,6,triggered_gain,2160,7.385077882560154e-09,2019904,0.019076600030530244,9
scaled_independent,6,triggered_gain,2280,1.1097176511043472e-09,2141720,0.020002400036901236,10
scaled_independent,6,triggered_gain,2400,9.14059494760977e-10,2244288,0.020915300003252923,10
scaled_independent,7,uniform,0,91.89537272481977,448,2.7999631129205227e-06,0
scaled_independent,7,uniform,120,3.5597250128582814,103016,0.0009309999877586961,0
scaled_independent,7,uniform,240,0.0838110445617346,205584,0.001836499955970794,0
scaled_independent,7,uniform,360,0.008251624334404628,308152,0.002736800001002848,0
scaled_independent,7,uniform,480,0.0010053919080208473,410720,0.003645599994342774,0
scaled_independent,7,uniform,600,8.951210834418077e-05,513288,0.004545099975075573,0
scaled_independent,7,uniform,720,2.8047175790746337e-06,615856,0.005449499993119389,0
scaled_independent,7,uniform,840,3.2942545180603133e-07,718424,0.006349299976136535,0
scaled_independent,7,uniform,960,3.8405486790793475e-08,820992,0.008995899988804013,0
scaled_independent,7,uniform,1080,2.749292793424729e-09,923560,0.011582599952816963,0
scaled_independent,7,uniform,1200,3.7646019634962613e-10,1026128,0.013720399991143495,0
scaled_independent,7,uniform,1320,3.207212273537152e-11,1128696,0.015809699951205403,0
scaled_independent,7,uniform,1440,1.8471002505293654e-11,1231264,0.01778669998748228,0
scaled_independent,7,uniform,1560,7.536193891155563e-13,1333832,0.01938089996110648,0
scaled_independent,7,uniform,1680,3.241851231905457e-14,1436400,0.020627699967008084,0
scaled_independent,7,uniform,1800,1.3322676295501878e-15,1538968,0.021602799999527633,0
scaled_independent,7,uniform,1920,0.0,1641536,0.022527399996761233,0
scaled_independent,7,uniform,2040,0.0,1744104,0.023436899995431304,0
scaled_independent,7,uniform,2160,0.0,1846672,0.02436929999385029,0
scaled_independent,7,uniform,2280,0.0,1949240,0.025335899961646646,0
scaled_independent,7,uniform,2400,0.0,2051808,0.026248799986205995,0
scaled_independent,7,lipschitz,0,91.89537272481977,448,3.1999661587178707e-06,0
scaled_independent,7,lipschitz,120,4.126668824465389,103016,0.0009199000196531415,0
scaled_independent,7,lipschitz,240,3.105079705956219,205584,0.0018108999938704073,0
scaled_independent,7,lipschitz,360,1.539520693266354,308152,0.0027051999932155013,0
scaled_independent,7,lipschitz,480,0.9036687123256026,410720,0.003604099969379604,0
scaled_independent,7,lipschitz,600,0.5517943288140637,513288,0.004523099982179701,0
scaled_independent,7,lipschitz,720,0.5343992027705817,615856,0.005423499969765544,0
scaled_independent,7,lipschitz,840,0.5296006995541753,718424,0.006309599964879453,0
scaled_independent,7,lipschitz,960,0.3787962334954105,820992,0.007207199989352375,0
scaled_independent,7,lipschitz,1080,0.3522201408428054,923560,0.008095700002741069,0
scaled_independent,7,lipschitz,1200,0.26000723241604584,1026128,0.008989800000563264,0
scaled_independent,7,lipschitz,1320,0.2584090684778615,1128696,0.00989559997105971,0
scaled_independent,7,lipschitz,1440,0.2579438933502547,1231264,0.010838699992746115,0
scaled_independent,7,lipschitz,1560,0.25767533290816935,1333832,0.01172700000461191,0
scaled_independent,7,lipschitz,1680,0.25470907842249657,1436400,0.012669699965044856,0
scaled_independent,7,lipschitz,1800,0.032531214085159466,1538968,0.013583199994172901,0
scaled_independent,7,lipschitz,1920,0.02846980485334205,1641536,0.014515899994876236,0
scaled_independent,7,lipschitz,2040,0.02487485908629461,1744104,0.01542790001258254,0
scaled_independent,7,lipschitz,2160,0.02470261049262179,1846672,0.01633010001387447,0
scaled_independent,7,lipschitz,2280,0.02393442051515171,1949240,0.01722679997328669,0
scaled_independent,7,lipschitz,2400,0.023783120005815395,2051808,0.018123299989383668,0
scaled_independent,7,scheduled_gain,0,91.89537272481977,448,2.4999608285725117e-06,0
scaled_independent,7,scheduled_gain,120,0.5128474929874796,141512,0.0009272999595850706,2
scaled_independent,7,scheduled_gain,240,0.013166554742132242,282576,0.001831499976105988,4
scaled_independent,7,scheduled_gain,360,0.0007124187237894652,423640,0.002747099963016808,6
scaled_independent,7,scheduled_gain,480,4.939543912341193e-05,564704,0.0036483999574556947,8
scaled_independent,7,scheduled_gain,600,5.267527876107181e-06,705768,0.004561999987345189,10
scaled_independent,7,scheduled_gain,720,3.6328756269909945e-07,846832,0.005471399985253811,12
scaled_independent,7,scheduled_gain,840,2.6745950343354252e-08,987896,0.006408099958207458,14
scaled_independent,7,scheduled_gain,960,2.1825505847061777e-09,1128960,0.007321299985051155,16
scaled_independent,7,scheduled_gain,1080,1.727085141567386e-10,1270024,0.008230999985244125,18
scaled_independent,7,scheduled_gain,1200,1.2536194304857418e-11,1411088,0.00913689995650202,20
scaled_independent,7,scheduled_gain,1320,9.07718344933528e-13,1552152,0.01004069996997714,22
scaled_independent,7,scheduled_gain,1440,7.860379014346108e-14,1693216,0.0109461999963969,24
scaled_independent,7,scheduled_gain,1560,8.881784197001252e-15,1834280,0.011847199988551438,26
scaled_independent,7,scheduled_gain,1680,0.0,1975344,0.012765799998305738,28
scaled_independent,7,scheduled_gain,1800,0.0,2116408,0.013686599966604263,30
scaled_independent,7,scheduled_gain,1920,0.0,2257472,0.014584299991838634,32
scaled_independent,7,scheduled_gain,2040,0.0,2398536,0.015492099977564067,34
scaled_independent,7,scheduled_gain,2160,0.0,2539600,0.016398999956436455,36
scaled_independent,7,scheduled_gain,2280,0.0,2680664,0.017304099979810417,38
scaled_independent,7,scheduled_gain,2400,0.0,2821728,0.01821309997467324,40
scaled_independent,7,triggered_gain,0,91.89537272481977,448,2.500019036233425e-06,0
scaled_independent,7,triggered_gain,120,4.255036386541171,122264,0.0009159999899566174,1
scaled_independent,7,triggered_gain,240,3.3637161052289035,224832,0.0018068999634124339,1
scaled_independent,7,triggered_gain,360,0.34744687710326794,346648,0.0027087999624200165,2
scaled_independent,7,triggered_gain,480,0.30243120345698715,449216,0.0036709000123664737,2
scaled_independent,7,triggered_gain,600,0.05198120911183235,571032,0.004571700002998114,3
scaled_independent,7,triggered_gain,720,0.03306848493988257,673600,0.005526499997358769,3
scaled_independent,7,triggered_gain,840,0.006506786235251916,795416,0.006435199989937246,4
scaled_independent,7,triggered_gain,960,0.004665940664621893,897984,0.007337899995036423,4
scaled_independent,7,triggered_gain,1080,0.0008410406521148772,1019800,0.008251299965195358,5
scaled_independent,7,triggered_gain,1200,0.0006602488080793556,1122368,0.009152700018603355,5
scaled_independent,7,triggered_gain,1320,0.00012034938466598533,1244184,0.010056899976916611,6
scaled_independent,7,triggered_gain,1440,9.821672060406073e-05,1346752,0.01095339999301359,6
scaled_independent,7,triggered_gain,1560,1.7808971141342056e-05,1468568,0.0118648000061512,7
scaled_independent,7,triggered_gain,1680,1.6083860161497654e-05,1571136,0.012770599976647645,7
scaled_independent,7,triggered_gain,1800,2.605935423449779e-06,1692952,0.01368689996888861,8
scaled_independent,7,triggered_gain,1920,1.941760046975105e-06,1795520,0.014581499970518053,8
scaled_independent,7,triggered_gain,2040,5.236937838937195e-07,1917336,0.015484399977140129,9
scaled_independent,7,triggered_gain,2160,4.2707968406219265e-07,2019904,0.01638340001227334,9
scaled_independent,7,triggered_gain,2280,9.619308372066371e-08,2141720,0.017298199993092567,10
scaled_independent,7,triggered_gain,2400,6.963641352442096e-08,2244288,0.018206999986432493,10
scaled_independent,8,uniform,0,116.17441165032336,448,2.700020559132099e-06,0
scaled_independent,8,uniform,120,1.4278557739046622,103016,0.0009247999987564981,0
scaled_independent,8,uniform,240,0.31343681982029326,205584,0.0018432000069878995,0
scaled_independent,8,uniform,360,0.023915710899538034,308152,0.002774599997792393,0
scaled_independent,8,uniform,480,0.0013055368860870331,410720,0.003695300023537129,0
scaled_independent,8,uniform,600,0.0001544601682543778,513288,0.0046175000024959445,0
scaled_independent,8,uniform,720,8.572748738444602e-06,615856,0.0055272000026889145,0
scaled_independent,8,uniform,840,2.2840786417788195e-07,718424,0.006440100027248263,0
scaled_independent,8,uniform,960,2.4157696287829822e-08,820992,0.0073447999893687665,0
scaled_independent,8,uniform,1080,2.1634982694251903e-09,923560,0.008252400031778961,0
scaled_independent,8,uniform,1200,3.055973252230615e-10,1026128,0.009154600033070892,0
scaled_independent,8,uniform,1320,2.8264057760907235e-11,1128696,0.010060300002805889,0
scaled_independent,8,uniform,1440,2.6187940704858192e-12,1231264,0.010986300010699779,0
scaled_independent,8,uniform,1560,1.7408297026122455e-13,1333832,0.011915699986275285,0
scaled_independent,8,uniform,1680,3.1530333899354446e-14,1436400,0.012827300000935793,0
scaled_independent,8,uniform,1800,4.440892098500626e-15,1538968,0.013736499997321516,0
scaled_independent,8,uniform,1920,0.0,1641536,0.014642000023741275,0
scaled_independent,8,uniform,2040,0.0,1744104,0.01629200001480058,0
scaled_independent,8,uniform,2160,0.0,1846672,0.019054200034588575,0
scaled_independent,8,uniform,2280,0.0,1949240,0.021308200026396662,0
scaled_independent,8,uniform,2400,0.0,2051808,0.02292930003022775,0
scaled_independent,8,lipschitz,0,116.17441165032336,448,4.800036549568176e-06,0
scaled_independent,8,lipschitz,120,10.908088750484588,103016,0.0012269000289961696,0
scaled_independent,8,lipschitz,240,0.7242776471489645,205584,0.0021986000356264412,0
scaled_independent,8,lipschitz,360,0.3277997620195028,308152,0.0034763000439852476,0
scaled_independent,8,lipschitz,480,0.23356996759984439,410720,0.00439310004003346,0
scaled_independent,8,lipschitz,600,0.22927767224193873,513288,0.005315600021276623,0
scaled_independent,8,lipschitz,720,0.2143204439399926,615856,0.006276700005400926,0
scaled_independent,8,lipschitz,840,0.20683273048321427,718424,0.00718290003715083,0
scaled_independent,8,lipschitz,960,0.17038198135582316,820992,0.008085800043772906,0
scaled_independent,8,lipschitz,1080,0.16971678404991408,923560,0.008985200023744255,0
scaled_independent,8,lipschitz,1200,0.13404584104090267,1026128,0.009885000006761402,0
scaled_independent,8,lipschitz,1320,0.12642760732371983,1128696,0.010798500035889447,0
scaled_independent,8,lipschitz,1440,0.12616929944949273,1231264,0.011696700006723404,0
scaled_independent,8,lipschitz,1560,0.12538804905238532,1333832,0.012594700034242123,0
scaled_independent,8,lipschitz,1680,0.1253449406406668,1436400,0.01349020004272461,0
scaled_independent,8,lipschitz,1800,0.12527416014739678,1538968,0.01438350003445521,0
scaled_independent,8,lipschitz,1920,0.12459232051366476,1641536,0.01527680002618581,0
scaled_independent,8,lipschitz,2040,0.12453520779424476,1744104,0.016175900003872812,0
scaled_independent,8,lipschitz,2160,0.12452741373460041,1846672,0.017071800015401095,0
scaled_independent,8,lipschitz,2280,0.12433162397467656,1949240,0.017963599995709956,0
scaled_independent,8,lipschitz,2400,0.12432868848802148,2051808,0.01888879999751225,0
scaled_independent,8,scheduled_gain,0,116.17441165032336,448,9.400013368576765e-06,0
scaled_independent,8,scheduled_gain,120,1.094765602045138,141512,0.002134400012437254,2
scaled_independent,8,scheduled_gain,240,0.051803258332882685,282576,0.004602200002409518,4
scaled_independent,8,scheduled_gain,360,0.0032097816588665395,423640,0.006938799982890487,6
scaled_independent,8,scheduled_gain,480,0.00015449714149395888,564704,0.008634599973447621,8
scaled_independent,8,scheduled_gain,600,8.508297860032599e-06,705768,0.009893900016322732,10
scaled_independent,8,scheduled_gain,720,6.60527021523194e-07,846832,0.0108837999869138,12
scaled_independent,8,scheduled_gain,840,4.585128321465959e-08,987896,0.011803800007328391,14
scaled_independent,8,scheduled_gain,960,4.7260386715208824e-09,1128960,0.012719899998046458,16
scaled_independent,8,scheduled_gain,1080,4.081663895760812e-10,1270024,0.013633499969728291,18
scaled_independent,8,scheduled_gain,1200,3.0750957336067586e-11,1411088,0.0145506999688223,20
scaled_independent,8,scheduled_gain,1320,2.1520563109334034e-12,1552152,0.01546660001622513,22
scaled_independent,8,scheduled_gain,1440,1.163513729807164e-13,1693216,0.016720799962058663,24
scaled_independent,8,scheduled_gain,1560,1.2878587085651816e-14,1834280,0.01766820001648739,26
scaled_independent,8,scheduled_gain,1680,1.7763568394002505e-15,1975344,0.018595299974549562,28
scaled_independent,8,scheduled_gain,1800,4.440892098500626e-16,2116408,0.019556600018404424,30
scaled_independent,8,scheduled_gain,1920,4.440892098500626e-16,2257472,0.020501799997873604,32
scaled_independent,8,scheduled_gain,2040,8.881784197001252e-16,2398536,0.021431799978017807,34
scaled_independent,8,scheduled_gain,2160,8.881784197001252e-16,2539600,0.022358199988957494,36
scaled_independent,8,scheduled_gain,2280,4.440892098500626e-16,2680664,0.023364399967249483,38
scaled_independent,8,scheduled_gain,2400,0.0,2821728,0.0243307999917306,40
scaled_independent,8,triggered_gain,0,116.17441165032336,448,2.6999623514711857e-06,0
scaled_independent,8,triggered_gain,120,1.7167368487257741,122264,0.000929199974052608,1
scaled_independent,8,triggered_gain,240,0.5988363138717823,224832,0.0018698999774642289,1
scaled_independent,8,triggered_gain,360,0.0640777645441486,346648,0.0027981000021100044,2
scaled_independent,8,triggered_gain,480,0.01376632166973879,468464,0.003725099959410727,3
scaled_independent,8,triggered_gain,600,0.0030759775569153547,590280,0.004654899996239692,4
scaled_independent,8,triggered_gain,720,0.0005915799684315104,712096,0.005581899953540415,5
scaled_independent,8,triggered_gain,840,0.00011112597780904565,833912,0.006506699952296913,6
scaled_independent,8,triggered_gain,960,1.941824159557015e-05,955728,0.007435999985318631,7
scaled_independent,8,triggered_gain,1080,5.339463369224973e-06,1077544,0.008539499947801232,8
scaled_independent,8,triggered_gain,1200,1.2948333281137536e-06,1199360,0.01008819998241961,9
scaled_independent,8,triggered_gain,1320,2.057848340619728e-07,1321176,0.011467099946457893,10
scaled_independent,8,triggered_gain,1440,6.179732547906269e-08,1442992,0.012576099950820208,11
scaled_independent,8,triggered_gain,1560,1.7583868139325887e-08,1564808,0.01356839999789372,12
scaled_independent,8,triggered_gain,1680,3.765782352616043e-09,1686624,0.014540699950885028,13
scaled_independent,8,triggered_gain,1800,8.766809500571071e-10,1808440,0.01546789996791631,14
scaled_independent,8,triggered_gain,1920,1.9103341131199159e-10,1930256,0.01639079995220527,15
scaled_independent,8,triggered_gain,2040,3.703259920939672e-11,2052072,0.01731119997566566,16
scaled_independent,8,triggered_gain,2160,8.687717212296775e-12,2173888,0.01823529996909201,17
scaled_independent,8,triggered_gain,2280,1.934896687316723e-12,2295704,0.019157499948050827,18
scaled_independent,8,triggered_gain,2400,4.121147867408581e-13,2417520,0.02007849997607991,19
scaled_independent,9,uniform,0,40.364307525216795,448,2.8999638743698597e-06,0
scaled_independent,9,uniform,120,0.8520394310975918,103016,0.0009335000067949295,0
scaled_independent,9,uniform,240,0.07643342052447322,205584,0.0018392999772913754,0
scaled_independent,9,uniform,360,0.001271112798673979,308152,0.0027486999751999974,0
scaled_independent,9,uniform,480,4.938116753994137e-05,410720,0.003658299974631518,0
scaled_independent,9,uniform,600,5.605369256755921e-06,513288,0.00488189997849986,0
scaled_independent,9,uniform,720,1.790038957061313e-07,615856,0.006017999956384301,0
scaled_independent,9,uniform,840,2.9501748155524865e-08,718424,0.006938099977560341,0
scaled_independent,9,uniform,960,8.86579698544665e-10,820992,0.0078611999633722,0
scaled_independent,9,uniform,1080,6.646549977062932e-11,923560,0.008766099985223264,0
scaled_independent,9,uniform,1200,5.704769989733904e-12,1026128,0.009729299985338002,0
scaled_independent,9,uniform,1320,8.020251129892131e-13,1128696,0.010649000003468245,0
scaled_independent,9,uniform,1440,1.0658141036401503e-14,1231264,0.011571999988518655,0
scaled_independent,9,uniform,1560,5.329070518200751e-15,1333832,0.012483099999371916,0
scaled_independent,9,uniform,1680,4.440892098500626e-16,1436400,0.013391799991950393,0
scaled_independent,9,uniform,1800,0.0,1538968,0.014296400011517107,0
scaled_independent,9,uniform,1920,0.0,1641536,0.015209299977868795,0
scaled_independent,9,uniform,2040,0.0,1744104,0.016117899969685823,0
scaled_independent,9,uniform,2160,0.0,1846672,0.01702949998434633,0
scaled_independent,9,uniform,2280,0.0,1949240,0.01902949996292591,0
scaled_independent,9,uniform,2400,0.0,2051808,0.02162419998785481,0
scaled_independent,9,lipschitz,0,40.364307525216795,448,8.500006515532732e-06,0
scaled_independent,9,lipschitz,120,6.436010831970566,103016,0.0010121000232174993,0
scaled_independent,9,lipschitz,240,2.310772252714016,205584,0.0019198000081814826,0
scaled_independent,9,lipschitz,360,2.127179078361438,308152,0.003215899982023984,0
scaled_independent,9,lipschitz,480,1.050307249615475,410720,0.005605300015304238,0
scaled_independent,9,lipschitz,600,0.9219429022381949,513288,0.007931600033771247,0
scaled_independent,9,lipschitz,720,0.9192333464210298,615856,0.01014450000366196,0
scaled_independent,9,lipschitz,840,0.9153212228602139,718424,0.011769500037189573,0
scaled_independent,9,lipschitz,960,0.9108906982909679,820992,0.013022400031331927,0
scaled_independent,9,lipschitz,1080,0.35417868276503617,923560,0.014022200019098818,0
scaled_independent,9,lipschitz,1200,0.29556419341014495,1026128,0.014924500021152198,0
scaled_independent,9,lipschitz,1320,0.29198617446388475,1128696,0.01582790003158152,0
scaled_independent,9,lipschitz,1440,0.09307153898862763,1231264,0.017993799992837012,0
scaled_independent,9,lipschitz,1560,0.08860002152426771,1333832,0.019167200021911412,0
scaled_independent,9,lipschitz,1680,0.08434193263136569,1436400,0.020176200021523982,0
scaled_independent,9,lipschitz,1800,0.06775793913640626,1538968,0.021099100005812943,0
scaled_independent,9,lipschitz,1920,0.06754843573755887,1641536,0.02201499999500811,0
scaled_independent,9,lipschitz,2040,0.06673904605754144,1744104,0.022930000035557896,0
scaled_independent,9,lipschitz,2160,0.06235745467214615,1846672,0.02384219999657944,0
scaled_independent,9,lipschitz,2280,0.06231653214717614,1949240,0.024753800011239946,0
scaled_independent,9,lipschitz,2400,0.06149926230941727,2051808,0.025730299996212125,0
scaled_independent,9,scheduled_gain,0,40.364307525216795,448,2.8999638743698597e-06,0
scaled_independent,9,scheduled_gain,120,0.6618275836055911,141512,0.0009624999947845936,2
scaled_independent,9,scheduled_gain,240,0.016684837417997755,282576,0.001895399997010827,4
scaled_independent,9,scheduled_gain,360,0.00048200335145187623,423640,0.00282689998857677,6
scaled_independent,9,scheduled_gain,480,2.1589164626245605e-05,564704,0.004642100015189499,8
scaled_independent,9,scheduled_gain,600,1.343420832355946e-06,705768,0.008084799977950752,10
scaled_independent,9,scheduled_gain,720,3.824573457933411e-08,846832,0.009432299993932247,12
scaled_independent,9,scheduled_gain,840,1.7892967107968616e-09,987896,0.010531399981118739,14
scaled_independent,9,scheduled_gain,960,8.469536183497439e-11,1128960,0.01238749996991828,16
scaled_independent,9,scheduled_gain,1080,5.163425242926678e-12,1270024,0.014237899973522872,18
scaled_independent,9,scheduled_gain,1200,3.2951419370874646e-13,1411088,0.015618500008713454,20
scaled_independent,9,scheduled_gain,1320,2.708944180085382e-14,1552152,0.016632199985906482,22
scaled_independent,9,scheduled_gain,1440,1.7763568394002505e-15,1693216,0.017615499964449555,24
scaled_independent,9,scheduled_gain,1560,4.440892098500626e-16,1834280,0.01854199997615069,26
scaled_independent,9,scheduled_gain,1680,4.440892098500626e-16,1975344,0.01946959999622777,28
scaled_independent,9,scheduled_gain,1800,4.440892098500626e-16,2116408,0.020402699999976903,30
scaled_independent,9,scheduled_gain,1920,4.440892098500626e-16,2257472,0.021338699967600405,32
scaled_independent,9,scheduled_gain,2040,4.440892098500626e-16,2398536,0.0222638999694027,34
scaled_independent,9,scheduled_gain,2160,4.440892098500626e-16,2539600,0.02485829999204725,36
scaled_independent,9,scheduled_gain,2280,4.440892098500626e-16,2680664,0.025812099978793412,38
scaled_independent,9,scheduled_gain,2400,4.440892098500626e-16,2821728,0.026741800014860928,40
scaled_independent,9,triggered_gain,0,40.364307525216795,448,3.00002284348011e-06,0
scaled_independent,9,triggered_gain,120,1.9949725591328429,122264,0.000998099974822253,1
scaled_independent,9,triggered_gain,240,1.1156731691463775,224832,0.0019158999784849584,1
scaled_independent,9,triggered_gain,360,0.10532251730910014,346648,0.002889299998059869,2
scaled_independent,9,triggered_gain,480,0.09643102459145991,449216,0.003794600022956729,2
scaled_independent,9,triggered_gain,600,0.009275300547050058,571032,0.004751299973577261,3
scaled_independent,9,triggered_gain,720,0.006285428613546529,673600,0.0056653000065125525,3
scaled_independent,9,triggered_gain,840,0.0005080670524280073,795416,0.006586999981664121,4
scaled_independent,9,triggered_gain,960,0.0004786633815490049,897984,0.007492600008845329,4
scaled_independent,9,triggered_gain,1080,3.446635754889016e-05,1019800,0.008430499990936369,5
scaled_independent,9,triggered_gain,1200,2.5004107872650394e-05,1122368,0.00934009999036789,5
scaled_independent,9,triggered_gain,1320,2.8382305852225898e-06,1244184,0.010255899978801608,6
scaled_independent,9,triggered_gain,1440,2.085912286009517e-06,1346752,0.011168500001076609,6
scaled_independent,9,triggered_gain,1560,3.235224603770348e-07,1468568,0.012277000001631677,7
scaled_independent,9,triggered_gain,1680,2.0475627815486064e-07,1571136,0.013877300021704286,7
scaled_independent,9,triggered_gain,1800,1.9426044328696435e-08,1692952,0.01484120002714917,8
scaled_independent,9,triggered_gain,1920,1.562798690457612e-08,1795520,0.016018600028473884,8
scaled_independent,9,triggered_gain,2040,2.1133690353281054e-09,1917336,0.016956100007519126,9
scaled_independent,9,triggered_gain,2160,1.2627157097711006e-09,2019904,0.017947499989531934,9
scaled_independent,9,triggered_gain,2280,1.6754775344907102e-10,2141720,0.01887420000275597,10
scaled_independent,9,triggered_gain,2400,1.0834355634870008e-10,2244288,0.01998250000178814,10
scaled_independent,10,uniform,0,92.9592808084531,448,3.100023604929447e-06,0
scaled_independent,10,uniform,120,8.953246755506267,103016,0.0010174000053666532,0
scaled_independent,10,uniform,240,0.3808758862411419,205584,0.001928800018504262,0
scaled_independent,10,uniform,360,0.013421130757197197,308152,0.0028623000252991915,0
scaled_independent,10,uniform,480,0.0004509025125769561,410720,0.004040599975269288,0
scaled_independent,10,uniform,600,6.230670724871601e-05,513288,0.005014599999412894,0
scaled_independent,10,uniform,720,4.0199264366158616e-06,615856,0.005955600005108863,0
scaled_independent,10,uniform,840,2.971386021677347e-07,718424,0.006871199992019683,0
scaled_independent,10,uniform,960,1.2423944539818876e-08,820992,0.008934799989219755,0
scaled_independent,10,uniform,1080,7.621290265547032e-10,923560,0.011273699987214059,0
scaled_independent,10,uniform,1200,2.896514139649753e-10,1026128,0.013478600012604147,0
scaled_independent,10,uniform,1320,1.9118928662464896e-11,1128696,0.015418599999975413,0
scaled_independent,10,uniform,1440,6.710187960834446e-13,1231264,0.017025700013618916,0
scaled_independent,10,uniform,1560,1.163513729807164e-13,1333832,0.01830080000218004,0
scaled_independent,10,uniform,1680,1.2434497875801753e-14,1436400,0.01935419999063015,0
scaled_independent,10,uniform,1800,5.329070518200751e-15,1538968,0.020273500005714595,0
scaled_independent,10,uniform,1920,1.3322676295501878e-15,1641536,0.02118270000210032,0
scaled_independent,10,uniform,2040,1.7763568394002505e-15,1744104,0.02210090000880882,0
scaled_independent,10,uniform,2160,1.7763568394002505e-15,1846672,0.02302840002812445,0
scaled_independent,10,uniform,2280,8.881784197001252e-16,1949240,0.023956999997608364,0
scaled_independent,10,uniform,2400,8.881784197001252e-16,2051808,0.024863899976480752,0
scaled_independent,10,lipschitz,0,92.9592808084531,448,3.100023604929447e-06,0
scaled_independent,10,lipschitz,120,3.5709360148315596,103016,0.0009216999751515687,0
scaled_independent,10,lipschitz,240,1.773725016092988,205584,0.0018466999754309654,0
scaled_independent,10,lipschitz,360,1.628979869858628,308152,0.0027424999861977994,0
scaled_independent,10,lipschitz,480,1.5301910519451685,410720,0.003632200008723885,0
scaled_independent,10,lipschitz,600,1.367118124234758,513288,0.004529200028628111,0
scaled_independent,10,lipschitz,720,1.1166391253780943,615856,0.005428000004030764,0
scaled_independent,10,lipschitz,840,0.7395723702904058,718424,0.006348500028252602,0
scaled_independent,10,lipschitz,960,0.7250586801659709,820992,0.007259099977090955,0
scaled_independent,10,lipschitz,1080,0.724771449301099,923560,0.008184099977370352,0
scaled_independent,10,lipschitz,1200,0.4045661886556817,1026128,0.009084900026209652,0
scaled_independent,10,lipschitz,1320,0.4026013851249992,1128696,0.00998610001988709,0
scaled_independent,10,lipschitz,1440,0.40198354850699136,1231264,0.010873700026422739,0
scaled_independent,10,lipschitz,1560,0.4016003759278308,1333832,0.01176229998236522,0
scaled_independent,10,lipschitz,1680,0.15671917163087556,1436400,0.0126530000125058,0
scaled_independent,10,lipschitz,1800,0.13300986598135145,1538968,0.013550999981816858,0
scaled_independent,10,lipschitz,1920,0.13172875386264238,1641536,0.014439399994444102,0
scaled_independent,10,lipschitz,2040,0.13152505347682197,1744104,0.01533770002424717,0
scaled_independent,10,lipschitz,2160,0.1312334607645731,1846672,0.016222500009462237,0
scaled_independent,10,lipschitz,2280,0.13123288267408695,1949240,0.017109900014474988,0
scaled_independent,10,lipschitz,2400,0.1288646795719881,2051808,0.01807099999859929,0
scaled_independent,10,scheduled_gain,0,92.9592808084531,448,3.0999653972685337e-06,0
scaled_independent,10,scheduled_gain,120,0.6356223686196092,141512,0.0009802999556995928,2
scaled_independent,10,scheduled_gain,240,0.027496922417909353,282576,0.0019529999699443579,4
scaled_independent,10,scheduled_gain,360,0.0008167238504310781,423640,0.0028772999648936093,6
scaled_independent,10,scheduled_gain,480,3.6528886118158965e-05,564704,0.0038075000047683716,8
scaled_independent,10,scheduled_gain,600,2.755272084264959e-06,705768,0.0047345999628305435,10
scaled_independent,10,scheduled_gain,720,1.5872933012417434e-07,846832,0.005668799974955618,12
scaled_independent,10,scheduled_gain,840,6.506962968444441e-09,987896,0.006578499975148588,14
scaled_independent,10,scheduled_gain,960,4.331566216819738e-10,1128960,0.007498999999370426,16
scaled_independent,10,scheduled_gain,1080,2.9404034762592346e-11,1270024,0.008410299953538924,18
scaled_independent,10,scheduled_gain,1200,1.6204815267428785e-12,1411088,0.009322899975813925,20
scaled_independent,10,scheduled_gain,1320,8.970602038971265e-14,1552152,0.010237999958917499,22
scaled_independent,10,scheduled_gain,1440,6.217248937900877e-15,1693216,0.011158699984662235,24
scaled_independent,10,scheduled_gain,1560,0.0,1834280,0.012108399998396635,26
scaled_independent,10,scheduled_gain,1680,0.0,1975344,0.013024399988353252,28
scaled_independent,10,scheduled_gain,1800,0.0,2116408,0.013940599979832768,30
scaled_independent,10,scheduled_gain,1920,0.0,2257472,0.014856799971312284,32
scaled_independent,10,scheduled_gain,2040,0.0,2398536,0.015768199984449893,34
scaled_independent,10,scheduled_gain,2160,0.0,2539600,0.016686599992681295,36
scaled_independent,10,scheduled_gain,2280,0.0,2680664,0.017620200000237674,38
scaled_independent,10,scheduled_gain,2400,0.0,2821728,0.018537199997808784,40
scaled_independent,10,triggered_gain,0,92.9592808084531,448,2.6999623514711857e-06,0
scaled_independent,10,triggered_gain,120,4.348050269269633,122264,0.0009316999930888414,1
scaled_independent,10,triggered_gain,240,3.3707357281816286,224832,0.0018277000053785741,1
scaled_independent,10,triggered_gain,360,0.3059722006608889,346648,0.0027469999622553587,2
scaled_independent,10,triggered_gain,480,0.28398570069297335,449216,0.00365649996092543,2
scaled_independent,10,triggered_gain,600,0.03817808296814107,571032,0.0045797000057064,3
scaled_independent,10,triggered_gain,720,0.029265103530246694,673600,0.005488499999046326,3
scaled_independent,10,triggered_gain,840,0.003858985033705853,795416,0.0064069999498315156,4
scaled_independent,10,triggered_gain,960,0.0029649130998907758,897984,0.007312499976251274,4
scaled_independent,10,triggered_gain,1080,0.00044992261344534157,1019800,0.00822869996773079,5
scaled_independent,10,triggered_gain,1200,0.00037790178164875954,1122368,0.00912679999601096,5
scaled_independent,10,triggered_gain,1320,7.122163976891471e-05,1244184,0.010031199955847114,6
scaled_independent,10,triggered_gain,1440,6.11987369247835e-05,1346752,0.010972399963065982,6
scaled_independent,10,triggered_gain,1560,1.2405357201039635e-05,1468568,0.01187649997882545,7
scaled_independent,10,triggered_gain,1680,9.085527395313875e-06,1571136,0.012798899959307164,7
scaled_independent,10,triggered_gain,1800,1.7450243428029921e-06,1692952,0.013731899962294847,8
scaled_independent,10,triggered_gain,1920,1.5718165955469487e-06,1795520,0.014627399970777333,8
scaled_independent,10,triggered_gain,2040,3.0959653907203233e-07,1917336,0.0155374999740161,9
scaled_independent,10,triggered_gain,2160,2.770358706882803e-07,2019904,0.01947409997228533,9
scaled_independent,10,triggered_gain,2280,5.6912247803353466e-08,2141720,0.024064600002020597,10
scaled_independent,10,triggered_gain,2400,5.0162477283066664e-08,2244288,0.02645109995501116,10
scaled_independent,11,uniform,0,60.069266323601795,448,7.300055585801601e-06,0
scaled_independent,11,uniform,120,1.7611068653063224,103016,0.0017597000114619732,0
scaled_independent,11,uniform,240,0.17552055355035323,205584,0.0032264000037685037,0
scaled_independent,11,uniform,360,0.004131259231530571,308152,0.004560900037176907,0
scaled_independent,11,uniform,480,0.0001646227791334276,410720,0.005754000041633844,0
scaled_independent,11,uniform,600,1.4144594246090492e-05,513288,0.006813000014517456,0
scaled_independent,11,uniform,720,9.063695460831411e-07,615856,0.00782150001032278,0
scaled_independent,11,uniform,840,1.22744999941915e-07,718424,0.008756600029300898,0
scaled_independent,11,uniform,960,7.078228669854525e-09,820992,0.009676000045146793,0
scaled_independent,11,uniform,1080,2.795559339574538e-10,923560,0.010570500046014786,0
scaled_independent,11,uniform,1200,9.502576503450655e-11,1026128,0.011465400049928576,0
scaled_independent,11,uniform,1320,2.653877118063974e-12,1128696,0.01268710003932938,0
scaled_independent,11,uniform,1440,1.887379141862766e-13,1231264,0.015036000055260956,0
scaled_independent,11,uniform,1560,3.4638958368304884e-14,1333832,0.017257500032428652,0
scaled_independent,11,uniform,1680,1.7763568394002505e-15,1436400,0.019005200010724366,0
scaled_independent,11,uniform,1800,8.881784197001252e-16,1538968,0.020903400029055774,0
scaled_independent,11,uniform,1920,8.881784197001252e-16,1641536,0.022346500016283244,0
scaled_independent,11,uniform,2040,8.881784197001252e-16,1744104,0.02325700002256781,0
scaled_independent,11,uniform,2160,8.881784197001252e-16,1846672,0.02417250000871718,0
scaled_independent,11,uniform,2280,1.3322676295501878e-15,1949240,0.025079600047320127,0
scaled_independent,11,uniform,2400,1.3322676295501878e-15,2051808,0.026024800026789308,0
scaled_independent,11,lipschitz,0,60.069266323601795,448,3.100023604929447e-06,0
scaled_independent,11,lipschitz,120,3.6660873843067687,103016,0.000958200020249933,0
scaled_independent,11,lipschitz,240,1.8231106878264653,205584,0.0018700999789871275,0
scaled_independent,11,lipschitz,360,1.4845245950101926,308152,0.0028008000226691365,0
scaled_independent,11,lipschitz,480,0.7164320063208534,410720,0.0037252000183798373,0
scaled_independent,11,lipschitz,600,0.39959620927314754,513288,0.004652500036172569,0
scaled_independent,11,lipschitz,720,0.32470150872636516,615856,0.005568800028413534,0
scaled_independent,11,lipschitz,840,0.2068929509438835,718424,0.006489999999757856,0
scaled_independent,11,lipschitz,960,0.20609026502665984,820992,0.007396400033030659,0
scaled_independent,11,lipschitz,1080,0.19834709340718915,923560,0.008296300016809255,0
scaled_independent,11,lipschitz,1200,0.1979210230086732,1026128,0.009205000009387732,0
scaled_independent,11,lipschitz,1320,0.1978051075150158,1128696,0.010110799979884177,0
scaled_independent,11,lipschitz,1440,0.1688778789095,1231264,0.01159060001373291,0
scaled_independent,11,lipschitz,1560,0.09961629822245088,1333832,0.012511599983554333,0
scaled_independent,11,lipschitz,1680,0.09887732898957236,1436400,0.013422999996691942,0
scaled_independent,11,lipschitz,1800,0.09809966379186008,1538968,0.01433149998774752,0
scaled_independent,11,lipschitz,1920,0.0948561278006137,1641536,0.015276500023901463,0
scaled_independent,11,lipschitz,2040,0.09342997560073485,1744104,0.016201900027226657,0
scaled_independent,11,lipschitz,2160,0.008495786056355481,1846672,0.017183199990540743,0
scaled_independent,11,lipschitz,2280,0.0064881392944733385,1949240,0.01818810001714155,0
scaled_independent,11,lipschitz,2400,0.005909134896446844,2051808,0.019095800002105534,0
scaled_independent,11,scheduled_gain,0,60.069266323601795,448,3.00002284348011e-06,0
scaled_independent,11,scheduled_gain,120,1.2600498347791795,141512,0.0009911000379361212,2
scaled_independent,11,scheduled_gain,240,0.03641504033084697,282576,0.0019331000512465835,4
scaled_independent,11,scheduled_gain,360,0.002102247107778954,423640,0.0028878000448457897,6
scaled_independent,11,scheduled_gain,480,0.0001406767529759101,564704,0.003825100022368133,8
scaled_independent,11,scheduled_gain,600,1.0075195104874979e-05,705768,0.0047577000223100185,10
scaled_independent,11,scheduled_gain,720,7.31703162060171e-07,846832,0.005684000032488257,12
scaled_independent,11,scheduled_gain,840,6.615415504285238e-08,987896,0.006609700038097799,14
scaled_independent,11,scheduled_gain,960,4.037641332388375e-09,1128960,0.007541900034993887,16
scaled_independent,11,scheduled_gain,1080,2.1331514332700863e-10,1270024,0.00928390002809465,18
scaled_independent,11,scheduled_gain,1200,1.8042900506998194e-11,1411088,0.011686700046993792,20
scaled_independent,11,scheduled_gain,1320,1.4055423491754482e-12,1552152,0.013642500038258731,22
scaled_independent,11,scheduled_gain,1440,9.325873406851315e-14,1693216,0.01504720002412796,24
scaled_independent,11,scheduled_gain,1560,7.549516567451064e-15,1834280,0.016132800024934113,26
scaled_independent,11,scheduled_gain,1680,0.0,1975344,0.017083400045521557,28
scaled_independent,11,scheduled_gain,1800,0.0,2116408,0.018007900041993707,30
scaled_independent,11,scheduled_gain,1920,0.0,2257472,0.018928700010292232,32
scaled_independent,11,scheduled_gain,2040,0.0,2398536,0.01985060004517436,34
scaled_independent,11,scheduled_gain,2160,0.0,2539600,0.02077510004164651,36
scaled_independent,11,scheduled_gain,2280,0.0,2680664,0.02170100004877895,38
scaled_independent,11,scheduled_gain,2400,0.0,2821728,0.02262990002054721,40
scaled_independent,11,triggered_gain,0,60.069266323601795,448,2.800021320581436e-06,0
scaled_independent,11,triggered_gain,120,4.355267300713786,122264,0.0009374000364914536,1
scaled_independent,11,triggered_gain,240,1.9599732850951535,224832,0.0018779000383801758,1
scaled_independent,11,triggered_gain,360,0.17544188442595443,346648,0.0035581000265665352,2
scaled_independent,11,triggered_gain,480,0.11604058914984527,449216,0.0045737000182271,2
scaled_independent,11,triggered_gain,600,0.01307140721311173,571032,0.005545600026380271,3
scaled_independent,11,triggered_gain,720,0.01209800591219734,673600,0.006447100022342056,3
scaled_independent,11,triggered_gain,840,0.0017966833035916174,795416,0.007368700054939836,4
scaled_independent,11,triggered_gain,960,0.0016719609654618495,897984,0.008682600047904998,4
scaled_independent,11,triggered_gain,1080,0.00026541165330096206,1019800,0.00965420005377382,5
scaled_independent,11,triggered_gain,1200,0.00025039702807383435,1122368,0.010601300047710538,5
scaled_independent,11,triggered_gain,1320,3.3966740058843925e-05,1244184,0.011579800047911704,6
scaled_independent,11,triggered_gain,1440,2.3929941940448174e-05,1346752,0.012569100013934076,6
scaled_independent,11,triggered_gain,1560,3.0784019950935715e-06,1468568,0.013530700001865625,7
scaled_independent,11,triggered_gain,1680,2.0412597643293395e-06,1571136,0.014449200010858476,7
scaled_independent,11,triggered_gain,1800,3.023491301767933e-07,1692952,0.015370700042694807,8
scaled_independent,11,triggered_gain,1920,1.9363569592201202e-07,1795520,0.016297000052873045,8
scaled_independent,11,triggered_gain,2040,3.29153042599728e-08,1917336,0.017208300007041544,9
scaled_independent,11,triggered_gain,2160,1.9565804532106768e-08,2019904,0.018126900016795844,9
scaled_independent,11,triggered_gain,2280,3.010737437136868e-09,2141720,0.020414200029335916,10
scaled_independent,11,triggered_gain,2400,2.7622135689853167e-09,2244288,0.021343300002627075,10
balanced_correlated,0,uniform,0,11.39733272727027,448,3.200024366378784e-06,0
balanced_correlated,0,uniform,120,1.5500370181413632,103016,0.0009757000370882452,0
balanced_correlated,0,uniform,240,0.6491764922811285,205584,0.0020192000083625317,0
balanced_correlated,0,uniform,360,0.32212932832036856,308152,0.0029291000100784004,0
balanced_correlated,0,uniform,480,0.20262483282841703,410720,0.003840100020170212,0
balanced_correlated,0,uniform,600,0.12247546589838088,513288,0.004745300044305623,0
balanced_correlated,0,uniform,720,0.05344382264578407,615856,0.005651500017847866,0
balanced_correlated,0,uniform,840,0.023779515384652505,718424,0.006597500003408641,0
balanced_correlated,0,uniform,960,0.01360477068759236,820992,0.007508200011216104,0
balanced_correlated,0,uniform,1080,0.007422550123013849,923560,0.008413900039158762,0
balanced_correlated,0,uniform,1200,0.003340738392290543,1026128,0.009324400045443326,0
balanced_correlated,0,uniform,1320,0.0019710186895438575,1128696,0.010237300011795014,0
balanced_correlated,0,uniform,1440,0.0008275709464276026,1231264,0.011138500005472451,0
balanced_correlated,0,uniform,1560,0.0004425229362858829,1333832,0.012038999993819743,0
balanced_correlated,0,uniform,1680,0.00025645763766624086,1436400,0.013034300005529076,0
balanced_correlated,0,uniform,1800,0.0001632086311564862,1538968,0.014351600024383515,0
balanced_correlated,0,uniform,1920,7.520545085837327e-05,1641536,0.015273099998012185,0
balanced_correlated,0,uniform,2040,5.53622631045414e-05,1744104,0.01622220000717789,0
balanced_correlated,0,uniform,2160,3.594150937757945e-05,1846672,0.01718680001795292,0
balanced_correlated,0,uniform,2280,2.5352947182533114e-05,1949240,0.018099000037182122,0
balanced_correlated,0,uniform,2400,1.3204813246847635e-05,2051808,0.019004000001586974,0
balanced_correlated,0,lipschitz,0,11.39733272727027,448,2.7999631129205227e-06,0
balanced_correlated,0,lipschitz,120,1.394267454255886,103016,0.0009247999987564981,0
balanced_correlated,0,lipschitz,240,0.5824048565789974,205584,0.0018279000069014728,0
balanced_correlated,0,lipschitz,360,0.2644314052180161,308152,0.0027369000017642975,0
balanced_correlated,0,lipschitz,480,0.17535411749743846,410720,0.003642899973783642,0
balanced_correlated,0,lipschitz,600,0.10252547075320395,513288,0.004550599958747625,0
balanced_correlated,0,lipschitz,720,0.049607330163164765,615856,0.005460899963509291,0
balanced_correlated,0,lipschitz,840,0.019877824851711967,718424,0.006362399959471077,0
balanced_correlated,0,lipschitz,960,0.011353006188141723,820992,0.0072592999786138535,0
balanced_correlated,0,lipschitz,1080,0.00647170680592879,923560,0.008154999988619238,0
balanced_correlated,0,lipschitz,1200,0.0028545611818882044,1026128,0.009052500012330711,0
balanced_correlated,0,lipschitz,1320,0.001616270640690587,1128696,0.009949299972504377,0
balanced_correlated,0,lipschitz,1440,0.0007503528504577694,1231264,0.011939199990592897,0
balanced_correlated,0,lipschitz,1560,0.00044203870182002447,1333832,0.013729600002989173,0
balanced_correlated,0,lipschitz,1680,0.0002505593577213361,1436400,0.015896699973382056,0
balanced_correlated,0,lipschitz,1800,0.0001363899561264148,1538968,0.017690100008621812,0
balanced_correlated,0,lipschitz,1920,6.328868462901482e-05,1641536,0.018951900012325495,0
balanced_correlated,0,lipschitz,2040,3.938771298761523e-05,1744104,0.019974199996795505,0
balanced_correlated,0,lipschitz,2160,2.4090506702822978e-05,1846672,0.020909199956804514,0
balanced_correlated,0,lipschitz,2280,1.6389361548796444e-05,1949240,0.02181929996004328,0
balanced_correlated,0,lipschitz,2400,9.560285392673507e-06,2051808,0.02272319997427985,0
balanced_correlated,0,scheduled_gain,0,11.39733272727027,448,2.8999638743698597e-06,0
balanced_correlated,0,scheduled_gain,120,1.1115997021688964,141512,0.0010192999616265297,2
balanced_correlated,0,scheduled_gain,240,0.6116232252634246,282576,0.001978799991775304,4
balanced_correlated,0,scheduled_gain,360,0.32310178810763635,423640,0.0029350999975576997,6
balanced_correlated,0,scheduled_gain,480,0.18385327614558822,564704,0.003855199960526079,8
balanced_correlated,0,scheduled_gain,600,0.12557320679065054,705768,0.005134499981068075,10
balanced_correlated,0,scheduled_gain,720,0.08686996794225221,846832,0.006190299987792969,12
balanced_correlated,0,scheduled_gain,840,0.05825801545697118,987896,0.0072793999570421875,14
balanced_correlated,0,scheduled_gain,960,0.03860646114364519,1128960,0.008356499951332808,16
balanced_correlated,0,scheduled_gain,1080,0.02214731275013504,1270024,0.009295800002291799,18
balanced_correlated,0,scheduled_gain,1200,0.014183535360099864,1411088,0.010285999975167215,20
balanced_correlated,0,scheduled_gain,1320,0.009629025779711586,1552152,0.011211999983061105,22
balanced_correlated,0,scheduled_gain,1440,0.006010758796545446,1693216,0.012138099991716444,24
balanced_correlated,0,scheduled_gain,1560,0.0043835293407950005,1834280,0.013182299968320876,26
balanced_correlated,0,scheduled_gain,1680,0.0033846651020787988,1975344,0.01415529998484999,28
balanced_correlated,0,scheduled_gain,1800,0.002702857640724865,2116408,0.015083299949765205,30
balanced_correlated,0,scheduled_gain,1920,0.002130384459491541,2257472,0.01601029996527359,32
balanced_correlated,0,scheduled_gain,2040,0.0015664410409281793,2398536,0.017106899991631508,34
balanced_correlated,0,scheduled_gain,2160,0.001155435709443875,2539600,0.018041699950117618,36
balanced_correlated,0,scheduled_gain,2280,0.0008954214891834233,2680664,0.01906829996732995,38
balanced_correlated,0,scheduled_gain,2400,0.0007106750267857898,2821728,0.020006699953228235,40
balanced_correlated,0,triggered_gain,0,11.39733272727027,448,2.900022082030773e-06,0
balanced_correlated,0,triggered_gain,120,1.0714235184751506,122264,0.001102200010791421,1
balanced_correlated,0,triggered_gain,240,0.5086459626832145,224832,0.00216009997529909,1
balanced_correlated,0,triggered_gain,360,0.2465913298512259,346648,0.0032170999911613762,2
balanced_correlated,0,triggered_gain,480,0.1530433145214416,468464,0.0041520000086165965,3
balanced_correlated,0,triggered_gain,600,0.12431303574539321,590280,0.005189699993934482,4
balanced_correlated,0,triggered_gain,720,0.09372604229402137,712096,0.006161900004372001,5
balanced_correlated,0,triggered_gain,840,0.08587581393621191,814664,0.007082299969624728,5
balanced_correlated,0,triggered_gain,960,0.06710727744402334,936480,0.008008999982848763,6
balanced_correlated,0,triggered_gain,1080,0.05908865850122824,1039048,0.009106300014536828,6
balanced_correlated,0,triggered_gain,1200,0.04848476537389157,1160864,0.010166899999603629,7
balanced_correlated,0,triggered_gain,1320,0.04131230231056238,1263432,0.01108550000935793,7
balanced_correlated,0,triggered_gain,1440,0.03877297267580149,1366000,0.011989600025117397,7
balanced_correlated,0,triggered_gain,1560,0.03259838721257413,1487816,0.013182399969082326,8
balanced_correlated,0,triggered_gain,1680,0.03036091448901601,1590384,0.0141048000077717,8
balanced_correlated,0,triggered_gain,1800,0.01839274401868618,1712200,0.015084500017110258,9
balanced_correlated,0,triggered_gain,1920,0.017312398510739513,1814768,0.016024500015191734,9
balanced_correlated,0,triggered_gain,2040,0.012974842750076654,1936584,0.017180300026666373,10
balanced_correlated,0,triggered_gain,2160,0.0120173410024762,2039152,0.01817629998549819,10
balanced_correlated,0,triggered_gain,2280,0.009361337013235715,2160968,0.019176999980118126,11
balanced_correlated,0,triggered_gain,2400,0.008755624204426216,2263536,0.020091400016099215,11
balanced_correlated,1,uniform,0,15.05584543937602,448,2.6999623514711857e-06,0
balanced_correlated,1,uniform,120,1.6278004544258917,103016,0.0011723999632522464,0
balanced_correlated,1,uniform,240,0.7038148326970246,205584,0.002144399972166866,0
balanced_correlated,1,uniform,360,0.3949704364872577,308152,0.00305649999063462,0
balanced_correlated,1,uniform,480,0.22386127813267276,410720,0.003968999953940511,0
balanced_correlated,1,uniform,600,0.08948647604644844,513288,0.005128399992827326,0
balanced_correlated,1,uniform,720,0.05407580350088148,615856,0.006107499997597188,0
balanced_correlated,1,uniform,840,0.03382539597774992,718424,0.007056400005239993,0
balanced_correlated,1,uniform,960,0.01611721064714633,820992,0.007987499993760139,0
balanced_correlated,1,uniform,1080,0.01196103162284734,923560,0.009115899971220642,0
balanced_correlated,1,uniform,1200,0.00626346579441428,1026128,0.010066599992569536,0
balanced_correlated,1,uniform,1320,0.0040774979754441,1128696,0.010985000000800937,0
balanced_correlated,1,uniform,1440,0.0020146145453860953,1231264,0.011911799956578761,0
balanced_correlated,1,uniform,1560,0.0008750473849916673,1333832,0.012929399963468313,0
balanced_correlated,1,uniform,1680,0.00043862635670377514,1436400,0.014031999977305532,0
balanced_correlated,1,uniform,1800,0.00023774567892198561,1538968,0.014997099991887808,0
balanced_correlated,1,uniform,1920,0.00012746248474826416,1641536,0.015898199984803796,0
balanced_correlated,1,uniform,2040,7.024306580882822e-05,1744104,0.016929499979596585,0
balanced_correlated,1,uniform,2160,3.5530620902335386e-05,1846672,0.01783259998774156,0
balanced_correlated,1,uniform,2280,1.9152822257062496e-05,1949240,0.018795899988617748,0
balanced_correlated,1,uniform,2400,1.0836793562951641e-05,2051808,0.01977509999414906,0
balanced_correlated,1,lipschitz,0,15.05584543937602,448,2.900022082030773e-06,0
balanced_correlated,1,lipschitz,120,1.7581688568511185,103016,0.0009265000117011368,0
balanced_correlated,1,lipschitz,240,0.8353474144880599,205584,0.0020105000003241003,0
balanced_correlated,1,lipschitz,360,0.43783228755604453,308152,0.0029773999704048038,0
balanced_correlated,1,lipschitz,480,0.24491364389795,410720,0.003885700018145144,0
balanced_correlated,1,lipschitz,600,0.10873336899608166,513288,0.004794400010723621,0
balanced_correlated,1,lipschitz,720,0.06386370818136022,615856,0.005838399985805154,0
balanced_correlated,1,lipschitz,840,0.04237571797449213,718424,0.006803700001910329,0
balanced_correlated,1,lipschitz,960,0.0264397581850897,820992,0.007715000014286488,0
balanced_correlated,1,lipschitz,1080,0.01080780827033756,923560,0.008627499977592379,0
balanced_correlated,1,lipschitz,1200,0.005049162130280838,1026128,0.009686800010968,0
balanced_correlated,1,lipschitz,1320,0.00290009490485188,1128696,0.010634200007189065,0
balanced_correlated,1,lipschitz,1440,0.0014290739355891091,1231264,0.011595699994359165,0
balanced_correlated,1,lipschitz,1560,0.0006533573792015801,1333832,0.012494599970523268,0
balanced_correlated,1,lipschitz,1680,0.0002796288736783836,1436400,0.013554300006944686,0
balanced_correlated,1,lipschitz,1800,0.00013656770563663656,1538968,0.014462299994193017,0
balanced_correlated,1,lipschitz,1920,7.875257067935237e-05,1641536,0.015429799968842417,0
balanced_correlated,1,lipschitz,2040,5.09678547282455e-05,1744104,0.016329100006259978,0
balanced_correlated,1,lipschitz,2160,2.6205511456378616e-05,1846672,0.017227199976332486,0
balanced_correlated,1,lipschitz,2280,1.5683949846412304e-05,1949240,0.01830960001097992,0
balanced_correlated,1,lipschitz,2400,1.1017154720516231e-05,2051808,0.01927879999857396,0
balanced_correlated,1,scheduled_gain,0,15.05584543937602,448,2.800021320581436e-06,0
balanced_correlated,1,scheduled_gain,120,0.855695527249837,141512,0.0009548999951221049,2
balanced_correlated,1,scheduled_gain,240,0.43891204133757933,282576,0.001899800030514598,4
balanced_correlated,1,scheduled_gain,360,0.27627736132366953,423640,0.002978599979542196,6
balanced_correlated,1,scheduled_gain,480,0.1551866781282727,564704,0.003953600011300296,8
balanced_correlated,1,scheduled_gain,600,0.086844029947994,705768,0.004877300001680851,10
balanced_correlated,1,scheduled_gain,720,0.05550760477490124,846832,0.005843200022354722,12
balanced_correlated,1,scheduled_gain,840,0.034329382347265014,987896,0.006910900003276765,14
balanced_correlated,1,scheduled_gain,960,0.023976453970887324,1128960,0.007958000001963228,16
balanced_correlated,1,scheduled_gain,1080,0.016058633612317852,1270024,0.008906600007321686,18
balanced_correlated,1,scheduled_gain,1200,0.010045353179338967,1411088,0.00984820001758635,20
balanced_correlated,1,scheduled_gain,1320,0.006472897654836274,1552152,0.011096999980509281,22
balanced_correlated,1,scheduled_gain,1440,0.004645014890375165,1693216,0.012081600027158856,24
balanced_correlated,1,scheduled_gain,1560,0.0034095179251472096,1834280,0.013006700028199703,26
balanced_correlated,1,scheduled_gain,1680,0.0025382890465706076,1975344,0.013924800034146756,28
balanced_correlated,1,scheduled_gain,1800,0.0018928326992462274,2116408,0.014955700025893748,30
balanced_correlated,1,scheduled_gain,1920,0.0012580767812409022,2257472,0.015881100029218942,32
balanced_correlated,1,scheduled_gain,2040,0.0008380557875007355,2398536,0.016851200023666024,34
balanced_correlated,1,scheduled_gain,2160,0.0006198691431653636,2539600,0.017780399997718632,36
balanced_correlated,1,scheduled_gain,2280,0.0004712519110072755,2680664,0.018836600007489324,38
balanced_correlated,1,scheduled_gain,2400,0.00035799581579931683,2821728,0.019753300002776086,40
balanced_correlated,1,triggered_gain,0,15.05584543937602,448,2.700020559132099e-06,0
balanced_correlated,1,triggered_gain,120,0.8371338001686035,122264,0.0010092000011354685,1
balanced_correlated,1,triggered_gain,240,0.3706382754955424,224832,0.001914000022225082,1
balanced_correlated,1,triggered_gain,360,0.205524742777917,346648,0.002875700010918081,2
balanced_correlated,1,triggered_gain,480,0.15670150664684845,468464,0.003790499991737306,3
balanced_correlated,1,triggered_gain,600,0.12222653978621256,590280,0.0047509000287391245,4
balanced_correlated,1,triggered_gain,720,0.09862005571516397,692848,0.005694899999070913,4
balanced_correlated,1,triggered_gain,840,0.08586771698115525,795416,0.006609200034290552,4
balanced_correlated,1,triggered_gain,960,0.07520142725484069,897984,0.007513699994888157,4
balanced_correlated,1,triggered_gain,1080,0.05943200963694295,1000552,0.00842000002739951,4
balanced_correlated,1,triggered_gain,1200,0.04606269399452678,1103120,0.009324100043158978,4
balanced_correlated,1,triggered_gain,1320,0.040276254635683184,1205688,0.010223800025414675,4
balanced_correlated,1,triggered_gain,1440,0.0289597583141199,1327504,0.011135300039313734,5
balanced_correlated,1,triggered_gain,1560,0.025091476444778493,1430072,0.012033900013193488,5
balanced_correlated,1,triggered_gain,1680,0.02008629548326768,1551888,0.01294330001110211,6
balanced_correlated,1,triggered_gain,1800,0.01592489567554134,1654456,0.013840000028721988,6
balanced_correlated,1,triggered_gain,1920,0.013936723964365072,1757024,0.014739300007931888,6
balanced_correlated,1,triggered_gain,2040,0.010148773071755102,1878840,0.015648400003556162,7
balanced_correlated,1,triggered_gain,2160,0.00775751669142366,1981408,0.016544700018130243,7
balanced_correlated,1,triggered_gain,2280,0.0070891472252467835,2083976,0.017470600025262684,7
balanced_correlated,1,triggered_gain,2400,0.00560088319727825,2205792,0.01838070002850145,8
balanced_correlated,2,uniform,0,11.735613424707285,448,2.900022082030773e-06,0
balanced_correlated,2,uniform,120,1.3700229087850508,103016,0.0009329000022262335,0
balanced_correlated,2,uniform,240,0.689914809077091,205584,0.0018801999976858497,0
balanced_correlated,2,uniform,360,0.29483761686325227,308152,0.0043061000178568065,0
balanced_correlated,2,uniform,480,0.12812340804470956,410720,0.0066213000100106,0
balanced_correlated,2,uniform,600,0.07829408495334667,513288,0.008870100020430982,0
balanced_correlated,2,uniform,720,0.04395525448990778,615856,0.01050450000911951,0
balanced_correlated,2,uniform,840,0.01968351478287511,718424,0.011737000022549182,0
balanced_correlated,2,uniform,960,0.008759975588529478,820992,0.012724800035357475,0
balanced_correlated,2,uniform,1080,0.006289623603310979,923560,0.013627999986056238,0
balanced_correlated,2,uniform,1200,0.0034334908524149554,1026128,0.016030200000386685,0
balanced_correlated,2,uniform,1320,0.001781678516200369,1128696,0.01829179999185726,0
balanced_correlated,2,uniform,1440,0.0007231434909451551,1231264,0.02023880003252998,0
balanced_correlated,2,uniform,1560,0.00036479758784935257,1333832,0.021230900019872934,0
balanced_correlated,2,uniform,1680,0.00021714717859300237,1436400,0.022144399990793318,0
balanced_correlated,2,uniform,1800,0.00013905233207722745,1538968,0.023052100033964962,0
balanced_correlated,2,uniform,1920,6.993803936028442e-05,1641536,0.023960000020451844,0
balanced_correlated,2,uniform,2040,3.857881671542884e-05,1744104,0.024893400026485324,0
balanced_correlated,2,uniform,2160,2.3268833582612558e-05,1846672,0.02579929999774322,0
balanced_correlated,2,uniform,2280,1.3865563108783618e-05,1949240,0.026708299992606044,0
balanced_correlated,2,uniform,2400,8.184203059702355e-06,2051808,0.027613900019787252,0
balanced_correlated,2,lipschitz,0,11.735613424707285,448,2.900022082030773e-06,0
balanced_correlated,2,lipschitz,120,1.41263751969386,103016,0.0009104000055231154,0
balanced_correlated,2,lipschitz,240,0.732747715494587,205584,0.0018026999896392226,0
balanced_correlated,2,lipschitz,360,0.32972473258879154,308152,0.002849399985279888,0
balanced_correlated,2,lipschitz,480,0.14281599943982837,410720,0.0037554000155068934,0
balanced_correlated,2,lipschitz,600,0.08202159071859905,513288,0.004709000000730157,0
balanced_correlated,2,lipschitz,720,0.04259858009512518,615856,0.005624899989925325,0
balanced_correlated,2,lipschitz,840,0.021424885009373007,718424,0.0065407000365667045,0
balanced_correlated,2,lipschitz,960,0.010322034260095148,820992,0.007451299985405058,0
balanced_correlated,2,lipschitz,1080,0.007720215319609647,923560,0.009467700030654669,0
balanced_correlated,2,lipschitz,1200,0.004832016222767521,1026128,0.011070400010794401,0
balanced_correlated,2,lipschitz,1320,0.002212705144879923,1128696,0.01234459999250248,0
balanced_correlated,2,lipschitz,1440,0.0009631051744207753,1231264,0.013325300009455532,0
balanced_correlated,2,lipschitz,1560,0.0004448850695433215,1333832,0.01427819998934865,0
balanced_correlated,2,lipschitz,1680,0.00022236838764078115,1436400,0.015208500029984862,0
balanced_correlated,2,lipschitz,1800,0.00012779404625717916,1538968,0.016144599998369813,0
balanced_correlated,2,lipschitz,1920,8.934568090968042e-05,1641536,0.017063300008885562,0
balanced_correlated,2,lipschitz,2040,5.59729902875894e-05,1744104,0.017993699992075562,0
balanced_correlated,2,lipschitz,2160,3.328006865954691e-05,1846672,0.019013500015717,0
balanced_correlated,2,lipschitz,2280,2.0970483279647567e-05,1949240,0.019917600031476468,0
balanced_correlated,2,lipschitz,2400,9.303449550746024e-06,2051808,0.020817600016016513,0
balanced_correlated,2,scheduled_gain,0,11.735613424707285,448,3.00002284348011e-06,0
balanced_correlated,2,scheduled_gain,120,1.143508294380693,141512,0.0009391000494360924,2
balanced_correlated,2,scheduled_gain,240,0.6191863663076567,282576,0.0018539000302553177,4
balanced_correlated,2,scheduled_gain,360,0.3460988664929383,423640,0.0027718000346794724,6
balanced_correlated,2,scheduled_gain,480,0.18550038425554494,564704,0.004361800034530461,8
balanced_correlated,2,scheduled_gain,600,0.091478725705195,705768,0.00531170004978776,10
balanced_correlated,2,scheduled_gain,720,0.05902297148710822,846832,0.0062482000212185085,12
balanced_correlated,2,scheduled_gain,840,0.040348529748822415,987896,0.007167400035541505,14
balanced_correlated,2,scheduled_gain,960,0.028754246501254688,1128960,0.008124400046654046,16
balanced_correlated,2,scheduled_gain,1080,0.021371191955140922,1270024,0.009056300041265786,18
balanced_correlated,2,scheduled_gain,1200,0.016444354011967643,1411088,0.010000500013120472,20
balanced_correlated,2,scheduled_gain,1320,0.011037091995487636,1552152,0.010938999999780208,22
balanced_correlated,2,scheduled_gain,1440,0.007933598034629785,1693216,0.011871700000483543,24
balanced_correlated,2,scheduled_gain,1560,0.006023465143930373,1834280,0.012789900007192045,26
balanced_correlated,2,scheduled_gain,1680,0.004254669985842785,1975344,0.013851000054273754,28
balanced_correlated,2,scheduled_gain,1800,0.0030073321026584665,2116408,0.014785300008952618,30
balanced_correlated,2,scheduled_gain,1920,0.00231792539525566,2257472,0.0157067000400275,32
balanced_correlated,2,scheduled_gain,2040,0.0016546252448876864,2398536,0.01663399999961257,34
balanced_correlated,2,scheduled_gain,2160,0.0012964842829745749,2539600,0.017554600024595857,36
balanced_correlated,2,scheduled_gain,2280,0.0009067174544750145,2680664,0.01847250002902001,38
balanced_correlated,2,scheduled_gain,2400,0.0006486937847056673,2821728,0.01938980002887547,40
balanced_correlated,2,triggered_gain,0,11.735613424707285,448,2.600019797682762e-06,0
balanced_correlated,2,triggered_gain,120,1.3494591805834264,122264,0.0014732000418007374,1
balanced_correlated,2,triggered_gain,240,0.601270672532694,224832,0.002584100002422929,1
balanced_correlated,2,triggered_gain,360,0.23257090186725504,346648,0.0036144000478088856,2
balanced_correlated,2,triggered_gain,480,0.14758040047197518,468464,0.004534600011538714,3
balanced_correlated,2,triggered_gain,600,0.08785219262063437,590280,0.005443900008685887,4
balanced_correlated,2,triggered_gain,720,0.06133128129504595,692848,0.006356600031722337,4
balanced_correlated,2,triggered_gain,840,0.045164391836055806,814664,0.0073111000237986445,5
balanced_correlated,2,triggered_gain,960,0.0394602882147006,917232,0.008237400033976883,5
balanced_correlated,2,triggered_gain,1080,0.0265477194871111,1039048,0.009159900015220046,6
balanced_correlated,2,triggered_gain,1200,0.021986044350844836,1141616,0.010097899998072535,6
balanced_correlated,2,triggered_gain,1320,0.016421466298687015,1263432,0.011014599993359298,7
balanced_correlated,2,triggered_gain,1440,0.016184037620715408,1366000,0.011921900033485144,7
balanced_correlated,2,triggered_gain,1560,0.01281119910557127,1487816,0.012820900010410696,8
balanced_correlated,2,triggered_gain,1680,0.011204011603767494,1590384,0.013708500016946346,8
balanced_correlated,2,triggered_gain,1800,0.009043074982394206,1712200,0.014611400023568422,9
balanced_correlated,2,triggered_gain,1920,0.008626956508164696,1814768,0.015505900024436414,9
balanced_correlated,2,triggered_gain,2040,0.006336913441640668,1936584,0.016411000047810376,10
balanced_correlated,2,triggered_gain,2160,0.005718213832270447,2039152,0.01763440005015582,10
balanced_correlated,2,triggered_gain,2280,0.004707054264599719,2160968,0.01885940000647679,11
balanced_correlated,2,triggered_gain,2400,0.004329074217258366,2263536,0.01977360004093498,11
balanced_correlated,3,uniform,0,29.221827480240147,448,2.900022082030773e-06,0
balanced_correlated,3,uniform,120,2.3037294290757537,103016,0.0009692999883554876,0
balanced_correlated,3,uniform,240,0.6107293747073141,205584,0.0019063000218011439,0
balanced_correlated,3,uniform,360,0.32898279104632744,308152,0.002870100026484579,0
balanced_correlated,3,uniform,480,0.15002476044944135,410720,0.003775399993173778,0
balanced_correlated,3,uniform,600,0.08831091444460615,513288,0.0046728000161238015,0
balanced_correlated,3,uniform,720,0.03670437865648912,615856,0.005574000009801239,0
balanced_correlated,3,uniform,840,0.019003335650155773,718424,0.0072746999794617295,0
balanced_correlated,3,uniform,960,0.008361427886240058,820992,0.008792300010100007,0
balanced_correlated,3,uniform,1080,0.0049303585020710194,923560,0.00998610001988709,0
balanced_correlated,3,uniform,1200,0.0030559612384339907,1026128,0.01093129999935627,0
balanced_correlated,3,uniform,1320,0.0017749158602100579,1128696,0.011853399977553636,0
balanced_correlated,3,uniform,1440,0.0010440532585818119,1231264,0.012763799983076751,0
balanced_correlated,3,uniform,1560,0.0004129662824916558,1333832,0.014083400019444525,0
balanced_correlated,3,uniform,1680,0.00022283295752201226,1436400,0.014997899997979403,0
balanced_correlated,3,uniform,1800,0.00011767550217989253,1538968,0.015914899995550513,0
balanced_correlated,3,uniform,1920,6.896002747458496e-05,1641536,0.016845199977979064,0
balanced_correlated,3,uniform,2040,3.738121338070499e-05,1744104,0.017763499985449016,0
balanced_correlated,3,uniform,2160,2.48598618157736e-05,1846672,0.018668600008822978,0
balanced_correlated,3,uniform,2280,1.4062263896441607e-05,1949240,0.01956899999640882,0
balanced_correlated,3,uniform,2400,7.780077944996577e-06,2051808,0.0204712999984622,0
balanced_correlated,3,lipschitz,0,29.221827480240147,448,2.700020559132099e-06,0
balanced_correlated,3,lipschitz,120,2.534770253905815,103016,0.0009247999987564981,0
balanced_correlated,3,lipschitz,240,0.64117879807177,205584,0.002207399986218661,0
balanced_correlated,3,lipschitz,360,0.30128728580852604,308152,0.004523199982941151,0
balanced_correlated,3,lipschitz,480,0.12770718405520398,410720,0.005546899978071451,0
balanced_correlated,3,lipschitz,600,0.07862616016565349,513288,0.006472399982158095,0
balanced_correlated,3,lipschitz,720,0.034046446881160985,615856,0.007409700017888099,0
balanced_correlated,3,lipschitz,840,0.016291226370947154,718424,0.008420799975283444,0
balanced_correlated,3,lipschitz,960,0.006705268080781757,820992,0.00937270000576973,0
balanced_correlated,3,lipschitz,1080,0.0037219874940332964,923560,0.011112699983641505,0
balanced_correlated,3,lipschitz,1200,0.0020537121536592373,1026128,0.012218400021083653,0
balanced_correlated,3,lipschitz,1320,0.0009591172634140221,1128696,0.013156500004697591,0
balanced_correlated,3,lipschitz,1440,0.00038392951269106135,1231264,0.0141476999851875,0
balanced_correlated,3,lipschitz,1560,0.00018801418762492972,1333832,0.015085000020917505,0
balanced_correlated,3,lipschitz,1680,0.00010673855438181334,1436400,0.01602639997145161,0
balanced_correlated,3,lipschitz,1800,4.294281116345999e-05,1538968,0.01700290001463145,0
balanced_correlated,3,lipschitz,1920,2.1890989442940878e-05,1641536,0.017951999965589494,0
balanced_correlated,3,lipschitz,2040,1.1391788759418375e-05,1744104,0.01886820001527667,0
balanced_correlated,3,lipschitz,2160,6.234299772422958e-06,1846672,0.019771599967498332,0
balanced_correlated,3,lipschitz,2280,3.3906244429893206e-06,1949240,0.020726999966427684,0
balanced_correlated,3,lipschitz,2400,1.6883293905145536e-06,2051808,0.021653899981174618,0
balanced_correlated,3,scheduled_gain,0,29.221827480240147,448,3.600027412176132e-06,0
balanced_correlated,3,scheduled_gain,120,1.8049255792940992,141512,0.0010081999935209751,2
balanced_correlated,3,scheduled_gain,240,0.8405189772120369,282576,0.001966400013770908,4
balanced_correlated,3,scheduled_gain,360,0.4956144114115584,423640,0.0029162000282667577,6
balanced_correlated,3,scheduled_gain,480,0.3172467489857107,564704,0.003847500018309802,8
balanced_correlated,3,scheduled_gain,600,0.2138284762981737,705768,0.004978800017852336,10
balanced_correlated,3,scheduled_gain,720,0.13376198884840473,846832,0.006244599993806332,12
balanced_correlated,3,scheduled_gain,840,0.0935316632898302,987896,0.007191199983935803,14
balanced_correlated,3,scheduled_gain,960,0.06621266035718198,1128960,0.008141199999954551,16
balanced_correlated,3,scheduled_gain,1080,0.044435718769193944,1270024,0.00908370001707226,18
balanced_correlated,3,scheduled_gain,1200,0.02854097648315479,1411088,0.010032700025476515,20
balanced_correlated,3,scheduled_gain,1320,0.01949486412080592,1552152,0.011031500005628914,22
balanced_correlated,3,scheduled_gain,1440,0.013057338894851611,1693216,0.012021300033666193,24
balanced_correlated,3,scheduled_gain,1560,0.009192193454000464,1834280,0.012968100025318563,26
balanced_correlated,3,scheduled_gain,1680,0.0059506244840190625,1975344,0.013917300035245717,28
balanced_correlated,3,scheduled_gain,1800,0.0041045490402202844,2116408,0.014858199981972575,30
balanced_correlated,3,scheduled_gain,1920,0.002923489083805464,2257472,0.01580290001584217,32
balanced_correlated,3,scheduled_gain,2040,0.002084822996872404,2398536,0.016745600034482777,34
balanced_correlated,3,scheduled_gain,2160,0.0015412226125621764,2539600,0.017717599985189736,36
balanced_correlated,3,scheduled_gain,2280,0.0011286895847502088,2680664,0.01870220003183931,38
balanced_correlated,3,scheduled_gain,2400,0.0007961356042658352,2821728,0.01966990000801161,40
balanced_correlated,3,triggered_gain,0,29.221827480240147,448,3.00002284348011e-06,0
balanced_correlated,3,triggered_gain,120,1.936833718592624,122264,0.0010473000002093613,1
balanced_correlated,3,triggered_gain,240,0.6035891838139444,224832,0.0022285000304691494,1
balanced_correlated,3,triggered_gain,360,0.36629667279255607,346648,0.0031997999758459628,2
balanced_correlated,3,triggered_gain,480,0.245593275467054,468464,0.004153700021561235,3
balanced_correlated,3,triggered_gain,600,0.21455163369875274,571032,0.005156999977771193,3
balanced_correlated,3,triggered_gain,720,0.16629156907591458,692848,0.0061240000068210065,4
balanced_correlated,3,triggered_gain,840,0.1488662930915181,795416,0.007043000019621104,4
balanced_correlated,3,triggered_gain,960,0.10447354026916278,917232,0.007980099995620549,5
balanced_correlated,3,triggered_gain,1080,0.08699872386806495,1019800,0.008946100017055869,5
balanced_correlated,3,triggered_gain,1200,0.06617006463982777,1141616,0.009910300024785101,6
balanced_correlated,3,triggered_gain,1320,0.05839835093397161,1244184,0.010876699991058558,6
balanced_correlated,3,triggered_gain,1440,0.046208860493318404,1366000,0.01188090001232922,7
balanced_correlated,3,triggered_gain,1560,0.041088867892407954,1468568,0.012808999978005886,7
balanced_correlated,3,triggered_gain,1680,0.03432320916457865,1590384,0.013757399981841445,8
balanced_correlated,3,triggered_gain,1800,0.033590761256600654,1692952,0.014692299999296665,8
balanced_correlated,3,triggered_gain,1920,0.022507002901210882,1814768,0.01563670003088191,9
balanced_correlated,3,triggered_gain,2040,0.020761331026925234,1917336,0.01656419999198988,9
balanced_correlated,3,triggered_gain,2160,0.01681365804720869,2039152,0.01749940001172945,10
balanced_correlated,3,triggered_gain,2280,0.014864000107673192,2141720,0.018565499980468303,10
balanced_correlated,3,triggered_gain,2400,0.011599258066010698,2263536,0.019546399998944253,11
balanced_correlated,4,uniform,0,17.902193031036283,448,3.4999684430658817e-06,0
balanced_correlated,4,uniform,120,2.1787150121993943,103016,0.0010976999765262008,0
balanced_correlated,4,uniform,240,0.8849474345013029,205584,0.0020926999859511852,0
balanced_correlated,4,uniform,360,0.3754825552387926,308152,0.003027700004167855,0
balanced_correlated,4,uniform,480,0.1911875787409949,410720,0.003990199998952448,0
balanced_correlated,4,uniform,600,0.10196208228254022,513288,0.004926599969621748,0
balanced_correlated,4,uniform,720,0.044947385102200865,615856,0.005881499964743853,0
balanced_correlated,4,uniform,840,0.022820021653124467,718424,0.00681379996240139,0
balanced_correlated,4,uniform,960,0.011510201346733862,820992,0.007736300001852214,0
balanced_correlated,4,uniform,1080,0.00541895268164172,923560,0.008643499983008951,0
balanced_correlated,4,uniform,1200,0.0031976260209733987,1026128,0.009545499982777983,0
balanced_correlated,4,uniform,1320,0.0015042739042874231,1128696,0.01044679997721687,0
balanced_correlated,4,uniform,1440,0.0007810919925002047,1231264,0.011424199969042093,0
balanced_correlated,4,uniform,1560,0.0004785161686267081,1333832,0.012332199956290424,0
balanced_correlated,4,uniform,1680,0.0002263613938175979,1436400,0.01324110000859946,0
balanced_correlated,4,uniform,1800,0.00013102090673955402,1538968,0.01414779998594895,0
balanced_correlated,4,uniform,1920,7.446617974116165e-05,1641536,0.015457100002095103,0
balanced_correlated,4,uniform,2040,3.4446387046305205e-05,1744104,0.01639249996514991,0
balanced_correlated,4,uniform,2160,1.5838034773452137e-05,1846672,0.017393499962054193,0
balanced_correlated,4,uniform,2280,9.014274302110437e-06,1949240,0.018313599983230233,0
balanced_correlated,4,uniform,2400,5.4312353681140735e-06,2051808,0.019219999958295375,0
balanced_correlated,4,lipschitz,0,17.902193031036283,448,2.7999631129205227e-06,0
balanced_correlated,4,lipschitz,120,2.106935380917433,103016,0.00092149997362867,0
balanced_correlated,4,lipschitz,240,0.884238277138425,205584,0.0018158999737352133,0
balanced_correlated,4,lipschitz,360,0.3892323445993857,308152,0.0027155999559909105,0
balanced_correlated,4,lipschitz,480,0.16056384097056542,410720,0.0036143999896012247,0
balanced_correlated,4,lipschitz,600,0.06859895050702214,513288,0.004507999983616173,0
balanced_correlated,4,lipschitz,720,0.030084570559152368,615856,0.005403199989814311,0
balanced_correlated,4,lipschitz,840,0.014976375459914593,718424,0.006298499996773899,0
balanced_correlated,4,lipschitz,960,0.007590340618552016,820992,0.007191499986220151,0
balanced_correlated,4,lipschitz,1080,0.0038895701926420223,923560,0.008088900009170175,0
balanced_correlated,4,lipschitz,1200,0.002053863096364683,1026128,0.00898579997010529,0
balanced_correlated,4,lipschitz,1320,0.0009733750181184497,1128696,0.009876800002530217,0
balanced_correlated,4,lipschitz,1440,0.0003802719827659118,1231264,0.010777799994684756,0
balanced_correlated,4,lipschitz,1560,0.0002446845057382241,1333832,0.011713699961546808,0
balanced_correlated,4,lipschitz,1680,0.0001182611256669297,1436400,0.012617099971976131,0
balanced_correlated,4,lipschitz,1800,6.590531883698958e-05,1538968,0.013558799983002245,0
balanced_correlated,4,lipschitz,1920,3.6778071628162934e-05,1641536,0.014476899988949299,0
balanced_correlated,4,lipschitz,2040,1.8493821480003447e-05,1744104,0.015378499985672534,0
balanced_correlated,4,lipschitz,2160,9.487288818554873e-06,1846672,0.016277599963359535,0
balanced_correlated,4,lipschitz,2280,5.261881807605562e-06,1949240,0.017176900000777096,0
balanced_correlated,4,lipschitz,2400,3.1463610192794533e-06,2051808,0.018087800010107458,0
balanced_correlated,4,scheduled_gain,0,17.902193031036283,448,2.700020559132099e-06,0
balanced_correlated,4,scheduled_gain,120,1.0684541102263325,141512,0.0009553999989293516,2
balanced_correlated,4,scheduled_gain,240,0.5771115516339336,282576,0.0018791000475175679,4
balanced_correlated,4,scheduled_gain,360,0.3665487128018108,423640,0.0028457000153139234,6
balanced_correlated,4,scheduled_gain,480,0.25685392586642397,564704,0.0038208000478334725,8
balanced_correlated,4,scheduled_gain,600,0.15691411242141085,705768,0.004739399999380112,10
balanced_correlated,4,scheduled_gain,720,0.08552709579820306,846832,0.005662700044922531,12
balanced_correlated,4,scheduled_gain,840,0.058316397788339636,987896,0.00658580003073439,14
balanced_correlated,4,scheduled_gain,960,0.03965672858402458,1128960,0.007511500036343932,16
balanced_correlated,4,scheduled_gain,1080,0.02958602658386633,1270024,0.008427200024016201,18
balanced_correlated,4,scheduled_gain,1200,0.021648176856632784,1411088,0.009346700040623546,20
balanced_correlated,4,scheduled_gain,1320,0.01311449844272694,1552152,0.010284800024237484,22
balanced_correlated,4,scheduled_gain,1440,0.008810603545236884,1693216,0.011723600036930293,24
balanced_correlated,4,scheduled_gain,1560,0.0064019827420835895,1834280,0.012729400012176484,26
balanced_correlated,4,scheduled_gain,1680,0.004189637857031414,1975344,0.013752099999692291,28
balanced_correlated,4,scheduled_gain,1800,0.0026172847326386695,2116408,0.01466800004709512,30
balanced_correlated,4,scheduled_gain,1920,0.0018189544750737419,2257472,0.015582300024107099,32
balanced_correlated,4,scheduled_gain,2040,0.0012186075111579875,2398536,0.01650680002057925,34
balanced_correlated,4,scheduled_gain,2160,0.0007851103750171617,2539600,0.01748900004895404,36
balanced_correlated,4,scheduled_gain,2280,0.0004970387329703563,2680664,0.018414100049994886,38
balanced_correlated,4,scheduled_gain,2400,0.0003503613617383827,2821728,0.019324100052472204,40
balanced_correlated,4,triggered_gain,0,17.902193031036283,448,2.800021320581436e-06,0
balanced_correlated,4,triggered_gain,120,1.0372024387198242,122264,0.0009343000128865242,1
balanced_correlated,4,triggered_gain,240,0.8206652542520505,224832,0.0018281000084243715,1
balanced_correlated,4,triggered_gain,360,0.3983729947092449,346648,0.002739100018516183,2
balanced_correlated,4,triggered_gain,480,0.376660416829973,449216,0.003637000045273453,2
balanced_correlated,4,triggered_gain,600,0.28240291262146977,571032,0.0045430000172927976,3
balanced_correlated,4,triggered_gain,720,0.26959715346796065,673600,0.005442499998025596,3
balanced_correlated,4,triggered_gain,840,0.19192420424452683,795416,0.006345600006170571,4
balanced_correlated,4,triggered_gain,960,0.17715910289055348,897984,0.007258000026922673,4
balanced_correlated,4,triggered_gain,1080,0.1325819572158129,1019800,0.00968980003381148,5
balanced_correlated,4,triggered_gain,1200,0.11699614085046095,1122368,0.01207950001116842,5
balanced_correlated,4,triggered_gain,1320,0.09074402541125792,1244184,0.014096700004301965,6
balanced_correlated,4,triggered_gain,1440,0.07163730322568052,1346752,0.01549170003272593,6
balanced_correlated,4,triggered_gain,1560,0.06677904832052883,1449320,0.016568300023209304,6
balanced_correlated,4,triggered_gain,1680,0.056956646168354386,1571136,0.017507100012153387,7
balanced_correlated,4,triggered_gain,1800,0.05317677767849016,1673704,0.01840920001268387,7
balanced_correlated,4,triggered_gain,1920,0.043712202967283176,1795520,0.01932170003419742,8
balanced_correlated,4,triggered_gain,2040,0.043078699004235776,1898088,0.020226500055287033,8
balanced_correlated,4,triggered_gain,2160,0.032933236189269355,2019904,0.021138500014785677,9
balanced_correlated,4,triggered_gain,2280,0.03235409739214479,2122472,0.022045500052627176,9
balanced_correlated,4,triggered_gain,2400,0.025567749861053812,2244288,0.02300780004588887,10
balanced_correlated,5,uniform,0,6.382958766796747,448,2.800021320581436e-06,0
balanced_correlated,5,uniform,120,1.235320228330588,103016,0.0012931000092066824,0
balanced_correlated,5,uniform,240,0.5154199540082631,205584,0.002217200002633035,0
balanced_correlated,5,uniform,360,0.27373972806661984,308152,0.0031291000195778906,0
balanced_correlated,5,uniform,480,0.11186104500667193,410720,0.004036099999211729,0
balanced_correlated,5,uniform,600,0.04117883447383397,513288,0.004971600021235645,0
balanced_correlated,5,uniform,720,0.022604864241397404,615856,0.0058735000202432275,0
balanced_correlated,5,uniform,840,0.010405186297245184,718424,0.006805800017900765,0
balanced_correlated,5,uniform,960,0.0045043578249623906,820992,0.00771169998915866,0
balanced_correlated,5,uniform,1080,0.002612629723183435,923560,0.008620599983260036,0
balanced_correlated,5,uniform,1200,0.00142962220871512,1026128,0.009524900000542402,0
balanced_correlated,5,uniform,1320,0.0006752682644020069,1128696,0.010437500022817403,0
balanced_correlated,5,uniform,1440,0.0003910747514122015,1231264,0.011348200030624866,0
balanced_correlated,5,uniform,1560,0.0002158163762717713,1333832,0.012257700029294938,0
balanced_correlated,5,uniform,1680,0.00010554085848113459,1436400,0.013157300010789186,0
balanced_correlated,5,uniform,1800,7.559316178795683e-05,1538968,0.014061800029594451,0
balanced_correlated,5,uniform,1920,5.9832836066586736e-05,1641536,0.0149612000095658,0
balanced_correlated,5,uniform,2040,3.756722517067601e-05,1744104,0.017658299999311566,0
balanced_correlated,5,uniform,2160,1.8348769832421397e-05,1846672,0.0189144000178203,0
balanced_correlated,5,uniform,2280,7.137939264545423e-06,1949240,0.020175800018478185,0
balanced_correlated,5,uniform,2400,4.563553156256006e-06,2051808,0.02118390001123771,0
balanced_correlated,5,lipschitz,0,6.382958766796747,448,3.1999661587178707e-06,0
balanced_correlated,5,lipschitz,120,1.0294306041010115,103016,0.0009789999458007514,0
balanced_correlated,5,lipschitz,240,0.3958758804608755,205584,0.00229049997869879,0
balanced_correlated,5,lipschitz,360,0.1788332656232008,308152,0.003584599995519966,0
balanced_correlated,5,lipschitz,480,0.08388828862987463,410720,0.004502199997659773,0
balanced_correlated,5,lipschitz,600,0.03811047654140465,513288,0.005405099946074188,0
balanced_correlated,5,lipschitz,720,0.019723515147882953,615856,0.006317599967587739,0
balanced_correlated,5,lipschitz,840,0.010710038505427733,718424,0.007230099989101291,0
balanced_correlated,5,lipschitz,960,0.004885028767960264,820992,0.008175699971616268,0
balanced_correlated,5,lipschitz,1080,0.00263467414532359,923560,0.009475799975916743,0
balanced_correlated,5,lipschitz,1200,0.0015161823246110373,1026128,0.010645699978340417,0
balanced_correlated,5,lipschitz,1320,0.0008417357491175004,1128696,0.011582699953578413,0
balanced_correlated,5,lipschitz,1440,0.00044516477121891995,1231264,0.012572399980854243,0
balanced_correlated,5,lipschitz,1560,0.00018212560723673832,1333832,0.013852699950803071,0
balanced_correlated,5,lipschitz,1680,9.73446309591175e-05,1436400,0.01476109999930486,0
balanced_correlated,5,lipschitz,1800,5.661292919434402e-05,1538968,0.01566340000135824,0
balanced_correlated,5,lipschitz,1920,3.042435144173794e-05,1641536,0.016563999990466982,0
balanced_correlated,5,lipschitz,2040,1.81535491257101e-05,1744104,0.017500099958851933,0
balanced_correlated,5,lipschitz,2160,8.151125148181393e-06,1846672,0.018433499964885414,0
balanced_correlated,5,lipschitz,2280,4.257285270536926e-06,1949240,0.019339899998158216,0
balanced_correlated,5,lipschitz,2400,2.355584099333896e-06,2051808,0.02023999998345971,0
balanced_correlated,5,scheduled_gain,0,6.382958766796747,448,2.900022082030773e-06,0
balanced_correlated,5,scheduled_gain,120,1.0097050430851238,141512,0.000943400023970753,2
balanced_correlated,5,scheduled_gain,240,0.38688279688320915,282576,0.0018591000116430223,4
balanced_correlated,5,scheduled_gain,360,0.18874874034507982,423640,0.002779000031296164,6
balanced_correlated,5,scheduled_gain,480,0.11475200876483926,564704,0.0036921000573784113,8
balanced_correlated,5,scheduled_gain,600,0.06910911412784593,705768,0.004622000036761165,10
balanced_correlated,5,scheduled_gain,720,0.04799976271219508,846832,0.00553980004042387,12
balanced_correlated,5,scheduled_gain,840,0.035050234080496345,987896,0.006460000004153699,14
balanced_correlated,5,scheduled_gain,960,0.02419377191530403,1128960,0.00737550004851073,16
balanced_correlated,5,scheduled_gain,1080,0.016983990629050094,1270024,0.008344300033058971,18
balanced_correlated,5,scheduled_gain,1200,0.010820977016796629,1411088,0.010117700032424182,20
balanced_correlated,5,scheduled_gain,1320,0.007843409255634537,1552152,0.011673000000882894,22
balanced_correlated,5,scheduled_gain,1440,0.00548794231212657,1693216,0.012931100034620613,24
balanced_correlated,5,scheduled_gain,1560,0.0037352741237199893,1834280,0.013916100026108325,26
balanced_correlated,5,scheduled_gain,1680,0.002400645821293068,1975344,0.014864800032228231,28
balanced_correlated,5,scheduled_gain,1800,0.0016319843297303294,2116408,0.01581300003454089,30
balanced_correlated,5,scheduled_gain,1920,0.0011434920759798572,2257472,0.016761200036853552,32
balanced_correlated,5,scheduled_gain,2040,0.0008410135598415636,2398536,0.017701200034935027,34
balanced_correlated,5,scheduled_gain,2160,0.00059935069392969,2539600,0.01864170003682375,36
balanced_correlated,5,scheduled_gain,2280,0.00042382090650638915,2680664,0.019575400045141578,38
balanced_correlated,5,scheduled_gain,2400,0.00030305025757737525,2821728,0.02056330000050366,40
balanced_correlated,5,triggered_gain,0,6.382958766796747,448,2.700020559132099e-06,0
balanced_correlated,5,triggered_gain,120,1.066023534907599,122264,0.0009484000038355589,1
balanced_correlated,5,triggered_gain,240,0.6100829005233814,224832,0.0019281000131741166,1
balanced_correlated,5,triggered_gain,360,0.3543531388555805,346648,0.002862200024537742,2
balanced_correlated,5,triggered_gain,480,0.27358722599950047,449216,0.00379139999859035,2
balanced_correlated,5,triggered_gain,600,0.2161321099681941,571032,0.0047367000370286405,3
balanced_correlated,5,triggered_gain,720,0.1908709475843855,673600,0.006177200004458427,3
balanced_correlated,5,triggered_gain,840,0.15557483206853728,795416,0.0071176000055857,4
balanced_correlated,5,triggered_gain,960,0.1534819737583497,897984,0.008048400050029159,4
balanced_correlated,5,triggered_gain,1080,0.12300480248285606,1019800,0.00896669999929145,5
balanced_correlated,5,triggered_gain,1200,0.10735745296410748,1122368,0.009923500008881092,5
balanced_correlated,5,triggered_gain,1320,0.08622023221203046,1224936,0.01083060004748404,5
balanced_correlated,5,triggered_gain,1440,0.0800026754182408,1327504,0.01174899999750778,5
balanced_correlated,5,triggered_gain,1560,0.06579879229529029,1449320,0.012662500026635826,6
balanced_correlated,5,triggered_gain,1680,0.06164084039104756,1551888,0.013566400040872395,6
balanced_correlated,5,triggered_gain,1800,0.05049349139033277,1673704,0.014470399997662753,7
balanced_correlated,5,triggered_gain,1920,0.037819347022099326,1776272,0.015370100038126111,7
balanced_correlated,5,triggered_gain,2040,0.03161468356903985,1878840,0.016271800035610795,7
balanced_correlated,5,triggered_gain,2160,0.02266850096696027,2000656,0.017172700027003884,8
balanced_correlated,5,triggered_gain,2280,0.019151175034784806,2103224,0.01812140003312379,8
balanced_correlated,5,triggered_gain,2400,0.016230585130068587,2225040,0.019049700000323355,9
balanced_correlated,6,uniform,0,19.262745789713527,448,3.00002284348011e-06,0
balanced_correlated,6,uniform,120,1.0624688035915546,103016,0.0009388999897055328,0
balanced_correlated,6,uniform,240,0.4344094990030687,205584,0.001874400011729449,0
balanced_correlated,6,uniform,360,0.19944757925225343,308152,0.003148999996483326,0
balanced_correlated,6,uniform,480,0.09897391166087877,410720,0.004103699990082532,0
balanced_correlated,6,uniform,600,0.04841811051124756,513288,0.005011000030208379,0
balanced_correlated,6,uniform,720,0.01666026537919807,615856,0.005922200041823089,0
balanced_correlated,6,uniform,840,0.007955049235842448,718424,0.006826600001659244,0
balanced_correlated,6,uniform,960,0.0043270779901396494,820992,0.00773110002046451,0
balanced_correlated,6,uniform,1080,0.0024838234816702,923560,0.008634000027086586,0
balanced_correlated,6,uniform,1200,0.0010807015099061346,1026128,0.009534000011626631,0
balanced_correlated,6,uniform,1320,0.0005316794038088268,1128696,0.010433999996166676,0
balanced_correlated,6,uniform,1440,0.0002985317225849826,1231264,0.011337400006595999,0
balanced_correlated,6,uniform,1560,0.00016262284388046666,1333832,0.012236500042490661,0
balanced_correlated,6,uniform,1680,8.91416755335328e-05,1436400,0.013145700038876384,0
balanced_correlated,6,uniform,1800,4.793112869316829e-05,1538968,0.014055200037546456,0
balanced_correlated,6,uniform,1920,2.6561184459428233e-05,1641536,0.015011200041044503,0
balanced_correlated,6,uniform,2040,1.4710883553537002e-05,1744104,0.016021799994632602,0
balanced_correlated,6,uniform,2160,9.852238934904278e-06,1846672,0.016987700015306473,0
balanced_correlated,6,uniform,2280,5.278688591126013e-06,1949240,0.01794829999562353,0
balanced_correlated,6,uniform,2400,2.645390085209698e-06,2051808,0.019690000044647604,0
balanced_correlated,6,lipschitz,0,19.262745789713527,448,8.300004992634058e-06,0
balanced_correlated,6,lipschitz,120,1.3997669927512533,103016,0.0021673000301234424,0
balanced_correlated,6,lipschitz,240,0.6120414496510036,205584,0.003704700036905706,0
balanced_correlated,6,lipschitz,360,0.3351621406449561,308152,0.004879400017671287,0
balanced_correlated,6,lipschitz,480,0.15538502790458253,410720,0.00585529999807477,0
balanced_correlated,6,lipschitz,600,0.10452914656054135,513288,0.006766900012735277,0
balanced_correlated,6,lipschitz,720,0.05951980479756669,615856,0.00773260003188625,0
balanced_correlated,6,lipschitz,840,0.04253273772146082,718424,0.008694900025147945,0
balanced_correlated,6,lipschitz,960,0.019399494670647943,820992,0.009612100024241954,0
balanced_correlated,6,lipschitz,1080,0.00948856027815026,923560,0.010525600053369999,0
balanced_correlated,6,lipschitz,1200,0.004820123130142129,1026128,0.011463900038506836,0
balanced_correlated,6,lipschitz,1320,0.0027969127090243795,1128696,0.012371000018902123,0
balanced_correlated,6,lipschitz,1440,0.0018095447106394325,1231264,0.013280000013764948,0
balanced_correlated,6,lipschitz,1560,0.001091736256035425,1333832,0.014181100006680936,0
balanced_correlated,6,lipschitz,1680,0.0005308328120015027,1436400,0.01512120000552386,0
balanced_correlated,6,lipschitz,1800,0.0002836905729388661,1538968,0.016263000026810914,0
balanced_correlated,6,lipschitz,1920,0.00017604232256607233,1641536,0.018071900005452335,0
balanced_correlated,6,lipschitz,2040,0.00010156346459533339,1744104,0.020432600053027272,0
balanced_correlated,6,lipschitz,2160,6.025822123101321e-05,1846672,0.02240640000673011,0
balanced_correlated,6,lipschitz,2280,3.9909155826745035e-05,1949240,0.02409680001437664,0
balanced_correlated,6,lipschitz,2400,2.4615834224306354e-05,2051808,0.02528360002906993,0
balanced_correlated,6,scheduled_gain,0,19.262745789713527,448,3.900029696524143e-06,0
balanced_correlated,6,scheduled_gain,120,1.2835121918554844,141512,0.0009965000208467245,2
balanced_correlated,6,scheduled_gain,240,0.6893578365355331,282576,0.0019771999795921147,4
balanced_correlated,6,scheduled_gain,360,0.458804394510266,423640,0.0029159000259824097,6
balanced_correlated,6,scheduled_gain,480,0.263830213661008,564704,0.0038739999872632325,8
balanced_correlated,6,scheduled_gain,600,0.1837077688002422,705768,0.004815299995243549,10
balanced_correlated,6,scheduled_gain,720,0.1282532761638855,846832,0.005751400021836162,12
balanced_correlated,6,scheduled_gain,840,0.09121438829059292,987896,0.006994499999564141,14
balanced_correlated,6,scheduled_gain,960,0.062373694098335264,1128960,0.007945200020913035,16
balanced_correlated,6,scheduled_gain,1080,0.04403918736219614,1270024,0.008877400017809123,18
balanced_correlated,6,scheduled_gain,1200,0.03273241025095963,1411088,0.00980659999186173,20
balanced_correlated,6,scheduled_gain,1320,0.023043277980548282,1552152,0.010762999998405576,22
balanced_correlated,6,scheduled_gain,1440,0.015502911190108382,1693216,0.011716899985913187,24
balanced_correlated,6,scheduled_gain,1560,0.009932812064004537,1834280,0.012703099986538291,26
balanced_correlated,6,scheduled_gain,1680,0.006671391289066797,1975344,0.014462499995715916,28
balanced_correlated,6,scheduled_gain,1800,0.0048038686748244075,2116408,0.016206400003284216,30
balanced_correlated,6,scheduled_gain,1920,0.0034600475901940264,2257472,0.017554800026118755,32
balanced_correlated,6,scheduled_gain,2040,0.0025965257158167,2398536,0.018665599985979497,34
balanced_correlated,6,scheduled_gain,2160,0.001910785719024144,2539600,0.01961349998600781,36
balanced_correlated,6,scheduled_gain,2280,0.0014007863496869888,2680664,0.020534700015559793,38
balanced_correlated,6,scheduled_gain,2400,0.000979788955082661,2821728,0.021448399988003075,40
balanced_correlated,6,triggered_gain,0,19.262745789713527,448,2.7999631129205227e-06,0
balanced_correlated,6,triggered_gain,120,1.0104265292745476,122264,0.0009269000147469342,1
balanced_correlated,6,triggered_gain,240,0.5683920920273873,224832,0.002333700016606599,1
balanced_correlated,6,triggered_gain,360,0.24859265773274464,346648,0.0032682999735698104,2
balanced_correlated,6,triggered_gain,480,0.20563009154235523,449216,0.004213800013530999,2
balanced_correlated,6,triggered_gain,600,0.13083294436304227,571032,0.00515589996939525,3
balanced_correlated,6,triggered_gain,720,0.10190975884041187,673600,0.006067999987863004,3
balanced_correlated,6,triggered_gain,840,0.08337058178414525,795416,0.006992099981289357,4
balanced_correlated,6,triggered_gain,960,0.07403316413143157,897984,0.008101199986413121,4
balanced_correlated,6,triggered_gain,1080,0.06438443029937213,1000552,0.009092999971471727,4
balanced_correlated,6,triggered_gain,1200,0.05367331077446558,1103120,0.010050599987152964,4
balanced_correlated,6,triggered_gain,1320,0.05018488302073543,1205688,0.010954500001389533,4
balanced_correlated,6,triggered_gain,1440,0.03974229284269715,1327504,0.011879700003191829,5
balanced_correlated,6,triggered_gain,1560,0.03520119072572925,1430072,0.012787099985871464,5
balanced_correlated,6,triggered_gain,1680,0.02919670228785476,1551888,0.013708799961023033,6
balanced_correlated,6,triggered_gain,1800,0.02545821888617894,1654456,0.014609400008339435,6
balanced_correlated,6,triggered_gain,1920,0.0223617278962025,1757024,0.015514999977312982,6
balanced_correlated,6,triggered_gain,2040,0.018640902944341065,1859592,0.01642489997902885,6
balanced_correlated,6,triggered_gain,2160,0.016319787125079532,1962160,0.017331600014586,6
balanced_correlated,6,triggered_gain,2280,0.015097308774147056,2064728,0.01870819996111095,6
balanced_correlated,6,triggered_gain,2400,0.013287983460600561,2167296,0.019665899977553636,6
balanced_correlated,7,uniform,0,4.634799138086766,448,3.300025127828121e-06,0
balanced_correlated,7,uniform,120,1.2369238933300433,103016,0.000992200046312064,0
balanced_correlated,7,uniform,240,0.5521998403505752,205584,0.00190690002636984,0
balanced_correlated,7,uniform,360,0.19608713950541867,308152,0.002818400040268898,0
balanced_correlated,7,uniform,480,0.11612171552284023,410720,0.003927200043108314,0
balanced_correlated,7,uniform,600,0.04697204852167802,513288,0.004855800012592226,0
balanced_correlated,7,uniform,720,0.020748249227331428,615856,0.005772900010924786,0
balanced_correlated,7,uniform,840,0.010213481611700104,718424,0.006732900044880807,0
balanced_correlated,7,uniform,960,0.005164940197763368,820992,0.007644099998287857,0
balanced_correlated,7,uniform,1080,0.0022852159609842992,923560,0.008552700048312545,0
balanced_correlated,7,uniform,1200,0.0014742022599509852,1026128,0.009462500049266964,0
balanced_correlated,7,uniform,1320,0.0006432535700509057,1128696,0.010367300012148917,0
balanced_correlated,7,uniform,1440,0.0003185653163662039,1231264,0.01127070002257824,0
balanced_correlated,7,uniform,1560,0.00018380495046699252,1333832,0.012171700014732778,0
balanced_correlated,7,uniform,1680,8.64268453444339e-05,1436400,0.013075900031253695,0
balanced_correlated,7,uniform,1800,4.7533536265742526e-05,1538968,0.013974400004372,0
balanced_correlated,7,uniform,1920,3.1866698654070547e-05,1641536,0.01521899999352172,0
balanced_correlated,7,uniform,2040,2.0385413057599777e-05,1744104,0.01654830004554242,0
balanced_correlated,7,uniform,2160,1.2185059016900368e-05,1846672,0.017475800006650388,0
balanced_correlated,7,uniform,2280,7.984643073388753e-06,1949240,0.018392099998891354,0
balanced_correlated,7,uniform,2400,5.120432953642506e-06,2051808,0.019293200050015002,0
balanced_correlated,7,lipschitz,0,4.634799138086766,448,2.900022082030773e-06,0
balanced_correlated,7,lipschitz,120,1.0246956756960133,103016,0.0009492000099271536,0
balanced_correlated,7,lipschitz,240,0.516760629082134,205584,0.0018535000272095203,0
balanced_correlated,7,lipschitz,360,0.21196844566413509,308152,0.002810100035276264,0
balanced_correlated,7,lipschitz,480,0.13044759155765284,410720,0.0037233000039123,0
balanced_correlated,7,lipschitz,600,0.04680042200625145,513288,0.004641500010620803,0
balanced_correlated,7,lipschitz,720,0.02107086803561886,615856,0.005555299983825535,0
balanced_correlated,7,lipschitz,840,0.011176957500417473,718424,0.006467800005339086,0
balanced_correlated,7,lipschitz,960,0.005553872481469657,820992,0.007379200018476695,0
balanced_correlated,7,lipschitz,1080,0.0025009873839567653,923560,0.008297700027469546,0
balanced_correlated,7,lipschitz,1200,0.001480689757842324,1026128,0.009220900014042854,0
balanced_correlated,7,lipschitz,1320,0.000659483379182646,1128696,0.010128699999768287,0
balanced_correlated,7,lipschitz,1440,0.00035818856733760285,1231264,0.01103639998473227,0
balanced_correlated,7,lipschitz,1560,0.0002003187826340458,1333832,0.01273600000422448,0
balanced_correlated,7,lipschitz,1680,0.00010051327717564007,1436400,0.014074500009883195,0
balanced_correlated,7,lipschitz,1800,4.695369634655222e-05,1538968,0.014989699993748218,0
balanced_correlated,7,lipschitz,1920,3.580830056604256e-05,1641536,0.01590520003810525,0
balanced_correlated,7,lipschitz,2040,2.093962192750709e-05,1744104,0.016836600028909743,0
balanced_correlated,7,lipschitz,2160,1.732450781055661e-05,1846672,0.017802199989091605,0
balanced_correlated,7,lipschitz,2280,1.578328763551795e-05,1949240,0.01873180002439767,0
balanced_correlated,7,lipschitz,2400,1.5191082791243815e-05,2051808,0.019644899992272258,0
balanced_correlated,7,scheduled_gain,0,4.634799138086766,448,3.4999684430658817e-06,0
balanced_correlated,7,scheduled_gain,120,0.8018686538138105,141512,0.0010016000014729798,2
balanced_correlated,7,scheduled_gain,240,0.44038955952537995,282576,0.001923199975863099,4
balanced_correlated,7,scheduled_gain,360,0.28535579376439557,423640,0.0028465999639593065,6
balanced_correlated,7,scheduled_gain,480,0.1566155557324116,564704,0.0037721999688073993,8
balanced_correlated,7,scheduled_gain,600,0.08662148064636144,705768,0.004694599949289113,10
balanced_correlated,7,scheduled_gain,720,0.06315436994399404,846832,0.0056155999773181975,12
balanced_correlated,7,scheduled_gain,840,0.040062461076242784,987896,0.006533999985549599,14
balanced_correlated,7,scheduled_gain,960,0.027038148152923824,1128960,0.007451399986166507,16
balanced_correlated,7,scheduled_gain,1080,0.01802327432808104,1270024,0.008367199974600226,18
balanced_correlated,7,scheduled_gain,1200,0.012099831069312561,1411088,0.009721199981868267,20
balanced_correlated,7,scheduled_gain,1320,0.008491726577087189,1552152,0.01112829998601228,22
balanced_correlated,7,scheduled_gain,1440,0.005618173731127829,1693216,0.012187799962703139,24
balanced_correlated,7,scheduled_gain,1560,0.0032798992038554076,1834280,0.013138099981006235,26
balanced_correlated,7,scheduled_gain,1680,0.002123195236411579,1975344,0.014068499964196235,28
balanced_correlated,7,scheduled_gain,1800,0.0014767090523415405,2116408,0.014994899975135922,30
balanced_correlated,7,scheduled_gain,1920,0.0008472907282874864,2257472,0.015962399949785322,32
balanced_correlated,7,scheduled_gain,2040,0.0005408313826644751,2398536,0.016917699947953224,34
balanced_correlated,7,scheduled_gain,2160,0.00037891333453954346,2539600,0.01784879999468103,36
balanced_correlated,7,scheduled_gain,2280,0.00022388548531138142,2680664,0.01878990000113845,38
balanced_correlated,7,scheduled_gain,2400,0.00015351593133727803,2821728,0.019722099998034537,40
balanced_correlated,7,triggered_gain,0,4.634799138086766,448,2.700020559132099e-06,0
balanced_correlated,7,triggered_gain,120,0.8680139414661503,122264,0.0009531999821774662,1
balanced_correlated,7,triggered_gain,240,0.6406078135653157,224832,0.0019258999964222312,1
balanced_correlated,7,triggered_gain,360,0.37873162789296977,346648,0.002851800003554672,2
balanced_correlated,7,triggered_gain,480,0.2550961988057838,449216,0.0037660999805666506,2
balanced_correlated,7,triggered_gain,600,0.16003777082568593,571032,0.004693399998359382,3
balanced_correlated,7,triggered_gain,720,0.15020673586077793,673600,0.006104100029915571,3
balanced_correlated,7,triggered_gain,840,0.11703370781695055,795416,0.007233100011944771,4
balanced_correlated,7,triggered_gain,960,0.11497179037860183,897984,0.008888699987437576,4
balanced_correlated,7,triggered_gain,1080,0.08995133308909731,1019800,0.011556099983863533,5
balanced_correlated,7,triggered_gain,1200,0.08178740980876587,1122368,0.013772399979643524,5
balanced_correlated,7,triggered_gain,1320,0.06676766722974836,1244184,0.01537159999134019,6
balanced_correlated,7,triggered_gain,1440,0.05761635542634602,1346752,0.016567000013310462,6
balanced_correlated,7,triggered_gain,1560,0.05637627356712738,1449320,0.01754209998762235,6
balanced_correlated,7,triggered_gain,1680,0.043138595152181214,1571136,0.018489499983843416,7
balanced_correlated,7,triggered_gain,1800,0.03758760919572479,1673704,0.01941920001991093,7
balanced_correlated,7,triggered_gain,1920,0.02903053224114549,1795520,0.02036189998034388,8
balanced_correlated,7,triggered_gain,2040,0.026690192800742363,1898088,0.021285900031216443,8
balanced_correlated,7,triggered_gain,2160,0.020366095124390693,2019904,0.023208600003272295,9
balanced_correlated,7,triggered_gain,2280,0.016107445730655368,2122472,0.025295100000221282,9
balanced_correlated,7,triggered_gain,2400,0.015202711443898842,2225040,0.026909800013527274,9
balanced_correlated,8,uniform,0,18.59871817696344,448,4.400033503770828e-06,0
balanced_correlated,8,uniform,120,1.397162098651199,103016,0.0011482000118121505,0
balanced_correlated,8,uniform,240,0.7057197828225128,205584,0.0020840000361204147,0
balanced_correlated,8,uniform,360,0.3170815305442174,308152,0.0029974000062793493,0
balanced_correlated,8,uniform,480,0.15681287916223718,410720,0.003912599990144372,0
balanced_correlated,8,uniform,600,0.07474334776715175,513288,0.004885900008957833,0
balanced_correlated,8,uniform,720,0.03571904222245159,615856,0.005800999992061406,0
balanced_correlated,8,uniform,840,0.018144416419517917,718424,0.0067137000150978565,0
balanced_correlated,8,uniform,960,0.008559881143362258,820992,0.007626300037372857,0
balanced_correlated,8,uniform,1080,0.004165209847103668,923560,0.008535800036042929,0
balanced_correlated,8,uniform,1200,0.0019489804231405117,1026128,0.009452300029806793,0
balanced_correlated,8,uniform,1320,0.0010592622708189836,1128696,0.010367400012910366,0
balanced_correlated,8,uniform,1440,0.000704432984103498,1231264,0.011946299986448139,0
balanced_correlated,8,uniform,1560,0.00037933678957546846,1333832,0.01379960001213476,0
balanced_correlated,8,uniform,1680,0.0002803081325315482,1436400,0.014716500008944422,0
balanced_correlated,8,uniform,1800,0.00017269712351009048,1538968,0.015630000038072467,0
balanced_correlated,8,uniform,1920,8.144569132317869e-05,1641536,0.0165747000137344,0
balanced_correlated,8,uniform,2040,3.817525393268184e-05,1744104,0.017508500022813678,0
balanced_correlated,8,uniform,2160,2.7124336572814656e-05,1846672,0.018427100032567978,0
balanced_correlated,8,uniform,2280,1.6083685301371276e-05,1949240,0.019341400009579957,0
balanced_correlated,8,uniform,2400,9.806824077251974e-06,2051808,0.02025050000520423,0
balanced_correlated,8,lipschitz,0,18.59871817696344,448,2.900022082030773e-06,0
balanced_correlated,8,lipschitz,120,1.4766913632220695,103016,0.0009277000208385289,0
balanced_correlated,8,lipschitz,240,0.7247282460005966,205584,0.0018231000285595655,0
balanced_correlated,8,lipschitz,360,0.3261819982791079,308152,0.0027262000367045403,0
balanced_correlated,8,lipschitz,480,0.15330219229982145,410720,0.0036244000075384974,0
balanced_correlated,8,lipschitz,600,0.07418272653613878,513288,0.004520300019066781,0
balanced_correlated,8,lipschitz,720,0.033673620502331136,615856,0.005420300003606826,0
balanced_correlated,8,lipschitz,840,0.015569195441321515,718424,0.006315300008282065,0
balanced_correlated,8,lipschitz,960,0.006493364573691984,820992,0.007930300023872405,0
balanced_correlated,8,lipschitz,1080,0.003570427730051673,923560,0.008874199993442744,0
balanced_correlated,8,lipschitz,1200,0.0018682446017157517,1026128,0.009797300037462264,0
balanced_correlated,8,lipschitz,1320,0.0010701982641223573,1128696,0.010711400012951344,0
balanced_correlated,8,lipschitz,1440,0.0004964233207833679,1231264,0.01165719999698922,0
balanced_correlated,8,lipschitz,1560,0.0002979467123913615,1333832,0.012566799996420741,0
balanced_correlated,8,lipschitz,1680,0.00016569831144863656,1436400,0.013490899989847094,0
balanced_correlated,8,lipschitz,1800,0.00010436949258574302,1538968,0.014450500020757318,0
balanced_correlated,8,lipschitz,1920,5.3925288963085904e-05,1641536,0.015365100000053644,0
balanced_correlated,8,lipschitz,2040,3.017505029445644e-05,1744104,0.016289099992718548,0
balanced_correlated,8,lipschitz,2160,1.7103353835423718e-05,1846672,0.017218100023455918,0
balanced_correlated,8,lipschitz,2280,8.82560406800792e-06,1949240,0.018132600001990795,0
balanced_correlated,8,lipschitz,2400,4.4548152895451665e-06,2051808,0.019045700028073043,0
balanced_correlated,8,scheduled_gain,0,18.59871817696344,448,2.900022082030773e-06,0
balanced_correlated,8,scheduled_gain,120,1.1451582125426234,141512,0.0009597000316716731,2
balanced_correlated,8,scheduled_gain,240,0.5113239235539688,282576,0.0018910000217147171,4
balanced_correlated,8,scheduled_gain,360,0.3035375800227249,423640,0.0028215000056661665,6
balanced_correlated,8,scheduled_gain,480,0.17968679592918857,564704,0.0037481000181287527,8
balanced_correlated,8,scheduled_gain,600,0.11735917112734828,705768,0.004687500011641532,10
balanced_correlated,8,scheduled_gain,720,0.07450885945605235,846832,0.006592200021259487,12
balanced_correlated,8,scheduled_gain,840,0.05282114885477185,987896,0.009020700003020465,14
balanced_correlated,8,scheduled_gain,960,0.031510597814437435,1128960,0.011477100022602826,16
balanced_correlated,8,scheduled_gain,1080,0.022136066541891264,1270024,0.01346350001404062,18
balanced_correlated,8,scheduled_gain,1200,0.01603705415068335,1411088,0.014961000008042902,20
balanced_correlated,8,scheduled_gain,1320,0.011941495606901054,1552152,0.01608269999269396,22
balanced_correlated,8,scheduled_gain,1440,0.008577615877296108,1693216,0.017062500002793968,24
balanced_correlated,8,scheduled_gain,1560,0.006280800526647923,1834280,0.017978899995796382,26
balanced_correlated,8,scheduled_gain,1680,0.004841375934339531,1975344,0.018897300004027784,28
balanced_correlated,8,scheduled_gain,1800,0.0031470921292138243,2116408,0.019814300001598895,30
balanced_correlated,8,scheduled_gain,1920,0.002419225162358263,2257472,0.02150570001685992,32
balanced_correlated,8,scheduled_gain,2040,0.0017702149229381625,2398536,0.023738900024909526,34
balanced_correlated,8,scheduled_gain,2160,0.0013520511157563142,2539600,0.02467469999101013,36
balanced_correlated,8,scheduled_gain,2280,0.0009182414898369906,2680664,0.02565090003190562,38
balanced_correlated,8,scheduled_gain,2400,0.0005380479107999214,2821728,0.026576600037515163,40
balanced_correlated,8,triggered_gain,0,18.59871817696344,448,2.900022082030773e-06,0
balanced_correlated,8,triggered_gain,120,1.4219642648489956,122264,0.0009831999777816236,1
balanced_correlated,8,triggered_gain,240,1.108854388477631,224832,0.0019194000051356852,1
balanced_correlated,8,triggered_gain,360,0.647920226963635,346648,0.0028393000247888267,2
balanced_correlated,8,triggered_gain,480,0.5516044669248754,449216,0.0037460000021383166,2
balanced_correlated,8,triggered_gain,600,0.3977318988138716,571032,0.004660199978388846,3
balanced_correlated,8,triggered_gain,720,0.35157374483582826,673600,0.005565400002524257,3
balanced_correlated,8,triggered_gain,840,0.2811471405103698,795416,0.006480099982582033,4
balanced_correlated,8,triggered_gain,960,0.2595835586175861,897984,0.00738580001052469,4
balanced_correlated,8,triggered_gain,1080,0.20021439229147076,1019800,0.008302200003527105,5
balanced_correlated,8,triggered_gain,1200,0.15122805142022555,1122368,0.00920959998620674,5
balanced_correlated,8,triggered_gain,1320,0.13932032856500065,1224936,0.010119599988684058,5
balanced_correlated,8,triggered_gain,1440,0.11497778027807115,1346752,0.011026000021956861,6
balanced_correlated,8,triggered_gain,1560,0.10363519320778725,1449320,0.012564199976623058,6
balanced_correlated,8,triggered_gain,1680,0.076649201150226,1571136,0.01348710001911968,7
balanced_correlated,8,triggered_gain,1800,0.05716004492296323,1673704,0.014418800012208521,7
balanced_correlated,8,triggered_gain,1920,0.05364115416327486,1776272,0.015327400004025549,7
balanced_correlated,8,triggered_gain,2040,0.0429257286171989,1898088,0.01627850002842024,8
balanced_correlated,8,triggered_gain,2160,0.04175858959589096,2000656,0.017203400027938187,8
balanced_correlated,8,triggered_gain,2280,0.034004647434418445,2122472,0.018145599984563887,9
balanced_correlated,8,triggered_gain,2400,0.0240087486781837,2225040,0.019061400031205267,9
balanced_correlated,9,uniform,0,11.10218154950501,448,3.100023604929447e-06,0
balanced_correlated,9,uniform,120,1.1080626088957661,103016,0.0009273000177927315,0
balanced_correlated,9,uniform,240,0.4590990818712255,205584,0.0018388000316917896,0
balanced_correlated,9,uniform,360,0.20163468948919672,308152,0.002742699987720698,0
balanced_correlated,9,uniform,480,0.09203494169270243,410720,0.003643800038844347,0
balanced_correlated,9,uniform,600,0.04451988775729232,513288,0.004547499993350357,0
balanced_correlated,9,uniform,720,0.02101303811668176,615856,0.00607750000199303,0
balanced_correlated,9,uniform,840,0.010929934083543813,718424,0.008600900007877499,0
balanced_correlated,9,uniform,960,0.005275639950169886,820992,0.011065100028645247,0
balanced_correlated,9,uniform,1080,0.0030562573766017564,923560,0.013277099991682917,0
balanced_correlated,9,uniform,1200,0.0016938671409643113,1026128,0.01486350002232939,0
balanced_correlated,9,uniform,1320,0.0009291204733741232,1128696,0.016055400017648935,0
balanced_correlated,9,uniform,1440,0.0004346064989193543,1231264,0.01699999999254942,0
balanced_correlated,9,uniform,1560,0.000237401381561142,1333832,0.017909299989696592,0
balanced_correlated,9,uniform,1680,0.00014092717697300472,1436400,0.01882080000359565,0
balanced_correlated,9,uniform,1800,6.424148053207901e-05,1538968,0.019729399995412678,0
balanced_correlated,9,uniform,1920,3.1686763101834714e-05,1641536,0.020633500011172146,0
balanced_correlated,9,uniform,2040,1.7687276979039268e-05,1744104,0.02155579999089241,0
balanced_correlated,9,uniform,2160,8.619123915476479e-06,1846672,0.022461600019596517,0
balanced_correlated,9,uniform,2280,5.373916384776578e-06,1949240,0.023373500036541373,0
balanced_correlated,9,uniform,2400,3.3030291688440627e-06,2051808,0.02429540001321584,0
balanced_correlated,9,lipschitz,0,11.10218154950501,448,3.100023604929447e-06,0
balanced_correlated,9,lipschitz,120,0.7234304479587212,103016,0.000951400026679039,0
balanced_correlated,9,lipschitz,240,0.38068364558038414,205584,0.002900300023611635,0
balanced_correlated,9,lipschitz,360,0.1860356320433394,308152,0.003816500015091151,0
balanced_correlated,9,lipschitz,480,0.0934848754973241,410720,0.004735600028652698,0
balanced_correlated,9,lipschitz,600,0.04413903979651712,513288,0.005643600015901029,0
balanced_correlated,9,lipschitz,720,0.02203126594314142,615856,0.0065602000104263425,0
balanced_correlated,9,lipschitz,840,0.01066288621332312,718424,0.0074980000499635935,0
balanced_correlated,9,lipschitz,960,0.00547037222405411,820992,0.008425400010310113,0
balanced_correlated,9,lipschitz,1080,0.0031751478549129075,923560,0.009331700042821467,0
balanced_correlated,9,lipschitz,1200,0.0016225164666683334,1026128,0.010240300034638494,0
balanced_correlated,9,lipschitz,1320,0.0009441828660192719,1128696,0.011138900008518249,0
balanced_correlated,9,lipschitz,1440,0.0005698052717999502,1231264,0.012045700044836849,0
balanced_correlated,9,lipschitz,1560,0.00028303714301047833,1333832,0.01294340001186356,0
balanced_correlated,9,lipschitz,1680,0.0001794339946030732,1436400,0.015365500003099442,0
balanced_correlated,9,lipschitz,1800,0.00011287136875770543,1538968,0.01830670004710555,0
balanced_correlated,9,lipschitz,1920,5.6506136830503095e-05,1641536,0.01936299999943003,0
balanced_correlated,9,lipschitz,2040,3.21496035669e-05,1744104,0.020284400030504912,0
balanced_correlated,9,lipschitz,2160,1.539521287874379e-05,1846672,0.0211974999983795,0
balanced_correlated,9,lipschitz,2280,8.59957579324444e-06,1949240,0.022138500004075468,0
balanced_correlated,9,lipschitz,2400,5.3940230313465065e-06,2051808,0.023068300040904433,0
balanced_correlated,9,scheduled_gain,0,11.10218154950501,448,3.100023604929447e-06,0
balanced_correlated,9,scheduled_gain,120,1.025007324754117,141512,0.0009610000415705144,2
balanced_correlated,9,scheduled_gain,240,0.45226260727693024,282576,0.0018916000262834132,4
balanced_correlated,9,scheduled_gain,360,0.24629352762702483,423640,0.0028300000121816993,6
balanced_correlated,9,scheduled_gain,480,0.16144396758589163,564704,0.003763900022022426,8
balanced_correlated,9,scheduled_gain,600,0.11110586563715286,705768,0.0047008999972604215,10
balanced_correlated,9,scheduled_gain,720,0.06936900949294911,846832,0.005800000042654574,12
balanced_correlated,9,scheduled_gain,840,0.0457234163983653,987896,0.006730000022798777,14
balanced_correlated,9,scheduled_gain,960,0.03352381043289476,1128960,0.007658599992282689,16
balanced_correlated,9,scheduled_gain,1080,0.0246110725130122,1270024,0.008608000003732741,18
balanced_correlated,9,scheduled_gain,1200,0.01772064201417356,1411088,0.009554599993862212,20
balanced_correlated,9,scheduled_gain,1320,0.012440876727167538,1552152,0.010475200018845499,22
balanced_correlated,9,scheduled_gain,1440,0.008739406027144625,1693216,0.011837600031867623,24
balanced_correlated,9,scheduled_gain,1560,0.005579019350491876,1834280,0.012759100005496293,26
balanced_correlated,9,scheduled_gain,1680,0.004213750068611244,1975344,0.013679000025149435,28
balanced_correlated,9,scheduled_gain,1800,0.002739901818656243,2116408,0.014590800041332841,30
balanced_correlated,9,scheduled_gain,1920,0.0019715471699286446,2257472,0.015512100013438612,32
balanced_correlated,9,scheduled_gain,2040,0.0013183384387018826,2398536,0.01646810001693666,34
balanced_correlated,9,scheduled_gain,2160,0.0009563541978825363,2539600,0.017393500020261854,36
balanced_correlated,9,scheduled_gain,2280,0.0007229673247968194,2680664,0.018334000022150576,38
balanced_correlated,9,scheduled_gain,2400,0.0005143636345397162,2821728,0.019252800033427775,40
balanced_correlated,9,triggered_gain,0,11.10218154950501,448,2.700020559132099e-06,0
balanced_correlated,9,triggered_gain,120,0.7686206926708117,122264,0.0009423000155948102,1
balanced_correlated,9,triggered_gain,240,0.5292831966344242,224832,0.0028606000123545527,1
balanced_correlated,9,triggered_gain,360,0.25344619960148895,346648,0.004412700014654547,2
balanced_correlated,9,triggered_gain,480,0.17887669000150597,449216,0.005502099986188114,2
balanced_correlated,9,triggered_gain,600,0.1224546743105086,571032,0.006449199980124831,3
balanced_correlated,9,triggered_gain,720,0.10292842045229289,673600,0.007371600018814206,3
balanced_correlated,9,triggered_gain,840,0.0766993322666174,795416,0.008927799994125962,4
balanced_correlated,9,triggered_gain,960,0.06752925603387538,897984,0.010315599967725575,4
balanced_correlated,9,triggered_gain,1080,0.047161093753850025,1019800,0.011373899993486702,5
balanced_correlated,9,triggered_gain,1200,0.04347776290990657,1122368,0.012299299996811897,5
balanced_correlated,9,triggered_gain,1320,0.034096714743300005,1244184,0.013227999967057258,6
balanced_correlated,9,triggered_gain,1440,0.031134429677039943,1346752,0.014194599993061274,6
balanced_correlated,9,triggered_gain,1560,0.023855548668281212,1468568,0.015126499987673014,7
balanced_correlated,9,triggered_gain,1680,0.02287483791163769,1571136,0.01603990001603961,7
balanced_correlated,9,triggered_gain,1800,0.01870770149133394,1692952,0.016958100022748113,8
balanced_correlated,9,triggered_gain,1920,0.01614890467612451,1795520,0.018501200014725327,8
balanced_correlated,9,triggered_gain,2040,0.015535734861581219,1898088,0.019462900003418326,8
balanced_correlated,9,triggered_gain,2160,0.011867442676328555,2019904,0.020431999990250915,9
balanced_correlated,9,triggered_gain,2280,0.01155614779379599,2122472,0.02134989999467507,9
balanced_correlated,9,triggered_gain,2400,0.00959743263511692,2244288,0.022297599993180484,10
balanced_correlated,10,uniform,0,6.569771966741186,448,3.200024366378784e-06,0
balanced_correlated,10,uniform,120,1.049119465503852,103016,0.0009704999974928796,0
balanced_correlated,10,uniform,240,0.5270934665415892,205584,0.0018926000338979065,0
balanced_correlated,10,uniform,360,0.22443096144044627,308152,0.003495900018606335,0
balanced_correlated,10,uniform,480,0.11834559156052515,410720,0.004409099987242371,0
balanced_correlated,10,uniform,600,0.057232513829407416,513288,0.005319899995811284,0
balanced_correlated,10,uniform,720,0.028523430458286203,615856,0.006228299986105412,0
balanced_correlated,10,uniform,840,0.01723919224470194,718424,0.007195700018201023,0
balanced_correlated,10,uniform,960,0.010722857017016807,820992,0.008162999991327524,0
balanced_correlated,10,uniform,1080,0.007254600675891343,923560,0.009080599993467331,0
balanced_correlated,10,uniform,1200,0.003043967000126102,1026128,0.010540699993725866,0
balanced_correlated,10,uniform,1320,0.002257302324084165,1128696,0.012953500030562282,0
balanced_correlated,10,uniform,1440,0.0011709994445969762,1231264,0.015192100021522492,0
balanced_correlated,10,uniform,1560,0.0006737536078049722,1333832,0.01698210003087297,0
balanced_correlated,10,uniform,1680,0.00039877037133617677,1436400,0.01832590001868084,0
balanced_correlated,10,uniform,1800,0.00021499963491544705,1538968,0.019765399978496134,0
balanced_correlated,10,uniform,1920,0.00011594779491330698,1641536,0.02229799999622628,0
balanced_correlated,10,uniform,2040,7.387082579013438e-05,1744104,0.024677900015376508,0
balanced_correlated,10,uniform,2160,4.367628678281221e-05,1846672,0.026499200030229986,0
balanced_correlated,10,uniform,2280,2.521113277209608e-05,1949240,0.027418099984060973,0
balanced_correlated,10,uniform,2400,1.7094043947452064e-05,2051808,0.02832990000024438,0
balanced_correlated,10,lipschitz,0,6.569771966741186,448,3.0999653972685337e-06,0
balanced_correlated,10,lipschitz,120,1.0537420803549273,103016,0.0009185999515466392,0
balanced_correlated,10,lipschitz,240,0.5539091840714021,205584,0.001821999961975962,0
balanced_correlated,10,lipschitz,360,0.2717265239417075,308152,0.0027246999670751393,0
balanced_correlated,10,lipschitz,480,0.1343550793071806,410720,0.003628099977504462,0
balanced_correlated,10,lipschitz,600,0.06665653724919496,513288,0.00453069998184219,0
balanced_correlated,10,lipschitz,720,0.034565752193187915,615856,0.005432499980088323,0
balanced_correlated,10,lipschitz,840,0.022395484008018496,718424,0.006337600003462285,0
balanced_correlated,10,lipschitz,960,0.013157806670805794,820992,0.008169799984898418,0
balanced_correlated,10,lipschitz,1080,0.008862229784554199,923560,0.009126999997533858,0
balanced_correlated,10,lipschitz,1200,0.003984709203903591,1026128,0.010207299957983196,0
balanced_correlated,10,lipschitz,1320,0.002783593383625771,1128696,0.011113699991255999,0
balanced_correlated,10,lipschitz,1440,0.0016037135625497356,1231264,0.012015299987979233,0
balanced_correlated,10,lipschitz,1560,0.0008341983303097322,1333832,0.012948599993251264,0
balanced_correlated,10,lipschitz,1680,0.0004863325624713255,1436400,0.013918799988459796,0
balanced_correlated,10,lipschitz,1800,0.00028676670594274256,1538968,0.014854199951514602,0
balanced_correlated,10,lipschitz,1920,0.00015457315525324589,1641536,0.015763300005346537,0
balanced_correlated,10,lipschitz,2040,8.961479937807937e-05,1744104,0.016674599959515035,0
balanced_correlated,10,lipschitz,2160,5.561076112314822e-05,1846672,0.01758210000116378,0
balanced_correlated,10,lipschitz,2280,3.1871226158664e-05,1949240,0.01848909998079762,0
balanced_correlated,10,lipschitz,2400,2.0712659642541098e-05,2051808,0.01939859997946769,0
balanced_correlated,10,scheduled_gain,0,6.569771966741186,448,3.00002284348011e-06,0
balanced_correlated,10,scheduled_gain,120,0.6275114193066722,141512,0.0009608000400476158,2
balanced_correlated,10,scheduled_gain,240,0.3455704799477357,282576,0.0018811000045388937,4
balanced_correlated,10,scheduled_gain,360,0.206345740602897,423640,0.0028106000390835106,6
balanced_correlated,10,scheduled_gain,480,0.12436867697382326,564704,0.00373070000205189,8
balanced_correlated,10,scheduled_gain,600,0.08344678220859203,705768,0.005917200003750622,10
balanced_correlated,10,scheduled_gain,720,0.053410433366110954,846832,0.008389300026465207,12
balanced_correlated,10,scheduled_gain,840,0.036801842577687705,987896,0.011145099997520447,14
balanced_correlated,10,scheduled_gain,960,0.023370744971532353,1128960,0.01351960003376007,16
balanced_correlated,10,scheduled_gain,1080,0.016562376352101893,1270024,0.015410699998028576,18
balanced_correlated,10,scheduled_gain,1200,0.012705072769299885,1411088,0.016819500015117228,20
balanced_correlated,10,scheduled_gain,1320,0.0096471923360828,1552152,0.017932699993252754,22
balanced_correlated,10,scheduled_gain,1440,0.006704369058466941,1693216,0.018889900005888194,24
balanced_correlated,10,scheduled_gain,1560,0.00483342998148073,1834280,0.01983699999982491,26
balanced_correlated,10,scheduled_gain,1680,0.0036651900497042256,1975344,0.020870800013653934,28
balanced_correlated,10,scheduled_gain,1800,0.00288872999879608,2116408,0.023054199991747737,30
balanced_correlated,10,scheduled_gain,1920,0.002002158484015304,2257472,0.025147999986074865,32
balanced_correlated,10,scheduled_gain,2040,0.0013750036189654757,2398536,0.026130400015972555,34
balanced_correlated,10,scheduled_gain,2160,0.0010249119160370412,2539600,0.027061100001446903,36
balanced_correlated,10,scheduled_gain,2280,0.0007903420823400786,2680664,0.027985599997919053,38
balanced_correlated,10,scheduled_gain,2400,0.0005579524945718006,2821728,0.028915800037793815,40
balanced_correlated,10,triggered_gain,0,6.569771966741186,448,2.700020559132099e-06,0
balanced_correlated,10,triggered_gain,120,0.682222900445228,122264,0.0009263000101782382,1
balanced_correlated,10,triggered_gain,240,0.49926798793515603,224832,0.0018334999913349748,1
balanced_correlated,10,triggered_gain,360,0.292212189686909,346648,0.0027543000178411603,2
balanced_correlated,10,triggered_gain,480,0.21570188777421162,449216,0.003659399983007461,2
balanced_correlated,10,triggered_gain,600,0.15314081660570622,571032,0.004570199991576374,3
balanced_correlated,10,triggered_gain,720,0.1437291849223068,673600,0.005471899989061058,3
balanced_correlated,10,triggered_gain,840,0.11627152072939628,795416,0.006383900006767362,4
balanced_correlated,10,triggered_gain,960,0.1105413530444328,897984,0.007284399995114654,4
balanced_correlated,10,triggered_gain,1080,0.09424734764268505,1019800,0.008227200014516711,5
balanced_correlated,10,triggered_gain,1200,0.08777723177140029,1122368,0.010228700004518032,5
balanced_correlated,10,triggered_gain,1320,0.07295404183586607,1244184,0.01125730003695935,6
balanced_correlated,10,triggered_gain,1440,0.07107752232115416,1346752,0.012179600016679615,6
balanced_correlated,10,triggered_gain,1560,0.06148806364641013,1468568,0.013094599999021739,7
balanced_correlated,10,triggered_gain,1680,0.056196522466784415,1571136,0.014000800030771643,7
balanced_correlated,10,triggered_gain,1800,0.05532043561871536,1673704,0.014936499996110797,7
balanced_correlated,10,triggered_gain,1920,0.046441529558499894,1795520,0.015879500017035753,8
balanced_correlated,10,triggered_gain,2040,0.04550858475452779,1898088,0.01679130003321916,8
balanced_correlated,10,triggered_gain,2160,0.038450855853422894,2019904,0.017700200027320534,9
balanced_correlated,10,triggered_gain,2280,0.03744720111380628,2122472,0.018627699988428503,9
balanced_correlated,10,triggered_gain,2400,0.03174849862052653,2244288,0.019536100036930293,10
balanced_correlated,11,uniform,0,12.83120374198054,448,2.700020559132099e-06,0
balanced_correlated,11,uniform,120,1.9478184344781746,103016,0.0009272000170312822,0
balanced_correlated,11,uniform,240,0.6909890787101278,205584,0.001893899985589087,0
balanced_correlated,11,uniform,360,0.3072083334658453,308152,0.002808100020047277,0
balanced_correlated,11,uniform,480,0.1003748824220434,410720,0.003721199987921864,0
balanced_correlated,11,uniform,600,0.050261139490168194,513288,0.004625900008250028,0
balanced_correlated,11,uniform,720,0.022744622302741657,615856,0.006753100024070591,0
balanced_correlated,11,uniform,840,0.009144082999127168,718424,0.0080792999942787,0
balanced_correlated,11,uniform,960,0.004580062546299057,820992,0.009020199999213219,0
balanced_correlated,11,uniform,1080,0.0022661492936557615,923560,0.009953700006008148,0
balanced_correlated,11,uniform,1200,0.0013656464504925303,1026128,0.010872200015000999,0
balanced_correlated,11,uniform,1320,0.0006951053934520779,1128696,0.011788400006480515,0
balanced_correlated,11,uniform,1440,0.00041656817640456367,1231264,0.01270329998806119,0
balanced_correlated,11,uniform,1560,0.00022722166292510337,1333832,0.013615300005767494,0
balanced_correlated,11,uniform,1680,0.00012963427043510833,1436400,0.014524400001391768,0
balanced_correlated,11,uniform,1800,6.412544289124966e-05,1538968,0.015430200030095875,0
balanced_correlated,11,uniform,1920,3.5166996521063254e-05,1641536,0.016341399983502924,0
balanced_correlated,11,uniform,2040,1.945087527888134e-05,1744104,0.017247700016014278,0
balanced_correlated,11,uniform,2160,1.1591836366786623e-05,1846672,0.01814960001502186,0
balanced_correlated,11,uniform,2280,7.836102617453378e-06,1949240,0.019053100026212633,0
balanced_correlated,11,uniform,2400,4.0622848103133435e-06,2051808,0.019956499978434294,0
balanced_correlated,11,lipschitz,0,12.83120374198054,448,2.700020559132099e-06,0
balanced_correlated,11,lipschitz,120,1.9757863490777168,103016,0.0009201000211760402,0
balanced_correlated,11,lipschitz,240,0.6944585688799481,205584,0.002272400015499443,0
balanced_correlated,11,lipschitz,360,0.31580764572261755,308152,0.003251000016462058,0
balanced_correlated,11,lipschitz,480,0.1204582272255399,410720,0.004156200040597469,0
balanced_correlated,11,lipschitz,600,0.05816004200092628,513288,0.005053600005339831,0
balanced_correlated,11,lipschitz,720,0.021512629753461354,615856,0.005962399998679757,0
balanced_correlated,11,lipschitz,840,0.009547338490364154,718424,0.006905700021889061,0
balanced_correlated,11,lipschitz,960,0.004369435394333987,820992,0.007811600051354617,0
balanced_correlated,11,lipschitz,1080,0.0016203107439798359,923560,0.008715100004337728,0
balanced_correlated,11,lipschitz,1200,0.0009392985433605006,1026128,0.00962150003761053,0
balanced_correlated,11,lipschitz,1320,0.00045169046071746877,1128696,0.0105254000518471,0
balanced_correlated,11,lipschitz,1440,0.0002774621527557031,1231264,0.011473300051875412,0
balanced_correlated,11,lipschitz,1560,0.00014949333742464432,1333832,0.012372300028800964,0
balanced_correlated,11,lipschitz,1680,8.47297801347402e-05,1436400,0.013266900030430406,0
balanced_correlated,11,lipschitz,1800,4.575175082477401e-05,1538968,0.014166700013447553,0
balanced_correlated,11,lipschitz,1920,1.990423905784411e-05,1641536,0.015061400015838444,0
balanced_correlated,11,lipschitz,2040,1.0585459418344101e-05,1744104,0.01596020004944876,0
balanced_correlated,11,lipschitz,2160,6.332188620561396e-06,1846672,0.01685900002485141,0
balanced_correlated,11,lipschitz,2280,3.1325314573393825e-06,1949240,0.01775710005313158,0
balanced_correlated,11,lipschitz,2400,1.5528975425560532e-06,2051808,0.019747600017581135,0
balanced_correlated,11,scheduled_gain,0,12.83120374198054,448,9.400013368576765e-06,0
balanced_correlated,11,scheduled_gain,120,1.5697783897179223,141512,0.0025047000381164253,2
balanced_correlated,11,scheduled_gain,240,0.8405298752302679,282576,0.004962400009389967,4
balanced_correlated,11,scheduled_gain,360,0.4751096701276829,423640,0.007046500046271831,6
balanced_correlated,11,scheduled_gain,480,0.2796690496249936,564704,0.008556700020562857,8
balanced_correlated,11,scheduled_gain,600,0.18028301585338413,705768,0.009759600041434169,10
balanced_correlated,11,scheduled_gain,720,0.12648962176380207,846832,0.010721500031650066,12
balanced_correlated,11,scheduled_gain,840,0.08977189211285319,987896,0.011656200047582388,14
balanced_correlated,11,scheduled_gain,960,0.058966981102588356,1128960,0.012588100042194128,16
balanced_correlated,11,scheduled_gain,1080,0.04130132084129068,1270024,0.013521800050511956,18
balanced_correlated,11,scheduled_gain,1200,0.02506347086385441,1411088,0.01445320004131645,20
balanced_correlated,11,scheduled_gain,1320,0.01817107964030651,1552152,0.01752730004955083,22
balanced_correlated,11,scheduled_gain,1440,0.01367266906267739,1693216,0.019965400046203285,24
balanced_correlated,11,scheduled_gain,1560,0.010118991366017127,1834280,0.022323900018818676,26
balanced_correlated,11,scheduled_gain,1680,0.006602397932310655,1975344,0.023305100039578974,28
balanced_correlated,11,scheduled_gain,1800,0.004730558296087484,2116408,0.024246899993158877,30
balanced_correlated,11,scheduled_gain,1920,0.003307352494742233,2257472,0.02517999999690801,32
balanced_correlated,11,scheduled_gain,2040,0.002436898121321196,2398536,0.02610440005082637,34
balanced_correlated,11,scheduled_gain,2160,0.0017122958475863648,2539600,0.027035400038585067,36
balanced_correlated,11,scheduled_gain,2280,0.001287906036489428,2680664,0.027959900035057217,38
balanced_correlated,11,scheduled_gain,2400,0.0010118927679592105,2821728,0.028886400046758354,40
balanced_correlated,11,triggered_gain,0,12.83120374198054,448,2.800021320581436e-06,0
balanced_correlated,11,triggered_gain,120,1.8165987761150046,122264,0.0009364000288769603,1
balanced_correlated,11,triggered_gain,240,1.1391880462116664,224832,0.001850700005888939,1
balanced_correlated,11,triggered_gain,360,0.7577880174922256,346648,0.0036003999994136393,2
balanced_correlated,11,triggered_gain,480,0.6566428153078339,449216,0.004515100037679076,2
balanced_correlated,11,triggered_gain,600,0.46667010231999617,571032,0.0054441000102087855,3
balanced_correlated,11,triggered_gain,720,0.45180320557866205,673600,0.006379600032232702,3
balanced_correlated,11,triggered_gain,840,0.31252159876454266,795416,0.007329100044444203,4
balanced_correlated,11,triggered_gain,960,0.2887068325193334,897984,0.008243000018410385,4
balanced_correlated,11,triggered_gain,1080,0.199759509043699,1019800,0.009173099999316037,5
balanced_correlated,11,triggered_gain,1200,0.18891618817060074,1122368,0.010086700029205531,5
balanced_correlated,11,triggered_gain,1320,0.12729245723260796,1244184,0.011009700014255941,6
balanced_correlated,11,triggered_gain,1440,0.09981347602043256,1346752,0.011915400042198598,6
balanced_correlated,11,triggered_gain,1560,0.07766301731138103,1468568,0.0128396000363864,7
balanced_correlated,11,triggered_gain,1680,0.06505587575557614,1571136,0.013745800009928644,7
balanced_correlated,11,triggered_gain,1800,0.05926863889570022,1673704,0.014659900043625385,7
balanced_correlated,11,triggered_gain,1920,0.04502848114249991,1795520,0.01557310001226142,8
balanced_correlated,11,triggered_gain,2040,0.038171206932766655,1898088,0.01647840003715828,8
balanced_correlated,11,triggered_gain,2160,0.027954132915072094,2019904,0.017393700021784753,9
balanced_correlated,11,triggered_gain,2280,0.02701719545535175,2122472,0.019336900033522397,9
balanced_correlated,11,triggered_gain,2400,0.021660729288291325,2244288,0.02230549999512732,10
scaled_correlated,0,uniform,0,22.373464483790215,448,6.89999433234334e-06,0
scaled_correlated,0,uniform,120,3.1053362303800296,103016,0.0016650999896228313,0
scaled_correlated,0,uniform,240,1.4693483019165896,205584,0.0029764000209979713,0
scaled_correlated,0,uniform,360,0.7600864553241142,308152,0.003976000007241964,0
scaled_correlated,0,uniform,480,0.42876523746886575,410720,0.00488480000058189,0
scaled_correlated,0,uniform,600,0.18894523371389704,513288,0.005814199976157397,0
scaled_correlated,0,uniform,720,0.10445106014771,615856,0.006733999995049089,0
scaled_correlated,0,uniform,840,0.04871466790951029,718424,0.007642499986104667,0
scaled_correlated,0,uniform,960,0.020694700461353133,820992,0.008548100013285875,0
scaled_correlated,0,uniform,1080,0.013414793232050748,923560,0.00944519997574389,0
scaled_correlated,0,uniform,1200,0.008019108299922806,1026128,0.010466800013091415,0
scaled_correlated,0,uniform,1320,0.005550593050410502,1128696,0.011370799969881773,0
scaled_correlated,0,uniform,1440,0.0027391090677602037,1231264,0.01231359998928383,0
scaled_correlated,0,uniform,1560,0.0016202526282285135,1333832,0.01367229997413233,0
scaled_correlated,0,uniform,1680,0.00073666246982107,1436400,0.01458489999640733,0
scaled_correlated,0,uniform,1800,0.0004402581180960041,1538968,0.015494099992793053,0
scaled_correlated,0,uniform,1920,0.00022763601200992412,1641536,0.016431299969553947,0
scaled_correlated,0,uniform,2040,0.00012836891575052078,1744104,0.01735999999800697,0
scaled_correlated,0,uniform,2160,8.542578924863875e-05,1846672,0.018270200002007186,0
scaled_correlated,0,uniform,2280,5.14146863035414e-05,1949240,0.019175999972503632,0
scaled_correlated,0,uniform,2400,2.3912398224190667e-05,2051808,0.02008310001110658,0
scaled_correlated,0,lipschitz,0,22.373464483790215,448,2.7999631129205227e-06,0
scaled_correlated,0,lipschitz,120,2.4055156392137005,103016,0.000915299984626472,0
scaled_correlated,0,lipschitz,240,1.4014691849149434,205584,0.0018128000083379447,0
scaled_correlated,0,lipschitz,360,0.8365728704396753,308152,0.002704499987885356,0
scaled_correlated,0,lipschitz,480,0.5818234777765534,410720,0.0035953999613411725,0
scaled_correlated,0,lipschitz,600,0.4295910088845356,513288,0.004482499964069575,0
scaled_correlated,0,lipschitz,720,0.2871204650965131,615856,0.0053746000048704445,0
scaled_correlated,0,lipschitz,840,0.17644178498107044,718424,0.006390299997292459,0
scaled_correlated,0,lipschitz,960,0.1468527486559883,820992,0.0072823999798856676,0
scaled_correlated,0,lipschitz,1080,0.09900664380465951,923560,0.008228099963162094,0
scaled_correlated,0,lipschitz,1200,0.06428624180677689,1026128,0.009777800005394965,0
scaled_correlated,0,lipschitz,1320,0.051811199015519005,1128696,0.010678699996788055,0
scaled_correlated,0,lipschitz,1440,0.041103525930620055,1231264,0.011607199965510517,0
scaled_correlated,0,lipschitz,1560,0.031386955610757106,1333832,0.01251209998736158,0
scaled_correlated,0,lipschitz,1680,0.0247653713650986,1436400,0.013406199985183775,0
scaled_correlated,0,lipschitz,1800,0.02393728451662014,1538968,0.014303100004326552,0
scaled_correlated,0,lipschitz,1920,0.020029470915437386,1641536,0.015200699970591813,0
scaled_correlated,0,lipschitz,2040,0.017529859200722697,1744104,0.016090799996163696,0
scaled_correlated,0,lipschitz,2160,0.01653314815225082,1846672,0.016987000009976327,0
scaled_correlated,0,lipschitz,2280,0.013026480051340439,1949240,0.01788160001160577,0
scaled_correlated,0,lipschitz,2400,0.010672919308198026,2051808,0.01877630001399666,0
scaled_correlated,0,scheduled_gain,0,22.373464483790215,448,3.00002284348011e-06,0
scaled_correlated,0,scheduled_gain,120,3.2682045578685677,141512,0.000937200034968555,2
scaled_correlated,0,scheduled_gain,240,1.949350715008721,282576,0.0018517000135034323,4
scaled_correlated,0,scheduled_gain,360,1.3080321856209745,423640,0.0027630000258795917,6
scaled_correlated,0,scheduled_gain,480,0.6529788758297603,564704,0.003704700036905706,8
scaled_correlated,0,scheduled_gain,600,0.3692120670095158,705768,0.004613100027199835,10
scaled_correlated,0,scheduled_gain,720,0.24310728650514513,846832,0.005524600041098893,12
scaled_correlated,0,scheduled_gain,840,0.15667831393852572,987896,0.00646130001405254,14
scaled_correlated,0,scheduled_gain,960,0.10494357157732415,1128960,0.008074600016698241,16
scaled_correlated,0,scheduled_gain,1080,0.07307272758374195,1270024,0.009092200023587793,18
scaled_correlated,0,scheduled_gain,1200,0.05376852334575277,1411088,0.010019000037573278,20
scaled_correlated,0,scheduled_gain,1320,0.039703544764068344,1552152,0.01094160001957789,22
scaled_correlated,0,scheduled_gain,1440,0.030268700354198153,1693216,0.011862700048368424,24
scaled_correlated,0,scheduled_gain,1560,0.022037129301426983,1834280,0.012810300046112388,26
scaled_correlated,0,scheduled_gain,1680,0.017106710214318976,1975344,0.013749800040386617,28
scaled_correlated,0,scheduled_gain,1800,0.010979466995068243,2116408,0.014667600044049323,30
scaled_correlated,0,scheduled_gain,1920,0.008292002517752639,2257472,0.015575600031297654,32
scaled_correlated,0,scheduled_gain,2040,0.0059098395700649675,2398536,0.016494200041051954,34
scaled_correlated,0,scheduled_gain,2160,0.004136230230775695,2539600,0.017414100002497435,36
scaled_correlated,0,scheduled_gain,2280,0.002806234433708088,2680664,0.018335200031287968,38
scaled_correlated,0,scheduled_gain,2400,0.002217061007105503,2821728,0.019434600020758808,40
scaled_correlated,0,triggered_gain,0,22.373464483790215,448,2.900022082030773e-06,0
scaled_correlated,0,triggered_gain,120,2.9808710615586933,122264,0.0009341000113636255,1
scaled_correlated,0,triggered_gain,240,1.5171275621345863,224832,0.0018358000088483095,1
scaled_correlated,0,triggered_gain,360,0.7903243479327151,346648,0.0027523000026121736,2
scaled_correlated,0,triggered_gain,480,0.6486018685293762,468464,0.004427400010172278,3
scaled_correlated,0,triggered_gain,600,0.5134411218306791,590280,0.006807900033891201,4
scaled_correlated,0,triggered_gain,720,0.48065722406800404,692848,0.009164799994323403,4
scaled_correlated,0,triggered_gain,840,0.3313594887783964,814664,0.011044899991247803,5
scaled_correlated,0,triggered_gain,960,0.28900705383183345,917232,0.012451799993868917,5
scaled_correlated,0,triggered_gain,1080,0.22412104179970216,1039048,0.013563000014983118,6
scaled_correlated,0,triggered_gain,1200,0.2118675507485417,1141616,0.014522300043608993,6
scaled_correlated,0,triggered_gain,1320,0.15956884403102656,1263432,0.01547390001360327,7
scaled_correlated,0,triggered_gain,1440,0.14371861195488744,1366000,0.017584600020200014,7
scaled_correlated,0,triggered_gain,1560,0.11925075593591394,1487816,0.019990400003734976,8
scaled_correlated,0,triggered_gain,1680,0.1126623801828126,1590384,0.022020400036126375,8
scaled_correlated,0,triggered_gain,1800,0.09142120420923083,1712200,0.024136600026395172,9
scaled_correlated,0,triggered_gain,1920,0.08217542425710578,1814768,0.025395800010301173,9
scaled_correlated,0,triggered_gain,2040,0.06997413043034095,1936584,0.026388199999928474,10
scaled_correlated,0,triggered_gain,2160,0.06659900557125464,2039152,0.02730160002829507,10
scaled_correlated,0,triggered_gain,2280,0.05549348209251059,2160968,0.028214599995408207,11
scaled_correlated,0,triggered_gain,2400,0.05046007612284953,2263536,0.02911780000431463,11
scaled_correlated,1,uniform,0,67.99567336770971,448,3.00002284348011e-06,0
scaled_correlated,1,uniform,120,5.189804696546261,103016,0.0009242999949492514,0
scaled_correlated,1,uniform,240,2.629425413883486,205584,0.001961600035429001,0
scaled_correlated,1,uniform,360,1.6468340373369008,308152,0.0028872000402770936,0
scaled_correlated,1,uniform,480,1.0536137175262694,410720,0.0037891000392846763,0
scaled_correlated,1,uniform,600,0.5701154683627983,513288,0.004689500026870519,0
scaled_correlated,1,uniform,720,0.3673127369529836,615856,0.005592500034254044,0
scaled_correlated,1,uniform,840,0.21973538704626705,718424,0.006508400023449212,0
scaled_correlated,1,uniform,960,0.10476310829681701,820992,0.00833700003568083,0
scaled_correlated,1,uniform,1080,0.07211532794616282,923560,0.010100800020154566,0
scaled_correlated,1,uniform,1200,0.038770010183159176,1026128,0.011846500041428953,0
scaled_correlated,1,uniform,1320,0.025437882136765566,1128696,0.013215600047260523,0
scaled_correlated,1,uniform,1440,0.016179499884350523,1231264,0.014288000005763024,0
scaled_correlated,1,uniform,1560,0.009004626311036379,1333832,0.015242499997839332,0
scaled_correlated,1,uniform,1680,0.005077793909963546,1436400,0.0161464000120759,0
scaled_correlated,1,uniform,1800,0.0034468139914798357,1538968,0.017055100004654378,0
scaled_correlated,1,uniform,1920,0.0023258695823162867,1641536,0.01929510000627488,0
scaled_correlated,1,uniform,2040,0.0015073065515016637,1744104,0.021666500018909574,0
scaled_correlated,1,uniform,2160,0.000840524846573043,1846672,0.0239589000120759,0
scaled_correlated,1,uniform,2280,0.0004216559963183819,1949240,0.02502290002303198,0
scaled_correlated,1,uniform,2400,0.00028156032464021763,2051808,0.025990900001488626,0
scaled_correlated,1,lipschitz,0,67.99567336770971,448,3.200024366378784e-06,0
scaled_correlated,1,lipschitz,120,3.4284871674228867,103016,0.0009269000147469342,0
scaled_correlated,1,lipschitz,240,2.0177571789321576,205584,0.001871099986601621,0
scaled_correlated,1,lipschitz,360,0.9870215657276096,308152,0.0027944999746978283,0
scaled_correlated,1,lipschitz,480,0.5591677786637956,410720,0.0037263999693095684,0
scaled_correlated,1,lipschitz,600,0.43349341892894966,513288,0.004682699975091964,0
scaled_correlated,1,lipschitz,720,0.2963770832255639,615856,0.005595099995844066,0
scaled_correlated,1,lipschitz,840,0.1932308482670666,718424,0.006529700011014938,0
scaled_correlated,1,lipschitz,960,0.1477753770220227,820992,0.007459099986590445,0
scaled_correlated,1,lipschitz,1080,0.09057715540045042,923560,0.008359299972653389,0
scaled_correlated,1,lipschitz,1200,0.07407426745895762,1026128,0.009263599989935756,0
scaled_correlated,1,lipschitz,1320,0.060402506577286186,1128696,0.010165999992750585,0
scaled_correlated,1,lipschitz,1440,0.052905087394561345,1231264,0.011073199973907322,0
scaled_correlated,1,lipschitz,1560,0.04693511100917824,1333832,0.011974999972153455,0
scaled_correlated,1,lipschitz,1680,0.0357596905551647,1436400,0.012874800013378263,0
scaled_correlated,1,lipschitz,1800,0.034018830924864574,1538968,0.013767700002063066,0
scaled_correlated,1,lipschitz,1920,0.03137019120661,1641536,0.016006399993784726,0
scaled_correlated,1,lipschitz,2040,0.02685953813179287,1744104,0.018276399991009384,0
scaled_correlated,1,lipschitz,2160,0.02522294051910734,1846672,0.02021919999970123,0
scaled_correlated,1,lipschitz,2280,0.02030279231832388,1949240,0.02154849999351427,0
scaled_correlated,1,lipschitz,2400,0.019442750760984673,2051808,0.022630400024354458,0
scaled_correlated,1,scheduled_gain,0,67.99567336770971,448,2.900022082030773e-06,0
scaled_correlated,1,scheduled_gain,120,4.064237355449426,141512,0.0015924000181257725,2
scaled_correlated,1,scheduled_gain,240,2.0272216092215185,282576,0.003906800004187971,4
scaled_correlated,1,scheduled_gain,360,1.295621651240955,423640,0.005622000026050955,6
scaled_correlated,1,scheduled_gain,480,0.8451034485686293,564704,0.006928600021637976,8
scaled_correlated,1,scheduled_gain,600,0.4745902089618679,705768,0.007983700023032725,10
scaled_correlated,1,scheduled_gain,720,0.2672005972806799,846832,0.00953560002380982,12
scaled_correlated,1,scheduled_gain,840,0.1537032164408294,987896,0.010566400014795363,14
scaled_correlated,1,scheduled_gain,960,0.08765651650935746,1128960,0.011564200045540929,16
scaled_correlated,1,scheduled_gain,1080,0.05525151102467918,1270024,0.012493300018832088,18
scaled_correlated,1,scheduled_gain,1200,0.03429099158637117,1411088,0.013417200010735542,20
scaled_correlated,1,scheduled_gain,1320,0.022996858094218364,1552152,0.01434779999544844,22
scaled_correlated,1,scheduled_gain,1440,0.01433795897130885,1693216,0.015341599995736033,24
scaled_correlated,1,scheduled_gain,1560,0.01040139634104964,1834280,0.017195300024468452,26
scaled_correlated,1,scheduled_gain,1680,0.007844536326033325,1975344,0.01870390004478395,28
scaled_correlated,1,scheduled_gain,1800,0.0050070233745573844,2116408,0.019646800006739795,30
scaled_correlated,1,scheduled_gain,1920,0.0030989905258032024,2257472,0.021091600006911904,32
scaled_correlated,1,scheduled_gain,2040,0.002256931280022023,2398536,0.022589200001675636,34
scaled_correlated,1,scheduled_gain,2160,0.0015752152224082216,2539600,0.02381969999987632,36
scaled_correlated,1,scheduled_gain,2280,0.0010733357186301085,2680664,0.025284600036684424,38
scaled_correlated,1,scheduled_gain,2400,0.0008089391984840155,2821728,0.026240100036375225,40
scaled_correlated,1,triggered_gain,0,67.99567336770971,448,3.100023604929447e-06,0
scaled_correlated,1,triggered_gain,120,4.452546457684312,122264,0.000972100009676069,1
scaled_correlated,1,triggered_gain,240,2.0327095213450503,224832,0.0019108999986201525,1
scaled_correlated,1,triggered_gain,360,1.3603795207760019,346648,0.0028416000423021615,2
scaled_correlated,1,triggered_gain,480,1.0628023559900668,468464,0.0037628000136464834,3
scaled_correlated,1,triggered_gain,600,0.8888597816791894,590280,0.004682200029492378,4
scaled_correlated,1,triggered_gain,720,0.8552254022552317,692848,0.005591500026639551,4
scaled_correlated,1,triggered_gain,840,0.5901148567580519,814664,0.007867800013627857,5
scaled_correlated,1,triggered_gain,960,0.5387076142956104,917232,0.010203500045463443,5
scaled_correlated,1,triggered_gain,1080,0.1257204444517157,1039048,0.012441500031854957,6
scaled_correlated,1,triggered_gain,1200,0.09627292870774173,1141616,0.014087899995502084,6
scaled_correlated,1,triggered_gain,1320,0.06687882853990468,1263432,0.015749000012874603,7
scaled_correlated,1,triggered_gain,1440,0.06556205438346652,1366000,0.01681310002459213,7
scaled_correlated,1,triggered_gain,1560,0.053017702650158594,1487816,0.017740200040861964,8
scaled_correlated,1,triggered_gain,1680,0.04554355078289074,1590384,0.018682699999772012,8
scaled_correlated,1,triggered_gain,1800,0.040758052206532724,1692952,0.019598200044129044,8
scaled_correlated,1,triggered_gain,1920,0.04006347129326526,1795520,0.020518000004813075,8
scaled_correlated,1,triggered_gain,2040,0.028977011529462082,1917336,0.021435400005429983,9
scaled_correlated,1,triggered_gain,2160,0.028162446425621823,2019904,0.022343799995724112,9
scaled_correlated,1,triggered_gain,2280,0.023660932339452767,2141720,0.023255600011907518,10
scaled_correlated,1,triggered_gain,2400,0.023081517589231382,2244288,0.02416490000905469,10
scaled_correlated,2,uniform,0,45.04757741000829,448,2.800021320581436e-06,0
scaled_correlated,2,uniform,120,8.804851481030145,103016,0.0009351000189781189,0
scaled_correlated,2,uniform,240,4.206250000186269,205584,0.0018282000091858208,0
scaled_correlated,2,uniform,360,2.158362690209362,308152,0.0027262000367045403,0
scaled_correlated,2,uniform,480,1.0091489724451912,410720,0.0036228999961167574,0
scaled_correlated,2,uniform,600,0.6038848057149213,513288,0.004518000001553446,0
scaled_correlated,2,uniform,720,0.2988389903038011,615856,0.005418899992946535,0
scaled_correlated,2,uniform,840,0.1617360567247177,718424,0.006312599987722933,0
scaled_correlated,2,uniform,960,0.10118630973622222,820992,0.007835500000510365,0
scaled_correlated,2,uniform,1080,0.06586379169190604,923560,0.010328900010790676,0
scaled_correlated,2,uniform,1200,0.036773564420995886,1026128,0.01167670002905652,0
scaled_correlated,2,uniform,1320,0.020360952540870336,1128696,0.012779100041370839,0
scaled_correlated,2,uniform,1440,0.01157755802894167,1231264,0.01378640002803877,0
scaled_correlated,2,uniform,1560,0.007645045377469906,1333832,0.014720600040163845,0
scaled_correlated,2,uniform,1680,0.004364346214454251,1436400,0.015698000031989068,0
scaled_correlated,2,uniform,1800,0.002433694579587531,1538968,0.016642700007651,0
scaled_correlated,2,uniform,1920,0.0016553554032086026,1641536,0.017599600018002093,0
scaled_correlated,2,uniform,2040,0.0010160211692218368,1744104,0.01972320000641048,0
scaled_correlated,2,uniform,2160,0.0006099509075063736,1846672,0.02102390001527965,0
scaled_correlated,2,uniform,2280,0.00041718648141930714,1949240,0.02194700000109151,0
scaled_correlated,2,uniform,2400,0.00025766042475350304,2051808,0.02287430001888424,0
scaled_correlated,2,lipschitz,0,45.04757741000829,448,3.89997148886323e-06,0
scaled_correlated,2,lipschitz,120,4.540686191884923,103016,0.0011486000148579478,0
scaled_correlated,2,lipschitz,240,1.762291604300657,205584,0.0036148999934084713,0
scaled_correlated,2,lipschitz,360,1.1083537522775315,308152,0.005392200022470206,0
scaled_correlated,2,lipschitz,480,0.8473372585827859,410720,0.006575700012035668,0
scaled_correlated,2,lipschitz,600,0.4491071524035952,513288,0.007505599991418421,0
scaled_correlated,2,lipschitz,720,0.31724270902025875,615856,0.00843480002367869,0
scaled_correlated,2,lipschitz,840,0.28234313802369204,718424,0.009365500009153038,0
scaled_correlated,2,lipschitz,960,0.24995390775498283,820992,0.010292799968738109,0
scaled_correlated,2,lipschitz,1080,0.1819666870284662,923560,0.011220599990338087,0
scaled_correlated,2,lipschitz,1200,0.1667870549837991,1026128,0.01215209998190403,0
scaled_correlated,2,lipschitz,1320,0.14968176909344955,1128696,0.013081400014925748,0
scaled_correlated,2,lipschitz,1440,0.14755255647669685,1231264,0.013985099969431758,0
scaled_correlated,2,lipschitz,1560,0.14469399822077733,1333832,0.014885200012940913,0
scaled_correlated,2,lipschitz,1680,0.09943155990425323,1436400,0.015809000004082918,0
scaled_correlated,2,lipschitz,1800,0.08691250961080499,1538968,0.016725499997846782,0
scaled_correlated,2,lipschitz,1920,0.08494958055104274,1641536,0.018487799970898777,0
scaled_correlated,2,lipschitz,2040,0.08184134941448384,1744104,0.020334700006060302,0
scaled_correlated,2,lipschitz,2160,0.05858064025494869,1846672,0.021772800013422966,0
scaled_correlated,2,lipschitz,2280,0.041781564688617934,1949240,0.0229412000044249,0
scaled_correlated,2,lipschitz,2400,0.04106697986075192,2051808,0.023915499972645193,0
scaled_correlated,2,scheduled_gain,0,45.04757741000829,448,2.9999646358191967e-06,0
scaled_correlated,2,scheduled_gain,120,4.1093187092201,141512,0.0009716000058688223,2
scaled_correlated,2,scheduled_gain,240,1.7677633314303578,282576,0.0019105999963358045,4
scaled_correlated,2,scheduled_gain,360,0.8113066206873047,423640,0.002854799968190491,6
scaled_correlated,2,scheduled_gain,480,0.46195051627828976,564704,0.0037891999818384647,8
scaled_correlated,2,scheduled_gain,600,0.29342988477451426,705768,0.0047153999912552536,10
scaled_correlated,2,scheduled_gain,720,0.18046366302115135,846832,0.0056721000000834465,12
scaled_correlated,2,scheduled_gain,840,0.10966022174085088,987896,0.006613100005779415,14
scaled_correlated,2,scheduled_gain,960,0.06532179140160732,1128960,0.007561100006569177,16
scaled_correlated,2,scheduled_gain,1080,0.046157588117378356,1270024,0.008489999978337437,18
scaled_correlated,2,scheduled_gain,1200,0.03254890609331573,1411088,0.009420999966096133,20
scaled_correlated,2,scheduled_gain,1320,0.023665173439354703,1552152,0.011832499993033707,22
scaled_correlated,2,scheduled_gain,1440,0.016542886345245922,1693216,0.014308599987998605,24
scaled_correlated,2,scheduled_gain,1560,0.010973685599907412,1834280,0.016689700016286224,26
scaled_correlated,2,scheduled_gain,1680,0.007960128131435429,1975344,0.018824099970515817,28
scaled_correlated,2,scheduled_gain,1800,0.006363457005077677,2116408,0.020310499996412545,30
scaled_correlated,2,scheduled_gain,1920,0.004678922561075716,2257472,0.021467400016263127,32
scaled_correlated,2,scheduled_gain,2040,0.003491114113705507,2398536,0.022504799999296665,34
scaled_correlated,2,scheduled_gain,2160,0.0026202432331650094,2539600,0.02344640000956133,36
scaled_correlated,2,scheduled_gain,2280,0.0017578808836211657,2680664,0.02445369999622926,38
scaled_correlated,2,scheduled_gain,2400,0.0013481273733004784,2821728,0.025385199987795204,40
scaled_correlated,2,triggered_gain,0,45.04757741000829,448,2.900022082030773e-06,0
scaled_correlated,2,triggered_gain,120,4.383721137634956,122264,0.0010514000314287841,1
scaled_correlated,2,triggered_gain,240,2.5505512131540486,224832,0.002068399975541979,1
scaled_correlated,2,triggered_gain,360,1.0324242178260494,346648,0.0030030999914743006,2
scaled_correlated,2,triggered_gain,480,0.9155120093602296,449216,0.003959599998779595,2
scaled_correlated,2,triggered_gain,600,0.7192677193047738,571032,0.004905099980533123,3
scaled_correlated,2,triggered_gain,720,0.6743585663799267,673600,0.0058234999887645245,3
scaled_correlated,2,triggered_gain,840,0.45438103297397836,795416,0.006757499999366701,4
scaled_correlated,2,triggered_gain,960,0.414249321867028,897984,0.007706800010055304,4
scaled_correlated,2,triggered_gain,1080,0.320572133913128,1019800,0.008634000027086586,5
scaled_correlated,2,triggered_gain,1200,0.31165263305549695,1122368,0.009537599980831146,5
scaled_correlated,2,triggered_gain,1320,0.21429180917623558,1244184,0.010447399981785566,6
scaled_correlated,2,triggered_gain,1440,0.20661185748148014,1346752,0.011353100009728223,6
scaled_correlated,2,triggered_gain,1560,0.16496021677236739,1468568,0.01226340001448989,7
scaled_correlated,2,triggered_gain,1680,0.1442616975614941,1571136,0.013164200005121529,7
scaled_correlated,2,triggered_gain,1800,0.07465689234262252,1692952,0.01409890002105385,8
scaled_correlated,2,triggered_gain,1920,0.06063456804131917,1795520,0.015000600018538535,8
scaled_correlated,2,triggered_gain,2040,0.04264194113173492,1917336,0.015916100004687905,9
scaled_correlated,2,triggered_gain,2160,0.03944579158951411,2019904,0.016814100032206625,9
scaled_correlated,2,triggered_gain,2280,0.030524589897757526,2141720,0.017714800022076815,10
scaled_correlated,2,triggered_gain,2400,0.024284935525725526,2244288,0.019768500002101064,10
scaled_correlated,3,uniform,0,119.345541391195,448,3.300025127828121e-06,0
scaled_correlated,3,uniform,120,10.319132582614117,103016,0.0009546999935992062,0
scaled_correlated,3,uniform,240,2.878843080090075,205584,0.0018713000463321805,0
scaled_correlated,3,uniform,360,1.3862938073292566,308152,0.002812699996866286,0
scaled_correlated,3,uniform,480,0.7477447172874463,410720,0.0037394000100903213,0
scaled_correlated,3,uniform,600,0.4546724014326635,513288,0.00464930001180619,0
scaled_correlated,3,uniform,720,0.1849195541033728,615856,0.005563699989579618,0
scaled_correlated,3,uniform,840,0.11756917025119451,718424,0.006472000037319958,0
scaled_correlated,3,uniform,960,0.05258615210266848,820992,0.0073803000268526375,0
scaled_correlated,3,uniform,1080,0.029816456996189622,923560,0.008282900031190366,0
scaled_correlated,3,uniform,1200,0.014012246018355157,1026128,0.009195299993734807,0
scaled_correlated,3,uniform,1320,0.008701735303236369,1128696,0.010097799997311085,0
scaled_correlated,3,uniform,1440,0.004086085806437101,1231264,0.011003400024492294,0
scaled_correlated,3,uniform,1560,0.0022801299532742014,1333832,0.011904200015123934,0
scaled_correlated,3,uniform,1680,0.0014194759231322962,1436400,0.012812500004656613,0
scaled_correlated,3,uniform,1800,0.0006721163520584383,1538968,0.013717100024223328,0
scaled_correlated,3,uniform,1920,0.00033327269346727917,1641536,0.01473160000750795,0
scaled_correlated,3,uniform,2040,0.00018177339990410601,1744104,0.015636300027836114,0
scaled_correlated,3,uniform,2160,0.00010698453680912934,1846672,0.019159700023010373,0
scaled_correlated,3,uniform,2280,6.555563071009018e-05,1949240,0.021898500039242208,0
scaled_correlated,3,uniform,2400,3.8918542648147536e-05,2051808,0.024091700033750385,0
scaled_correlated,3,lipschitz,0,119.345541391195,448,6.199989002197981e-06,0
scaled_correlated,3,lipschitz,120,3.0754383453183163,103016,0.0014673999976366758,0
scaled_correlated,3,lipschitz,240,1.3275789434322736,205584,0.002582999994046986,0
scaled_correlated,3,lipschitz,360,0.6881787254183713,308152,0.003525500011164695,0
scaled_correlated,3,lipschitz,480,0.35249960488183874,410720,0.004438299976754934,0
scaled_correlated,3,lipschitz,600,0.20997361753874388,513288,0.005342199990991503,0
scaled_correlated,3,lipschitz,720,0.16170025447208936,615856,0.006568799959495664,0
scaled_correlated,3,lipschitz,840,0.1434829457865825,718424,0.009175699960906059,0
scaled_correlated,3,lipschitz,960,0.1251827374038217,820992,0.011257399979513139,0
scaled_correlated,3,lipschitz,1080,0.1088183399587912,923560,0.012727099994663149,0
scaled_correlated,3,lipschitz,1200,0.08350473571601746,1026128,0.013904999999795109,0
scaled_correlated,3,lipschitz,1320,0.07946386165965746,1128696,0.014843899989500642,0
scaled_correlated,3,lipschitz,1440,0.06883323081754344,1231264,0.015752899984363467,0
scaled_correlated,3,lipschitz,1560,0.0592701566060283,1333832,0.016650700010359287,0
scaled_correlated,3,lipschitz,1680,0.05096275705077513,1436400,0.017556299979332834,0
scaled_correlated,3,lipschitz,1800,0.048778532501176475,1538968,0.018450899980962276,0
scaled_correlated,3,lipschitz,1920,0.046860684626242044,1641536,0.019351899973116815,0
scaled_correlated,3,lipschitz,2040,0.0458636195701243,1744104,0.02024889999302104,0
scaled_correlated,3,lipschitz,2160,0.044196617770614566,1846672,0.0211468999623321,0
scaled_correlated,3,lipschitz,2280,0.04169855036788128,1949240,0.02221939997980371,0
scaled_correlated,3,lipschitz,2400,0.03582687282127317,2051808,0.02371579996543005,0
scaled_correlated,3,scheduled_gain,0,119.345541391195,448,3.100023604929447e-06,0
scaled_correlated,3,scheduled_gain,120,6.780424410204684,141512,0.000959100027102977,2
scaled_correlated,3,scheduled_gain,240,3.594831345987708,282576,0.0018785000429488719,4
scaled_correlated,3,scheduled_gain,360,1.9383442248178318,423640,0.002798000001348555,6
scaled_correlated,3,scheduled_gain,480,1.1039271331473874,564704,0.003758200036827475,8
scaled_correlated,3,scheduled_gain,600,0.6136765873126993,705768,0.004700799996498972,10
scaled_correlated,3,scheduled_gain,720,0.35326829864175924,846832,0.005634300003293902,12
scaled_correlated,3,scheduled_gain,840,0.2231988207863811,987896,0.006553600018378347,14
scaled_correlated,3,scheduled_gain,960,0.14534290798246907,1128960,0.007475399994291365,16
scaled_correlated,3,scheduled_gain,1080,0.09783541448089794,1270024,0.008393500000238419,18
scaled_correlated,3,scheduled_gain,1200,0.07018625542606882,1411088,0.009302599995862693,20
scaled_correlated,3,scheduled_gain,1320,0.04715578470993842,1552152,0.010219399991910905,22
scaled_correlated,3,scheduled_gain,1440,0.029557736541418134,1693216,0.011133000021800399,24
scaled_correlated,3,scheduled_gain,1560,0.019799458560886496,1834280,0.01204679999500513,26
scaled_correlated,3,scheduled_gain,1680,0.01272554680709792,1975344,0.012970800045877695,28
scaled_correlated,3,scheduled_gain,1800,0.007771107543268929,2116408,0.013893900031689554,30
scaled_correlated,3,scheduled_gain,1920,0.0049855513400021145,2257472,0.014926900039426982,32
scaled_correlated,3,scheduled_gain,2040,0.0032866982603563244,2398536,0.01605780003592372,34
scaled_correlated,3,scheduled_gain,2160,0.0021544467577623294,2539600,0.017259999993257225,36
scaled_correlated,3,scheduled_gain,2280,0.0013397179337126808,2680664,0.018194400006905198,38
scaled_correlated,3,scheduled_gain,2400,0.0009673082733647753,2821728,0.019111700006760657,40
scaled_correlated,3,triggered_gain,0,119.345541391195,448,2.800021320581436e-06,0
scaled_correlated,3,triggered_gain,120,6.614991537999319,122264,0.000936600030399859,1
scaled_correlated,3,triggered_gain,240,4.231277653886259,224832,0.001869700034148991,1
scaled_correlated,3,triggered_gain,360,2.2519748951146825,346648,0.0028343000449240208,2
scaled_correlated,3,triggered_gain,480,1.8184668944510305,449216,0.0037496000295504928,2
scaled_correlated,3,triggered_gain,600,1.324836348195097,571032,0.0046817000256851315,3
scaled_correlated,3,triggered_gain,720,1.1864029522977972,673600,0.0056177000515162945,3
scaled_correlated,3,triggered_gain,840,0.8010137272937321,795416,0.0065351000521332026,4
scaled_correlated,3,triggered_gain,960,0.6946302955216148,897984,0.007446200004778802,4
scaled_correlated,3,triggered_gain,1080,0.5039224928852573,1019800,0.008356100006494671,5
scaled_correlated,3,triggered_gain,1200,0.4230879088095132,1122368,0.009309500048402697,5
scaled_correlated,3,triggered_gain,1320,0.3095954116187034,1244184,0.01021279999986291,6
scaled_correlated,3,triggered_gain,1440,0.2964140787391103,1346752,0.011171000020112842,6
scaled_correlated,3,triggered_gain,1560,0.23865921400124668,1468568,0.012086700007785112,7
scaled_correlated,3,triggered_gain,1680,0.18248285208007387,1571136,0.013868200010620058,7
scaled_correlated,3,triggered_gain,1800,0.16555083878152477,1673704,0.016292600019369274,7
scaled_correlated,3,triggered_gain,1920,0.13740292576836488,1795520,0.018649500038009137,8
scaled_correlated,3,triggered_gain,2040,0.12939465628673608,1898088,0.020370000042021275,8
scaled_correlated,3,triggered_gain,2160,0.110264460924268,2019904,0.02165350003633648,9
scaled_correlated,3,triggered_gain,2280,0.10372411959474315,2122472,0.022670800040941685,9
scaled_correlated,3,triggered_gain,2400,0.08734015250767557,2244288,0.02360950002912432,10
scaled_correlated,4,uniform,0,46.05491588664258,448,2.900022082030773e-06,0
scaled_correlated,4,uniform,120,6.3577250528784965,103016,0.0009364000288769603,0
scaled_correlated,4,uniform,240,2.1147714072795094,205584,0.0018413999932818115,0
scaled_correlated,4,uniform,360,0.9110914053493637,308152,0.0027499000425450504,0
scaled_correlated,4,uniform,480,0.4432219840342335,410720,0.003653799998573959,0
scaled_correlated,4,uniform,600,0.28399584038637116,513288,0.004566600022371858,0
scaled_correlated,4,uniform,720,0.14448140628744666,615856,0.005793100048322231,0
scaled_correlated,4,uniform,840,0.09149131838554014,718424,0.007943500007968396,0
scaled_correlated,4,uniform,960,0.03599995011626955,820992,0.0103639000444673,0
scaled_correlated,4,uniform,1080,0.019503695956591738,923560,0.01222630002303049,0
scaled_correlated,4,uniform,1200,0.0093517455390697,1026128,0.013605400046799332,0
scaled_correlated,4,uniform,1320,0.005364278969332226,1128696,0.014750500035006553,0
scaled_correlated,4,uniform,1440,0.003590145959460056,1231264,0.015745900047477335,0
scaled_correlated,4,uniform,1560,0.0020048740302884838,1333832,0.016657000000122935,0
scaled_correlated,4,uniform,1680,0.0008744718964179832,1436400,0.017560300009790808,0
scaled_correlated,4,uniform,1800,0.000358317584814305,1538968,0.01847100001759827,0
scaled_correlated,4,uniform,1920,0.00022357995394983732,1641536,0.01954080001451075,0
scaled_correlated,4,uniform,2040,0.00014605226298236573,1744104,0.02045200002612546,0
scaled_correlated,4,uniform,2160,7.152389862286057e-05,1846672,0.02136170002631843,0
scaled_correlated,4,uniform,2280,5.1363007291360674e-05,1949240,0.02292060002218932,0
scaled_correlated,4,uniform,2400,3.399585930052851e-05,2051808,0.024299300042912364,0
scaled_correlated,4,lipschitz,0,46.05491588664258,448,4.500034265220165e-06,0
scaled_correlated,4,lipschitz,120,3.4987658636930052,103016,0.0013830999960191548,0
scaled_correlated,4,lipschitz,240,1.958029987551694,205584,0.0024820000398904085,0
scaled_correlated,4,lipschitz,360,1.3734364437126323,308152,0.0034260000102221966,0
scaled_correlated,4,lipschitz,480,0.7973954306520743,410720,0.0043700000387616456,0
scaled_correlated,4,lipschitz,600,0.7099681885665636,513288,0.005293500027619302,0
scaled_correlated,4,lipschitz,720,0.6635910989313794,615856,0.006200200004968792,0
scaled_correlated,4,lipschitz,840,0.6526391195534109,718424,0.007105500029865652,0
scaled_correlated,4,lipschitz,960,0.270314925227916,820992,0.008010699995793402,0
scaled_correlated,4,lipschitz,1080,0.19197428882063594,923560,0.008915300015360117,0
scaled_correlated,4,lipschitz,1200,0.14361061072562054,1026128,0.009814899996854365,0
scaled_correlated,4,lipschitz,1320,0.12807687143210256,1128696,0.01124090002849698,0
scaled_correlated,4,lipschitz,1440,0.12053991608734504,1231264,0.012185700004920363,0
scaled_correlated,4,lipschitz,1560,0.092393674536555,1333832,0.013102400000207126,0
scaled_correlated,4,lipschitz,1680,0.060255056049987044,1436400,0.014009100035764277,0
scaled_correlated,4,lipschitz,1800,0.054381068767411556,1538968,0.015290600014850497,0
scaled_correlated,4,lipschitz,1920,0.05154665133202041,1641536,0.016196200042031705,0
scaled_correlated,4,lipschitz,2040,0.03936956081313259,1744104,0.017103100020904094,0
scaled_correlated,4,lipschitz,2160,0.028171486628429054,1846672,0.018003300006967038,0
scaled_correlated,4,lipschitz,2280,0.02457339415652049,1949240,0.018941200047265738,0
scaled_correlated,4,lipschitz,2400,0.022963623347215467,2051808,0.019845800008624792,0
scaled_correlated,4,scheduled_gain,0,46.05491588664258,448,3.200024366378784e-06,0
scaled_correlated,4,scheduled_gain,120,1.7205232892512474,141512,0.0009750000317580998,2
scaled_correlated,4,scheduled_gain,240,0.7940086966722166,282576,0.0019197000074200332,4
scaled_correlated,4,scheduled_gain,360,0.3166340894018176,423640,0.002876900020055473,6
scaled_correlated,4,scheduled_gain,480,0.19998853711603726,564704,0.0038125000428408384,8
scaled_correlated,4,scheduled_gain,600,0.1210172919185486,705768,0.004751000029500574,10
scaled_correlated,4,scheduled_gain,720,0.07088806636716605,846832,0.005684200034011155,12
scaled_correlated,4,scheduled_gain,840,0.04651143302487881,987896,0.007142100017517805,14
scaled_correlated,4,scheduled_gain,960,0.02882905568593097,1128960,0.008210800006054342,16
scaled_correlated,4,scheduled_gain,1080,0.018527422564258877,1270024,0.009166100004222244,18
scaled_correlated,4,scheduled_gain,1200,0.012913451060863057,1411088,0.010100000014062971,20
scaled_correlated,4,scheduled_gain,1320,0.007145800097992261,1552152,0.01159810001263395,22
scaled_correlated,4,scheduled_gain,1440,0.004833552893558579,1693216,0.012543000048026443,24
scaled_correlated,4,scheduled_gain,1560,0.0032748825628599043,1834280,0.013478400011081249,26
scaled_correlated,4,scheduled_gain,1680,0.0023558239028687034,1975344,0.01440860005095601,28
scaled_correlated,4,scheduled_gain,1800,0.0016790869652596463,2116408,0.015388200001325458,30
scaled_correlated,4,scheduled_gain,1920,0.001088110272076559,2257472,0.016327900055330247,32
scaled_correlated,4,scheduled_gain,2040,0.0007145200333704693,2398536,0.017255900020245463,34
scaled_correlated,4,scheduled_gain,2160,0.0003856913180402266,2539600,0.018179000006057322,36
scaled_correlated,4,scheduled_gain,2280,0.00026549995069879984,2680664,0.019106400024611503,38
scaled_correlated,4,scheduled_gain,2400,0.00018780323304712354,2821728,0.020033400040119886,40
scaled_correlated,4,triggered_gain,0,46.05491588664258,448,2.7999631129205227e-06,0
scaled_correlated,4,triggered_gain,120,1.6737979524766167,122264,0.0010124999680556357,1
scaled_correlated,4,triggered_gain,240,1.2979456885185874,224832,0.0019172999891452491,1
scaled_correlated,4,triggered_gain,360,0.8942062161119013,346648,0.002839099965058267,2
scaled_correlated,4,triggered_gain,480,0.7534369710388518,449216,0.0037597999908030033,2
scaled_correlated,4,triggered_gain,600,0.48854190676801057,571032,0.004668299981858581,3
scaled_correlated,4,triggered_gain,720,0.466268956239583,673600,0.0055741999531164765,3
scaled_correlated,4,triggered_gain,840,0.341384380727471,795416,0.00648939999518916,4
scaled_correlated,4,triggered_gain,960,0.32784104945347936,897984,0.008103100000880659,4
scaled_correlated,4,triggered_gain,1080,0.2592478064239665,1019800,0.009100699971895665,5
scaled_correlated,4,triggered_gain,1200,0.21236956942198937,1122368,0.010015299951191992,5
scaled_correlated,4,triggered_gain,1320,0.19357163603309857,1224936,0.01096980000147596,5
scaled_correlated,4,triggered_gain,1440,0.12499257166558175,1346752,0.011897699965629727,6
scaled_correlated,4,triggered_gain,1560,0.12279527412298785,1449320,0.012841199990361929,6
scaled_correlated,4,triggered_gain,1680,0.09631508567911329,1571136,0.013788599986582994,7
scaled_correlated,4,triggered_gain,1800,0.08631074392098714,1673704,0.014703699969686568,7
scaled_correlated,4,triggered_gain,1920,0.0719759434720153,1795520,0.015628899971488863,8
scaled_correlated,4,triggered_gain,2040,0.07159631489539331,1898088,0.016554499976336956,8
scaled_correlated,4,triggered_gain,2160,0.05762206264494951,2019904,0.0174682000069879,9
scaled_correlated,4,triggered_gain,2280,0.05715543353042207,2122472,0.01837030000751838,9
scaled_correlated,4,triggered_gain,2400,0.04811146594905846,2244288,0.019281799963209778,10
scaled_correlated,5,uniform,0,60.11994023414859,448,2.9999646358191967e-06,0
scaled_correlated,5,uniform,120,9.145001556778185,103016,0.0009420000133104622,0
scaled_correlated,5,uniform,240,3.9756174929924146,205584,0.0018472999799996614,0
scaled_correlated,5,uniform,360,2.3641154909498354,308152,0.002751599997282028,0
scaled_correlated,5,uniform,480,0.910542253762229,410720,0.003656500019133091,0
scaled_correlated,5,uniform,600,0.5152814575357283,513288,0.004995999974198639,0
scaled_correlated,5,uniform,720,0.3592599796600475,615856,0.005921799980569631,0
scaled_correlated,5,uniform,840,0.1863303536800318,718424,0.006841399997938424,0
scaled_correlated,5,uniform,960,0.11320081374752577,820992,0.007968299963977188,0
scaled_correlated,5,uniform,1080,0.06608524234483415,923560,0.008885899966116995,0
scaled_correlated,5,uniform,1200,0.037337101036189146,1026128,0.009833799966145307,0
scaled_correlated,5,uniform,1320,0.019899723226227906,1128696,0.010752799978945404,0
scaled_correlated,5,uniform,1440,0.010364379363596576,1231264,0.011679699993692338,0
scaled_correlated,5,uniform,1560,0.005132769753956268,1333832,0.012756399984937161,0
scaled_correlated,5,uniform,1680,0.002454836507672198,1436400,0.013691700005438179,0
scaled_correlated,5,uniform,1800,0.0015334341504296134,1538968,0.014653899997938424,0
scaled_correlated,5,uniform,1920,0.0009970623151742686,1641536,0.01567379996413365,0
scaled_correlated,5,uniform,2040,0.0006156705716211519,1744104,0.01658200001111254,0
scaled_correlated,5,uniform,2160,0.00028873470037549254,1846672,0.017513200000394136,0
scaled_correlated,5,uniform,2280,0.00010839669682916053,1949240,0.018421199987642467,0
scaled_correlated,5,uniform,2400,5.742666797825535e-05,2051808,0.019341700011864305,0
scaled_correlated,5,lipschitz,0,60.11994023414859,448,2.900022082030773e-06,0
scaled_correlated,5,lipschitz,120,2.913159021462164,103016,0.0009044000180438161,0
scaled_correlated,5,lipschitz,240,1.219516430080061,205584,0.002337499987334013,0
scaled_correlated,5,lipschitz,360,0.8537505604592694,308152,0.00325660000089556,0
scaled_correlated,5,lipschitz,480,0.7077126536470391,410720,0.004169100022409111,0
scaled_correlated,5,lipschitz,600,0.4796900450068611,513288,0.005084300006274134,0
scaled_correlated,5,lipschitz,720,0.4274306927133633,615856,0.006022099987603724,0
scaled_correlated,5,lipschitz,840,0.40219543666691804,718424,0.006938699982129037,0
scaled_correlated,5,lipschitz,960,0.3685491853722014,820992,0.007843100000172853,0
scaled_correlated,5,lipschitz,1080,0.34019040981065185,923560,0.008755200018640608,0
scaled_correlated,5,lipschitz,1200,0.3278097655946599,1026128,0.009657700022216886,0
scaled_correlated,5,lipschitz,1320,0.3214233775835673,1128696,0.010557000001426786,0
scaled_correlated,5,lipschitz,1440,0.3168786737016549,1231264,0.011455100029706955,0
scaled_correlated,5,lipschitz,1560,0.3138311792904034,1333832,0.01235049997922033,0
scaled_correlated,5,lipschitz,1680,0.30152227560265654,1436400,0.0132486000075005,0
scaled_correlated,5,lipschitz,1800,0.29801314337781015,1538968,0.01413460000185296,0
scaled_correlated,5,lipschitz,1920,0.29280813640837655,1641536,0.015024600026663393,0
scaled_correlated,5,lipschitz,2040,0.2874500043044681,1744104,0.0159167000092566,0
scaled_correlated,5,lipschitz,2160,0.28596717023057927,1846672,0.016807899984996766,0
scaled_correlated,5,lipschitz,2280,0.2289746868335092,1949240,0.01769619999686256,0
scaled_correlated,5,lipschitz,2400,0.18869054761304582,2051808,0.019430399988777936,0
scaled_correlated,5,scheduled_gain,0,60.11994023414859,448,9.400013368576765e-06,0
scaled_correlated,5,scheduled_gain,120,4.049113057495874,141512,0.002521500049624592,2
scaled_correlated,5,scheduled_gain,240,1.885456762301561,282576,0.005440400040242821,4
scaled_correlated,5,scheduled_gain,360,1.2399795098355826,423640,0.007925600046291947,6
scaled_correlated,5,scheduled_gain,480,0.6886736221579834,564704,0.010257999994792044,8
scaled_correlated,5,scheduled_gain,600,0.3753024116494168,705768,0.012456100026611239,10
scaled_correlated,5,scheduled_gain,720,0.23411270500400638,846832,0.014031300030183047,12
scaled_correlated,5,scheduled_gain,840,0.11876571074085174,987896,0.016008000005967915,14
scaled_correlated,5,scheduled_gain,960,0.06904143454056832,1128960,0.018378800014033914,16
scaled_correlated,5,scheduled_gain,1080,0.045093136555774294,1270024,0.02055720001226291,18
scaled_correlated,5,scheduled_gain,1200,0.03061554257181376,1411088,0.022171100019477308,20
scaled_correlated,5,scheduled_gain,1320,0.020135917506155288,1552152,0.023374900047201663,22
scaled_correlated,5,scheduled_gain,1440,0.012246594940390931,1693216,0.02431470004376024,24
scaled_correlated,5,scheduled_gain,1560,0.009372076274711816,1834280,0.025249099999200553,26
scaled_correlated,5,scheduled_gain,1680,0.006199277930516001,1975344,0.02618149999761954,28
scaled_correlated,5,scheduled_gain,1800,0.004585343080182547,2116408,0.027115900011267513,30
scaled_correlated,5,scheduled_gain,1920,0.0034010979830694232,2257472,0.0280483000096865,32
scaled_correlated,5,scheduled_gain,2040,0.002407566457651722,2398536,0.029022000031545758,34
scaled_correlated,5,scheduled_gain,2160,0.0016762571400810167,2539600,0.029951000004075468,36
scaled_correlated,5,scheduled_gain,2280,0.0011106178173916348,2680664,0.03087090002372861,38
scaled_correlated,5,scheduled_gain,2400,0.0007477470944232678,2821728,0.032563500048127025,40
scaled_correlated,5,triggered_gain,0,60.11994023414859,448,7.90000194683671e-06,0
scaled_correlated,5,triggered_gain,120,7.75790432249398,122264,0.0023118999670259655,1
scaled_correlated,5,triggered_gain,240,4.561562928781594,224832,0.004095299984328449,1
scaled_correlated,5,triggered_gain,360,0.5647401735753026,346648,0.005453599966131151,2
scaled_correlated,5,triggered_gain,480,0.42882025869563645,449216,0.006492999964393675,2
scaled_correlated,5,triggered_gain,600,0.2669611782710195,571032,0.007408499950543046,3
scaled_correlated,5,triggered_gain,720,0.22793902202075866,673600,0.008306299976538867,3
scaled_correlated,5,triggered_gain,840,0.17579517732717775,795416,0.00927319994661957,4
scaled_correlated,5,triggered_gain,960,0.16900721269217156,897984,0.010194199974648654,4
scaled_correlated,5,triggered_gain,1080,0.1347526496029703,1019800,0.01113279996206984,5
scaled_correlated,5,triggered_gain,1200,0.12384354058157276,1122368,0.012035699968691915,5
scaled_correlated,5,triggered_gain,1320,0.10320014996325488,1244184,0.012950000003911555,6
scaled_correlated,5,triggered_gain,1440,0.09659218043617201,1346752,0.013849299983121455,6
scaled_correlated,5,triggered_gain,1560,0.07398770446882708,1468568,0.014763099956326187,7
scaled_correlated,5,triggered_gain,1680,0.06157894470698322,1571136,0.016388899995945394,7
scaled_correlated,5,triggered_gain,1800,0.059966123637857915,1673704,0.019200799986720085,7
scaled_correlated,5,triggered_gain,1920,0.050734432849443234,1795520,0.021297500003129244,8
scaled_correlated,5,triggered_gain,2040,0.04891715783259265,1898088,0.02287159999832511,8
scaled_correlated,5,triggered_gain,2160,0.035017702504602344,2019904,0.02406129997689277,9
scaled_correlated,5,triggered_gain,2280,0.03438984854364868,2122472,0.02505559998098761,9
scaled_correlated,5,triggered_gain,2400,0.028131762633590185,2244288,0.025983999948948622,10
scaled_correlated,6,uniform,0,51.729846587844904,448,7.90000194683671e-06,0
scaled_correlated,6,uniform,120,3.6940901539910205,103016,0.0009390999912284315,0
scaled_correlated,6,uniform,240,1.6796303790739677,205584,0.001847200037445873,0
scaled_correlated,6,uniform,360,0.9151390546224749,308152,0.002750599989667535,0
scaled_correlated,6,uniform,480,0.48868810457113065,410720,0.003656200016848743,0
scaled_correlated,6,uniform,600,0.296513133549011,513288,0.0045556999975815415,0
scaled_correlated,6,uniform,720,0.12755060620691294,615856,0.005808399990200996,0
scaled_correlated,6,uniform,840,0.0614429046275351,718424,0.0070053000235930085,0
scaled_correlated,6,uniform,960,0.027413217178063665,820992,0.008016200037673116,0
scaled_correlated,6,uniform,1080,0.014320566910098087,923560,0.010533099994063377,0
scaled_correlated,6,uniform,1200,0.008128768904442918,1026128,0.012746500025968999,0
scaled_correlated,6,uniform,1320,0.004406486214012073,1128696,0.014290900027845055,0
scaled_correlated,6,uniform,1440,0.002540271003763195,1231264,0.015430500032380223,0
scaled_correlated,6,uniform,1560,0.0012582096880620064,1333832,0.016409300034865737,0
scaled_correlated,6,uniform,1680,0.0007641259996762351,1436400,0.017319500038865954,0
scaled_correlated,6,uniform,1800,0.0004032503794215714,1538968,0.018230699992273003,0
scaled_correlated,6,uniform,1920,0.00024163019880996117,1641536,0.019139599986374378,0
scaled_correlated,6,uniform,2040,0.00016805193142177544,1744104,0.020046700024977326,0
scaled_correlated,6,uniform,2160,0.00011751150789551801,1846672,0.020947900018654764,0
scaled_correlated,6,uniform,2280,7.331476334915266e-05,1949240,0.021854199992958456,0
scaled_correlated,6,uniform,2400,3.463803419467837e-05,2051808,0.02321980003034696,0
scaled_correlated,6,lipschitz,0,51.729846587844904,448,7.800001185387373e-06,0
scaled_correlated,6,lipschitz,120,6.797279307260764,103016,0.0023455999908037484,0
scaled_correlated,6,lipschitz,240,5.216169954045398,205584,0.004647900001145899,0
scaled_correlated,6,lipschitz,360,2.5819603433482006,308152,0.006465899990871549,0
scaled_correlated,6,lipschitz,480,2.255345663359622,410720,0.007835700002033263,0
scaled_correlated,6,lipschitz,600,1.2031655165066257,513288,0.008909499971196055,0
scaled_correlated,6,lipschitz,720,1.1193484249188725,615856,0.009857199969701469,0
scaled_correlated,6,lipschitz,840,1.0767659903909244,718424,0.010751799971330911,0
scaled_correlated,6,lipschitz,960,0.989813323588205,820992,0.011649299995042384,0
scaled_correlated,6,lipschitz,1080,0.9756735326108772,923560,0.012542899989057332,0
scaled_correlated,6,lipschitz,1200,0.9173257928858143,1026128,0.01346769998781383,0
scaled_correlated,6,lipschitz,1320,0.9046135516768068,1128696,0.014366699964739382,0
scaled_correlated,6,lipschitz,1440,0.8786425647229925,1231264,0.015735299966763705,0
scaled_correlated,6,lipschitz,1560,0.8641228953098321,1333832,0.016906999982893467,0
scaled_correlated,6,lipschitz,1680,0.8543124441032695,1436400,0.017802299989853054,0
scaled_correlated,6,lipschitz,1800,0.8409659952933848,1538968,0.0187393999658525,0
scaled_correlated,6,lipschitz,1920,0.8312005458591227,1641536,0.019633399962913245,0
scaled_correlated,6,lipschitz,2040,0.8244839661007362,1744104,0.02053789998171851,0
scaled_correlated,6,lipschitz,2160,0.8219492808100752,1846672,0.0214583000051789,0
scaled_correlated,6,lipschitz,2280,0.8215446913165372,1949240,0.022381699993275106,0
scaled_correlated,6,lipschitz,2400,0.8177525739316711,2051808,0.023278000007849187,0
scaled_correlated,6,scheduled_gain,0,51.729846587844904,448,2.800021320581436e-06,0
scaled_correlated,6,scheduled_gain,120,2.3190949859961614,141512,0.0009515000274404883,2
scaled_correlated,6,scheduled_gain,240,1.1316572042670074,282576,0.0018764000269584358,4
scaled_correlated,6,scheduled_gain,360,0.7154539666509265,423640,0.002793000021483749,6
scaled_correlated,6,scheduled_gain,480,0.4332665479243514,564704,0.003703000023961067,8
scaled_correlated,6,scheduled_gain,600,0.29830653066296176,705768,0.004614600038621575,10
scaled_correlated,6,scheduled_gain,720,0.1841110456798427,846832,0.005523600033484399,12
scaled_correlated,6,scheduled_gain,840,0.11871545394552419,987896,0.006426700041629374,14
scaled_correlated,6,scheduled_gain,960,0.07950298392715371,1128960,0.0074572000303305686,16
scaled_correlated,6,scheduled_gain,1080,0.052686894357492076,1270024,0.00880370003869757,18
scaled_correlated,6,scheduled_gain,1200,0.034178780376380224,1411088,0.010395899997092783,20
scaled_correlated,6,scheduled_gain,1320,0.020585127790796243,1552152,0.011350100045092404,22
scaled_correlated,6,scheduled_gain,1440,0.013136388668968824,1693216,0.012274000036995858,24
scaled_correlated,6,scheduled_gain,1560,0.008706234871887375,1834280,0.013231599994469434,26
scaled_correlated,6,scheduled_gain,1680,0.005031271677001126,1975344,0.01416570000583306,28
scaled_correlated,6,scheduled_gain,1800,0.0031911919408904588,2116408,0.015107000013813376,30
scaled_correlated,6,scheduled_gain,1920,0.002244087401499062,2257472,0.016034700034651905,32
scaled_correlated,6,scheduled_gain,2040,0.001492525628328245,2398536,0.016962499998044223,34
scaled_correlated,6,scheduled_gain,2160,0.0009703627520498692,2539600,0.017882000014651567,36
scaled_correlated,6,scheduled_gain,2280,0.0006794241684882074,2680664,0.01880180003354326,38
scaled_correlated,6,scheduled_gain,2400,0.0004833925222649249,2821728,0.019725300022400916,40
scaled_correlated,6,triggered_gain,0,51.729846587844904,448,2.7999631129205227e-06,0
scaled_correlated,6,triggered_gain,120,3.4443192455382907,122264,0.000929799978621304,1
scaled_correlated,6,triggered_gain,240,1.6644989389157363,224832,0.0018282999517396092,1
scaled_correlated,6,triggered_gain,360,0.7159053136117484,346648,0.002825199975632131,2
scaled_correlated,6,triggered_gain,480,0.4928601146323941,449216,0.003770399955101311,2
scaled_correlated,6,triggered_gain,600,0.2900591656772047,571032,0.004682499973569065,3
scaled_correlated,6,triggered_gain,720,0.24446373467295546,673600,0.006149499968159944,3
scaled_correlated,6,triggered_gain,840,0.14555815361661173,795416,0.007063299999572337,4
scaled_correlated,6,triggered_gain,960,0.12707001674835405,897984,0.007965299999341369,4
scaled_correlated,6,triggered_gain,1080,0.09916165787969033,1019800,0.00886599998921156,5
scaled_correlated,6,triggered_gain,1200,0.08911623544230318,1122368,0.009807399997953326,5
scaled_correlated,6,triggered_gain,1320,0.058952904292474795,1244184,0.01072530000237748,6
scaled_correlated,6,triggered_gain,1440,0.046451148941301756,1346752,0.011627799947746098,6
scaled_correlated,6,triggered_gain,1560,0.036921051963078266,1468568,0.012530399952083826,7
scaled_correlated,6,triggered_gain,1680,0.03329948352206946,1571136,0.0134276999742724,7
scaled_correlated,6,triggered_gain,1800,0.02480358050945819,1692952,0.014329499972518533,8
scaled_correlated,6,triggered_gain,1920,0.020702185911214865,1795520,0.015225899987854064,8
scaled_correlated,6,triggered_gain,2040,0.016810857308339422,1917336,0.016136999998707324,9
scaled_correlated,6,triggered_gain,2160,0.015679545075884427,2019904,0.01703859999543056,9
scaled_correlated,6,triggered_gain,2280,0.013474719650655498,2141720,0.01794649998191744,10
scaled_correlated,6,triggered_gain,2400,0.011619989875795156,2244288,0.018844699952751398,10
scaled_correlated,7,uniform,0,36.06118907602869,448,2.800021320581436e-06,0
scaled_correlated,7,uniform,120,8.105042893446374,103016,0.0009278999641537666,0
scaled_correlated,7,uniform,240,4.06545319333681,205584,0.0018420999986119568,0
scaled_correlated,7,uniform,360,1.7234858397306478,308152,0.0037093000137247145,0
scaled_correlated,7,uniform,480,1.1284728580147663,410720,0.00508039997657761,0
scaled_correlated,7,uniform,600,0.5644601015043578,513288,0.00600489997304976,0
scaled_correlated,7,uniform,720,0.2639348974375153,615856,0.006914399971719831,0
scaled_correlated,7,uniform,840,0.1813668102744188,718424,0.007822999963536859,0
scaled_correlated,7,uniform,960,0.08511332138674454,820992,0.008765699982177466,0
scaled_correlated,7,uniform,1080,0.04825220585442658,923560,0.009678600006736815,0
scaled_correlated,7,uniform,1200,0.03207850630057241,1026128,0.01059650001116097,0
scaled_correlated,7,uniform,1320,0.01650428543635396,1128696,0.011493899975903332,0
scaled_correlated,7,uniform,1440,0.008502382480804815,1231264,0.012395499972626567,0
scaled_correlated,7,uniform,1560,0.005479214626618489,1333832,0.013299899990670383,0
scaled_correlated,7,uniform,1680,0.002866725217310684,1436400,0.014202099991962314,0
scaled_correlated,7,uniform,1800,0.0016814662719797369,1538968,0.01534789998549968,0
scaled_correlated,7,uniform,1920,0.001016041273131929,1641536,0.016302299976814538,0
scaled_correlated,7,uniform,2040,0.0007765244351012335,1744104,0.017212899983860552,0
scaled_correlated,7,uniform,2160,0.0004302018384332307,1846672,0.018114399979822338,0
scaled_correlated,7,uniform,2280,0.0002976957774869504,1949240,0.019047799985855818,0
scaled_correlated,7,uniform,2400,0.00015556889091161707,2051808,0.020640700007788837,0
scaled_correlated,7,lipschitz,0,36.06118907602869,448,2.900022082030773e-06,0
scaled_correlated,7,lipschitz,120,1.978181125692637,103016,0.0009189000120386481,0
scaled_correlated,7,lipschitz,240,0.5373281960930667,205584,0.0018232000293210149,0
scaled_correlated,7,lipschitz,360,0.3790711383186305,308152,0.002724300022237003,0
scaled_correlated,7,lipschitz,480,0.2322149376409839,410720,0.003675400046631694,0
scaled_correlated,7,lipschitz,600,0.1672236285213069,513288,0.0045758000342175364,0
scaled_correlated,7,lipschitz,720,0.11687062472271625,615856,0.005478300037793815,0
scaled_correlated,7,lipschitz,840,0.10507470478977421,718424,0.006376000004820526,0
scaled_correlated,7,lipschitz,960,0.08235968961584827,820992,0.007276499993167818,0
scaled_correlated,7,lipschitz,1080,0.05494526845088199,923560,0.008175400027539581,0
scaled_correlated,7,lipschitz,1200,0.03860149118909728,1026128,0.009075300011318177,0
scaled_correlated,7,lipschitz,1320,0.031990830128719505,1128696,0.010069700016174465,0
scaled_correlated,7,lipschitz,1440,0.030589528717786862,1231264,0.010973300028126687,0
scaled_correlated,7,lipschitz,1560,0.02559579410564705,1333832,0.011870899994391948,0
scaled_correlated,7,lipschitz,1680,0.022863378370876486,1436400,0.012771800043992698,0
scaled_correlated,7,lipschitz,1800,0.016756171982187595,1538968,0.013695300032850355,0
scaled_correlated,7,lipschitz,1920,0.013364563080187075,1641536,0.01459690002957359,0
scaled_correlated,7,lipschitz,2040,0.012529708761836567,1744104,0.016114600002765656,0
scaled_correlated,7,lipschitz,2160,0.011769644271260482,1846672,0.017020400031469762,0
scaled_correlated,7,lipschitz,2280,0.00900206373402046,1949240,0.017928100016433746,0
scaled_correlated,7,lipschitz,2400,0.008724193040047012,2051808,0.018824900034815073,0
scaled_correlated,7,scheduled_gain,0,36.06118907602869,448,2.800021320581436e-06,0
scaled_correlated,7,scheduled_gain,120,3.608975375623851,141512,0.0009953000117093325,2
scaled_correlated,7,scheduled_gain,240,2.0658180596532993,282576,0.0019122000085189939,4
scaled_correlated,7,scheduled_gain,360,1.0072198036252815,423640,0.00284019997343421,6
scaled_correlated,7,scheduled_gain,480,0.5407193136167932,564704,0.0037641999660991132,8
scaled_correlated,7,scheduled_gain,600,0.36068449491095356,705768,0.004686000000219792,10
scaled_correlated,7,scheduled_gain,720,0.24382616047171757,846832,0.005606699967756867,12
scaled_correlated,7,scheduled_gain,840,0.16721727718811685,987896,0.006573699996806681,14
scaled_correlated,7,scheduled_gain,960,0.1139048988736624,1128960,0.007518199970945716,16
scaled_correlated,7,scheduled_gain,1080,0.07339081882871046,1270024,0.008474099973682314,18
scaled_correlated,7,scheduled_gain,1200,0.05026546102665419,1411088,0.009404800017364323,20
scaled_correlated,7,scheduled_gain,1320,0.03756228735406264,1552152,0.01033580000512302,22
scaled_correlated,7,scheduled_gain,1440,0.027374541815893938,1693216,0.01126449997536838,24
scaled_correlated,7,scheduled_gain,1560,0.019825699795639196,1834280,0.012198999989777803,26
scaled_correlated,7,scheduled_gain,1680,0.01432240012781083,1975344,0.01421749999281019,28
scaled_correlated,7,scheduled_gain,1800,0.01035539874345126,2116408,0.01518360001500696,30
scaled_correlated,7,scheduled_gain,1920,0.007276394851765122,2257472,0.016122200002428144,32
scaled_correlated,7,scheduled_gain,2040,0.005645172155201994,2398536,0.017039500002283603,34
scaled_correlated,7,scheduled_gain,2160,0.0038191898700201676,2539600,0.018007699982263148,36
scaled_correlated,7,scheduled_gain,2280,0.0026873359719052914,2680664,0.018943400005809963,38
scaled_correlated,7,scheduled_gain,2400,0.0019419627123840044,2821728,0.019876300008036196,40
scaled_correlated,7,triggered_gain,0,36.06118907602869,448,2.8999638743698597e-06,0
scaled_correlated,7,triggered_gain,120,3.7514472702766977,122264,0.0009496999555267394,1
scaled_correlated,7,triggered_gain,240,2.0837696748131007,224832,0.0018692999728955328,1
scaled_correlated,7,triggered_gain,360,1.2377999376565776,346648,0.0027858999674208462,2
scaled_correlated,7,triggered_gain,480,1.0658150365545245,449216,0.003714499995112419,2
scaled_correlated,7,triggered_gain,600,0.7188298302139904,571032,0.004630099982023239,3
scaled_correlated,7,triggered_gain,720,0.6674062501341389,673600,0.005584599974099547,3
scaled_correlated,7,triggered_gain,840,0.46989254497641486,795416,0.006506799953058362,4
scaled_correlated,7,triggered_gain,960,0.4339713800805032,897984,0.007410399965010583,4
scaled_correlated,7,triggered_gain,1080,0.3288073232971582,1019800,0.008318899956066161,5
scaled_correlated,7,triggered_gain,1200,0.31058451575695845,1122368,0.00921539997216314,5
scaled_correlated,7,triggered_gain,1320,0.25393815687000254,1244184,0.010777299990877509,6
scaled_correlated,7,triggered_gain,1440,0.2466584848820852,1346752,0.01169129996560514,6
scaled_correlated,7,triggered_gain,1560,0.20012827700825309,1468568,0.012631199962925166,7
scaled_correlated,7,triggered_gain,1680,0.1892727370489573,1571136,0.013544499990530312,7
scaled_correlated,7,triggered_gain,1800,0.1573598311357527,1692952,0.014504999970085919,8
scaled_correlated,7,triggered_gain,1920,0.13491394366391463,1795520,0.015474699961487204,8
scaled_correlated,7,triggered_gain,2040,0.11704415458236506,1898088,0.016401999979279935,8
scaled_correlated,7,triggered_gain,2160,0.10675969168598076,2000656,0.017342899984214455,8
scaled_correlated,7,triggered_gain,2280,0.10219709766647211,2103224,0.018624099961016327,8
scaled_correlated,7,triggered_gain,2400,0.08591065406418474,2225040,0.02099409996299073,9
scaled_correlated,8,uniform,0,69.57251603322415,448,8.000002708286047e-06,0
scaled_correlated,8,uniform,120,4.77280316675406,103016,0.002198499976657331,0
scaled_correlated,8,uniform,240,2.401582097161887,205584,0.0037709999596700072,0
scaled_correlated,8,uniform,360,1.2691879483203317,308152,0.005178899969905615,0
scaled_correlated,8,uniform,480,0.6894748241264632,410720,0.006094199954532087,0
scaled_correlated,8,uniform,600,0.38438075918691883,513288,0.007025500002782792,0
scaled_correlated,8,uniform,720,0.19367053681238877,615856,0.007956399989780039,0
scaled_correlated,8,uniform,840,0.10697491141328364,718424,0.008856099972035736,0
scaled_correlated,8,uniform,960,0.07544181632286451,820992,0.009757399966474622,0
scaled_correlated,8,uniform,1080,0.034610081154514916,923560,0.010647099989000708,0
scaled_correlated,8,uniform,1200,0.021592978846082467,1026128,0.011544799956027418,0
scaled_correlated,8,uniform,1320,0.012944444760385476,1128696,0.01257439999608323,0
scaled_correlated,8,uniform,1440,0.007424410402441239,1231264,0.013474699982907623,0
scaled_correlated,8,uniform,1560,0.004646242514264376,1333832,0.014369799988344312,0
scaled_correlated,8,uniform,1680,0.00287077871889041,1436400,0.015291899966541678,0
scaled_correlated,8,uniform,1800,0.001954849448277063,1538968,0.016212699993047863,0
scaled_correlated,8,uniform,1920,0.0013478866707390402,1641536,0.017116600007284433,0
scaled_correlated,8,uniform,2040,0.0008464411565864971,1744104,0.018019000010099262,0
scaled_correlated,8,uniform,2160,0.0005007108373229485,1846672,0.01891859999159351,0
scaled_correlated,8,uniform,2280,0.0003101440483193052,1949240,0.01982539996970445,0
scaled_correlated,8,uniform,2400,0.00019200677186725912,2051808,0.02164930000435561,0
scaled_correlated,8,lipschitz,0,69.57251603322415,448,3.5999692045152187e-06,0
scaled_correlated,8,lipschitz,120,3.5026088405339415,103016,0.0009449999779462814,0
scaled_correlated,8,lipschitz,240,1.593423155952852,205584,0.0019042000058107078,0
scaled_correlated,8,lipschitz,360,0.5798270582507046,308152,0.0027945999754592776,0
scaled_correlated,8,lipschitz,480,0.38554960449203923,410720,0.0036939000128768384,0
scaled_correlated,8,lipschitz,600,0.2096627699622342,513288,0.0045822999672964215,0
scaled_correlated,8,lipschitz,720,0.1523241173039489,615856,0.0055262999958358705,0
scaled_correlated,8,lipschitz,840,0.11648241998618847,718424,0.007341899967286736,0
scaled_correlated,8,lipschitz,960,0.09359686972778736,820992,0.009685600001830608,0
scaled_correlated,8,lipschitz,1080,0.08131419735190537,923560,0.01199049997376278,0
scaled_correlated,8,lipschitz,1200,0.076642221365681,1026128,0.013954499969258904,0
scaled_correlated,8,lipschitz,1320,0.05620033997984253,1128696,0.015398599964100868,0
scaled_correlated,8,lipschitz,1440,0.0496968032599705,1231264,0.017024400003720075,0
scaled_correlated,8,lipschitz,1560,0.039452475257669484,1333832,0.017923899984452873,0
scaled_correlated,8,lipschitz,1680,0.03813516526845184,1436400,0.01886070001637563,0
scaled_correlated,8,lipschitz,1800,0.035563294764632936,1538968,0.019763699965551496,0
scaled_correlated,8,lipschitz,1920,0.03419229778341126,1641536,0.02068329998292029,0
scaled_correlated,8,lipschitz,2040,0.032843632044427196,1744104,0.021582899964414537,0
scaled_correlated,8,lipschitz,2160,0.030917953733624604,1846672,0.02327760000480339,0
scaled_correlated,8,lipschitz,2280,0.02948738463890166,1949240,0.025666799978353083,0
scaled_correlated,8,lipschitz,2400,0.028880306237256903,2051808,0.02792540000518784,0
scaled_correlated,8,scheduled_gain,0,69.57251603322415,448,7.299997378140688e-06,0
scaled_correlated,8,scheduled_gain,120,3.626798741960915,141512,0.0019629999878816307,2
scaled_correlated,8,scheduled_gain,240,1.6837691041887624,282576,0.003320200019516051,4
scaled_correlated,8,scheduled_gain,360,0.9164719319640993,423640,0.005682200018782169,6
scaled_correlated,8,scheduled_gain,480,0.5086271966127196,564704,0.0073945000185631216,8
scaled_correlated,8,scheduled_gain,600,0.31101577656449386,705768,0.008749500033445656,10
scaled_correlated,8,scheduled_gain,720,0.2051543913029037,846832,0.01009699999121949,12
scaled_correlated,8,scheduled_gain,840,0.1130232044385,987896,0.011437800014391541,14
scaled_correlated,8,scheduled_gain,960,0.07078401907808463,1128960,0.01238179998472333,16
scaled_correlated,8,scheduled_gain,1080,0.04523308289375905,1270024,0.01330490002874285,18
scaled_correlated,8,scheduled_gain,1200,0.026622513799085645,1411088,0.014230400032829493,20
scaled_correlated,8,scheduled_gain,1320,0.017775052317375195,1552152,0.015147800033446401,22
scaled_correlated,8,scheduled_gain,1440,0.011013836732093107,1693216,0.01606819999869913,24
scaled_correlated,8,scheduled_gain,1560,0.007386221827471839,1834280,0.016988700022920966,26
scaled_correlated,8,scheduled_gain,1680,0.005264237160683027,1975344,0.01790800003800541,28
scaled_correlated,8,scheduled_gain,1800,0.0036488321099721333,2116408,0.01882220001425594,30
scaled_correlated,8,scheduled_gain,1920,0.0026107104152357508,2257472,0.019742899981793016,32
scaled_correlated,8,scheduled_gain,2040,0.0016887963648883897,2398536,0.02140179998241365,34
scaled_correlated,8,scheduled_gain,2160,0.0011456368194111555,2539600,0.02314100001240149,36
scaled_correlated,8,scheduled_gain,2280,0.0007735674677777915,2680664,0.025044500012882054,38
scaled_correlated,8,scheduled_gain,2400,0.0005187742035595022,2821728,0.02659180003684014,40
scaled_correlated,8,triggered_gain,0,69.57251603322415,448,3.89997148886323e-06,0
scaled_correlated,8,triggered_gain,120,6.254133871110288,122264,0.001166099973488599,1
scaled_correlated,8,triggered_gain,240,3.077405229505267,224832,0.0020782999927178025,1
scaled_correlated,8,triggered_gain,360,1.6009740532314458,346648,0.0030441000126302242,2
scaled_correlated,8,triggered_gain,480,1.0428098867026891,468464,0.003969400015193969,3
scaled_correlated,8,triggered_gain,600,0.6883005289231905,590280,0.004884199996013194,4
scaled_correlated,8,triggered_gain,720,0.5794996747235541,692848,0.005795200006105006,4
scaled_correlated,8,triggered_gain,840,0.40453641734658463,814664,0.00670580001315102,5
scaled_correlated,8,triggered_gain,960,0.3865308872301725,917232,0.007658199989236891,5
scaled_correlated,8,triggered_gain,1080,0.25214933500641923,1039048,0.008581699978094548,6
scaled_correlated,8,triggered_gain,1200,0.17110873149140549,1141616,0.009512699965853244,6
scaled_correlated,8,triggered_gain,1320,0.16351469901348192,1244184,0.010775799979455769,6
scaled_correlated,8,triggered_gain,1440,0.11486790213292553,1366000,0.012973300006706268,7
scaled_correlated,8,triggered_gain,1560,0.10915672319160663,1468568,0.014543899975251406,7
scaled_correlated,8,triggered_gain,1680,0.06644572912233748,1590384,0.015938399999868125,8
scaled_correlated,8,triggered_gain,1800,0.06516203327810643,1692952,0.01689490000717342,8
scaled_correlated,8,triggered_gain,1920,0.04983929099997653,1814768,0.017833199992310256,9
scaled_correlated,8,triggered_gain,2040,0.04756243204553012,1917336,0.01875409996137023,9
scaled_correlated,8,triggered_gain,2160,0.034424901233355065,2039152,0.019673299975693226,10
scaled_correlated,8,triggered_gain,2280,0.03049673540427822,2141720,0.020577199989929795,10
scaled_correlated,8,triggered_gain,2400,0.025596657501171016,2263536,0.021488800004590303,11
scaled_correlated,9,uniform,0,33.37124970433512,448,3.100023604929447e-06,0
scaled_correlated,9,uniform,120,5.171082795225751,103016,0.0009317999938502908,0
scaled_correlated,9,uniform,240,2.6777512682939673,205584,0.0018415999948047101,0
scaled_correlated,9,uniform,360,1.233655585967246,308152,0.0027479000273160636,0
scaled_correlated,9,uniform,480,0.6206156024922631,410720,0.0036543000023812056,0
scaled_correlated,9,uniform,600,0.28802714555018083,513288,0.004554699989967048,0
scaled_correlated,9,uniform,720,0.17156406490443787,615856,0.006026200018823147,0
scaled_correlated,9,uniform,840,0.07165252511345122,718424,0.00694440002553165,0
scaled_correlated,9,uniform,960,0.0438640978302387,820992,0.007854900031816214,0
scaled_correlated,9,uniform,1080,0.020725564254330475,923560,0.009186499984934926,0
scaled_correlated,9,uniform,1200,0.017292303435375356,1026128,0.01145719998748973,0
scaled_correlated,9,uniform,1320,0.009608469896631,1128696,0.013185399991925806,0
scaled_correlated,9,uniform,1440,0.004786191252333261,1231264,0.014461499988101423,0
scaled_correlated,9,uniform,1560,0.003403051019166714,1333832,0.01552269997773692,0
scaled_correlated,9,uniform,1680,0.0028997116798397116,1436400,0.016461800027173012,0
scaled_correlated,9,uniform,1800,0.00143688401253117,1538968,0.017376900010276586,0
scaled_correlated,9,uniform,1920,0.0005390525146049541,1641536,0.018287200015038252,0
scaled_correlated,9,uniform,2040,0.00037647614904301463,1744104,0.01919860002817586,0
scaled_correlated,9,uniform,2160,0.00020965344449574985,1846672,0.020103099988773465,0
scaled_correlated,9,uniform,2280,0.00015704382644932124,1949240,0.021005899994634092,0
scaled_correlated,9,uniform,2400,0.00010889712328010503,2051808,0.02267299999948591,0
scaled_correlated,9,lipschitz,0,33.37124970433512,448,3.500026650726795e-06,0
scaled_correlated,9,lipschitz,120,3.4479675510935737,103016,0.0011062999838031828,0
scaled_correlated,9,lipschitz,240,1.5482340943155841,205584,0.002001799992285669,0
scaled_correlated,9,lipschitz,360,0.9421325652574843,308152,0.0029016000335104764,0
scaled_correlated,9,lipschitz,480,0.532971006430798,410720,0.0037960000336170197,0
scaled_correlated,9,lipschitz,600,0.3305826382003878,513288,0.004740500007756054,0
scaled_correlated,9,lipschitz,720,0.2552832648856609,615856,0.005639899987727404,0
scaled_correlated,9,lipschitz,840,0.18389276839163005,718424,0.006544800009578466,0
scaled_correlated,9,lipschitz,960,0.12230709588509603,820992,0.007440400018822402,0
scaled_correlated,9,lipschitz,1080,0.08974464425778539,923560,0.008332700002938509,0
scaled_correlated,9,lipschitz,1200,0.07111552682335809,1026128,0.009227000002283603,0
scaled_correlated,9,lipschitz,1320,0.0522183229314197,1128696,0.010124200023710728,0
scaled_correlated,9,lipschitz,1440,0.041474378075713414,1231264,0.01101730001391843,0
scaled_correlated,9,lipschitz,1560,0.03808406955280885,1333832,0.011910300003364682,0
scaled_correlated,9,lipschitz,1680,0.03513682903392645,1436400,0.012804600002709776,0
scaled_correlated,9,lipschitz,1800,0.021030849541830765,1538968,0.013695100031327456,0
scaled_correlated,9,lipschitz,1920,0.018155611828233553,1641536,0.014583699987269938,0
scaled_correlated,9,lipschitz,2040,0.011707985228337936,1744104,0.016120999993290752,0
scaled_correlated,9,lipschitz,2160,0.01050578674169822,1846672,0.018207899993285537,0
scaled_correlated,9,lipschitz,2280,0.008971451551282872,1949240,0.019369699992239475,0
scaled_correlated,9,lipschitz,2400,0.00808828420807206,2051808,0.02039010002044961,0
scaled_correlated,9,scheduled_gain,0,33.37124970433512,448,3.0999653972685337e-06,0
scaled_correlated,9,scheduled_gain,120,2.490856577674852,141512,0.0010018000029958785,2
scaled_correlated,9,scheduled_gain,240,1.2195619677046805,282576,0.0020186000037938356,4
scaled_correlated,9,scheduled_gain,360,0.7678120131610404,423640,0.00297209998825565,6
scaled_correlated,9,scheduled_gain,480,0.5464229767347222,564704,0.0039056999958120286,8
scaled_correlated,9,scheduled_gain,600,0.4009654076947009,705768,0.004835499974433333,10
scaled_correlated,9,scheduled_gain,720,0.29572762853302637,846832,0.005764100002124906,12
scaled_correlated,9,scheduled_gain,840,0.19903732507326888,987896,0.006689000001642853,14
scaled_correlated,9,scheduled_gain,960,0.15294900552992186,1128960,0.007617299968842417,16
scaled_correlated,9,scheduled_gain,1080,0.10529165350497216,1270024,0.008545299991965294,18
scaled_correlated,9,scheduled_gain,1200,0.07644386247512136,1411088,0.009469099983107299,20
scaled_correlated,9,scheduled_gain,1320,0.050229670481623856,1552152,0.010392199968919158,22
scaled_correlated,9,scheduled_gain,1440,0.03838960179935036,1693216,0.011315699957776815,24
scaled_correlated,9,scheduled_gain,1560,0.03005722308335468,1834280,0.012741399987135082,26
scaled_correlated,9,scheduled_gain,1680,0.02412186171546038,1975344,0.013669800013303757,28
scaled_correlated,9,scheduled_gain,1800,0.019351277170776893,2116408,0.01458630000706762,30
scaled_correlated,9,scheduled_gain,1920,0.015047218948636143,2257472,0.015506399970036,32
scaled_correlated,9,scheduled_gain,2040,0.011881194940075002,2398536,0.01642930001253262,34
scaled_correlated,9,scheduled_gain,2160,0.009238471612146526,2539600,0.01740609999978915,36
scaled_correlated,9,scheduled_gain,2280,0.007320703165944131,2680664,0.018336799985263497,38
scaled_correlated,9,scheduled_gain,2400,0.0056538448007135145,2821728,0.019252499972935766,40
scaled_correlated,9,triggered_gain,0,33.37124970433512,448,2.6999623514711857e-06,0
scaled_correlated,9,triggered_gain,120,3.658127996947166,122264,0.000935699965339154,1
scaled_correlated,9,triggered_gain,240,1.994779768948396,224832,0.001851299952249974,1
scaled_correlated,9,triggered_gain,360,0.7913683856336275,346648,0.002761899959295988,2
scaled_correlated,9,triggered_gain,480,0.4696155770952206,449216,0.0036742999800480902,2
scaled_correlated,9,triggered_gain,600,0.287975126773095,571032,0.004586900002323091,3
scaled_correlated,9,triggered_gain,720,0.2137304302974914,673600,0.005495399993378669,3
scaled_correlated,9,triggered_gain,840,0.1580082430201184,795416,0.006408399960491806,4
scaled_correlated,9,triggered_gain,960,0.14369781019730787,897984,0.00731169997015968,4
scaled_correlated,9,triggered_gain,1080,0.09689657109008598,1019800,0.008216499991249293,5
scaled_correlated,9,triggered_gain,1200,0.09178944156121105,1122368,0.01050149998627603,5
scaled_correlated,9,triggered_gain,1320,0.06836226876954843,1244184,0.013005999964661896,6
scaled_correlated,9,triggered_gain,1440,0.06641006145356343,1346752,0.01532559999031946,6
scaled_correlated,9,triggered_gain,1560,0.05474851942403092,1468568,0.01750349998474121,7
scaled_correlated,9,triggered_gain,1680,0.051878423257510686,1571136,0.018972699996083975,7
scaled_correlated,9,triggered_gain,1800,0.03820921214384709,1692952,0.020157699997071177,8
scaled_correlated,9,triggered_gain,1920,0.03662852551856188,1795520,0.021061399951577187,8
scaled_correlated,9,triggered_gain,2040,0.028305027860549004,1917336,0.021973299968522042,9
scaled_correlated,9,triggered_gain,2160,0.026487038036213217,2019904,0.02287869999418035,9
scaled_correlated,9,triggered_gain,2280,0.022746378181317972,2141720,0.023787599988281727,10
scaled_correlated,9,triggered_gain,2400,0.01757016337500028,2244288,0.024690199992619455,10
scaled_correlated,10,uniform,0,55.62927047254549,448,3.100023604929447e-06,0
scaled_correlated,10,uniform,120,8.437716752014696,103016,0.0012522999895736575,0
scaled_correlated,10,uniform,240,3.508682009682261,205584,0.0021813000203110278,0
scaled_correlated,10,uniform,360,1.2619086065683982,308152,0.003097900014836341,0
scaled_correlated,10,uniform,480,0.5733835774681677,410720,0.004011400043964386,0
scaled_correlated,10,uniform,600,0.2668995012800184,513288,0.004955000011250377,0
scaled_correlated,10,uniform,720,0.11901657146199707,615856,0.0058895000256598,0
scaled_correlated,10,uniform,840,0.06149315969093738,718424,0.0068036000011488795,0
scaled_correlated,10,uniform,960,0.027422519795990308,820992,0.007714600011240691,0
scaled_correlated,10,uniform,1080,0.012859988451154436,923560,0.008620400039944798,0
scaled_correlated,10,uniform,1200,0.005164474759381754,1026128,0.009525700006633997,0
scaled_correlated,10,uniform,1320,0.003049959756877829,1128696,0.010427300003357232,0
scaled_correlated,10,uniform,1440,0.0012912159420999103,1231264,0.011339900025632232,0
scaled_correlated,10,uniform,1560,0.0007371489073038084,1333832,0.012252999993506819,0
scaled_correlated,10,uniform,1680,0.0003330339792015913,1436400,0.0131686000386253,0
scaled_correlated,10,uniform,1800,0.0001546905445950486,1538968,0.014077700034249574,0
scaled_correlated,10,uniform,1920,7.600030015986192e-05,1641536,0.015404700010549277,0
scaled_correlated,10,uniform,2040,4.6817391638143135e-05,1744104,0.016636500018648803,0
scaled_correlated,10,uniform,2160,2.499359878882501e-05,1846672,0.0178592000156641,0
scaled_correlated,10,uniform,2280,1.269987428509367e-05,1949240,0.018769300018902868,0
scaled_correlated,10,uniform,2400,6.83569915160831e-06,2051808,0.019672000024002045,0
scaled_correlated,10,lipschitz,0,55.62927047254549,448,2.900022082030773e-06,0
scaled_correlated,10,lipschitz,120,1.3279970591907788,103016,0.0009285000269301236,0
scaled_correlated,10,lipschitz,240,0.34634069533320666,205584,0.0018641999922692776,0
scaled_correlated,10,lipschitz,360,0.19678783444664782,308152,0.002793600026052445,0
scaled_correlated,10,lipschitz,480,0.14561258711348435,410720,0.0037062999908812344,0
scaled_correlated,10,lipschitz,600,0.08895157405197951,513288,0.004614399978891015,0
scaled_correlated,10,lipschitz,720,0.08104202853464004,615856,0.0055201000068336725,0
scaled_correlated,10,lipschitz,840,0.05419543281362804,718424,0.006430000008549541,0
scaled_correlated,10,lipschitz,960,0.048294433500609024,820992,0.007334700028877705,0
scaled_correlated,10,lipschitz,1080,0.041188322555358425,923560,0.00823929999023676,0
scaled_correlated,10,lipschitz,1200,0.0378029968002247,1026128,0.009140999987721443,0
scaled_correlated,10,lipschitz,1320,0.03375819804517066,1128696,0.01004520000424236,0
scaled_correlated,10,lipschitz,1440,0.03040481477230239,1231264,0.010940600011963397,0
scaled_correlated,10,lipschitz,1560,0.027210457956360568,1333832,0.011845700035337359,0
scaled_correlated,10,lipschitz,1680,0.021761286748689823,1436400,0.012748199980705976,0
scaled_correlated,10,lipschitz,1800,0.019755853239644683,1538968,0.013654300011694431,0
scaled_correlated,10,lipschitz,1920,0.019096904634242406,1641536,0.014868600002955645,0
scaled_correlated,10,lipschitz,2040,0.017780214313618092,1744104,0.01598630001535639,0
scaled_correlated,10,lipschitz,2160,0.01670011354232903,1846672,0.016912900027818978,0
scaled_correlated,10,lipschitz,2280,0.016531296034339782,1949240,0.01782539999112487,0
scaled_correlated,10,lipschitz,2400,0.015567882254508891,2051808,0.01873479998903349,0
scaled_correlated,10,scheduled_gain,0,55.62927047254549,448,3.0999653972685337e-06,0
scaled_correlated,10,scheduled_gain,120,5.074834834231401,141512,0.0010096000041812658,2
scaled_correlated,10,scheduled_gain,240,2.0658558001300453,282576,0.0019566999981179833,4
scaled_correlated,10,scheduled_gain,360,1.0697830746689383,423640,0.002889399998821318,6
scaled_correlated,10,scheduled_gain,480,0.5928724193446722,564704,0.003819799982011318,8
scaled_correlated,10,scheduled_gain,600,0.36139892276242813,705768,0.004746599995996803,10
scaled_correlated,10,scheduled_gain,720,0.24822991357402868,846832,0.005677899986039847,12
scaled_correlated,10,scheduled_gain,840,0.1597147657795941,987896,0.006605900009162724,14
scaled_correlated,10,scheduled_gain,960,0.10646338455614712,1128960,0.007525999972131103,16
scaled_correlated,10,scheduled_gain,1080,0.07135865293860277,1270024,0.008658599981572479,18
scaled_correlated,10,scheduled_gain,1200,0.04963672470157565,1411088,0.009596599964424968,20
scaled_correlated,10,scheduled_gain,1320,0.03450543850002541,1552152,0.010553099971730262,22
scaled_correlated,10,scheduled_gain,1440,0.02332743573477636,1693216,0.011809699994046241,24
scaled_correlated,10,scheduled_gain,1560,0.016577813437952393,1834280,0.013876300014089793,26
scaled_correlated,10,scheduled_gain,1680,0.011162861576405891,1975344,0.016371099976822734,28
scaled_correlated,10,scheduled_gain,1800,0.006618258451177805,2116408,0.01851699996041134,30
scaled_correlated,10,scheduled_gain,1920,0.004354633383882867,2257472,0.01993640000000596,32
scaled_correlated,10,scheduled_gain,2040,0.0030528299567667005,2398536,0.02086260000942275,34
scaled_correlated,10,scheduled_gain,2160,0.0023060950030431293,2539600,0.021795000007841736,36
scaled_correlated,10,scheduled_gain,2280,0.0017208096460312738,2680664,0.022724099981132895,38
scaled_correlated,10,scheduled_gain,2400,0.0012612384038774849,2821728,0.023656299978028983,40
scaled_correlated,10,triggered_gain,0,55.62927047254549,448,2.5999615900218487e-06,0
scaled_correlated,10,triggered_gain,120,4.845294891287729,122264,0.0009327000007033348,1
scaled_correlated,10,triggered_gain,240,2.070258218912613,224832,0.0018548999796621501,1
scaled_correlated,10,triggered_gain,360,0.7711132167904435,346648,0.0027785999700427055,2
scaled_correlated,10,triggered_gain,480,0.4785051234435893,468464,0.0037095999578014016,3
scaled_correlated,10,triggered_gain,600,0.3438148221866797,590280,0.00520489999325946,4
scaled_correlated,10,triggered_gain,720,0.23193080149319645,712096,0.006188499974086881,5
scaled_correlated,10,triggered_gain,840,0.18524633715274597,814664,0.00711020000744611,5
scaled_correlated,10,triggered_gain,960,0.14126477328121068,936480,0.008046799979638308,6
scaled_correlated,10,triggered_gain,1080,0.11268313658322304,1039048,0.00901999999769032,6
scaled_correlated,10,triggered_gain,1200,0.10465366654981345,1141616,0.009944299992639571,6
scaled_correlated,10,triggered_gain,1320,0.08385412076281185,1263432,0.01086749997921288,7
scaled_correlated,10,triggered_gain,1440,0.07696375376289932,1366000,0.011783899972215295,7
scaled_correlated,10,triggered_gain,1560,0.044105808872499264,1487816,0.012705500004813075,8
scaled_correlated,10,triggered_gain,1680,0.03248757715755968,1590384,0.013620699988678098,8
scaled_correlated,10,triggered_gain,1800,0.02376863542364882,1712200,0.014586600009351969,9
scaled_correlated,10,triggered_gain,1920,0.021366704366464706,1814768,0.015490799967665225,9
scaled_correlated,10,triggered_gain,2040,0.018016621892953832,1936584,0.01659089996246621,10
scaled_correlated,10,triggered_gain,2160,0.0151895110175011,2039152,0.01751679996959865,10
scaled_correlated,10,triggered_gain,2280,0.014139439530485909,2141720,0.018472199968528003,10
scaled_correlated,10,triggered_gain,2400,0.011795704547476138,2263536,0.019402000005356967,11
scaled_correlated,11,uniform,0,126.69218421731851,448,3.00002284348011e-06,0
scaled_correlated,11,uniform,120,20.182636567645247,103016,0.000938400044105947,0
scaled_correlated,11,uniform,240,6.800461340892973,205584,0.002884300018195063,0
scaled_correlated,11,uniform,360,3.8511846354941945,308152,0.004045600013341755,0
scaled_correlated,11,uniform,480,2.171072264831731,410720,0.00498560001142323,0
scaled_correlated,11,uniform,600,1.3065544998566696,513288,0.005887200008146465,0
scaled_correlated,11,uniform,720,0.8807097639352346,615856,0.006798300018999726,0
scaled_correlated,11,uniform,840,0.41775712330728476,718424,0.007729100005235523,0
scaled_correlated,11,uniform,960,0.19226062632364282,820992,0.008688900037668645,0
scaled_correlated,11,uniform,1080,0.09459682921839185,923560,0.009613300033379346,0
scaled_correlated,11,uniform,1200,0.049246119811671374,1026128,0.010540100047364831,0
scaled_correlated,11,uniform,1320,0.03136019732504547,1128696,0.011451500002294779,0
scaled_correlated,11,uniform,1440,0.022722328333121045,1231264,0.012521900003775954,0
scaled_correlated,11,uniform,1560,0.012584166029993682,1333832,0.013461399998050183,0
scaled_correlated,11,uniform,1680,0.00818595992079496,1436400,0.014425400004256517,0
scaled_correlated,11,uniform,1800,0.005027400433945228,1538968,0.015344600018579513,0
scaled_correlated,11,uniform,1920,0.0029435145498610815,1641536,0.016261300013866276,0
scaled_correlated,11,uniform,2040,0.0019654298223237276,1744104,0.01717950002057478,0
scaled_correlated,11,uniform,2160,0.0012704639636758053,1846672,0.0185602999990806,0
scaled_correlated,11,uniform,2280,0.000986758434626367,1949240,0.019499100046232343,0
scaled_correlated,11,uniform,2400,0.0006458460089748819,2051808,0.020415800041519105,0
scaled_correlated,11,lipschitz,0,126.69218421731851,448,2.8999638743698597e-06,0
scaled_correlated,11,lipschitz,120,2.145401448476884,103016,0.0009354999638162553,0
scaled_correlated,11,lipschitz,240,1.2829103620590763,205584,0.0018904999596998096,0
scaled_correlated,11,lipschitz,360,0.638473423047857,308152,0.0028120999922975898,0
scaled_correlated,11,lipschitz,480,0.5360178447918167,410720,0.0037125999806448817,0
scaled_correlated,11,lipschitz,600,0.4341237781986922,513288,0.004670399997849017,0
scaled_correlated,11,lipschitz,720,0.29850393348137905,615856,0.005571799993049353,0
scaled_correlated,11,lipschitz,840,0.21112785901440256,718424,0.006473499990534037,0
scaled_correlated,11,lipschitz,960,0.11435887680115187,820992,0.008734199975151569,0
scaled_correlated,11,lipschitz,1080,0.08595557660103292,923560,0.01101699995342642,0
scaled_correlated,11,lipschitz,1200,0.06723347671167534,1026128,0.01317439996637404,0
scaled_correlated,11,lipschitz,1320,0.05131523146257644,1128696,0.014983000000938773,0
scaled_correlated,11,lipschitz,1440,0.04370871722247083,1231264,0.015899499994702637,0
scaled_correlated,11,lipschitz,1560,0.039010880737842424,1333832,0.016850499960128218,0
scaled_correlated,11,lipschitz,1680,0.03453934771061595,1436400,0.01777489995583892,0
scaled_correlated,11,lipschitz,1800,0.032332101688508974,1538968,0.018686999974306673,0
scaled_correlated,11,lipschitz,1920,0.018951614591445676,1641536,0.019595299963839352,0
scaled_correlated,11,lipschitz,2040,0.016986792073764967,1744104,0.02050099999178201,0
scaled_correlated,11,lipschitz,2160,0.01534825592052913,1846672,0.02140759996837005,0
scaled_correlated,11,lipschitz,2280,0.01354101704186128,1949240,0.022313800000119954,0
scaled_correlated,11,lipschitz,2400,0.012640329725682964,2051808,0.023239700007252395,0
scaled_correlated,11,scheduled_gain,0,126.69218421731851,448,2.800021320581436e-06,0
scaled_correlated,11,scheduled_gain,120,12.533084340534485,141512,0.0009538000449538231,2
scaled_correlated,11,scheduled_gain,240,6.348405961435798,282576,0.0018740000086836517,4
scaled_correlated,11,scheduled_gain,360,3.1391878320372606,423640,0.0027963000466115773,6
scaled_correlated,11,scheduled_gain,480,1.8343674709079765,564704,0.0037226000567898154,8
scaled_correlated,11,scheduled_gain,600,1.2078767870595297,705768,0.004646000044886023,10
scaled_correlated,11,scheduled_gain,720,0.8009470440050754,846832,0.0055745000136084855,12
scaled_correlated,11,scheduled_gain,840,0.5479259781532142,987896,0.006504200049676001,14
scaled_correlated,11,scheduled_gain,960,0.40290234349119824,1128960,0.008581100031733513,16
scaled_correlated,11,scheduled_gain,1080,0.2701492495193567,1270024,0.01132690004305914,18
scaled_correlated,11,scheduled_gain,1200,0.19832401864732008,1411088,0.013511200028005987,20
scaled_correlated,11,scheduled_gain,1320,0.14823564194968064,1552152,0.01510960003361106,22
scaled_correlated,11,scheduled_gain,1440,0.10749689777045868,1693216,0.016268900013528764,24
scaled_correlated,11,scheduled_gain,1560,0.07384905391975494,1834280,0.017211000027600676,26
scaled_correlated,11,scheduled_gain,1680,0.04975911534862787,1975344,0.018144400033634156,28
scaled_correlated,11,scheduled_gain,1800,0.03491241444379822,2116408,0.019078300043474883,30
scaled_correlated,11,scheduled_gain,1920,0.02466438606320409,2257472,0.020011800050269812,32
scaled_correlated,11,scheduled_gain,2040,0.018483716421811902,2398536,0.020947600016370416,34
scaled_correlated,11,scheduled_gain,2160,0.014176359620696743,2539600,0.021882400033064187,36
scaled_correlated,11,scheduled_gain,2280,0.00970059971273285,2680664,0.022808800044003874,38
scaled_correlated,11,scheduled_gain,2400,0.006897035856091804,2821728,0.02417230000719428,40
scaled_correlated,11,triggered_gain,0,126.69218421731851,448,3.700028173625469e-06,0
scaled_correlated,11,triggered_gain,120,12.117563172914211,122264,0.000993699999526143,1
scaled_correlated,11,triggered_gain,240,4.797665870029265,224832,0.0019207000150345266,1
scaled_correlated,11,triggered_gain,360,3.1752927830423867,346648,0.0028517000027932227,2
scaled_correlated,11,triggered_gain,480,2.2738356754089692,468464,0.0038215999957174063,3
scaled_correlated,11,triggered_gain,600,1.8024427025077814,571032,0.004759300034493208,3
scaled_correlated,11,triggered_gain,720,1.6381489006334564,673600,0.0056847999803721905,3
scaled_correlated,11,triggered_gain,840,1.1496710995026933,795416,0.006614100013393909,4
scaled_correlated,11,triggered_gain,960,0.9360807422917592,897984,0.007578300021123141,4
scaled_correlated,11,triggered_gain,1080,0.7305676527976801,1019800,0.008498299983330071,5
scaled_correlated,11,triggered_gain,1200,0.6392980315065633,1122368,0.009405500022694468,5
scaled_correlated,11,triggered_gain,1320,0.5318043507251731,1244184,0.010323500027880073,6
scaled_correlated,11,triggered_gain,1440,0.4762443335169775,1346752,0.011229900002945215,6
scaled_correlated,11,triggered_gain,1560,0.4300969194677928,1449320,0.012132200004998595,6
scaled_correlated,11,triggered_gain,1680,0.3271119681927561,1551888,0.013040199992246926,6
scaled_correlated,11,triggered_gain,1800,0.304321047887508,1654456,0.013941399985924363,6
scaled_correlated,11,triggered_gain,1920,0.20843529903806202,1776272,0.014847700018435717,7
scaled_correlated,11,triggered_gain,2040,0.18120479411069734,1878840,0.01574669999536127,7
scaled_correlated,11,triggered_gain,2160,0.14272791083329084,2000656,0.017469100013840944,8
scaled_correlated,11,triggered_gain,2280,0.13975019953855528,2103224,0.018387100019026548,8
scaled_correlated,11,triggered_gain,2400,0.11457374580117197,2225040,0.019306300033349544,9
diabetes,0,uniform,0,111.9433754500213,452,8.600007276982069e-06,0
diabetes,0,uniform,120,0.37332373665280727,108544,0.002480599971022457,0
diabetes,0,uniform,240,0.1474858340560843,216636,0.005220399994868785,0
diabetes,0,uniform,360,0.05446071656049867,324728,0.00747469998896122,0
diabetes,0,uniform,480,0.03347297422814677,432820,0.009655000001657754,0
diabetes,0,uniform,600,0.02329432468555126,540912,0.011832999996840954,0
diabetes,0,uniform,720,0.011263813443093795,649004,0.013361799996346235,0
diabetes,0,uniform,840,0.0039706336357454575,757096,0.015019399987068027,0
diabetes,0,uniform,960,0.0015213713746646818,865188,0.015974999987520278,0
diabetes,0,uniform,1080,0.0007661173021631384,973280,0.016884199983906,0
diabetes,0,uniform,1200,0.0004490536674808254,1081372,0.017806899966672063,0
diabetes,0,uniform,1320,0.00019346377114004554,1189464,0.01871999999275431,0
diabetes,0,uniform,1440,7.979532529134303e-05,1297556,0.02115300000878051,0
diabetes,0,uniform,1560,2.863759182503145e-05,1405648,0.02334109996445477,0
diabetes,0,uniform,1680,1.090491232957902e-05,1513740,0.02551180002046749,0
diabetes,0,uniform,1800,4.314667279459172e-06,1621832,0.027249899983871728,0
diabetes,0,uniform,1920,1.8469458211711753e-06,1729924,0.02859639999223873,0
diabetes,0,uniform,2040,7.676171520643038e-07,1838016,0.029678399965632707,0
diabetes,0,uniform,2160,2.0575546955114987e-07,1946108,0.03060110000660643,0
diabetes,0,uniform,2280,1.185130997782835e-07,2054200,0.03220069996314123,0
diabetes,0,uniform,2400,4.948616094679892e-08,2162292,0.03308069997001439,0
diabetes,0,lipschitz,0,111.9433754500213,452,2.6999623514711857e-06,0
diabetes,0,lipschitz,120,0.37332373665280727,108544,0.0009040999575518072,0
diabetes,0,lipschitz,240,0.1474858340560843,216636,0.0018073999672196805,0
diabetes,0,lipschitz,360,0.05446071656049867,324728,0.0027161999605596066,0
diabetes,0,lipschitz,480,0.03347297422814677,432820,0.0035971999750472605,0
diabetes,0,lipschitz,600,0.02329432468555126,540912,0.004484599980060011,0
diabetes,0,lipschitz,720,0.011263813443093795,649004,0.0053656999953091145,0
diabetes,0,lipschitz,840,0.0039706336357454575,757096,0.006245199998375028,0
diabetes,0,lipschitz,960,0.0015213713746646818,865188,0.00716789998114109,0
diabetes,0,lipschitz,1080,0.0007661173021631384,973280,0.008064699999522418,0
diabetes,0,lipschitz,1200,0.0004490536674808254,1081372,0.008940999978221953,0
diabetes,0,lipschitz,1320,0.00019346377114004554,1189464,0.009816599951591343,0
diabetes,0,lipschitz,1440,7.979532529134303e-05,1297556,0.010719699959736317,0
diabetes,0,lipschitz,1560,2.863759182503145e-05,1405648,0.011599799967370927,0
diabetes,0,lipschitz,1680,1.090491232957902e-05,1513740,0.01248249999480322,0
diabetes,0,lipschitz,1800,4.314667279459172e-06,1621832,0.013357599964365363,0
diabetes,0,lipschitz,1920,1.8469458211711753e-06,1729924,0.014586899953428656,0
diabetes,0,lipschitz,2040,7.676171520643038e-07,1838016,0.017435999994631857,0
diabetes,0,lipschitz,2160,2.0575546955114987e-07,1946108,0.01863989996491,0
diabetes,0,lipschitz,2280,1.185130997782835e-07,2054200,0.019527899974491447,0
diabetes,0,lipschitz,2400,4.948616094679892e-08,2162292,0.020436299964785576,0
diabetes,0,scheduled_gain,0,111.9433754500213,452,2.800021320581436e-06,0
diabetes,0,scheduled_gain,120,2.3768436793387764,117404,0.0009388000471517444,2
diabetes,0,scheduled_gain,240,0.5991037887287263,234356,0.0018643000512383878,4
diabetes,0,scheduled_gain,360,0.3060870418399446,351308,0.0027602000045590103,6
diabetes,0,scheduled_gain,480,0.18570162782278032,468260,0.0036560000153258443,8
diabetes,0,scheduled_gain,600,0.07781215709921696,585212,0.004547400050796568,10
diabetes,0,scheduled_gain,720,0.04473054261295317,702164,0.005440800043288618,12
diabetes,0,scheduled_gain,840,0.02637224287933293,819116,0.006330300006084144,14
diabetes,0,scheduled_gain,960,0.0072545503948759915,936068,0.007225400011520833,16
diabetes,0,scheduled_gain,1080,0.002497798666382778,1053020,0.008115900040138513,18
diabetes,0,scheduled_gain,1200,0.0006583188362725423,1169972,0.00900970003567636,20
diabetes,0,scheduled_gain,1320,0.00037234020409471213,1286924,0.009914100053720176,22
diabetes,0,scheduled_gain,1440,0.00024047901199253374,1403876,0.01124690001597628,24
diabetes,0,scheduled_gain,1560,0.00019525416543331175,1520828,0.012155300006270409,26
diabetes,0,scheduled_gain,1680,0.00014887113024997234,1637780,0.013052000023890287,28
diabetes,0,scheduled_gain,1800,9.920881322500463e-05,1754732,0.013940900040324777,30
diabetes,0,scheduled_gain,1920,7.950134356349281e-05,1871684,0.014886400022078305,32
diabetes,0,scheduled_gain,2040,6.560861827153985e-05,1988636,0.015783100039698184,34
diabetes,0,scheduled_gain,2160,4.8108872320540286e-05,2105588,0.01670840004226193,36
diabetes,0,scheduled_gain,2280,3.8845697787337485e-05,2222540,0.017624700034502894,38
diabetes,0,scheduled_gain,2400,2.9655268676265223e-05,2339492,0.01854380004806444,40
diabetes,0,triggered_gain,0,111.9433754500213,452,2.700020559132099e-06,0
diabetes,0,triggered_gain,120,4.790691683232993,112974,0.0008992000366561115,1
diabetes,0,triggered_gain,240,0.21641780500918628,221066,0.0018178000464104116,1
diabetes,0,triggered_gain,360,0.04282568503161599,333588,0.002718100033234805,2
diabetes,0,triggered_gain,480,0.007199278583925661,446110,0.0036161000025458634,3
diabetes,0,triggered_gain,600,0.003638890845806486,558632,0.00450560002354905,4
diabetes,0,triggered_gain,720,0.001247549878584664,671154,0.0054021000396460295,5
diabetes,0,triggered_gain,840,0.0006647093410236948,779246,0.006288800039328635,5
diabetes,0,triggered_gain,960,0.0004635544712527917,891768,0.007181800028774887,6
diabetes,0,triggered_gain,1080,0.000371592077101468,1004290,0.008072299999184906,7
diabetes,0,triggered_gain,1200,0.0003389904884159023,1116812,0.009389500017277896,8
diabetes,0,triggered_gain,1320,0.00028073571219522364,1229334,0.01029280002694577,9
diabetes,0,triggered_gain,1440,0.00027970138320654314,1337426,0.011187000025529414,9
diabetes,0,triggered_gain,1560,0.0002173281332318311,1449948,0.012080100015737116,10
diabetes,0,triggered_gain,1680,0.00018903726109442687,1558040,0.01301300001796335,10
diabetes,0,triggered_gain,1800,0.0001763476404192943,1670562,0.013912700000219047,11
diabetes,0,triggered_gain,1920,0.00016067966137711664,1783084,0.014816900016739964,12
diabetes,0,triggered_gain,2040,0.0001407902002767969,1891176,0.015704100020229816,12
diabetes,0,triggered_gain,2160,0.0001378532464428872,1999268,0.01659090002067387,12
diabetes,0,triggered_gain,2280,9.751725909268316e-05,2111790,0.017485300020780414,13
diabetes,0,triggered_gain,2400,6.962018113654267e-05,2219882,0.018362300004810095,13
diabetes,1,uniform,0,111.9433754500213,452,3.300025127828121e-06,0
diabetes,1,uniform,120,0.11709026261837607,108544,0.0009320999961346388,0
diabetes,1,uniform,240,0.03740952506690576,216636,0.0018254000460729003,0
diabetes,1,uniform,360,0.014910633025110087,324728,0.0027109000366181135,0
diabetes,1,uniform,480,0.005002631783938227,432820,0.0035898000351153314,0
diabetes,1,uniform,600,0.001920476654291292,540912,0.0044661000138148665,0
diabetes,1,uniform,720,0.0006114101246907921,649004,0.005826600012369454,0
diabetes,1,uniform,840,0.00024581558281511207,757096,0.006748100044205785,0
diabetes,1,uniform,960,0.00010302721511834534,865188,0.007624000019859523,0
diabetes,1,uniform,1080,4.0507048197468976e-05,973280,0.008564400020986795,0
diabetes,1,uniform,1200,1.4466939134649692e-05,1081372,0.00945410004351288,0
diabetes,1,uniform,1320,8.427754281115085e-06,1189464,0.010324800037778914,0
diabetes,1,uniform,1440,3.082327438619359e-06,1297556,0.011210100026801229,0
diabetes,1,uniform,1560,1.411144012308796e-06,1405648,0.012109800009056926,0
diabetes,1,uniform,1680,4.335874450589472e-07,1513740,0.013002099993173033,0
diabetes,1,uniform,1800,1.9557117525437206e-07,1621832,0.013877500023227185,0
diabetes,1,uniform,1920,8.869044165749074e-08,1729924,0.0147568000247702,0
diabetes,1,uniform,2040,3.847499385756237e-08,1838016,0.015626900014467537,0
diabetes,1,uniform,2160,1.8145470903618843e-08,1946108,0.016495200048666447,0
diabetes,1,uniform,2280,6.55234089208534e-09,2054200,0.017362200014758855,0
diabetes,1,uniform,2400,2.425025513730361e-09,2162292,0.01822500000707805,0
diabetes,1,lipschitz,0,111.9433754500213,452,2.7999631129205227e-06,0
diabetes,1,lipschitz,120,0.11709026261837607,108544,0.000887200003489852,0
diabetes,1,lipschitz,240,0.03740952506690576,216636,0.001747499976772815,0
diabetes,1,lipschitz,360,0.014910633025110087,324728,0.0037674999912269413,0
diabetes,1,lipschitz,480,0.005002631783938227,432820,0.004930600000079721,0
diabetes,1,lipschitz,600,0.001920476654291292,540912,0.005818699952214956,0
diabetes,1,lipschitz,720,0.0006114101246907921,649004,0.006694999989122152,0
diabetes,1,lipschitz,840,0.00024581558281511207,757096,0.007601199962664396,0
diabetes,1,lipschitz,960,0.00010302721511834534,865188,0.008498599985614419,0
diabetes,1,lipschitz,1080,4.0507048197468976e-05,973280,0.009374599962029606,0
diabetes,1,lipschitz,1200,1.4466939134649692e-05,1081372,0.010254499968141317,0
diabetes,1,lipschitz,1320,8.427754281115085e-06,1189464,0.011121999996248633,0
diabetes,1,lipschitz,1440,3.082327438619359e-06,1297556,0.011991899984423071,0
diabetes,1,lipschitz,1560,1.411144012308796e-06,1405648,0.012857900001108646,0
diabetes,1,lipschitz,1680,4.335874450589472e-07,1513740,0.013732499966863543,0
diabetes,1,lipschitz,1800,1.9557117525437206e-07,1621832,0.014598899986594915,0
diabetes,1,lipschitz,1920,8.869044165749074e-08,1729924,0.01546639995649457,0
diabetes,1,lipschitz,2040,3.847499385756237e-08,1838016,0.016333599982317537,0
diabetes,1,lipschitz,2160,1.8145470903618843e-08,1946108,0.017196599976159632,0
diabetes,1,lipschitz,2280,6.55234089208534e-09,2054200,0.01811699999962002,0
diabetes,1,lipschitz,2400,2.425025513730361e-09,2162292,0.018981400004122406,0
diabetes,1,scheduled_gain,0,111.9433754500213,452,2.700020559132099e-06,0
diabetes,1,scheduled_gain,120,0.9385819886040707,117404,0.001115199993364513,2
diabetes,1,scheduled_gain,240,0.24624708476085289,234356,0.0039450000040233135,4
diabetes,1,scheduled_gain,360,0.04616939552195731,351308,0.006334999983664602,6
diabetes,1,scheduled_gain,480,0.015445766547983908,468260,0.008511500025633723,8
diabetes,1,scheduled_gain,600,0.008074688231857863,585212,0.010171700036153197,10
diabetes,1,scheduled_gain,720,0.00498310061826146,702164,0.011397700000088662,12
diabetes,1,scheduled_gain,840,0.0031403971801324815,819116,0.012403700035065413,14
diabetes,1,scheduled_gain,960,0.0016692190896208103,936068,0.013315499993041158,16
diabetes,1,scheduled_gain,1080,0.0009988897141965936,1053020,0.014206400024704635,18
diabetes,1,scheduled_gain,1200,0.000666817585297963,1169972,0.015103999990969896,20
diabetes,1,scheduled_gain,1320,0.0004794511259404999,1286924,0.015994500019587576,22
diabetes,1,scheduled_gain,1440,0.0003383788486388539,1403876,0.01690069999312982,24
diabetes,1,scheduled_gain,1560,0.0002401257888919872,1520828,0.01901029999135062,26
diabetes,1,scheduled_gain,1680,0.00014881653287091012,1637780,0.021910900017246604,28
diabetes,1,scheduled_gain,1800,0.00011064985619668732,1754732,0.024272100010421127,30
diabetes,1,scheduled_gain,1920,7.258654466113512e-05,1871684,0.02608229999896139,32
diabetes,1,scheduled_gain,2040,5.924389471090308e-05,1988636,0.027367000002413988,34
diabetes,1,scheduled_gain,2160,4.846748647935328e-05,2105588,0.028413499996531755,36
diabetes,1,scheduled_gain,2280,4.1461056113689665e-05,2222540,0.029312900034710765,38
diabetes,1,scheduled_gain,2400,3.591833286975543e-05,2339492,0.030210900004021823,40
diabetes,1,triggered_gain,0,111.9433754500213,452,3.400025889277458e-06,0
diabetes,1,triggered_gain,120,3.6934596622351137,112974,0.00255430000834167,1
diabetes,1,triggered_gain,240,3.5963449892146855,221066,0.0048068000469356775,1
diabetes,1,triggered_gain,360,0.638978594869613,333588,0.005731100041884929,2
diabetes,1,triggered_gain,480,0.2735531579484274,441680,0.00662719999672845,2
diabetes,1,triggered_gain,600,0.055597743043961145,554202,0.0075731000397354364,3
diabetes,1,triggered_gain,720,0.02429232821027938,662294,0.008468800049740821,3
diabetes,1,triggered_gain,840,0.017336999942770603,774816,0.009365400008391589,4
diabetes,1,triggered_gain,960,0.01473179637751798,887338,0.010284600022714585,5
diabetes,1,triggered_gain,1080,0.011035506163509012,999860,0.011176800006069243,6
diabetes,1,triggered_gain,1200,0.009815016695327472,1107952,0.012058300024364144,6
diabetes,1,triggered_gain,1320,0.007243277101665058,1220474,0.012960400024894625,7
diabetes,1,triggered_gain,1440,0.006304728523801373,1328566,0.013840000028721988,7
diabetes,1,triggered_gain,1560,0.0038192022242782286,1441088,0.01474489999236539,8
diabetes,1,triggered_gain,1680,0.0031704294410133116,1549180,0.015648200002033263,8
diabetes,1,triggered_gain,1800,0.00275379443448287,1661702,0.01778690004721284,9
diabetes,1,triggered_gain,1920,0.002750366374357327,1769794,0.019984600017778575,9
diabetes,1,triggered_gain,2040,0.0018648212367367023,1882316,0.021865900023840368,10
diabetes,1,triggered_gain,2160,0.0014701757326491816,1990408,0.023108299996238202,10
diabetes,1,triggered_gain,2280,0.0013336763165909815,2102930,0.024166200018953532,11
diabetes,1,triggered_gain,2400,0.0011909404853582828,2215452,0.025063400040380657,12
diabetes,2,uniform,0,111.9433754500213,452,3.0999653972685337e-06,0
diabetes,2,uniform,120,0.161753564788782,108544,0.0009322999976575375,0
diabetes,2,uniform,240,0.037558434891550974,216636,0.001825599989388138,0
diabetes,2,uniform,360,0.008161493727996572,324728,0.0027167999651283026,0
diabetes,2,uniform,480,0.0033875338002928856,432820,0.003653499996289611,0
diabetes,2,uniform,600,0.001890427148353524,540912,0.004537599976174533,0
diabetes,2,uniform,720,0.0008324208355645624,649004,0.005441199988126755,0
diabetes,2,uniform,840,0.000318547625781207,757096,0.006323199952021241,0
diabetes,2,uniform,960,0.0001361707044651439,865188,0.00720929994713515,0
diabetes,2,uniform,1080,5.189145076656132e-05,973280,0.008092999982181937,0
diabetes,2,uniform,1200,2.815464807781609e-05,1081372,0.008969299960881472,0
diabetes,2,uniform,1320,1.1483667151424015e-05,1189464,0.009842999977990985,0
diabetes,2,uniform,1440,3.790453760643686e-06,1297556,0.011890399968251586,0
diabetes,2,uniform,1560,1.1904364640713538e-06,1405648,0.01282899995567277,0
diabetes,2,uniform,1680,6.57078317090054e-07,1513740,0.013725199969485402,0
diabetes,2,uniform,1800,2.800679936854067e-07,1621832,0.014617099950555712,0
diabetes,2,uniform,1920,1.0980895126522228e-07,1729924,0.015511699952185154,0
diabetes,2,uniform,2040,6.943960784155934e-08,1838016,0.01644109998596832,0
diabetes,2,uniform,2160,3.168433693190309e-08,1946108,0.017352899943944067,0
diabetes,2,uniform,2280,1.4579086382582318e-08,2054200,0.018245199986267835,0
diabetes,2,uniform,2400,5.841556571795081e-09,2162292,0.019129399966914207,0
diabetes,2,lipschitz,0,111.9433754500213,452,2.9999646358191967e-06,0
diabetes,2,lipschitz,120,0.161753564788782,108544,0.000922399980481714,0
diabetes,2,lipschitz,240,0.037558434891550974,216636,0.0018061999580822885,0
diabetes,2,lipschitz,360,0.008161493727996572,324728,0.002680799982044846,0
diabetes,2,lipschitz,480,0.0033875338002928856,432820,0.0035681999870575964,0
diabetes,2,lipschitz,600,0.001890427148353524,540912,0.004449500003829598,0
diabetes,2,lipschitz,720,0.0008324208355645624,649004,0.005326499987859279,0
diabetes,2,lipschitz,840,0.000318547625781207,757096,0.00620339997112751,0
diabetes,2,lipschitz,960,0.0001361707044651439,865188,0.007080599956680089,0
diabetes,2,lipschitz,1080,5.189145076656132e-05,973280,0.008451899979263544,0
diabetes,2,lipschitz,1200,2.815464807781609e-05,1081372,0.00936069997260347,0
diabetes,2,lipschitz,1320,1.1483667151424015e-05,1189464,0.010245799960102886,0
diabetes,2,lipschitz,1440,3.790453760643686e-06,1297556,0.011124699958600104,0
diabetes,2,lipschitz,1560,1.1904364640713538e-06,1405648,0.01204229996073991,0
diabetes,2,lipschitz,1680,6.57078317090054e-07,1513740,0.012947299983352423,0
diabetes,2,lipschitz,1800,2.800679936854067e-07,1621832,0.01383359997998923,0
diabetes,2,lipschitz,1920,1.0980895126522228e-07,1729924,0.014762900013010949,0
diabetes,2,lipschitz,2040,6.943960784155934e-08,1838016,0.015648300002794713,0
diabetes,2,lipschitz,2160,3.168433693190309e-08,1946108,0.016963600006420165,0
diabetes,2,lipschitz,2280,1.4579086382582318e-08,2054200,0.017910299997311085,0
diabetes,2,lipschitz,2400,5.841556571795081e-09,2162292,0.018825799983460456,0
diabetes,2,scheduled_gain,0,111.9433754500213,452,2.9999646358191967e-06,0
diabetes,2,scheduled_gain,120,2.0816235042958198,117404,0.0009485000045970082,2
diabetes,2,scheduled_gain,240,0.449107167156626,234356,0.0018624999793246388,4
diabetes,2,scheduled_gain,360,0.16585606627207028,351308,0.002773699990939349,6
diabetes,2,scheduled_gain,480,0.07987075934700272,468260,0.003681299975141883,8
diabetes,2,scheduled_gain,600,0.03137312873595022,585212,0.004591099976096302,10
diabetes,2,scheduled_gain,720,0.013365786537733015,702164,0.006430299952626228,12
diabetes,2,scheduled_gain,840,0.008710002731547206,819116,0.008754000009503216,14
diabetes,2,scheduled_gain,960,0.005477333299353404,936068,0.011138000001665205,16
diabetes,2,scheduled_gain,1080,0.0030559304090331807,1053020,0.013235799968242645,18
diabetes,2,scheduled_gain,1200,0.0011616295072656158,1169972,0.014743699983227998,20
diabetes,2,scheduled_gain,1320,0.00028552388198477274,1286924,0.015932599955704063,22
diabetes,2,scheduled_gain,1440,0.00023193022346390535,1403876,0.01693199999863282,24
diabetes,2,scheduled_gain,1560,0.0001880543737655671,1520828,0.017830099968705326,26
diabetes,2,scheduled_gain,1680,0.000110072830167951,1637780,0.018725599977187812,28
diabetes,2,scheduled_gain,1800,8.988560820455405e-05,1754732,0.01962499995715916,30
diabetes,2,scheduled_gain,1920,6.834947278377967e-05,1871684,0.020514999981969595,32
diabetes,2,scheduled_gain,2040,5.631487452717465e-05,1988636,0.02140589995542541,34
diabetes,2,scheduled_gain,2160,4.146717961361901e-05,2105588,0.022863699996378273,36
diabetes,2,scheduled_gain,2280,2.8907299594038705e-05,2222540,0.023899399966467172,38
diabetes,2,scheduled_gain,2400,2.188390600110779e-05,2339492,0.024807499954476953,40
diabetes,2,triggered_gain,0,111.9433754500213,452,3.00002284348011e-06,0
diabetes,2,triggered_gain,120,1.400129418420363,112974,0.0009648000122979283,1
diabetes,2,triggered_gain,240,0.5650581025565913,221066,0.0018486999906599522,1
diabetes,2,triggered_gain,360,0.2974809058215442,333588,0.002784100011922419,2
diabetes,2,triggered_gain,480,0.15032993433239028,446110,0.0036785000120289624,3
diabetes,2,triggered_gain,600,0.03567405740881213,554202,0.004574300022795796,3
diabetes,2,triggered_gain,720,0.02159886437134162,662294,0.005454799975268543,3
diabetes,2,triggered_gain,840,0.009933954966783176,774816,0.006339500017929822,4
diabetes,2,triggered_gain,960,0.00871819935179019,882908,0.007210900017526001,4
diabetes,2,triggered_gain,1080,0.004807027322897284,995430,0.008094999997410923,5
diabetes,2,triggered_gain,1200,0.003855625371983251,1103522,0.008970099966973066,5
diabetes,2,triggered_gain,1320,0.0023303614953391616,1216044,0.009856100019533187,6
diabetes,2,triggered_gain,1440,0.0015989881240869863,1324136,0.010731099988333881,6
diabetes,2,triggered_gain,1560,0.0010640321588795132,1436658,0.011618999997153878,7
diabetes,2,triggered_gain,1680,0.000787713374819532,1544750,0.012497999996412545,7
diabetes,2,triggered_gain,1800,0.0007690811535496778,1652842,0.013377800001762807,7
diabetes,2,triggered_gain,1920,0.0006514872346059519,1765364,0.015010299975983799,8
diabetes,2,triggered_gain,2040,0.0006436621385290664,1873456,0.01590070000384003,8
diabetes,2,triggered_gain,2160,0.0005024814453093995,1985978,0.016799099976196885,9
diabetes,2,triggered_gain,2280,0.0004950680716149236,2094070,0.01767849997850135,9
diabetes,2,triggered_gain,2400,0.0003594872441112784,2206592,0.01860890001989901,10
diabetes,3,uniform,0,111.9433754500213,452,3.1999661587178707e-06,0
diabetes,3,uniform,120,0.016078700607451424,108544,0.0009472999954596162,0
diabetes,3,uniform,240,0.005100929214918892,216636,0.0018464999739080667,0
diabetes,3,uniform,360,0.00156545548524889,324728,0.0027455000090412796,0
diabetes,3,uniform,480,0.000543492545943991,432820,0.0036414999631233513,0
diabetes,3,uniform,600,0.00019518736390011782,540912,0.004535499960184097,0
diabetes,3,uniform,720,7.044722660509706e-05,649004,0.005426799994893372,0
diabetes,3,uniform,840,3.167284206995191e-05,757096,0.006311799981631339,0
diabetes,3,uniform,960,1.3221076471836568e-05,865188,0.007200899999588728,0
diabetes,3,uniform,1080,5.33359057897087e-06,973280,0.008085699984803796,0
diabetes,3,uniform,1200,2.4391508191001776e-06,1081372,0.008972699986770749,0
diabetes,3,uniform,1320,1.0406420329900357e-06,1189464,0.009856499964371324,0
diabetes,3,uniform,1440,4.6679436138674646e-07,1297556,0.01221709995297715,0
diabetes,3,uniform,1560,3.4688972050389566e-07,1405648,0.014566099969670177,0
diabetes,3,uniform,1680,1.59569012225802e-07,1513740,0.01662509999005124,0
diabetes,3,uniform,1800,7.302391225039173e-08,1621832,0.01753499999176711,0
diabetes,3,uniform,1920,3.012546301306429e-08,1729924,0.018453700002282858,0
diabetes,3,uniform,2040,1.3768087114840455e-08,1838016,0.019354899995960295,0
diabetes,3,uniform,2160,5.090356580694788e-09,1946108,0.02023119997465983,0
diabetes,3,uniform,2280,1.9078356672252994e-09,2054200,0.021113199996761978,0
diabetes,3,uniform,2400,1.0716121323639527e-09,2162292,0.021997699979692698,0
diabetes,3,lipschitz,0,111.9433754500213,452,2.6999623514711857e-06,0
diabetes,3,lipschitz,120,0.016078700607451424,108544,0.0008896999643184245,0
diabetes,3,lipschitz,240,0.005100929214918892,216636,0.0017707999795675278,0
diabetes,3,lipschitz,360,0.00156545548524889,324728,0.002649499976541847,0
diabetes,3,lipschitz,480,0.000543492545943991,432820,0.003527299966663122,0
diabetes,3,lipschitz,600,0.00019518736390011782,540912,0.004405200015753508,0
diabetes,3,lipschitz,720,7.044722660509706e-05,649004,0.006164399965200573,0
diabetes,3,lipschitz,840,3.167284206995191e-05,757096,0.008586500014644116,0
diabetes,3,lipschitz,960,1.3221076471836568e-05,865188,0.01156399998581037,0
diabetes,3,lipschitz,1080,5.33359057897087e-06,973280,0.014051100006327033,0
diabetes,3,lipschitz,1200,2.4391508191001776e-06,1081372,0.014946700015570968,0
diabetes,3,lipschitz,1320,1.0406420329900357e-06,1189464,0.017138800001703203,0
diabetes,3,lipschitz,1440,4.6679436138674646e-07,1297556,0.018143299967050552,0
diabetes,3,lipschitz,1560,3.4688972050389566e-07,1405648,0.01911110000219196,0
diabetes,3,lipschitz,1680,1.59569012225802e-07,1513740,0.02017639996483922,0
diabetes,3,lipschitz,1800,7.302391225039173e-08,1621832,0.021116399962920696,0
diabetes,3,lipschitz,1920,3.012546301306429e-08,1729924,0.023119299963582307,0
diabetes,3,lipschitz,2040,1.3768087114840455e-08,1838016,0.024242400017101318,0
diabetes,3,lipschitz,2160,5.090356580694788e-09,1946108,0.025696099968627095,0
diabetes,3,lipschitz,2280,1.9078356672252994e-09,2054200,0.026592199981678277,0
diabetes,3,lipschitz,2400,1.0716121323639527e-09,2162292,0.02749989996664226,0
diabetes,3,scheduled_gain,0,111.9433754500213,452,4.200031980872154e-06,0
diabetes,3,scheduled_gain,120,0.12343434388775165,117404,0.0010227999882772565,2
diabetes,3,scheduled_gain,240,0.07592946652404464,234356,0.0021942000021226704,4
diabetes,3,scheduled_gain,360,0.05228793284109656,351308,0.003118199994787574,6
diabetes,3,scheduled_gain,480,0.03746692063414514,468260,0.004031300020869821,8
diabetes,3,scheduled_gain,600,0.025528018209939773,585212,0.0049365999875590205,10
diabetes,3,scheduled_gain,720,0.018306965317577806,702164,0.0059077999903820455,12
diabetes,3,scheduled_gain,840,0.015141102807405105,819116,0.00683020002907142,14
diabetes,3,scheduled_gain,960,0.011494636442321848,936068,0.007748700038064271,16
diabetes,3,scheduled_gain,1080,0.008563204965895466,1053020,0.008670100010931492,18
diabetes,3,scheduled_gain,1200,0.00712421020998022,1169972,0.00960230000782758,20
diabetes,3,scheduled_gain,1320,0.005582056826668236,1286924,0.010694700002204627,22
diabetes,3,scheduled_gain,1440,0.0036723362148762817,1403876,0.012990900024306029,24
diabetes,3,scheduled_gain,1560,0.0028728571707290484,1520828,0.015752699982840568,26
diabetes,3,scheduled_gain,1680,0.0023756828276617625,1637780,0.018272400018759072,28
diabetes,3,scheduled_gain,1800,0.001583866817213675,1754732,0.020747600006870925,30
diabetes,3,scheduled_gain,1920,0.0011364992293891873,1871684,0.02255609998246655,32
diabetes,3,scheduled_gain,2040,0.0008961074723998763,1988636,0.023904900008346885,34
diabetes,3,scheduled_gain,2160,0.0007081217447080235,2105588,0.024993900035042316,36
diabetes,3,scheduled_gain,2280,0.0006023857512644781,2222540,0.025991400005295873,38
diabetes,3,scheduled_gain,2400,0.00042548906040451584,2339492,0.026921899989247322,40
diabetes,3,triggered_gain,0,111.9433754500213,452,1.1199968867003918e-05,0
diabetes,3,triggered_gain,120,0.1341619912545582,112974,0.0014313000137917697,1
diabetes,3,triggered_gain,240,0.10994211919339136,221066,0.0023349999682977796,1
diabetes,3,triggered_gain,360,0.09564429017414966,333588,0.0032750999671407044,2
diabetes,3,triggered_gain,480,0.07209494130334804,441680,0.004289800010155886,2
diabetes,3,triggered_gain,600,0.06444565860383022,549772,0.00519439997151494,2
diabetes,3,triggered_gain,720,0.04303836601729927,662294,0.006101900013163686,3
diabetes,3,triggered_gain,840,0.04235596325369784,770386,0.007027200015727431,3
diabetes,3,triggered_gain,960,0.033839529778589394,882908,0.007936700014397502,4
diabetes,3,triggered_gain,1080,0.031813328958008924,991000,0.008859399997163564,4
diabetes,3,triggered_gain,1200,0.025287607243015486,1103522,0.00975049997214228,5
diabetes,3,triggered_gain,1320,0.025044521474299586,1211614,0.010639999993145466,5
diabetes,3,triggered_gain,1440,0.01942053663832155,1324136,0.01152090000687167,6
diabetes,3,triggered_gain,1560,0.018737813857242713,1432228,0.01240700000198558,6
diabetes,3,triggered_gain,1680,0.016690779995258254,1544750,0.013294300006236881,7
diabetes,3,triggered_gain,1800,0.016689575881443375,1652842,0.014179099991451949,7
diabetes,3,triggered_gain,1920,0.013648186120931882,1765364,0.015071499976329505,8
diabetes,3,triggered_gain,2040,0.011707684378635008,1873456,0.015952099987771362,8
diabetes,3,triggered_gain,2160,0.008718048582124993,1981548,0.01774649997241795,8
diabetes,3,triggered_gain,2280,0.008560532491827644,2089640,0.01895140000851825,8
diabetes,3,triggered_gain,2400,0.007666398532705898,2202162,0.01999429997522384,9
diabetes,4,uniform,0,111.9433754500213,452,3.300025127828121e-06,0
diabetes,4,uniform,120,0.22186726515890598,108544,0.0010445000370964408,0
diabetes,4,uniform,240,0.059109175426669935,216636,0.0019370000227354467,0
diabetes,4,uniform,360,0.016764101964014344,324728,0.002849100041203201,0
diabetes,4,uniform,480,0.008860735266082997,432820,0.0037526999949477613,0
diabetes,4,uniform,600,0.002947596557632437,540912,0.0046687000431120396,0
diabetes,4,uniform,720,0.0013992693644269139,649004,0.005577400035690516,0
diabetes,4,uniform,840,0.0005344697892297745,757096,0.0065039999899454415,0
diabetes,4,uniform,960,0.00032388264661165067,865188,0.007404400035738945,0
diabetes,4,uniform,1080,0.0001367324442185236,973280,0.008305200026370585,0
diabetes,4,uniform,1200,3.770138600600603e-05,1081372,0.009189100004732609,0
diabetes,4,uniform,1320,1.648084682415174e-05,1189464,0.01007190003292635,0
diabetes,4,uniform,1440,6.536126562650679e-06,1297556,0.010953199991490692,0
diabetes,4,uniform,1560,2.2960667678262325e-06,1405648,0.012204200029373169,0
diabetes,4,uniform,1680,1.0955513545241047e-06,1513740,0.013100000040140003,0
diabetes,4,uniform,1800,3.1633071273518e-07,1621832,0.013994100037962198,0
diabetes,4,uniform,1920,1.1328451421377395e-07,1729924,0.014877600013278425,0
diabetes,4,uniform,2040,5.577746264862071e-08,1838016,0.015802400012034923,0
diabetes,4,uniform,2160,2.0733182282128837e-08,1946108,0.01669020002009347,0
diabetes,4,uniform,2280,7.638675469934242e-09,2054200,0.017573699995409697,0
diabetes,4,uniform,2400,2.4095783146549365e-09,2162292,0.018459899991285056,0
diabetes,4,lipschitz,0,111.9433754500213,452,2.9999646358191967e-06,0
diabetes,4,lipschitz,120,0.22186726515890598,108544,0.0008956000092439353,0
diabetes,4,lipschitz,240,0.059109175426669935,216636,0.0017727999947965145,0
diabetes,4,lipschitz,360,0.016764101964014344,324728,0.002655099960975349,0
diabetes,4,lipschitz,480,0.008860735266082997,432820,0.003539400000590831,0
diabetes,4,lipschitz,600,0.002947596557632437,540912,0.0044216999667696655,0
diabetes,4,lipschitz,720,0.0013992693644269139,649004,0.005305500002577901,0
diabetes,4,lipschitz,840,0.0005344697892297745,757096,0.006183399993460625,0
diabetes,4,lipschitz,960,0.00032388264661165067,865188,0.007061599986627698,0
diabetes,4,lipschitz,1080,0.0001367324442185236,973280,0.007937399961519986,0
diabetes,4,lipschitz,1200,3.770138600600603e-05,1081372,0.008813799999188632,0
diabetes,4,lipschitz,1320,1.648084682415174e-05,1189464,0.010940000007394701,0
diabetes,4,lipschitz,1440,6.536126562650679e-06,1297556,0.013472299964632839,0
diabetes,4,lipschitz,1560,2.2960667678262325e-06,1405648,0.015683899982832372,0
diabetes,4,lipschitz,1680,1.0955513545241047e-06,1513740,0.01792269997531548,0
diabetes,4,lipschitz,1800,3.1633071273518e-07,1621832,0.019441999960690737,0
diabetes,4,lipschitz,1920,1.1328451421377395e-07,1729924,0.02060779999010265,0
diabetes,4,lipschitz,2040,5.577746264862071e-08,1838016,0.02158719999715686,0
diabetes,4,lipschitz,2160,2.0733182282128837e-08,1946108,0.02246099995682016,0
diabetes,4,lipschitz,2280,7.638675469934242e-09,2054200,0.023341499967500567,0
diabetes,4,lipschitz,2400,2.4095783146549365e-09,2162292,0.024214999983087182,0
diabetes,4,scheduled_gain,0,111.9433754500213,452,1.2699980288743973e-05,0
diabetes,4,scheduled_gain,120,0.052737005465459674,117404,0.0026154000079259276,2
diabetes,4,scheduled_gain,240,0.005471891794186945,234356,0.003553899994585663,4
diabetes,4,scheduled_gain,360,0.0014955909992977467,351308,0.0044723000028170645,6
diabetes,4,scheduled_gain,480,0.0006787194663218088,468260,0.005372999992687255,8
diabetes,4,scheduled_gain,600,0.0003961428970455927,585212,0.0063310000114142895,10
diabetes,4,scheduled_gain,720,0.0002136723107923899,702164,0.007243399973958731,12
diabetes,4,scheduled_gain,840,0.0001202171880976266,819116,0.008153599977958947,14
diabetes,4,scheduled_gain,960,5.0261101250725915e-05,936068,0.009057599992956966,16
diabetes,4,scheduled_gain,1080,3.318672611385409e-05,1053020,0.009960499999579042,18
diabetes,4,scheduled_gain,1200,2.2117578154734474e-05,1169972,0.010866199969314039,20
diabetes,4,scheduled_gain,1320,1.5504859234738433e-05,1286924,0.011768499971367419,22
diabetes,4,scheduled_gain,1440,9.869336722090338e-06,1403876,0.012675900012254715,24
diabetes,4,scheduled_gain,1560,5.794691276150843e-06,1520828,0.013569700007792562,26
diabetes,4,scheduled_gain,1680,4.2444375054628836e-06,1637780,0.01446789997862652,28
diabetes,4,scheduled_gain,1800,3.1611316870794326e-06,1754732,0.015362299978733063,30
diabetes,4,scheduled_gain,1920,2.4477174633830145e-06,1871684,0.01757480000378564,32
diabetes,4,scheduled_gain,2040,1.7448981424195154e-06,1988636,0.01956729998346418,34
diabetes,4,scheduled_gain,2160,1.0795394587148621e-06,2105588,0.020477999991271645,36
diabetes,4,scheduled_gain,2280,8.057356950530448e-07,2222540,0.02139000000897795,38
diabetes,4,scheduled_gain,2400,6.743662197550293e-07,2339492,0.0222893999889493,40
diabetes,4,triggered_gain,0,111.9433754500213,452,2.800021320581436e-06,0
diabetes,4,triggered_gain,120,0.035344812790881974,112974,0.000944600033108145,1
diabetes,4,triggered_gain,240,0.002002111150403607,221066,0.0018888000049628317,1
diabetes,4,triggered_gain,360,0.000621135925030103,333588,0.0028307000175118446,2
diabetes,4,triggered_gain,480,0.00022143268220986556,446110,0.0037342000287026167,3
diabetes,4,triggered_gain,600,0.0001879242573039619,558632,0.004645799985155463,4
diabetes,4,triggered_gain,720,0.00016370658671860383,671154,0.005543200008105487,5
diabetes,4,triggered_gain,840,0.00016352175710210304,779246,0.006429600005503744,5
diabetes,4,triggered_gain,960,0.0001234550174871174,891768,0.0073173000128008425,6
diabetes,4,triggered_gain,1080,0.00012328075003154026,999860,0.00820069998735562,6
diabetes,4,triggered_gain,1200,0.00010414562441951603,1112382,0.01043929997831583,7
diabetes,4,triggered_gain,1320,0.00010363347915642862,1220474,0.01272549998247996,7
diabetes,4,triggered_gain,1440,5.974296686872549e-05,1332996,0.013655600021593273,8
diabetes,4,triggered_gain,1560,5.255681996629846e-05,1441088,0.014557800022885203,8
diabetes,4,triggered_gain,1680,2.444108598353978e-05,1553610,0.015455399989150465,9
diabetes,4,triggered_gain,1800,2.1663683796191435e-05,1661702,0.016343199997209013,9
diabetes,4,triggered_gain,1920,1.872950416270669e-05,1774224,0.01726639998378232,10
diabetes,4,triggered_gain,2040,1.5990737537663335e-05,1882316,0.018181100022047758,10
diabetes,4,triggered_gain,2160,1.2827660214043135e-05,1990408,0.019081100006587803,10
diabetes,4,triggered_gain,2280,1.2252414904878606e-05,2098500,0.02188339998247102,10
diabetes,4,triggered_gain,2400,1.0940294885131152e-05,2211022,0.025229800026863813,11
diabetes,5,uniform,0,111.9433754500213,452,6.600050255656242e-06,0
diabetes,5,uniform,120,0.02791737768991709,108544,0.0026671000523492694,0
diabetes,5,uniform,240,0.006271374069314106,216636,0.004777299996931106,0
diabetes,5,uniform,360,0.0027284808368648328,324728,0.006895600003190339,0
diabetes,5,uniform,480,0.0013503040238020958,432820,0.008806400001049042,0
diabetes,5,uniform,600,0.0006098676844743522,540912,0.009886000014375895,0
diabetes,5,uniform,720,0.0002826087032445912,649004,0.011059800046496093,0
diabetes,5,uniform,840,0.0001047532943942997,757096,0.011975300032645464,0
diabetes,5,uniform,960,3.481688223416768e-05,865188,0.012883400020655245,0
diabetes,5,uniform,1080,1.4633912883255107e-05,973280,0.0137582000461407,0
diabetes,5,uniform,1200,5.116131177373973e-06,1081372,0.014632500009611249,0
diabetes,5,uniform,1320,2.3438176839363223e-06,1189464,0.015502000052947551,0
diabetes,5,uniform,1440,1.1612448531650443e-06,1297556,0.01703280000947416,0
diabetes,5,uniform,1560,5.772040481133445e-07,1405648,0.019662000006064773,0
diabetes,5,uniform,1680,2.5420226279493363e-07,1513740,0.02155890001449734,0
diabetes,5,uniform,1800,1.1548733880317741e-07,1621832,0.02290420001372695,0
diabetes,5,uniform,1920,6.464583179877081e-08,1729924,0.02397959999507293,0
diabetes,5,uniform,2040,2.2958147383178584e-08,1838016,0.024886200029868633,0
diabetes,5,uniform,2160,6.577067779289791e-09,1946108,0.026051499997265637,0
diabetes,5,uniform,2280,2.851692215699586e-09,2054200,0.026942000025883317,0
diabetes,5,uniform,2400,1.3098855333737447e-09,2162292,0.0278554999968037,0
diabetes,5,lipschitz,0,111.9433754500213,452,3.00002284348011e-06,0
diabetes,5,lipschitz,120,0.02791737768991709,108544,0.0008998000412248075,0
diabetes,5,lipschitz,240,0.006271374069314106,216636,0.0018065000185742974,0
diabetes,5,lipschitz,360,0.0027284808368648328,324728,0.002688600041437894,0
diabetes,5,lipschitz,480,0.0013503040238020958,432820,0.003565100021660328,0
diabetes,5,lipschitz,600,0.0006098676844743522,540912,0.004445600032340735,0
diabetes,5,lipschitz,720,0.0002826087032445912,649004,0.006363300024531782,0
diabetes,5,lipschitz,840,0.0001047532943942997,757096,0.008718900033272803,0
diabetes,5,lipschitz,960,3.481688223416768e-05,865188,0.010867300035897642,0
diabetes,5,lipschitz,1080,1.4633912883255107e-05,973280,0.012426900037098676,0
diabetes,5,lipschitz,1200,5.116131177373973e-06,1081372,0.013593300012871623,0
diabetes,5,lipschitz,1320,2.3438176839363223e-06,1189464,0.01507540000602603,0
diabetes,5,lipschitz,1440,1.1612448531650443e-06,1297556,0.015970600012224168,0
diabetes,5,lipschitz,1560,5.772040481133445e-07,1405648,0.016859700030181557,0
diabetes,5,lipschitz,1680,2.5420226279493363e-07,1513740,0.01775240001734346,0
diabetes,5,lipschitz,1800,1.1548733880317741e-07,1621832,0.018644099996890873,0
diabetes,5,lipschitz,1920,6.464583179877081e-08,1729924,0.0195720000192523,0
diabetes,5,lipschitz,2040,2.2958147383178584e-08,1838016,0.02045960002578795,0
diabetes,5,lipschitz,2160,6.577067779289791e-09,1946108,0.02135010005440563,0
diabetes,5,lipschitz,2280,2.851692215699586e-09,2054200,0.023713800008408725,0
diabetes,5,lipschitz,2400,1.3098855333737447e-09,2162292,0.02599630004260689,0
diabetes,5,scheduled_gain,0,111.9433754500213,452,7.599999662488699e-06,0
diabetes,5,scheduled_gain,120,0.2725055758926942,117404,0.0018503000028431416,2
diabetes,5,scheduled_gain,240,0.013893773743930637,234356,0.0035171000054106116,4
diabetes,5,scheduled_gain,360,0.008161999912800866,351308,0.005309700034558773,6
diabetes,5,scheduled_gain,480,0.004285742154522154,468260,0.006681300001218915,8
diabetes,5,scheduled_gain,600,0.002698338447231663,585212,0.0077686000149697065,10
diabetes,5,scheduled_gain,720,0.0013476078553935622,702164,0.008675200049765408,12
diabetes,5,scheduled_gain,840,0.0005827042976704888,819116,0.00956820003921166,14
diabetes,5,scheduled_gain,960,0.00039818319520179557,936068,0.010457500000484288,16
diabetes,5,scheduled_gain,1080,0.00030951485923935707,1053020,0.011351599998306483,18
diabetes,5,scheduled_gain,1200,0.00019252872445463254,1169972,0.012755900039337575,20
diabetes,5,scheduled_gain,1320,0.00015006146071527837,1286924,0.014289500017184764,22
diabetes,5,scheduled_gain,1440,0.00010252864505844173,1403876,0.01549010002054274,24
diabetes,5,scheduled_gain,1560,8.450182369301729e-05,1520828,0.016452900017611682,26
diabetes,5,scheduled_gain,1680,7.204352519352142e-05,1637780,0.01736160001019016,28
diabetes,5,scheduled_gain,1800,6.116367481467933e-05,1754732,0.018264600017573684,30
diabetes,5,scheduled_gain,1920,4.3183486738485044e-05,1871684,0.019159000017680228,32
diabetes,5,scheduled_gain,2040,2.786477482175087e-05,1988636,0.020383100025355816,34
diabetes,5,scheduled_gain,2160,1.698086680335109e-05,2105588,0.021312299999408424,36
diabetes,5,scheduled_gain,2280,1.1864225029967201e-05,2222540,0.022234000032767653,38
diabetes,5,scheduled_gain,2400,8.35383913511123e-06,2339492,0.023352700052782893,40
diabetes,5,triggered_gain,0,111.9433754500213,452,3.5999692045152187e-06,0
diabetes,5,triggered_gain,120,3.5934510602329652,112974,0.000978900003246963,1
diabetes,5,triggered_gain,240,3.5791601794637273,221066,0.002050899958703667,1
diabetes,5,triggered_gain,360,0.6297135225403139,333588,0.0029595999512821436,2
diabetes,5,triggered_gain,480,0.46886236958904703,441680,0.0038461999502032995,2
diabetes,5,triggered_gain,600,0.06251808953709315,554202,0.004745799989905208,3
diabetes,5,triggered_gain,720,0.04204852964498684,662294,0.005937999987509102,3
diabetes,5,triggered_gain,840,0.007184233666052364,774816,0.006924599991180003,4
diabetes,5,triggered_gain,960,0.00270490397140577,882908,0.00783309998223558,4
diabetes,5,triggered_gain,1080,0.0002629735512158504,995430,0.008725799969397485,5
diabetes,5,triggered_gain,1200,0.0002413648821715242,1103522,0.009603799961041659,5
diabetes,5,triggered_gain,1320,2.8815890019018298e-05,1216044,0.010543599957600236,6
diabetes,5,triggered_gain,1440,9.853650297486638e-06,1324136,0.01143489999230951,6
diabetes,5,triggered_gain,1560,6.007002724572885e-06,1436658,0.012593399966135621,7
diabetes,5,triggered_gain,1680,4.74748529200042e-06,1549180,0.013638000003993511,8
diabetes,5,triggered_gain,1800,4.1652856879181854e-06,1661702,0.014543199969921261,9
diabetes,5,triggered_gain,1920,3.1816718717436743e-06,1774224,0.015436299960128963,10
diabetes,5,triggered_gain,2040,3.1746113506869733e-06,1882316,0.01647829997818917,10
diabetes,5,triggered_gain,2160,2.8849175919276604e-06,1994838,0.017532099969685078,11
diabetes,5,triggered_gain,2280,2.4606618040934336e-06,2102930,0.018431899952702224,11
diabetes,5,triggered_gain,2400,2.0871772647979014e-06,2211022,0.019331199990119785,11
diabetes,6,uniform,0,111.9433754500213,452,3.400025889277458e-06,0
diabetes,6,uniform,120,0.007804815003424892,108544,0.0012556000147014856,0
diabetes,6,uniform,240,0.0003981211261390172,216636,0.0021590000251308084,0
diabetes,6,uniform,360,4.430461989102241e-05,324728,0.003053500025998801,0
diabetes,6,uniform,480,1.52057532005756e-05,432820,0.003944199997931719,0
diabetes,6,uniform,600,5.098644052736745e-06,540912,0.004866200033575296,0
diabetes,6,uniform,720,1.7953460087483109e-06,649004,0.005774600023869425,0
diabetes,6,uniform,840,7.14434989390611e-07,757096,0.006998300028499216,0
diabetes,6,uniform,960,4.898287357946174e-07,865188,0.007881600002292544,0
diabetes,6,uniform,1080,2.4172530288524285e-07,973280,0.008901300025172532,0
diabetes,6,uniform,1200,9.546148760364304e-08,1081372,0.00978299998678267,0
diabetes,6,uniform,1320,3.721689267877082e-08,1189464,0.010792499990202487,0
diabetes,6,uniform,1440,1.9347496049704205e-08,1297556,0.011708899983204901,0
diabetes,6,uniform,1560,6.476355451923155e-09,1405648,0.012733499985188246,0
diabetes,6,uniform,1680,2.598369519546395e-09,1513740,0.013628399989102036,0
diabetes,6,uniform,1800,1.008601202556747e-09,1621832,0.014547300001140684,0
diabetes,6,uniform,1920,3.702353978951578e-10,1729924,0.015581000014208257,0
diabetes,6,uniform,2040,1.4496492894977564e-10,1838016,0.016638999979477376,0
diabetes,6,uniform,2160,4.774847184307873e-11,1946108,0.018789399997331202,0
diabetes,6,uniform,2280,2.1330492927518208e-11,2054200,0.019882499997038394,0
diabetes,6,uniform,2400,8.611777957412414e-12,2162292,0.020901700016111135,0
diabetes,6,lipschitz,0,111.9433754500213,452,2.8999638743698597e-06,0
diabetes,6,lipschitz,120,0.007804815003424892,108544,0.0008928999886848032,0
diabetes,6,lipschitz,240,0.0003981211261390172,216636,0.0027843000134453177,0
diabetes,6,lipschitz,360,4.430461989102241e-05,324728,0.004718700016383082,0
diabetes,6,lipschitz,480,1.52057532005756e-05,432820,0.005620900017675012,0
diabetes,6,lipschitz,600,5.098644052736745e-06,540912,0.006512699997983873,0
diabetes,6,lipschitz,720,1.7953460087483109e-06,649004,0.007403199968393892,0
diabetes,6,lipschitz,840,7.14434989390611e-07,757096,0.008483799989335239,0
diabetes,6,lipschitz,960,4.898287357946174e-07,865188,0.0093637999962084,0
diabetes,6,lipschitz,1080,2.4172530288524285e-07,973280,0.010245900019071996,0
diabetes,6,lipschitz,1200,9.546148760364304e-08,1081372,0.011383800010662526,0
diabetes,6,lipschitz,1320,3.721689267877082e-08,1189464,0.012500900018494576,0
diabetes,6,lipschitz,1440,1.9347496049704205e-08,1297556,0.013637700001709163,0
diabetes,6,lipschitz,1560,6.476355451923155e-09,1405648,0.015552099968772382,0
diabetes,6,lipschitz,1680,2.598369519546395e-09,1513740,0.017255900020245463,0
diabetes,6,lipschitz,1800,1.008601202556747e-09,1621832,0.018550199980381876,0
diabetes,6,lipschitz,1920,3.702353978951578e-10,1729924,0.019445299985818565,0
diabetes,6,lipschitz,2040,1.4496492894977564e-10,1838016,0.020595200010575354,0
diabetes,6,lipschitz,2160,4.774847184307873e-11,1946108,0.021500099974218756,0
diabetes,6,lipschitz,2280,2.1330492927518208e-11,2054200,0.02239910000935197,0
diabetes,6,lipschitz,2400,8.611777957412414e-12,2162292,0.023291199991945177,0
diabetes,6,scheduled_gain,0,111.9433754500213,452,2.900022082030773e-06,0
diabetes,6,scheduled_gain,120,0.1516255351440634,117404,0.0012089000083506107,2
diabetes,6,scheduled_gain,240,0.09552141560249083,234356,0.0021499000140465796,4
diabetes,6,scheduled_gain,360,0.04891993142497597,351308,0.00311440002406016,6
diabetes,6,scheduled_gain,480,0.03824541837300899,468260,0.004147999978158623,8
diabetes,6,scheduled_gain,600,0.026075440942378236,585212,0.0052022000309079885,10
diabetes,6,scheduled_gain,720,0.021885724152411967,702164,0.0062402000185102224,12
diabetes,6,scheduled_gain,840,0.016667822952669553,819116,0.008751399989705533,14
diabetes,6,scheduled_gain,960,0.012451788204799641,936068,0.010689000017009676,16
diabetes,6,scheduled_gain,1080,0.008884405634461245,1053020,0.013137300033122301,18
diabetes,6,scheduled_gain,1200,0.0067377164927364674,1169972,0.014646700001321733,20
diabetes,6,scheduled_gain,1320,0.005400915137414586,1286924,0.015555099991615862,22
diabetes,6,scheduled_gain,1440,0.004451067689728916,1403876,0.01646499999333173,24
diabetes,6,scheduled_gain,1560,0.002559442241633292,1520828,0.017401000019162893,26
diabetes,6,scheduled_gain,1680,0.002008667166890632,1637780,0.020486800000071526,28
diabetes,6,scheduled_gain,1800,0.0016284432273181437,1754732,0.023118000011891127,30
diabetes,6,scheduled_gain,1920,0.0007556142792850551,1871684,0.02405810001073405,32
diabetes,6,scheduled_gain,2040,0.0005521072968690532,1988636,0.0264463999774307,34
diabetes,6,scheduled_gain,2160,0.0004626541659291661,2105588,0.02762750000692904,36
diabetes,6,scheduled_gain,2280,0.00040348470845685824,2222540,0.0288113999995403,38
diabetes,6,scheduled_gain,2400,0.00028749641917613644,2339492,0.02977010002359748,40
diabetes,6,triggered_gain,0,111.9433754500213,452,4.8999791033566e-06,0
diabetes,6,triggered_gain,120,0.17178730107779927,112974,0.0012033999664708972,1
diabetes,6,triggered_gain,240,0.12941460557829032,221066,0.0021276999614201486,1
diabetes,6,triggered_gain,360,0.08246889392965784,333588,0.0030320999794639647,2
diabetes,6,triggered_gain,480,0.059952358845222875,441680,0.00443139998242259,2
diabetes,6,triggered_gain,600,0.04591997430556205,554202,0.005353699962142855,3
diabetes,6,triggered_gain,720,0.04591992765766406,662294,0.0062833999982103705,3
diabetes,6,triggered_gain,840,0.038920297818734184,774816,0.007263299950864166,4
diabetes,6,triggered_gain,960,0.03287767700192035,882908,0.00875919999089092,4
diabetes,6,triggered_gain,1080,0.03183905956881006,991000,0.010887899959925562,4
diabetes,6,triggered_gain,1200,0.02161856287885655,1103522,0.011954899993725121,5
diabetes,6,triggered_gain,1320,0.01941391484847088,1211614,0.0132721999543719,5
diabetes,6,triggered_gain,1440,0.016502003126959153,1324136,0.015198899956885725,6
diabetes,6,triggered_gain,1560,0.016457083951721074,1432228,0.016830599983222783,6
diabetes,6,triggered_gain,1680,0.014640068642663095,1544750,0.01821939996443689,7
diabetes,6,triggered_gain,1800,0.013469340019099718,1652842,0.019270599994342774,7
diabetes,6,triggered_gain,1920,0.011046333435388078,1760934,0.020700199995189905,7
diabetes,6,triggered_gain,2040,0.009757231572564251,1869026,0.021610099996905774,7
diabetes,6,triggered_gain,2160,0.009757025864715274,1977118,0.022516199969686568,7
diabetes,6,triggered_gain,2280,0.008513509730292412,2089640,0.023428099986631423,8
diabetes,6,triggered_gain,2400,0.00849608130482693,2197732,0.02507429994875565,8
diabetes,7,uniform,0,111.9433754500213,452,3.999972250312567e-06,0
diabetes,7,uniform,120,0.094890262221071,108544,0.0031026999931782484,0
diabetes,7,uniform,240,0.007696623281262305,216636,0.00400759995682165,0
diabetes,7,uniform,360,0.002370571254445508,324728,0.00517379998927936,0
diabetes,7,uniform,480,0.00087556159161295,432820,0.006621799955610186,0
diabetes,7,uniform,600,0.0003741249460773588,540912,0.007517099962569773,0
diabetes,7,uniform,720,0.0001706799612861687,649004,0.008406899985857308,0
diabetes,7,uniform,840,6.322169001293787e-05,757096,0.00931479997234419,0
diabetes,7,uniform,960,3.906263232522633e-05,865188,0.010713899973779917,0
diabetes,7,uniform,1080,1.321462656278527e-05,973280,0.011628200008999556,0
diabetes,7,uniform,1200,5.251226511404639e-06,1081372,0.013270199997350574,0
diabetes,7,uniform,1320,2.4108564105063124e-06,1189464,0.014467599976342171,0
diabetes,7,uniform,1440,1.1473201482203876e-06,1297556,0.016918699955567718,0
diabetes,7,uniform,1560,3.6697251459827385e-07,1405648,0.018924199976027012,0
diabetes,7,uniform,1680,1.806674703175304e-07,1513740,0.021113800001330674,0
diabetes,7,uniform,1800,7.679268776428216e-08,1621832,0.02202549995854497,0
diabetes,7,uniform,1920,3.0178114229784114e-08,1729924,0.022973399958573282,0
diabetes,7,uniform,2040,1.402696625518729e-08,1838016,0.024814999953377992,0
diabetes,7,uniform,2160,4.461981006897986e-09,1946108,0.026414599968120456,0
diabetes,7,uniform,2280,2.3281643279915443e-09,2054200,0.027900599990971386,0
diabetes,7,uniform,2400,1.3119887398715946e-09,2162292,0.029928100004326552,0
diabetes,7,lipschitz,0,111.9433754500213,452,7.499998901039362e-06,0
diabetes,7,lipschitz,120,0.094890262221071,108544,0.001795099989976734,0
diabetes,7,lipschitz,240,0.007696623281262305,216636,0.0029692999669350684,0
diabetes,7,lipschitz,360,0.002370571254445508,324728,0.003935999993700534,0
diabetes,7,lipschitz,480,0.00087556159161295,432820,0.004901900014374405,0
diabetes,7,lipschitz,600,0.0003741249460773588,540912,0.0057835999759845436,0
diabetes,7,lipschitz,720,0.0001706799612861687,649004,0.0066698999726213515,0
diabetes,7,lipschitz,840,6.322169001293787e-05,757096,0.007565299980342388,0
diabetes,7,lipschitz,960,3.906263232522633e-05,865188,0.00845999998273328,0
diabetes,7,lipschitz,1080,1.321462656278527e-05,973280,0.009345399972517043,0
diabetes,7,lipschitz,1200,5.251226511404639e-06,1081372,0.01023060001898557,0
diabetes,7,lipschitz,1320,2.4108564105063124e-06,1189464,0.011114099994301796,0
diabetes,7,lipschitz,1440,1.1473201482203876e-06,1297556,0.012437600002158433,0
diabetes,7,lipschitz,1560,3.6697251459827385e-07,1405648,0.013348800013773143,0
diabetes,7,lipschitz,1680,1.806674703175304e-07,1513740,0.014269599982071668,0
diabetes,7,lipschitz,1800,7.679268776428216e-08,1621832,0.015282500011380762,0
diabetes,7,lipschitz,1920,3.0178114229784114e-08,1729924,0.016259600000921637,0
diabetes,7,lipschitz,2040,1.402696625518729e-08,1838016,0.017271899967454374,0
diabetes,7,lipschitz,2160,4.461981006897986e-09,1946108,0.018249400018248707,0
diabetes,7,lipschitz,2280,2.3281643279915443e-09,2054200,0.019254099985118955,0
diabetes,7,lipschitz,2400,1.3119887398715946e-09,2162292,0.020225899992510676,0
diabetes,7,scheduled_gain,0,111.9433754500213,452,3.2999669201672077e-06,0
diabetes,7,scheduled_gain,120,0.10113739098146368,117404,0.001041299954522401,2
diabetes,7,scheduled_gain,240,0.013169836967747983,234356,0.0020546999876387417,4
diabetes,7,scheduled_gain,360,0.0018429390630103626,351308,0.003043500008061528,6
diabetes,7,scheduled_gain,480,0.0006095949460274142,468260,0.004010099975857884,8
diabetes,7,scheduled_gain,600,0.00018088190158493944,585212,0.004956899967510253,10
diabetes,7,scheduled_gain,720,5.5284982096281965e-05,702164,0.0059157999930903316,12
diabetes,7,scheduled_gain,840,2.2013018138977714e-05,819116,0.006877699983306229,14
diabetes,7,scheduled_gain,960,1.365150986032404e-05,936068,0.007839799975045025,16
diabetes,7,scheduled_gain,1080,1.058272778209357e-05,1053020,0.008792699954938143,18
diabetes,7,scheduled_gain,1200,8.202225529885254e-06,1169972,0.009743599977809936,20
diabetes,7,scheduled_gain,1320,6.735654537237679e-06,1286924,0.010701899998821318,22
diabetes,7,scheduled_gain,1440,5.754654679890336e-06,1403876,0.01171499997144565,24
diabetes,7,scheduled_gain,1560,4.384454399541937e-06,1520828,0.012707099958788604,26
diabetes,7,scheduled_gain,1680,3.704600928244872e-06,1637780,0.013678899966180325,28
diabetes,7,scheduled_gain,1800,2.8764368096290127e-06,1754732,0.014634299965109676,30
diabetes,7,scheduled_gain,1920,2.4956433009037937e-06,1871684,0.015558699960820377,32
diabetes,7,scheduled_gain,2040,1.7246817378691048e-06,1988636,0.016514799965079874,34
diabetes,7,scheduled_gain,2160,1.3300507362146163e-06,2105588,0.017479299975093454,36
diabetes,7,scheduled_gain,2280,9.553310036380935e-07,2222540,0.018466099980287254,38
diabetes,7,scheduled_gain,2400,7.586442478668687e-07,2339492,0.019446699996478856,40
diabetes,7,triggered_gain,0,111.9433754500213,452,3.200024366378784e-06,0
diabetes,7,triggered_gain,120,0.13658232424909045,112974,0.0010109000140801072,1
diabetes,7,triggered_gain,240,0.1329216063167138,221066,0.0019795999978668988,1
diabetes,7,triggered_gain,360,0.020243609538823648,333588,0.002939400030300021,2
diabetes,7,triggered_gain,480,0.01122604973380703,441680,0.0038651000359095633,2
diabetes,7,triggered_gain,600,0.0015901052601634547,554202,0.004822499991860241,3
diabetes,7,triggered_gain,720,0.0010117274074588067,662294,0.005766300018876791,3
diabetes,7,triggered_gain,840,0.0002953088729782394,774816,0.006742900004610419,4
diabetes,7,triggered_gain,960,0.0002472160108055732,882908,0.007707800017669797,4
diabetes,7,triggered_gain,1080,0.00010528033432422035,995430,0.008721099991817027,5
diabetes,7,triggered_gain,1200,7.43170568853202e-05,1103522,0.009683999989647418,5
diabetes,7,triggered_gain,1320,3.549214622466934e-05,1216044,0.010698000027332455,6
diabetes,7,triggered_gain,1440,2.205362356733076e-05,1324136,0.011648899991996586,6
diabetes,7,triggered_gain,1560,1.6711725564277913e-05,1436658,0.012586900033056736,7
diabetes,7,triggered_gain,1680,9.483334736160032e-06,1549180,0.013512699981220067,8
diabetes,7,triggered_gain,1800,6.6272386334276234e-06,1657272,0.014451100025326014,8
diabetes,7,triggered_gain,1920,3.87445585658952e-06,1769794,0.015398200019262731,9
diabetes,7,triggered_gain,2040,3.6265276719404937e-06,1877886,0.01664600003277883,9
diabetes,7,triggered_gain,2160,2.570606412177767e-06,1990408,0.017617300036363304,10
diabetes,7,triggered_gain,2280,1.9604559753361173e-06,2098500,0.018581099982839078,10
diabetes,7,triggered_gain,2400,1.098213601835596e-06,2206592,0.01959839998744428,10
diabetes,8,uniform,0,111.9433754500213,452,3.700028173625469e-06,0
diabetes,8,uniform,120,0.031640389814270975,108544,0.0010647000162862241,0
diabetes,8,uniform,240,0.0029780050279129,216636,0.002068100031465292,0
diabetes,8,uniform,360,0.0004149191066886715,324728,0.003111199999693781,0
diabetes,8,uniform,480,4.911058563550341e-05,432820,0.0041880999924615026,0
diabetes,8,uniform,600,9.75921174983796e-06,540912,0.005214500008150935,0
diabetes,8,uniform,720,2.332596778842344e-06,649004,0.006182000041007996,0
diabetes,8,uniform,840,9.57778581778257e-07,757096,0.00716510001802817,0
diabetes,8,uniform,960,3.513331563453903e-07,865188,0.00816230004420504,0
diabetes,8,uniform,1080,1.9963223962804477e-07,973280,0.009163600043393672,0
diabetes,8,uniform,1200,6.74131115374621e-08,1081372,0.010136500000953674,0
diabetes,8,uniform,1320,2.8663166062870005e-08,1189464,0.011107900005299598,0
diabetes,8,uniform,1440,1.1445806080701004e-08,1297556,0.012073800025973469,0
diabetes,8,uniform,1560,4.553456278699741e-09,1405648,0.013024200045038015,0
diabetes,8,uniform,1680,1.4478871435130714e-09,1513740,0.01436140004079789,0
diabetes,8,uniform,1800,5.767617494711885e-10,1621832,0.015381400007754564,0
diabetes,8,uniform,1920,1.7975310129259015e-10,1729924,0.016388299991376698,0
diabetes,8,uniform,2040,5.547917680814862e-11,1838016,0.017433400033041835,0
diabetes,8,uniform,2160,1.9383605831535533e-11,1946108,0.018482699990272522,0
diabetes,8,uniform,2280,1.1681322575896047e-11,2054200,0.01955399999860674,0
diabetes,8,uniform,2400,4.206412995699793e-12,2162292,0.020629300037398934,0
diabetes,8,lipschitz,0,111.9433754500213,452,3.1999661587178707e-06,0
diabetes,8,lipschitz,120,0.031640389814270975,108544,0.0010139999794773757,0
diabetes,8,lipschitz,240,0.0029780050279129,216636,0.0020102999988012016,0
diabetes,8,lipschitz,360,0.0004149191066886715,324728,0.002983699960168451,0
diabetes,8,lipschitz,480,4.911058563550341e-05,432820,0.003933999978471547,0
diabetes,8,lipschitz,600,9.75921174983796e-06,540912,0.004884199996013194,0
diabetes,8,lipschitz,720,2.332596778842344e-06,649004,0.005811499955598265,0
diabetes,8,lipschitz,840,9.57778581778257e-07,757096,0.006750100001227111,0
diabetes,8,lipschitz,960,3.513331563453903e-07,865188,0.007726399984676391,0
diabetes,8,lipschitz,1080,1.9963223962804477e-07,973280,0.008735299983527511,0
diabetes,8,lipschitz,1200,6.74131115374621e-08,1081372,0.009704899974167347,0
diabetes,8,lipschitz,1320,2.8663166062870005e-08,1189464,0.010699199978262186,0
diabetes,8,lipschitz,1440,1.1445806080701004e-08,1297556,0.011638099967967719,0
diabetes,8,lipschitz,1560,4.553456278699741e-09,1405648,0.012601899972651154,0
diabetes,8,lipschitz,1680,1.4478871435130714e-09,1513740,0.01355819997843355,0
diabetes,8,lipschitz,1800,5.767617494711885e-10,1621832,0.014527499966789037,0
diabetes,8,lipschitz,1920,1.7975310129259015e-10,1729924,0.015503199945669621,0
diabetes,8,lipschitz,2040,5.547917680814862e-11,1838016,0.01654219999909401,0
diabetes,8,lipschitz,2160,1.9383605831535533e-11,1946108,0.017518899985589087,0
diabetes,8,lipschitz,2280,1.1681322575896047e-11,2054200,0.018544499995186925,0
diabetes,8,lipschitz,2400,4.206412995699793e-12,2162292,0.01956579997204244,0
diabetes,8,scheduled_gain,0,111.9433754500213,452,3.2999669201672077e-06,0
diabetes,8,scheduled_gain,120,0.5989233256918993,117404,0.0010993999894708395,2
diabetes,8,scheduled_gain,240,0.20094037963140465,234356,0.002144699974451214,4
diabetes,8,scheduled_gain,360,0.11205485787543523,351308,0.0031824999605305493,6
diabetes,8,scheduled_gain,480,0.07706162123366767,468260,0.00420179998036474,8
diabetes,8,scheduled_gain,600,0.05492871600748117,585212,0.005254699965007603,10
diabetes,8,scheduled_gain,720,0.043588468336295705,702164,0.006299500004388392,12
diabetes,8,scheduled_gain,840,0.027857028379116855,819116,0.007310299959499389,14
diabetes,8,scheduled_gain,960,0.02246839122773281,936068,0.008295700012240559,16
diabetes,8,scheduled_gain,1080,0.013993503683167319,1053020,0.009301099984440953,18
diabetes,8,scheduled_gain,1200,0.010324627663891306,1169972,0.01029559999005869,20
diabetes,8,scheduled_gain,1320,0.0069855417852693336,1286924,0.011285799962934107,22
diabetes,8,scheduled_gain,1440,0.005807127569795512,1403876,0.012270100007299334,24
diabetes,8,scheduled_gain,1560,0.005022332005339081,1520828,0.013306599983479828,26
diabetes,8,scheduled_gain,1680,0.004400859164192639,1637780,0.014328999968711287,28
diabetes,8,scheduled_gain,1800,0.003574740478569538,1754732,0.015345399966463447,30
diabetes,8,scheduled_gain,1920,0.0027238847852828485,1871684,0.016342899994924664,32
diabetes,8,scheduled_gain,2040,0.0014185938473048054,1988636,0.017294099961873144,34
diabetes,8,scheduled_gain,2160,0.0009871882560901213,2105588,0.01825769996503368,36
diabetes,8,scheduled_gain,2280,0.0007633291620550153,2222540,0.01923849998274818,38
diabetes,8,scheduled_gain,2400,0.0006213030057438118,2339492,0.020220100006554276,40
diabetes,8,triggered_gain,0,111.9433754500213,452,3.00002284348011e-06,0
diabetes,8,triggered_gain,120,3.698866774902939,112974,0.0015742999967187643,1
diabetes,8,triggered_gain,240,0.2581387939107884,221066,0.002884900022763759,1
diabetes,8,triggered_gain,360,0.11967854326677241,333588,0.0038924000109545887,2
diabetes,8,triggered_gain,480,0.08445983902539922,446110,0.005095100030303001,3
diabetes,8,triggered_gain,600,0.06844697305108127,558632,0.006061799998860806,4
diabetes,8,triggered_gain,720,0.061834571083437595,671154,0.007076399982906878,5
diabetes,8,triggered_gain,840,0.04708870359770856,783676,0.008093399985227734,6
diabetes,8,triggered_gain,960,0.04362790491714463,891768,0.009278399986214936,6
diabetes,8,triggered_gain,1080,0.034734408739922173,1004290,0.010290200007148087,7
diabetes,8,triggered_gain,1200,0.03469569395710437,1112382,0.011257699981797487,7
diabetes,8,triggered_gain,1320,0.031099788057474598,1224904,0.012259899987839162,8
diabetes,8,triggered_gain,1440,0.024938941526841063,1332996,0.013228600029833615,8
diabetes,8,triggered_gain,1560,0.020282448650377205,1441088,0.014180900005158037,8
diabetes,8,triggered_gain,1680,0.01910657965808582,1549180,0.015125099977012724,8
diabetes,8,triggered_gain,1800,0.017190479691095106,1661702,0.016080600034911186,9
diabetes,8,triggered_gain,1920,0.015020010771365833,1769794,0.017208300007041544,9
diabetes,8,triggered_gain,2040,0.014864471297897808,1877886,0.01823270000750199,9
diabetes,8,triggered_gain,2160,0.012998529615643406,1990408,0.01918390003265813,10
diabetes,8,triggered_gain,2280,0.012632225503182326,2098500,0.02016170002752915,10
diabetes,8,triggered_gain,2400,0.011452328301302828,2211022,0.021248100034426898,11
diabetes,9,uniform,0,111.9433754500213,452,3.500026650726795e-06,0
diabetes,9,uniform,120,0.7826152634181653,108544,0.0010199000244028866,0
diabetes,9,uniform,240,0.031831820200650895,216636,0.00211870000930503,0
diabetes,9,uniform,360,0.0025084733442071183,324728,0.003497700032312423,0
diabetes,9,uniform,480,0.0008347361718534785,432820,0.004491400031838566,0
diabetes,9,uniform,600,0.0004369054452126875,540912,0.005504500004462898,0
diabetes,9,uniform,720,0.00016753513467904213,649004,0.006510100036393851,0
diabetes,9,uniform,840,7.085601997403046e-05,757096,0.0076145000057294965,0
diabetes,9,uniform,960,2.375960671940902e-05,865188,0.008988699992187321,0
diabetes,9,uniform,1080,8.046180596466002e-06,973280,0.010106700006872416,0
diabetes,9,uniform,1200,3.6142919839221577e-06,1081372,0.011188400036189705,0
diabetes,9,uniform,1320,1.7430674432716842e-06,1189464,0.01234920002752915,0
diabetes,9,uniform,1440,7.226268934346081e-07,1297556,0.01337749999947846,0
diabetes,9,uniform,1560,3.2184030374082795e-07,1405648,0.014434300013817847,0
diabetes,9,uniform,1680,1.625705721153281e-07,1513740,0.015407500031869859,0
diabetes,9,uniform,1800,6.61802914692089e-08,1621832,0.01642540004104376,0
diabetes,9,uniform,1920,3.290558936441812e-08,1729924,0.017431600019335747,0
diabetes,9,uniform,2040,1.468617938371608e-08,1838016,0.018440500018186867,0
diabetes,9,uniform,2160,4.3438319607957965e-09,1946108,0.019393199996557087,0
diabetes,9,uniform,2280,2.2042883074391284e-09,2054200,0.02033349999692291,0
diabetes,9,uniform,2400,7.502478638343746e-10,2162292,0.021285900031216443,0
diabetes,9,lipschitz,0,111.9433754500213,452,3.3999676816165447e-06,0
diabetes,9,lipschitz,120,0.7826152634181653,108544,0.0009790000040084124,0
diabetes,9,lipschitz,240,0.031831820200650895,216636,0.0019361000158824027,0
diabetes,9,lipschitz,360,0.0025084733442071183,324728,0.002894699980970472,0
diabetes,9,lipschitz,480,0.0008347361718534785,432820,0.0038789999671280384,0
diabetes,9,lipschitz,600,0.0004369054452126875,540912,0.00483589997747913,0
diabetes,9,lipschitz,720,0.00016753513467904213,649004,0.005804100015666336,0
diabetes,9,lipschitz,840,7.085601997403046e-05,757096,0.0067743000108748674,0
diabetes,9,lipschitz,960,2.375960671940902e-05,865188,0.007721900008618832,0
diabetes,9,lipschitz,1080,8.046180596466002e-06,973280,0.008703099971171468,0
diabetes,9,lipschitz,1200,3.6142919839221577e-06,1081372,0.00977110001258552,0
diabetes,9,lipschitz,1320,1.7430674432716842e-06,1189464,0.010774299968034029,0
diabetes,9,lipschitz,1440,7.226268934346081e-07,1297556,0.011755199986509979,0
diabetes,9,lipschitz,1560,3.2184030374082795e-07,1405648,0.0127327999798581,0
diabetes,9,lipschitz,1680,1.625705721153281e-07,1513740,0.013690799998585135,0
diabetes,9,lipschitz,1800,6.61802914692089e-08,1621832,0.014851099986117333,0
diabetes,9,lipschitz,1920,3.290558936441812e-08,1729924,0.01621490000979975,0
diabetes,9,lipschitz,2040,1.468617938371608e-08,1838016,0.017309300019405782,0
diabetes,9,lipschitz,2160,4.3438319607957965e-09,1946108,0.01844459999119863,0
diabetes,9,lipschitz,2280,2.2042883074391284e-09,2054200,0.01948279998032376,0
diabetes,9,lipschitz,2400,7.502478638343746e-10,2162292,0.020439699990674853,0
diabetes,9,scheduled_gain,0,111.9433754500213,452,3.400025889277458e-06,0
diabetes,9,scheduled_gain,120,0.012822264019504814,117404,0.0010244000004604459,2
diabetes,9,scheduled_gain,240,0.0006928215988608599,234356,0.002278600004501641,4
diabetes,9,scheduled_gain,360,0.0003822967692030943,351308,0.0036127999774180353,6
diabetes,9,scheduled_gain,480,0.0001048707709401242,468260,0.004625100002158433,8
diabetes,9,scheduled_gain,600,3.4615963784290216e-05,585212,0.005650000006426126,10
diabetes,9,scheduled_gain,720,2.2589248743543067e-05,702164,0.006815899978391826,12
diabetes,9,scheduled_gain,840,1.3797221612321664e-05,819116,0.0077939999755471945,14
diabetes,9,scheduled_gain,960,6.265599211019435e-06,936068,0.008769000007305294,16
diabetes,9,scheduled_gain,1080,4.826529433898941e-06,1053020,0.009741800022311509,18
diabetes,9,scheduled_gain,1200,3.5180148216795715e-06,1169972,0.011010700021870434,20
diabetes,9,scheduled_gain,1320,2.4131466176413596e-06,1286924,0.012393900018651038,22
diabetes,9,scheduled_gain,1440,1.7813330828175822e-06,1403876,0.01343499997165054,24
diabetes,9,scheduled_gain,1560,1.2033267751121457e-06,1520828,0.014758699981030077,26
diabetes,9,scheduled_gain,1680,9.827402038808941e-07,1637780,0.016065599978901446,28
diabetes,9,scheduled_gain,1800,7.547862992396404e-07,1754732,0.017144299985375255,30
diabetes,9,scheduled_gain,1920,6.036557209654347e-07,1871684,0.018362200004048645,32
diabetes,9,scheduled_gain,2040,4.907875847948162e-07,1988636,0.02013329998590052,34
diabetes,9,scheduled_gain,2160,4.0101079434862186e-07,2105588,0.021310699987225235,36
diabetes,9,scheduled_gain,2280,2.840480846089122e-07,2222540,0.022325799975078553,38
diabetes,9,scheduled_gain,2400,2.0533713041004376e-07,2339492,0.023473399982322007,40
diabetes,9,triggered_gain,0,111.9433754500213,452,1.3399985618889332e-05,0
diabetes,9,triggered_gain,120,0.013735448449324394,112974,0.0011223999899812043,1
diabetes,9,triggered_gain,240,0.0013805099754193861,221066,0.002084699983242899,1
diabetes,9,triggered_gain,360,0.0009444566607754723,333588,0.0030691000283695757,2
diabetes,9,triggered_gain,480,0.0006513686808204966,446110,0.0049718000227585435,3
diabetes,9,triggered_gain,600,0.0003845426906252669,554202,0.00616049999371171,3
diabetes,9,triggered_gain,720,0.00026576731549710075,662294,0.007711999991443008,3
diabetes,9,triggered_gain,840,0.00015604973710026115,774816,0.008860200003255159,4
diabetes,9,triggered_gain,960,0.00011693627833153641,882908,0.009862900013104081,4
diabetes,9,triggered_gain,1080,9.539057654706085e-05,995430,0.01090599998133257,5
diabetes,9,triggered_gain,1200,8.79831428903799e-05,1103522,0.012020900030620396,5
diabetes,9,triggered_gain,1320,5.482869416084668e-05,1216044,0.012976700032595545,6
diabetes,9,triggered_gain,1440,3.372059434525454e-05,1324136,0.01393020001705736,6
diabetes,9,triggered_gain,1560,2.9520579545305736e-05,1432228,0.014959199994336814,6
diabetes,9,triggered_gain,1680,1.4712549813111764e-05,1544750,0.016036499990150332,7
diabetes,9,triggered_gain,1800,1.1219462066947017e-05,1652842,0.016980100015643984,7
diabetes,9,triggered_gain,1920,9.460923180881764e-06,1765364,0.017940099991392344,8
diabetes,9,triggered_gain,2040,7.466119825494388e-06,1873456,0.018855500034987926,8
diabetes,9,triggered_gain,2160,6.762893761447231e-06,1981548,0.019786000018939376,8
diabetes,9,triggered_gain,2280,5.830811758755772e-06,2094070,0.021291800017934293,9
diabetes,9,triggered_gain,2400,5.818748704200516e-06,2202162,0.022649599995929748,9
diabetes,10,uniform,0,111.9433754500213,452,3.999972250312567e-06,0
diabetes,10,uniform,120,0.0956444145231643,108544,0.0010668999748304486,0
diabetes,10,uniform,240,0.03771621248169765,216636,0.0020282999612390995,0
diabetes,10,uniform,360,0.01591171225122423,324728,0.002954699972178787,0
diabetes,10,uniform,480,0.007078068591695796,432820,0.004051600000821054,0
diabetes,10,uniform,600,0.002802959927763027,540912,0.004995799972675741,0
diabetes,10,uniform,720,0.0008869998513318933,649004,0.005945299984887242,0
diabetes,10,uniform,840,0.0004057341004539694,757096,0.006887700001243502,0
diabetes,10,uniform,960,0.0001759973047086305,865188,0.007836900011170655,0
diabetes,10,uniform,1080,8.887776012045379e-05,973280,0.00872209999943152,0
diabetes,10,uniform,1200,3.9218300983634435e-05,1081372,0.009601700003258884,0
diabetes,10,uniform,1320,1.5257868085427617e-05,1189464,0.01050149998627603,0
diabetes,10,uniform,1440,7.818811667448244e-06,1297556,0.01143949996912852,0
diabetes,10,uniform,1560,2.8457583738372705e-06,1405648,0.012790900014806539,0
diabetes,10,uniform,1680,1.1239858537237524e-06,1513740,0.013905500003602356,0
diabetes,10,uniform,1800,3.6712823714424303e-07,1621832,0.01507379999384284,0
diabetes,10,uniform,1920,1.3795221320833662e-07,1729924,0.016317999979946762,0
diabetes,10,uniform,2040,6.050153444903117e-08,1838016,0.017261900007724762,0
diabetes,10,uniform,2160,3.024932482276199e-08,1946108,0.01822949998313561,0
diabetes,10,uniform,2280,8.538506790500833e-09,2054200,0.01913169998442754,0
diabetes,10,uniform,2400,3.990280106336286e-09,2162292,0.02016449999064207,0
diabetes,10,lipschitz,0,111.9433754500213,452,3.600027412176132e-06,0
diabetes,10,lipschitz,120,0.0956444145231643,108544,0.0009547000518068671,0
diabetes,10,lipschitz,240,0.03771621248169765,216636,0.0019154000328853726,0
diabetes,10,lipschitz,360,0.01591171225122423,324728,0.0028109000413678586,0
diabetes,10,lipschitz,480,0.007078068591695796,432820,0.0037773000076413155,0
diabetes,10,lipschitz,600,0.002802959927763027,540912,0.004713900038041174,0
diabetes,10,lipschitz,720,0.0008869998513318933,649004,0.005658400012180209,0
diabetes,10,lipschitz,840,0.0004057341004539694,757096,0.006666600005701184,0
diabetes,10,lipschitz,960,0.0001759973047086305,865188,0.007852300012018532,0
diabetes,10,lipschitz,1080,8.887776012045379e-05,973280,0.009637500043027103,0
diabetes,10,lipschitz,1200,3.9218300983634435e-05,1081372,0.010984100052155554,0
diabetes,10,lipschitz,1320,1.5257868085427617e-05,1189464,0.012070800003129989,0
diabetes,10,lipschitz,1440,7.818811667448244e-06,1297556,0.01314180000917986,0
diabetes,10,lipschitz,1560,2.8457583738372705e-06,1405648,0.014089800009969622,0
diabetes,10,lipschitz,1680,1.1239858537237524e-06,1513740,0.015049100038595498,0
diabetes,10,lipschitz,1800,3.6712823714424303e-07,1621832,0.015997900045476854,0
diabetes,10,lipschitz,1920,1.3795221320833662e-07,1729924,0.016891300037968904,0
diabetes,10,lipschitz,2040,6.050153444903117e-08,1838016,0.01776720001362264,0
diabetes,10,lipschitz,2160,3.024932482276199e-08,1946108,0.01866560004418716,0
diabetes,10,lipschitz,2280,8.538506790500833e-09,2054200,0.019611500028986484,0
diabetes,10,lipschitz,2400,3.990280106336286e-09,2162292,0.02053080004407093,0
diabetes,10,scheduled_gain,0,111.9433754500213,452,3.1999661587178707e-06,0
diabetes,10,scheduled_gain,120,0.8096009027989055,117404,0.0009388999897055328,2
diabetes,10,scheduled_gain,240,0.06599887802576632,234356,0.001888300001155585,4
diabetes,10,scheduled_gain,360,0.018677192529438003,351308,0.0028117999900132418,6
diabetes,10,scheduled_gain,480,0.009419438922137147,468260,0.003723000001627952,8
diabetes,10,scheduled_gain,600,0.003596733986043432,585212,0.004705399973317981,10
diabetes,10,scheduled_gain,720,0.002987742950963934,702164,0.005642100004479289,12
diabetes,10,scheduled_gain,840,0.0019225640531743693,819116,0.006547399971168488,14
diabetes,10,scheduled_gain,960,0.0015106318484328085,936068,0.007769000018015504,16
diabetes,10,scheduled_gain,1080,0.0010333144914085324,1053020,0.008985099964775145,18
diabetes,10,scheduled_gain,1200,0.000807192427771497,1169972,0.010236700007226318,20
diabetes,10,scheduled_gain,1320,0.0005132706990167435,1286924,0.011669199971947819,22
diabetes,10,scheduled_gain,1440,0.00038671886933627775,1403876,0.012772599991876632,24
diabetes,10,scheduled_gain,1560,0.0002368437768751619,1520828,0.01395679998677224,26
diabetes,10,scheduled_gain,1680,0.00016232897384327316,1637780,0.014905899995937943,28
diabetes,10,scheduled_gain,1800,0.00013012537642964617,1754732,0.016078699962235987,30
diabetes,10,scheduled_gain,1920,9.740486090947797e-05,1871684,0.017040300008375198,32
diabetes,10,scheduled_gain,2040,6.568430610798259e-05,1988636,0.017969899985473603,34
diabetes,10,scheduled_gain,2160,5.3553121830418604e-05,2105588,0.01889309997204691,36
diabetes,10,scheduled_gain,2280,4.510867347562453e-05,2222540,0.019842599984258413,38
diabetes,10,scheduled_gain,2400,3.261337499793626e-05,2339492,0.020891499996650964,40
diabetes,10,triggered_gain,0,111.9433754500213,452,3.89997148886323e-06,0
diabetes,10,triggered_gain,120,0.14527381544804996,112974,0.0011762999929487705,1
diabetes,10,triggered_gain,240,0.136790717574911,221066,0.0023283999762497842,1
diabetes,10,triggered_gain,360,0.020977425826643525,333588,0.003354499989654869,2
diabetes,10,triggered_gain,480,0.019116640434518217,441680,0.004304500005673617,2
diabetes,10,triggered_gain,600,0.008802065597777187,554202,0.005257699987851083,3
diabetes,10,triggered_gain,720,0.008791328476377203,662294,0.006192400003783405,3
diabetes,10,triggered_gain,840,0.006806225561149404,774816,0.00715169997420162,4
diabetes,10,triggered_gain,960,0.005930266097308845,882908,0.008066600013989955,4
diabetes,10,triggered_gain,1080,0.004645857836976575,995430,0.009013900009449571,5
diabetes,10,triggered_gain,1200,0.004197045731700655,1103522,0.009929399995598942,5
diabetes,10,triggered_gain,1320,0.0031488904750176516,1216044,0.010876099986489862,6
diabetes,10,triggered_gain,1440,0.0029731936643884183,1324136,0.011790999968070537,6
diabetes,10,triggered_gain,1560,0.0020806905309740387,1436658,0.012681599997449666,7
diabetes,10,triggered_gain,1680,0.0016851830444579718,1544750,0.01364570000441745,7
diabetes,10,triggered_gain,1800,0.0014554444514516263,1657272,0.01453450002009049,8
diabetes,10,triggered_gain,1920,0.001304052889267382,1765364,0.015427700011059642,8
diabetes,10,triggered_gain,2040,0.0011049718796982688,1873456,0.016317799978423864,8
diabetes,10,triggered_gain,2160,0.0011014737649333028,1981548,0.017473499989137053,8
diabetes,10,triggered_gain,2280,0.000996099564162023,2094070,0.018698800005950034,9
diabetes,10,triggered_gain,2400,0.0006997306082894283,2202162,0.01968149997992441,9
diabetes,11,uniform,0,111.9433754500213,452,3.2999669201672077e-06,0
diabetes,11,uniform,120,0.36052227076665133,108544,0.0009660999639891088,0
diabetes,11,uniform,240,0.09039467824649705,216636,0.001908399979583919,0
diabetes,11,uniform,360,0.04089049851820903,324728,0.0028247999725863338,0
diabetes,11,uniform,480,0.013592003642699524,432820,0.0037420999724417925,0
diabetes,11,uniform,600,0.004667736583016335,540912,0.004719599965028465,0
diabetes,11,uniform,720,0.0021109419517557626,649004,0.006082699983380735,0
diabetes,11,uniform,840,0.0009705824921724115,757096,0.00727609999012202,0
diabetes,11,uniform,960,0.00047424748427715713,865188,0.008241400006227195,0
diabetes,11,uniform,1080,0.00021375405559354022,973280,0.009224999987054616,0
diabetes,11,uniform,1200,0.00010508251034480054,1081372,0.010628100018948317,0
diabetes,11,uniform,1320,4.3245512131306896e-05,1189464,0.013104200013913214,0
diabetes,11,uniform,1440,1.492123544721835e-05,1297556,0.014992100012023002,0
diabetes,11,uniform,1560,8.436470238848415e-06,1405648,0.016072099970187992,0
diabetes,11,uniform,1680,2.695299315291777e-06,1513740,0.017273199977353215,0
diabetes,11,uniform,1800,1.3997650256669658e-06,1621832,0.018538300006184727,0
diabetes,11,uniform,1920,8.708102541277185e-07,1729924,0.019712399982381612,0
diabetes,11,uniform,2040,2.4866014314284257e-07,1838016,0.020775399985723197,0
diabetes,11,uniform,2160,8.736311940538144e-08,1946108,0.021893199998885393,0
diabetes,11,uniform,2280,2.3946086002979428e-08,2054200,0.023180799966212362,0
diabetes,11,uniform,2400,1.0029452823800966e-08,2162292,0.024235299963038415,0
diabetes,11,lipschitz,0,111.9433754500213,452,3.7999707274138927e-06,0
diabetes,11,lipschitz,120,0.36052227076665133,108544,0.0011205999762751162,0
diabetes,11,lipschitz,240,0.09039467824649705,216636,0.002251199970487505,0
diabetes,11,lipschitz,360,0.04089049851820903,324728,0.0033072999794967473,0
diabetes,11,lipschitz,480,0.013592003642699524,432820,0.004621599975507706,0
diabetes,11,lipschitz,600,0.004667736583016335,540912,0.006556699983775616,0
diabetes,11,lipschitz,720,0.0021109419517557626,649004,0.007873399998061359,0
diabetes,11,lipschitz,840,0.0009705824921724115,757096,0.009149099991191179,0
diabetes,11,lipschitz,960,0.00047424748427715713,865188,0.01068820001091808,0
diabetes,11,lipschitz,1080,0.00021375405559354022,973280,0.011893299990333617,0
diabetes,11,lipschitz,1200,0.00010508251034480054,1081372,0.013207899988628924,0
diabetes,11,lipschitz,1320,4.3245512131306896e-05,1189464,0.014448100002482533,0
diabetes,11,lipschitz,1440,1.492123544721835e-05,1297556,0.015547799994237721,0
diabetes,11,lipschitz,1560,8.436470238848415e-06,1405648,0.01669040002161637,0
diabetes,11,lipschitz,1680,2.695299315291777e-06,1513740,0.017883699969388545,0
diabetes,11,lipschitz,1800,1.3997650256669658e-06,1621832,0.01898990001063794,0
diabetes,11,lipschitz,1920,8.708102541277185e-07,1729924,0.020215899974573404,0
diabetes,11,lipschitz,2040,2.4866014314284257e-07,1838016,0.022043899982236326,0
diabetes,11,lipschitz,2160,8.736311940538144e-08,1946108,0.02374289999715984,0
diabetes,11,lipschitz,2280,2.3946086002979428e-08,2054200,0.024905199999921024,0
diabetes,11,lipschitz,2400,1.0029452823800966e-08,2162292,0.026111499988473952,0
diabetes,11,scheduled_gain,0,111.9433754500213,452,6.599992047995329e-06,0
diabetes,11,scheduled_gain,120,0.34543767026204364,117404,0.001568900013808161,2
diabetes,11,scheduled_gain,240,0.012271447259522006,234356,0.0028045999933965504,4
diabetes,11,scheduled_gain,360,0.00586157670623777,351308,0.004082300001755357,6
diabetes,11,scheduled_gain,480,0.004342699011232298,468260,0.005348199978470802,8
diabetes,11,scheduled_gain,600,0.0035179430444429727,585212,0.006774000008590519,10
diabetes,11,scheduled_gain,720,0.002635288602647279,702164,0.007955299981404096,12
diabetes,11,scheduled_gain,840,0.0018542596415613843,819116,0.009451499965507537,14
diabetes,11,scheduled_gain,960,0.0015209088095247125,936068,0.011088099970947951,16
diabetes,11,scheduled_gain,1080,0.0012382860494142278,1053020,0.012552400003187358,18
diabetes,11,scheduled_gain,1200,0.0010286113151778409,1169972,0.01474630000302568,20
diabetes,11,scheduled_gain,1320,0.0008699168497230403,1286924,0.016138200007844716,22
diabetes,11,scheduled_gain,1440,0.0007343800553343272,1403876,0.018074899970088154,24
diabetes,11,scheduled_gain,1560,0.0005969518244626215,1520828,0.019386100000701845,26
diabetes,11,scheduled_gain,1680,0.000384542732092541,1637780,0.020632100000511855,28
diabetes,11,scheduled_gain,1800,0.0002463372585594925,1754732,0.021929499984253198,30
diabetes,11,scheduled_gain,1920,0.00014246001141771103,1871684,0.023039199993945658,32
diabetes,11,scheduled_gain,2040,0.00011101782051525788,1988636,0.024287700012791902,34
diabetes,11,scheduled_gain,2160,9.266624660142497e-05,2105588,0.02573100000154227,36
diabetes,11,scheduled_gain,2280,7.551039757913713e-05,2222540,0.026895000017248094,38
diabetes,11,scheduled_gain,2400,6.420494338499338e-05,2339492,0.028731699974741787,40
diabetes,11,triggered_gain,0,111.9433754500213,452,3.900029696524143e-06,0
diabetes,11,triggered_gain,120,3.596839992931095,112974,0.0018659000052139163,1
diabetes,11,triggered_gain,240,3.5876390400716645,221066,0.0032044000108726323,1
diabetes,11,triggered_gain,360,0.3110072635598584,333588,0.004984600003808737,2
diabetes,11,triggered_gain,480,0.18263114647477607,441680,0.006242400035262108,2
diabetes,11,triggered_gain,600,0.04817821846154402,554202,0.0074572000303305686,3
diabetes,11,triggered_gain,720,0.029193987647971653,662294,0.009042599995154887,3
diabetes,11,triggered_gain,840,0.010623774543972786,774816,0.010210900043603033,4
diabetes,11,triggered_gain,960,0.010364241177740041,882908,0.011451700003817677,4
diabetes,11,triggered_gain,1080,0.0068462172984311565,995430,0.012931300036143512,5
diabetes,11,triggered_gain,1200,0.00574450320218034,1103522,0.014067100011743605,5
diabetes,11,triggered_gain,1320,0.004872068842971089,1216044,0.015782700036652386,6
diabetes,11,triggered_gain,1440,0.004642451515408652,1324136,0.017219700035639107,6
diabetes,11,triggered_gain,1560,0.003213096440461527,1436658,0.01825810002628714,7
diabetes,11,triggered_gain,1680,0.002784667546535502,1544750,0.019311000010930002,7
diabetes,11,triggered_gain,1800,0.0015160286626638708,1657272,0.02037060004658997,8
diabetes,11,triggered_gain,1920,0.0014112806384645182,1765364,0.021592500037513673,8
diabetes,11,triggered_gain,2040,0.001096907416211934,1877886,0.022636400011833757,9
diabetes,11,triggered_gain,2160,0.0008574539825474403,1985978,0.023635699995793402,9
diabetes,11,triggered_gain,2280,0.0007461226948919375,2094070,0.02467460004845634,9
diabetes,11,triggered_gain,2400,0.000658537094736289,2206592,0.02570440003182739,10
