case,seed,method,steps,gap,proxy_work,seconds,refreshes
balanced_independent,0,uniform,0,28.767916123777322,448,3.999972250312567e-06,0
balanced_independent,0,uniform,120,2.313125133838289,103016,0.0010375999845564365,0
balanced_independent,0,uniform,240,0.047790164989892414,205584,0.001975600025616586,0
balanced_independent,0,uniform,360,0.004988927068758198,308152,0.0029070000164210796,0
balanced_independent,0,uniform,480,0.00041077431113079044,410720,0.00389370002085343,0
balanced_independent,0,uniform,600,0.0001786542814929959,513288,0.004807999997865409,0
balanced_independent,0,uniform,720,1.1419547356616988e-05,615856,0.005717099993489683,0
balanced_independent,0,uniform,840,1.0395735676738127e-06,718424,0.006627599999774247,0
balanced_independent,0,uniform,960,7.191150119822964e-08,820992,0.007541699975263327,0
balanced_independent,0,uniform,1080,4.010973775336879e-09,923560,0.008463700010906905,0
balanced_independent,0,uniform,1200,3.377333968046514e-10,1026128,0.009377499984111637,0
balanced_independent,0,uniform,1320,5.481481935021293e-11,1128696,0.010302099981345236,0
balanced_independent,0,uniform,1440,5.6421534111450455e-12,1231264,0.011220699991099536,0
balanced_independent,0,uniform,1560,4.733990977001667e-13,1333832,0.012148300011176616,0
balanced_independent,0,uniform,1680,1.2434497875801753e-14,1436400,0.013070499990135431,0
balanced_independent,0,uniform,1800,2.6645352591003757e-15,1538968,0.01399680000031367,0
balanced_independent,0,uniform,1920,0.0,1641536,0.014919399982318282,0
balanced_independent,0,uniform,2040,0.0,1744104,0.016257899987976998,0
balanced_independent,0,uniform,2160,0.0,1846672,0.017205099982675165,0
balanced_independent,0,uniform,2280,4.440892098500626e-16,1949240,0.01816169999074191,0
balanced_independent,0,uniform,2400,8.881784197001252e-16,2051808,0.019113400019705296,0
balanced_independent,0,lipschitz,0,28.767916123777322,448,3.400025889277458e-06,0
balanced_independent,0,lipschitz,120,2.315121284143684,103016,0.001011700020171702,0
balanced_independent,0,lipschitz,240,0.0469601126054231,205584,0.0019677000236697495,0
balanced_independent,0,lipschitz,360,0.005237050930536391,308152,0.0029427999979816377,0
balanced_independent,0,lipschitz,480,0.0004361766438973902,410720,0.0039007000159472227,0
balanced_independent,0,lipschitz,600,2.7521745531444708e-05,513288,0.004863400012254715,0
balanced_independent,0,lipschitz,720,6.135438923138281e-06,615856,0.005803600011859089,0
balanced_independent,0,lipschitz,840,9.425270066643066e-07,718424,0.006771399988792837,0
balanced_independent,0,lipschitz,960,1.4444108709099623e-07,820992,0.007715200015809387,0
balanced_independent,0,lipschitz,1080,6.846082367673034e-09,923560,0.008686900022439659,0
balanced_independent,0,lipschitz,1200,4.930202912589721e-10,1026128,0.009623399993870407,0
balanced_independent,0,lipschitz,1320,3.042543994524749e-11,1128696,0.010552900028415024,0
balanced_independent,0,lipschitz,1440,2.525979425627156e-12,1231264,0.011593300034292042,0
balanced_independent,0,lipschitz,1560,2.873257187729905e-13,1333832,0.013475799991283566,0
balanced_independent,0,lipschitz,1680,1.509903313490213e-14,1436400,0.015404400008264929,0
balanced_independent,0,lipschitz,1800,8.881784197001252e-16,1538968,0.01704300002893433,0
balanced_independent,0,lipschitz,1920,4.440892098500626e-16,1641536,0.0182133000344038,0
balanced_independent,0,lipschitz,2040,0.0,1744104,0.019233800005167723,0
balanced_independent,0,lipschitz,2160,0.0,1846672,0.020171500043943524,0
balanced_independent,0,lipschitz,2280,4.440892098500626e-16,1949240,0.02110270003322512,0
balanced_independent,0,lipschitz,2400,4.440892098500626e-16,2051808,0.022042200027499348,0
balanced_independent,0,scheduled_gain,0,28.767916123777322,448,3.200024366378784e-06,0
balanced_independent,0,scheduled_gain,120,0.8224767638835364,141512,0.001000499993097037,2
balanced_independent,0,scheduled_gain,240,0.02442264854714793,282576,0.0019576000049710274,4
balanced_independent,0,scheduled_gain,360,0.0014844757181151635,423640,0.0028992000152356923,6
balanced_independent,0,scheduled_gain,480,5.891026952564715e-05,564704,0.0038391000125557184,8
balanced_independent,0,scheduled_gain,600,3.2011560753275603e-06,705768,0.004768799990415573,10
balanced_independent,0,scheduled_gain,720,2.546809678705131e-07,846832,0.005743800022173673,12
balanced_independent,0,scheduled_gain,840,1.2132009175047642e-08,987896,0.007311900029890239,14
balanced_independent,0,scheduled_gain,960,7.853193650930734e-10,1128960,0.008287600008770823,16
balanced_independent,0,scheduled_gain,1080,5.897327071124892e-11,1270024,0.009944099991116673,18
balanced_independent,0,scheduled_gain,1200,5.367262190247857e-12,1411088,0.011970399995334446,20
balanced_independent,0,scheduled_gain,1320,4.1655567883935873e-13,1552152,0.01353729999391362,22
balanced_independent,0,scheduled_gain,1440,3.9968028886505635e-14,1693216,0.014724700013175607,24
balanced_independent,0,scheduled_gain,1560,3.9968028886505635e-15,1834280,0.015824700007215142,26
balanced_independent,0,scheduled_gain,1680,4.440892098500626e-16,1975344,0.01679120003245771,28
balanced_independent,0,scheduled_gain,1800,4.440892098500626e-16,2116408,0.017773700004909188,30
balanced_independent,0,scheduled_gain,1920,4.440892098500626e-16,2257472,0.01873640000121668,32
balanced_independent,0,scheduled_gain,2040,8.881784197001252e-16,2398536,0.01970070000970736,34
balanced_independent,0,scheduled_gain,2160,4.440892098500626e-16,2539600,0.020656100008636713,36
balanced_independent,0,scheduled_gain,2280,0.0,2680664,0.021928500034846365,38
balanced_independent,0,scheduled_gain,2400,4.440892098500626e-16,2821728,0.022918300004675984,40
balanced_independent,0,triggered_gain,0,28.767916123777322,448,3.300025127828121e-06,0
balanced_independent,0,triggered_gain,120,2.3254123433878195,122264,0.0009680999792180955,1
balanced_independent,0,triggered_gain,240,0.7106003153518041,224832,0.001915499975439161,1
balanced_independent,0,triggered_gain,360,0.08596799242592823,346648,0.0028617000207304955,2
balanced_independent,0,triggered_gain,480,0.009945808153805746,468464,0.0038001000066287816,3
balanced_independent,0,triggered_gain,600,0.0015524640153250502,590280,0.004742200020700693,4
balanced_independent,0,triggered_gain,720,0.0001952282072874567,712096,0.005730399978347123,5
balanced_independent,0,triggered_gain,840,3.773610933688332e-05,833912,0.006673800002317876,6
balanced_independent,0,triggered_gain,960,6.309488781219841e-06,955728,0.007651499996427447,7
balanced_independent,0,triggered_gain,1080,1.535039151345785e-06,1077544,0.00865999999223277,8
balanced_independent,0,triggered_gain,1200,3.211989740847798e-07,1199360,0.0096497000195086,9
balanced_independent,0,triggered_gain,1320,6.574892008615052e-08,1321176,0.010582200018689036,10
balanced_independent,0,triggered_gain,1440,1.411931460637561e-08,1442992,0.011508599971421063,11
balanced_independent,0,triggered_gain,1560,2.7685502779206672e-09,1564808,0.012423900014255196,12
balanced_independent,0,triggered_gain,1680,5.588889351315629e-10,1686624,0.01358019997132942,13
balanced_independent,0,triggered_gain,1800,1.4445733498291702e-10,1808440,0.01451230002567172,14
balanced_independent,0,triggered_gain,1920,3.5354830174583185e-11,1930256,0.015432199987117201,15
balanced_independent,0,triggered_gain,2040,7.856382211457458e-12,2052072,0.016345900017768145,16
balanced_independent,0,triggered_gain,2160,1.497024726404561e-12,2173888,0.017268399999011308,17
balanced_independent,0,triggered_gain,2280,3.241851231905457e-13,2295704,0.018212799972388893,18
balanced_independent,0,triggered_gain,2400,7.505107646466058e-14,2417520,0.019133699999656528,19
balanced_independent,1,uniform,0,24.162466066812307,448,3.100023604929447e-06,0
balanced_independent,1,uniform,120,2.617752889093535,103016,0.0009420000133104622,0
balanced_independent,1,uniform,240,2.388979093986814,205584,0.0018714000470936298,0
balanced_independent,1,uniform,360,0.10796214528201098,308152,0.002782299998216331,0
balanced_independent,1,uniform,480,0.011663521967844925,410720,0.003739900013897568,0
balanced_independent,1,uniform,600,0.0004824957278430908,513288,0.004652600036934018,0
balanced_independent,1,uniform,720,2.7484085471485287e-05,615856,0.00556940003298223,0
balanced_independent,1,uniform,840,1.5742680490760108e-05,718424,0.006477300019469112,0
balanced_independent,1,uniform,960,3.8959513570802073e-07,820992,0.007383900054264814,0
balanced_independent,1,uniform,1080,1.7976349742099273e-07,923560,0.008291400037705898,0
balanced_independent,1,uniform,1200,8.211698876436913e-09,1026128,0.009197400009725243,0
balanced_independent,1,uniform,1320,2.034854507115824e-09,1128696,0.010307300020940602,0
balanced_independent,1,uniform,1440,2.0935342348593622e-10,1231264,0.011787199997343123,0
balanced_independent,1,uniform,1560,8.829825759448795e-12,1333832,0.013632900023367256,0
balanced_independent,1,uniform,1680,5.170530670284279e-12,1436400,0.014609000005293638,0
balanced_independent,1,uniform,1800,4.747313653297169e-13,1538968,0.015590400027576834,0
balanced_independent,1,uniform,1920,4.8405723873656825e-14,1641536,0.01660460000857711,0
balanced_independent,1,uniform,2040,1.3322676295501878e-15,1744104,0.01780740002868697,0
balanced_independent,1,uniform,2160,0.0,1846672,0.018779700039885938,0
balanced_independent,1,uniform,2280,0.0,1949240,0.019734100031200796,0
balanced_independent,1,uniform,2400,0.0,2051808,0.020668900047894567,0
balanced_independent,1,lipschitz,0,24.162466066812307,448,3.300025127828121e-06,0
balanced_independent,1,lipschitz,120,3.996100411002968,103016,0.0009678000351414084,0
balanced_independent,1,lipschitz,240,2.411287125034838,205584,0.00193800003034994,0
balanced_independent,1,lipschitz,360,0.09521989664894104,308152,0.0029034000472165644,0
balanced_independent,1,lipschitz,480,0.010950853844022834,410720,0.0038270000368356705,0
balanced_independent,1,lipschitz,600,0.0006527852263524814,513288,0.004756600013934076,0
balanced_independent,1,lipschitz,720,3.980942983083935e-05,615856,0.005671899998560548,0
balanced_independent,1,lipschitz,840,2.2366668201545536e-05,718424,0.0065960000501945615,0
balanced_independent,1,lipschitz,960,4.521461045570163e-07,820992,0.0075178000261075795,0
balanced_independent,1,lipschitz,1080,1.1555765855320033e-07,923560,0.008438500051852316,0
balanced_independent,1,lipschitz,1200,5.635454325414457e-09,1026128,0.009354700043331832,0
balanced_independent,1,lipschitz,1320,6.83682443991529e-10,1128696,0.010275800013914704,0
balanced_independent,1,lipschitz,1440,5.7406968068107744e-11,1231264,0.011249000031966716,0
balanced_independent,1,lipschitz,1560,1.837641150359559e-12,1333832,0.01216840004781261,0
balanced_independent,1,lipschitz,1680,1.603162047558726e-13,1436400,0.013109000050462782,0
balanced_independent,1,lipschitz,1800,1.4210854715202004e-14,1538968,0.014046300027985126,0
balanced_independent,1,lipschitz,1920,0.0,1641536,0.014968800009228289,0
balanced_independent,1,lipschitz,2040,0.0,1744104,0.0158856000052765,0
balanced_independent,1,lipschitz,2160,4.440892098500626e-16,1846672,0.016806200030259788,0
balanced_independent,1,lipschitz,2280,0.0,1949240,0.0177170000388287,0
balanced_independent,1,lipschitz,2400,0.0,2051808,0.018636499997228384,0
balanced_independent,1,scheduled_gain,0,24.162466066812307,448,2.800021320581436e-06,0
balanced_independent,1,scheduled_gain,120,0.6840967064560508,141512,0.0009735000203363597,2
balanced_independent,1,scheduled_gain,240,0.026689246589192805,282576,0.0019505000091157854,4
balanced_independent,1,scheduled_gain,360,0.0020576095534341476,423640,0.0029352999990805984,6
balanced_independent,1,scheduled_gain,480,0.00010932528149298903,564704,0.003882799996063113,8
balanced_independent,1,scheduled_gain,600,6.126700633490856e-06,705768,0.004813999985344708,10
balanced_independent,1,scheduled_gain,720,4.553251846672879e-07,846832,0.00576060003368184,12
balanced_independent,1,scheduled_gain,840,2.2960837231522646e-08,987896,0.0066995000233873725,14
balanced_independent,1,scheduled_gain,960,1.4903216438710842e-09,1128960,0.007642699987627566,16
balanced_independent,1,scheduled_gain,1080,1.5203660552742804e-10,1270024,0.008574899984523654,18
balanced_independent,1,scheduled_gain,1200,1.2561507389818871e-11,1411088,0.009515599987935275,20
balanced_independent,1,scheduled_gain,1320,9.547918011776346e-13,1552152,0.010452500020619482,22
balanced_independent,1,scheduled_gain,1440,8.615330671091215e-14,1693216,0.011393800028599799,24
balanced_independent,1,scheduled_gain,1560,7.993605777301127e-15,1834280,0.012333500024396926,26
balanced_independent,1,scheduled_gain,1680,4.440892098500626e-16,1975344,0.013273900025524199,28
balanced_independent,1,scheduled_gain,1800,0.0,2116408,0.014212500012945384,30
balanced_independent,1,scheduled_gain,1920,4.440892098500626e-16,2257472,0.01514939998742193,32
balanced_independent,1,scheduled_gain,2040,0.0,2398536,0.016081999987363815,34
balanced_independent,1,scheduled_gain,2160,4.440892098500626e-16,2539600,0.01701640000101179,36
balanced_independent,1,scheduled_gain,2280,0.0,2680664,0.01798370003234595,38
balanced_independent,1,scheduled_gain,2400,0.0,2821728,0.018951900012325495,40
balanced_independent,1,triggered_gain,0,24.162466066812307,448,2.6999623514711857e-06,0
balanced_independent,1,triggered_gain,120,2.383014830135738,122264,0.0009537999867461622,1
balanced_independent,1,triggered_gain,240,0.8297041749257801,224832,0.001912799954880029,1
balanced_independent,1,triggered_gain,360,0.08757469957259456,346648,0.0028491999837569892,2
balanced_independent,1,triggered_gain,480,0.012188920974746331,468464,0.0038210999919101596,3
balanced_independent,1,triggered_gain,600,0.002603890298702005,590280,0.004756300011649728,4
balanced_independent,1,triggered_gain,720,0.0004221869033087522,712096,0.005730399978347123,5
balanced_independent,1,triggered_gain,840,0.00010371824633637061,833912,0.006667599955108017,6
balanced_independent,1,triggered_gain,960,2.6601795596548072e-05,955728,0.007592300011310726,7
balanced_independent,1,triggered_gain,1080,5.427771512245272e-06,1077544,0.00852059997851029,8
balanced_independent,1,triggered_gain,1200,1.0536024590557247e-06,1199360,0.00944069999968633,9
balanced_independent,1,triggered_gain,1320,2.1833744012766942e-07,1321176,0.010361499967984855,10
balanced_independent,1,triggered_gain,1440,4.462854796827287e-08,1442992,0.011284700012765825,11
balanced_independent,1,triggered_gain,1560,1.2448358788219593e-08,1564808,0.012214699992910028,12
balanced_independent,1,triggered_gain,1680,2.301946633309626e-09,1686624,0.013139699993189424,13
balanced_independent,1,triggered_gain,1800,4.2539527456142423e-10,1808440,0.014077699976041913,14
balanced_independent,1,triggered_gain,1920,9.044498483490315e-11,1930256,0.01501599996117875,15
balanced_independent,1,triggered_gain,2040,1.4485301846889342e-11,2052072,0.015943799982778728,16
balanced_independent,1,triggered_gain,2160,3.065103726385132e-12,2173888,0.016871700005140156,17
balanced_independent,1,triggered_gain,2280,7.003286839335487e-13,2295704,0.01779969997005537,18
balanced_independent,1,triggered_gain,2400,2.327027459614328e-13,2417520,0.018726299982517958,19
balanced_independent,2,uniform,0,31.76498611637578,448,2.7999631129205227e-06,0
balanced_independent,2,uniform,120,1.6209922883621957,103016,0.0009492000099271536,0
balanced_independent,2,uniform,240,0.10939480173204252,205584,0.001873800007160753,0
balanced_independent,2,uniform,360,0.014567580560081783,308152,0.002802399976644665,0
balanced_independent,2,uniform,480,0.011901862566435106,410720,0.003720099979545921,0
balanced_independent,2,uniform,600,0.00031106800272517887,513288,0.0046366999740712345,0
balanced_independent,2,uniform,720,5.64253806589754e-05,615856,0.005548699991777539,0
balanced_independent,2,uniform,840,4.227856561600518e-05,718424,0.006468200008384883,0
balanced_independent,2,uniform,960,5.624297640949294e-07,820992,0.007380599970929325,0
balanced_independent,2,uniform,1080,4.042143508797835e-08,923560,0.008298699976876378,0
balanced_independent,2,uniform,1200,1.942463301318753e-08,1026128,0.009211600001435727,0
balanced_independent,2,uniform,1320,1.7578777988802585e-08,1128696,0.010126099979970604,0
balanced_independent,2,uniform,1440,4.97001106936068e-10,1231264,0.011033999966457486,0
balanced_independent,2,uniform,1560,3.261488856765027e-10,1333832,0.011963099997956306,0
balanced_independent,2,uniform,1680,2.488587114157781e-11,1436400,0.01286759995855391,0
balanced_independent,2,uniform,1800,3.325340003357269e-12,1538968,0.013779899978544563,0
balanced_independent,2,uniform,1920,1.7763568394002505e-13,1641536,0.014745099993888289,0
balanced_independent,2,uniform,2040,1.509903313490213e-14,1744104,0.015656400006264448,0
balanced_independent,2,uniform,2160,2.220446049250313e-15,1846672,0.016598599962890148,0
balanced_independent,2,uniform,2280,1.3322676295501878e-15,1949240,0.017529600008856505,0
balanced_independent,2,uniform,2400,8.881784197001252e-16,2051808,0.01844429998891428,0
balanced_independent,2,lipschitz,0,31.76498611637578,448,2.6999623514711857e-06,0
balanced_independent,2,lipschitz,120,3.0322437678567082,103016,0.0009302999824285507,0
balanced_independent,2,lipschitz,240,0.10877924767963965,205584,0.0018458999693393707,0
balanced_independent,2,lipschitz,360,0.0067842927676662335,308152,0.0027640999760478735,0
balanced_independent,2,lipschitz,480,0.002991692652969391,410720,0.003691099991556257,0
balanced_independent,2,lipschitz,600,0.00014321350452162207,513288,0.0046159999910742044,0
balanced_independent,2,lipschitz,720,1.5795795043516137e-05,615856,0.005535100004635751,0
balanced_independent,2,lipschitz,840,8.476477644236979e-07,718424,0.006454099959228188,0
balanced_independent,2,lipschitz,960,1.1479174677475612e-07,820992,0.007362899952568114,0
balanced_independent,2,lipschitz,1080,2.547634014860023e-08,923560,0.008271200000308454,0
balanced_independent,2,lipschitz,1200,2.3925057490714607e-09,1026128,0.009197499952279031,0
balanced_independent,2,lipschitz,1320,2.318545355706192e-10,1128696,0.010110199975315481,0
balanced_independent,2,lipschitz,1440,1.4145129512144194e-11,1231264,0.011017699958756566,0
balanced_independent,2,lipschitz,1560,5.867306640539027e-12,1333832,0.011928799969609827,0
balanced_independent,2,lipschitz,1680,7.154277170684509e-13,1436400,0.012845199962612242,0
balanced_independent,2,lipschitz,1800,1.7719159473017498e-13,1538968,0.01376089995028451,0
balanced_independent,2,lipschitz,1920,2.1316282072803006e-14,1641536,0.014677200000733137,0
balanced_independent,2,lipschitz,2040,8.881784197001252e-16,1744104,0.015587400004733354,0
balanced_independent,2,lipschitz,2160,0.0,1846672,0.016501799982506782,0
balanced_independent,2,lipschitz,2280,0.0,1949240,0.01740899996366352,0
balanced_independent,2,lipschitz,2400,0.0,2051808,0.01831859996309504,0
balanced_independent,2,scheduled_gain,0,31.76498611637578,448,2.5999615900218487e-06,0
balanced_independent,2,scheduled_gain,120,0.4251777912445469,141512,0.0009455999825149775,2
balanced_independent,2,scheduled_gain,240,0.01289100431183332,282576,0.0018769999733194709,4
balanced_independent,2,scheduled_gain,360,0.0005549779175062497,423640,0.0028022999758832157,6
balanced_independent,2,scheduled_gain,480,2.795453638348988e-05,564704,0.003730199998244643,8
balanced_independent,2,scheduled_gain,600,1.5014792458245552e-06,705768,0.004654099990148097,10
balanced_independent,2,scheduled_gain,720,8.59644937456494e-08,846832,0.005580800003372133,12
balanced_independent,2,scheduled_gain,840,6.506284844221e-09,987896,0.006514800013974309,14
balanced_independent,2,scheduled_gain,960,3.1068614347873336e-10,1128960,0.008728399989195168,16
balanced_independent,2,scheduled_gain,1080,2.3065993559612252e-11,1270024,0.011094699962995946,18
balanced_independent,2,scheduled_gain,1200,1.5205614545266144e-12,1411088,0.013495999970473349,20
balanced_independent,2,scheduled_gain,1320,1.1013412404281553e-13,1552152,0.015551099961157888,22
balanced_independent,2,scheduled_gain,1440,9.769962616701378e-15,1693216,0.017012099968269467,24
balanced_independent,2,scheduled_gain,1560,4.440892098500626e-16,1834280,0.018127100018318743,26
balanced_independent,2,scheduled_gain,1680,0.0,1975344,0.019091199967078865,28
balanced_independent,2,scheduled_gain,1800,0.0,2116408,0.020015999965835363,30
balanced_independent,2,scheduled_gain,1920,0.0,2257472,0.020941399969160557,32
balanced_independent,2,scheduled_gain,2040,0.0,2398536,0.02186859998619184,34
balanced_independent,2,scheduled_gain,2160,0.0,2539600,0.02279469999484718,36
balanced_independent,2,scheduled_gain,2280,0.0,2680664,0.023716799973044544,38
balanced_independent,2,scheduled_gain,2400,0.0,2821728,0.024640000017825514,40
balanced_independent,2,triggered_gain,0,31.76498611637578,448,3.0999653972685337e-06,0
balanced_independent,2,triggered_gain,120,3.3803537807821584,122264,0.0009370999759994447,1
balanced_independent,2,triggered_gain,240,1.7733367928317518,224832,0.0018473999807611108,1
balanced_independent,2,triggered_gain,360,0.16255796626779828,346648,0.0027611999539658427,2
balanced_independent,2,triggered_gain,480,0.13477746139983093,449216,0.003662699949927628,2
balanced_independent,2,triggered_gain,600,0.01242685092286111,571032,0.004579000000376254,3
balanced_independent,2,triggered_gain,720,0.008641894016267138,673600,0.005490899959113449,3
balanced_independent,2,triggered_gain,840,0.0013807979374131918,795416,0.006401699967682362,4
balanced_independent,2,triggered_gain,960,0.0007739564718680647,897984,0.007309699954930693,4
balanced_independent,2,triggered_gain,1080,9.359649517381996e-05,1019800,0.008216499991249293,5
balanced_independent,2,triggered_gain,1200,8.091935215581714e-05,1122368,0.009117599984165281,5
balanced_independent,2,triggered_gain,1320,1.088688501482693e-05,1244184,0.010028099990449846,6
balanced_independent,2,triggered_gain,1440,7.234313934567638e-06,1346752,0.010931600001640618,6
balanced_independent,2,triggered_gain,1560,1.1135289383901181e-06,1468568,0.01183360000140965,7
balanced_independent,2,triggered_gain,1680,6.931305591706405e-07,1571136,0.01379369996720925,7
balanced_independent,2,triggered_gain,1800,1.0076910372802672e-07,1692952,0.01664719998370856,8
balanced_independent,2,triggered_gain,1920,6.705905164494652e-08,1795520,0.018485399952623993,8
balanced_independent,2,triggered_gain,2040,7.734151541427536e-09,1917336,0.01980739994905889,9
balanced_independent,2,triggered_gain,2160,5.5207687310598885e-09,2019904,0.020816999953240156,9
balanced_independent,2,triggered_gain,2280,8.985847621545417e-10,2141720,0.0217677999753505,10
balanced_independent,2,triggered_gain,2400,6.973825961154034e-10,2244288,0.02268349996302277,10
balanced_independent,3,uniform,0,27.202406399348924,448,3.00002284348011e-06,0
balanced_independent,3,uniform,120,1.1168842727290862,103016,0.0009417000110261142,0
balanced_independent,3,uniform,240,0.044623291794188,205584,0.0018545999773778021,0
balanced_independent,3,uniform,360,0.0012516043139223498,308152,0.0027743999962694943,0
balanced_independent,3,uniform,480,0.0001158566488936863,410720,0.003686400013975799,0
balanced_independent,3,uniform,600,1.186272496322971e-05,513288,0.00459600001340732,0
balanced_independent,3,uniform,720,1.9041954391063598e-06,615856,0.006197299982886761,0
balanced_independent,3,uniform,840,1.3143857557906813e-07,718424,0.008279500005301088,0
balanced_independent,3,uniform,960,1.1416886991355568e-08,820992,0.009239099978003651,0
balanced_independent,3,uniform,1080,8.737921497470325e-10,923560,0.010172899987082928,0
balanced_independent,3,uniform,1200,6.08209038688301e-10,1026128,0.01113430003169924,0
balanced_independent,3,uniform,1320,5.98858740374908e-11,1128696,0.012074500031303614,0
balanced_independent,3,uniform,1440,3.729905273530676e-12,1231264,0.013024499989114702,0
balanced_independent,3,uniform,1560,6.10178574333986e-13,1333832,0.013963699981104583,0
balanced_independent,3,uniform,1680,3.064215547965432e-14,1436400,0.01490339997690171,0
balanced_independent,3,uniform,1800,2.220446049250313e-14,1538968,0.015836099977605045,0
balanced_independent,3,uniform,1920,8.881784197001252e-16,1641536,0.016772800008766353,0
balanced_independent,3,uniform,2040,4.440892098500626e-16,1744104,0.017704700003378093,0
balanced_independent,3,uniform,2160,4.440892098500626e-16,1846672,0.018693900026846677,0
balanced_independent,3,uniform,2280,4.440892098500626e-16,1949240,0.019617400015704334,0
balanced_independent,3,uniform,2400,4.440892098500626e-16,2051808,0.02055710001150146,0
balanced_independent,3,lipschitz,0,27.202406399348924,448,3.5999692045152187e-06,0
balanced_independent,3,lipschitz,120,1.1355041229993499,103016,0.0009496000129729509,0
balanced_independent,3,lipschitz,240,0.037036503869888104,205584,0.001860200020018965,0
balanced_independent,3,lipschitz,360,0.0018477167431112385,308152,0.0028531000134535134,0
balanced_independent,3,lipschitz,480,0.000329765138735727,410720,0.003767099988181144,0
balanced_independent,3,lipschitz,600,1.0587400693928828e-05,513288,0.004711700021289289,0
balanced_independent,3,lipschitz,720,2.870526842890797e-07,615856,0.005625899997539818,0
balanced_independent,3,lipschitz,840,2.2397895094172782e-08,718424,0.006568300013896078,0
balanced_independent,3,lipschitz,960,1.4735501707718868e-09,820992,0.007487099966965616,0
balanced_independent,3,lipschitz,1080,1.9708545906382824e-10,923560,0.008410700014792383,0
balanced_independent,3,lipschitz,1200,2.1152857243578183e-11,1026128,0.009326200000941753,0
balanced_independent,3,lipschitz,1320,8.117950756059145e-13,1128696,0.010247799975331873,0
balanced_independent,3,lipschitz,1440,9.681144774731365e-14,1231264,0.011157099972479045,0
balanced_independent,3,lipschitz,1560,7.549516567451064e-15,1333832,0.012099699990358204,0
balanced_independent,3,lipschitz,1680,1.7763568394002505e-15,1436400,0.01302169996779412,0
balanced_independent,3,lipschitz,1800,0.0,1538968,0.014449400012381375,0
balanced_independent,3,lipschitz,1920,0.0,1641536,0.015883699990808964,0
balanced_independent,3,lipschitz,2040,0.0,1744104,0.0176727999933064,0
balanced_independent,3,lipschitz,2160,0.0,1846672,0.02006670000264421,0
balanced_independent,3,lipschitz,2280,4.440892098500626e-16,1949240,0.021832500002346933,0
balanced_independent,3,lipschitz,2400,0.0,2051808,0.022760699968785048,0
balanced_independent,3,scheduled_gain,0,27.202406399348924,448,3.00002284348011e-06,0
balanced_independent,3,scheduled_gain,120,0.5606215477761607,141512,0.000979500007815659,2
balanced_independent,3,scheduled_gain,240,0.02201912690407548,282576,0.0019469999824650586,4
balanced_independent,3,scheduled_gain,360,0.0015141881342066732,423640,0.0030035999952815473,6
balanced_independent,3,scheduled_gain,480,7.255408816053688e-05,564704,0.003970400022808462,8
balanced_independent,3,scheduled_gain,600,5.360799153475426e-06,705768,0.0051306000095792115,10
balanced_independent,3,scheduled_gain,720,2.180060518774951e-07,846832,0.006097099976614118,12
balanced_independent,3,scheduled_gain,840,8.016650898667876e-09,987896,0.0070531999808736145,14
balanced_independent,3,scheduled_gain,960,6.136917640731099e-10,1128960,0.008019000000786036,16
balanced_independent,3,scheduled_gain,1080,1.8399060053297944e-11,1270024,0.009081199998036027,18
balanced_independent,3,scheduled_gain,1200,9.952039192739903e-13,1411088,0.010100500017870218,20
balanced_independent,3,scheduled_gain,1320,4.707345624410664e-14,1552152,0.01108110003406182,22
balanced_independent,3,scheduled_gain,1440,2.6645352591003757e-15,1693216,0.012456800031941384,24
balanced_independent,3,scheduled_gain,1560,8.881784197001252e-16,1834280,0.013495300023350865,26
balanced_independent,3,scheduled_gain,1680,8.881784197001252e-16,1975344,0.014458400022704154,28
balanced_independent,3,scheduled_gain,1800,1.3322676295501878e-15,2116408,0.015420300012920052,30
balanced_independent,3,scheduled_gain,1920,1.3322676295501878e-15,2257472,0.01636880001751706,32
balanced_independent,3,scheduled_gain,2040,8.881784197001252e-16,2398536,0.017375600000377744,34
balanced_independent,3,scheduled_gain,2160,1.3322676295501878e-15,2539600,0.018375499988906085,36
balanced_independent,3,scheduled_gain,2280,8.881784197001252e-16,2680664,0.019359400030225515,38
balanced_independent,3,scheduled_gain,2400,1.3322676295501878e-15,2821728,0.02032940002391115,40
balanced_independent,3,triggered_gain,0,27.202406399348924,448,3.3999676816165447e-06,0
balanced_independent,3,triggered_gain,120,2.259340027361802,122264,0.0010577999637462199,1
balanced_independent,3,triggered_gain,240,1.4985172398681894,224832,0.002001299988478422,1
balanced_independent,3,triggered_gain,360,0.1762129989350245,346648,0.002980399993248284,2
balanced_independent,3,triggered_gain,480,0.13464091817438906,449216,0.00411579996580258,2
balanced_independent,3,triggered_gain,600,0.021232730712454906,571032,0.005063399963546544,3
balanced_independent,3,triggered_gain,720,0.018997531813154556,673600,0.005987899960018694,3
balanced_independent,3,triggered_gain,840,0.0031908577169814656,795416,0.0069537999806925654,4
balanced_independent,3,triggered_gain,960,0.0027411161794730354,897984,0.007902199984528124,4
balanced_independent,3,triggered_gain,1080,0.0005114681331042092,1019800,0.008838999958243221,5
balanced_independent,3,triggered_gain,1200,0.0004978363394263496,1122368,0.009776699997019023,5
balanced_independent,3,triggered_gain,1320,9.188601301479693e-05,1244184,0.010777799994684756,6
balanced_independent,3,triggered_gain,1440,8.619774059415164e-05,1346752,0.011797199957072735,6
balanced_independent,3,triggered_gain,1560,1.702548634341383e-05,1468568,0.012780099990777671,7
balanced_independent,3,triggered_gain,1680,1.477364361912592e-05,1571136,0.013806399947497994,7
balanced_independent,3,triggered_gain,1800,2.928142895708419e-06,1692952,0.014805499988142401,8
balanced_independent,3,triggered_gain,1920,2.14231922823771e-06,1795520,0.0157729999627918,8
balanced_independent,3,triggered_gain,2040,4.283746055655513e-07,1917336,0.01671399996848777,9
balanced_independent,3,triggered_gain,2160,3.300498985225886e-07,2019904,0.01765169994905591,9
balanced_independent,3,triggered_gain,2280,5.4446731567736606e-08,2141720,0.018593299959320575,10
balanced_independent,3,triggered_gain,2400,3.0655114002797745e-08,2244288,0.019551999983377755,10
balanced_independent,4,uniform,0,32.6068226667799,448,3.00002284348011e-06,0
balanced_independent,4,uniform,120,2.2554935584859397,103016,0.0009380000410601497,0
balanced_independent,4,uniform,240,0.07750507580854915,205584,0.0018857000395655632,0
balanced_independent,4,uniform,360,0.015438726713232764,308152,0.002806900010909885,0
balanced_independent,4,uniform,480,0.0013707558179896218,410720,0.0037450999952852726,0
balanced_independent,4,uniform,600,0.00030655849998195706,513288,0.004667300032451749,0
balanced_independent,4,uniform,720,5.114080390278275e-06,615856,0.005594699992798269,0
balanced_independent,4,uniform,840,4.2109307463178425e-07,718424,0.006509300030302256,0
balanced_independent,4,uniform,960,3.076995369610813e-08,820992,0.007428300043102354,0
balanced_independent,4,uniform,1080,4.218541516110008e-09,923560,0.008341800014022738,0
balanced_independent,4,uniform,1200,1.55756740838342e-10,1026128,0.00926610000897199,0
balanced_independent,4,uniform,1320,1.6202150732169684e-11,1128696,0.010183700011111796,0
balanced_independent,4,uniform,1440,5.986322548778844e-13,1231264,0.011106399993877858,0
balanced_independent,4,uniform,1560,7.061018436615996e-14,1333832,0.012019800022244453,0
balanced_independent,4,uniform,1680,3.1086244689504383e-15,1436400,0.012936800019815564,0
balanced_independent,4,uniform,1800,8.881784197001252e-16,1538968,0.013851099996827543,0
balanced_independent,4,uniform,1920,0.0,1641536,0.014772400027140975,0
balanced_independent,4,uniform,2040,0.0,1744104,0.015689200023189187,0
balanced_independent,4,uniform,2160,0.0,1846672,0.01660720002837479,0
balanced_independent,4,uniform,2280,0.0,1949240,0.017523800022900105,0
balanced_independent,4,uniform,2400,0.0,2051808,0.018438900006003678,0
balanced_independent,4,lipschitz,0,32.6068226667799,448,2.500019036233425e-06,0
balanced_independent,4,lipschitz,120,2.1505558700234575,103016,0.0009311999892815948,0
balanced_independent,4,lipschitz,240,0.09461603450397504,205584,0.0018488999921828508,0
balanced_independent,4,lipschitz,360,0.00584999312193446,308152,0.0027543000178411603,0
balanced_independent,4,lipschitz,480,0.0014921265814509255,410720,0.003659099980723113,0
balanced_independent,4,lipschitz,600,9.542691047803586e-05,513288,0.004563199996482581,0
balanced_independent,4,lipschitz,720,3.5985382487169204e-06,615856,0.005472899996675551,0
balanced_independent,4,lipschitz,840,2.052583258027596e-06,718424,0.0063732999842613935,0
balanced_independent,4,lipschitz,960,4.445253054541354e-08,820992,0.007340100011788309,0
balanced_independent,4,lipschitz,1080,1.0101685266050708e-08,923560,0.008242500014603138,0
balanced_independent,4,lipschitz,1200,3.6366598621384583e-10,1026128,0.009187599993310869,0
balanced_independent,4,lipschitz,1320,4.0168757209357864e-11,1128696,0.010123500018380582,0
balanced_independent,4,lipschitz,1440,1.2301271112846734e-12,1231264,0.011039900011382997,0
balanced_independent,4,lipschitz,1560,6.128431095930864e-14,1333832,0.011966400023084134,0
balanced_independent,4,lipschitz,1680,1.0658141036401503e-14,1436400,0.012884099967777729,0
balanced_independent,4,lipschitz,1800,8.881784197001252e-16,1538968,0.013817599974572659,0
balanced_independent,4,lipschitz,1920,4.440892098500626e-16,1641536,0.014731000002939254,0
balanced_independent,4,lipschitz,2040,0.0,1744104,0.0156680999789387,0
balanced_independent,4,lipschitz,2160,4.440892098500626e-16,1846672,0.016585699981078506,0
balanced_independent,4,lipschitz,2280,4.440892098500626e-16,1949240,0.017517299973405898,0
balanced_independent,4,lipschitz,2400,8.881784197001252e-16,2051808,0.018437699996866286,0
balanced_independent,4,scheduled_gain,0,32.6068226667799,448,2.600019797682762e-06,0
balanced_independent,4,scheduled_gain,120,0.6003997066987576,141512,0.0009632000001147389,2
balanced_independent,4,scheduled_gain,240,0.021146188795268195,282576,0.0018952999962493777,4
balanced_independent,4,scheduled_gain,360,0.0011089253309357616,423640,0.0028282999992370605,6
balanced_independent,4,scheduled_gain,480,8.184055044369032e-05,564704,0.003750300034880638,8
balanced_independent,4,scheduled_gain,600,1.0856892108002114e-05,705768,0.004678500001318753,10
balanced_independent,4,scheduled_gain,720,9.499263375900568e-07,846832,0.005602499993983656,12
balanced_independent,4,scheduled_gain,840,8.895973913070065e-08,987896,0.006524000025819987,14
balanced_independent,4,scheduled_gain,960,8.842593768321194e-09,1128960,0.007439400011207908,16
balanced_independent,4,scheduled_gain,1080,5.789764223607108e-10,1270024,0.008360100036952645,18
balanced_independent,4,scheduled_gain,1200,5.481837206389173e-11,1411088,0.009284800034947693,20
balanced_independent,4,scheduled_gain,1320,4.330757974457811e-12,1552152,0.0102024000370875,22
balanced_independent,4,scheduled_gain,1440,5.018208071305708e-13,1693216,0.011125600023660809,24
balanced_independent,4,scheduled_gain,1560,5.240252676230739e-14,1834280,0.012041600013617426,26
balanced_independent,4,scheduled_gain,1680,4.440892098500626e-15,1975344,0.012962500040885061,28
balanced_independent,4,scheduled_gain,1800,8.881784197001252e-16,2116408,0.013882800005376339,30
balanced_independent,4,scheduled_gain,1920,4.440892098500626e-16,2257472,0.01480280002579093,32
balanced_independent,4,scheduled_gain,2040,8.881784197001252e-16,2398536,0.015717800008133054,34
balanced_independent,4,scheduled_gain,2160,8.881784197001252e-16,2539600,0.01664020004682243,36
balanced_independent,4,scheduled_gain,2280,4.440892098500626e-16,2680664,0.018439600011333823,38
balanced_independent,4,scheduled_gain,2400,4.440892098500626e-16,2821728,0.020913300046231598,40
balanced_independent,4,triggered_gain,0,32.6068226667799,448,7.099995855242014e-06,0
balanced_independent,4,triggered_gain,120,3.1446957764611536,122264,0.002528599987272173,1
balanced_independent,4,triggered_gain,240,2.3225330112348983,224832,0.005501399980857968,1
balanced_independent,4,triggered_gain,360,0.3945327022338265,346648,0.007811899995431304,2
balanced_independent,4,triggered_gain,480,0.3271405126294189,449216,0.009452899976167828,2
balanced_independent,4,triggered_gain,600,0.06090987788014246,571032,0.0107475999975577,3
balanced_independent,4,triggered_gain,720,0.03452372235116963,673600,0.011788200004957616,3
balanced_independent,4,triggered_gain,840,0.005940308988053644,795416,0.012711999996099621,4
balanced_independent,4,triggered_gain,960,0.004328726239392289,897984,0.013623399951029569,4
balanced_independent,4,triggered_gain,1080,0.0006700821264042922,1019800,0.014584599994122982,5
balanced_independent,4,triggered_gain,1200,0.0006637659961512554,1122368,0.015542099950835109,5
balanced_independent,4,triggered_gain,1320,0.0001350993420539126,1244184,0.016503999999258667,6
balanced_independent,4,triggered_gain,1440,0.00010768388370774318,1346752,0.0174233999568969,6
balanced_independent,4,triggered_gain,1560,2.0264041605155825e-05,1468568,0.018418399966321886,7
balanced_independent,4,triggered_gain,1680,1.1118006562949034e-05,1571136,0.01933349994942546,7
balanced_independent,4,triggered_gain,1800,2.2297740818189027e-06,1692952,0.02026530000148341,8
balanced_independent,4,triggered_gain,1920,1.9469108698544346e-06,1795520,0.021201999974437058,8
balanced_independent,4,triggered_gain,2040,4.0000146839247464e-07,1917336,0.02214999997522682,9
balanced_independent,4,triggered_gain,2160,3.5291591826691615e-07,2019904,0.023060099978465587,9
balanced_independent,4,triggered_gain,2280,9.116655030894094e-08,2141720,0.023986899992451072,10
balanced_independent,4,triggered_gain,2400,7.408336788472525e-08,2244288,0.02489999996032566,10
balanced_independent,5,uniform,0,24.247718561444692,448,2.8999638743698597e-06,0
balanced_independent,5,uniform,120,0.3983288771845337,103016,0.000935099960770458,0
balanced_independent,5,uniform,240,0.022579499299109518,205584,0.001881800009869039,0
balanced_independent,5,uniform,360,0.0017533203632882355,308152,0.0027987000066787004,0
balanced_independent,5,uniform,480,0.00015883374786351823,410720,0.0037403999594971538,0
balanced_independent,5,uniform,600,1.200470061757386e-05,513288,0.004673599964007735,0
balanced_independent,5,uniform,720,5.552980697487442e-07,615856,0.005612999957520515,0
balanced_independent,5,uniform,840,6.817267683700834e-08,718424,0.006529899954330176,0
balanced_independent,5,uniform,960,5.8502278577066136e-09,820992,0.007438600005116314,0
balanced_independent,5,uniform,1080,2.0541301992693661e-10,923560,0.008346999995410442,0
balanced_independent,5,uniform,1200,1.0476508549572827e-11,1026128,0.010344799957238138,0
balanced_independent,5,uniform,1320,2.1675994332781556e-12,1128696,0.012651900004129857,0
balanced_independent,5,uniform,1440,5.995204332975845e-14,1231264,0.014817899966146797,0
balanced_independent,5,uniform,1560,3.9968028886505635e-15,1333832,0.016374200000427663,0
balanced_independent,5,uniform,1680,8.881784197001252e-16,1436400,0.017583400011062622,0
balanced_independent,5,uniform,1800,8.881784197001252e-16,1538968,0.018583500001113862,0
balanced_independent,5,uniform,1920,8.881784197001252e-16,1641536,0.01949499995680526,0
balanced_independent,5,uniform,2040,4.440892098500626e-16,1744104,0.020408599986694753,0
balanced_independent,5,uniform,2160,4.440892098500626e-16,1846672,0.02131429995642975,0
balanced_independent,5,uniform,2280,4.440892098500626e-16,1949240,0.023005499970167875,0
balanced_independent,5,uniform,2400,4.440892098500626e-16,2051808,0.025506499980110675,0
balanced_independent,5,lipschitz,0,24.247718561444692,448,7.599999662488699e-06,0
balanced_independent,5,lipschitz,120,0.39602512943265067,103016,0.0019792999955825508,0
balanced_independent,5,lipschitz,240,0.020466941061720423,205584,0.0034796999534592032,0
balanced_independent,5,lipschitz,360,0.002400369299559113,308152,0.004694599949289113,0
balanced_independent,5,lipschitz,480,0.0009045649081942386,410720,0.0057122999569401145,0
balanced_independent,5,lipschitz,600,1.829465812752673e-05,513288,0.006642199994530529,0
balanced_independent,5,lipschitz,720,9.324359573348318e-07,615856,0.00755609996849671,0
balanced_independent,5,lipschitz,840,8.355141867255611e-08,718424,0.008507799997460097,0
balanced_independent,5,lipschitz,960,2.5479726328825336e-08,820992,0.009426699951291084,0
balanced_independent,5,lipschitz,1080,5.998512797589228e-10,923560,0.010363199980929494,0
balanced_independent,5,lipschitz,1200,3.269517989679116e-11,1026128,0.011279899976216257,0
balanced_independent,5,lipschitz,1320,7.085443343157749e-12,1128696,0.012203199963551015,0
balanced_independent,5,lipschitz,1440,1.9539925233402755e-13,1231264,0.013131099985912442,0
balanced_independent,5,lipschitz,1560,1.8207657603852567e-14,1333832,0.014066699950490147,0
balanced_independent,5,lipschitz,1680,4.440892098500626e-16,1436400,0.014986099966336042,0
balanced_independent,5,lipschitz,1800,0.0,1538968,0.015908899949863553,0
balanced_independent,5,lipschitz,1920,0.0,1641536,0.01682509999955073,0
balanced_independent,5,lipschitz,2040,0.0,1744104,0.017745399964042008,0
balanced_independent,5,lipschitz,2160,0.0,1846672,0.018664699979126453,0
balanced_independent,5,lipschitz,2280,0.0,1949240,0.01958059996832162,0
balanced_independent,5,lipschitz,2400,0.0,2051808,0.02054689999204129,0
balanced_independent,5,scheduled_gain,0,24.247718561444692,448,2.700020559132099e-06,0
balanced_independent,5,scheduled_gain,120,0.8372697182748032,141512,0.0009684999822638929,2
balanced_independent,5,scheduled_gain,240,0.026814948641913805,282576,0.0018995000282302499,4
balanced_independent,5,scheduled_gain,360,0.0009280128509474572,423640,0.0028575999895110726,6
balanced_independent,5,scheduled_gain,480,2.87773212259701e-05,564704,0.0037967999815009534,8
balanced_independent,5,scheduled_gain,600,1.2781913834025715e-06,705768,0.004722999990917742,10
balanced_independent,5,scheduled_gain,720,4.777412287992888e-08,846832,0.0056520000216551125,12
balanced_independent,5,scheduled_gain,840,3.7040592815174023e-09,987896,0.006575700012035668,14
balanced_independent,5,scheduled_gain,960,3.3482860928302216e-10,1128960,0.007502100022975355,16
balanced_independent,5,scheduled_gain,1080,3.1445956949482934e-11,1270024,0.008432200003881007,18
balanced_independent,5,scheduled_gain,1200,2.914557484245961e-12,1411088,0.009493499994277954,20
balanced_independent,5,scheduled_gain,1320,1.9584334154387761e-13,1552152,0.01045719999819994,22
balanced_independent,5,scheduled_gain,1440,1.9539925233402755e-14,1693216,0.011394300032407045,24
balanced_independent,5,scheduled_gain,1560,2.6645352591003757e-15,1834280,0.012347400013823062,26
balanced_independent,5,scheduled_gain,1680,8.881784197001252e-16,1975344,0.013282200030516833,28
balanced_independent,5,scheduled_gain,1800,8.881784197001252e-16,2116408,0.014223699981812388,30
balanced_independent,5,scheduled_gain,1920,8.881784197001252e-16,2257472,0.015194100036751479,32
balanced_independent,5,scheduled_gain,2040,8.881784197001252e-16,2398536,0.016129600000567734,34
balanced_independent,5,scheduled_gain,2160,4.440892098500626e-16,2539600,0.017085600004065782,36
balanced_independent,5,scheduled_gain,2280,4.440892098500626e-16,2680664,0.018037600035313517,38
balanced_independent,5,scheduled_gain,2400,8.881784197001252e-16,2821728,0.018975800019688904,40
balanced_independent,5,triggered_gain,0,24.247718561444692,448,2.700020559132099e-06,0
balanced_independent,5,triggered_gain,120,1.9264718814687023,122264,0.0009479000000283122,1
balanced_independent,5,triggered_gain,240,0.47856194604642877,224832,0.001857499999459833,1
balanced_independent,5,triggered_gain,360,0.05525650589853193,346648,0.002777600020635873,2
balanced_independent,5,triggered_gain,480,0.007816388878029823,468464,0.0036893999786116183,3
balanced_independent,5,triggered_gain,600,0.0011665894130992172,590280,0.004604100016877055,4
balanced_independent,5,triggered_gain,720,0.00016888503219369966,712096,0.005530599970370531,5
balanced_independent,5,triggered_gain,840,3.401468317587586e-05,833912,0.006466299993917346,6
balanced_independent,5,triggered_gain,960,4.792634947126118e-06,955728,0.007391099992673844,7
balanced_independent,5,triggered_gain,1080,8.538810321034873e-07,1077544,0.008312000019941479,8
balanced_independent,5,triggered_gain,1200,1.7120137441040129e-07,1199360,0.009237299964297563,9
balanced_independent,5,triggered_gain,1320,2.8014401465270566e-08,1321176,0.010164699982851744,10
balanced_independent,5,triggered_gain,1440,4.686101728879066e-09,1442992,0.011079100018832833,11
balanced_independent,5,triggered_gain,1560,7.784222155748921e-10,1564808,0.011993099993560463,12
balanced_independent,5,triggered_gain,1680,1.364539592429992e-10,1686624,0.012911099998746067,13
balanced_independent,5,triggered_gain,1800,3.267563997155776e-11,1808440,0.013823200017213821,14
balanced_independent,5,triggered_gain,1920,6.042721878429802e-12,1930256,0.01474479999160394,15
balanced_independent,5,triggered_gain,2040,1.2327916465437738e-12,2052072,0.01566340000135824,16
balanced_independent,5,triggered_gain,2160,2.5224267119483557e-13,2173888,0.01657889998750761,17
balanced_independent,5,triggered_gain,2280,3.9968028886505635e-14,2295704,0.017490700003691018,18
balanced_independent,5,triggered_gain,2400,1.0658141036401503e-14,2417520,0.018407800002023578,19
balanced_independent,6,uniform,0,22.521416477727392,448,2.6999623514711857e-06,0
balanced_independent,6,uniform,120,0.6382783372102345,103016,0.0009257999481633306,0
balanced_independent,6,uniform,240,0.02953420462682077,205584,0.00182819995097816,0
balanced_independent,6,uniform,360,0.000723258298030327,308152,0.0027462999569252133,0
balanced_independent,6,uniform,480,0.0003213181201293658,410720,0.003653299994766712,0
balanced_independent,6,uniform,600,7.118354988566722e-06,513288,0.004597999970428646,0
balanced_independent,6,uniform,720,3.1637451636257197e-07,615856,0.0055333999916911125,0
balanced_independent,6,uniform,840,1.4261563929807153e-08,718424,0.006453199952375144,0
balanced_independent,6,uniform,960,8.298832732123174e-10,820992,0.00742569996509701,0
balanced_independent,6,uniform,1080,7.289147063715973e-11,923560,0.008362699998542666,0
balanced_independent,6,uniform,1200,1.3166800982844507e-11,1026128,0.009286899992730469,0
balanced_independent,6,uniform,1320,3.672617765460018e-13,1128696,0.010201799974311143,0
balanced_independent,6,uniform,1440,3.2862601528904634e-14,1231264,0.011107199999969453,0
balanced_independent,6,uniform,1560,4.440892098500626e-15,1333832,0.012017999950330704,0
balanced_independent,6,uniform,1680,0.0,1436400,0.012922699970658869,0
balanced_independent,6,uniform,1800,0.0,1538968,0.013827199989464134,0
balanced_independent,6,uniform,1920,0.0,1641536,0.01473599998280406,0
balanced_independent,6,uniform,2040,0.0,1744104,0.015637299977242947,0
balanced_independent,6,uniform,2160,0.0,1846672,0.016539999982342124,0
balanced_independent,6,uniform,2280,0.0,1949240,0.017445199948269874,0
balanced_independent,6,uniform,2400,0.0,2051808,0.01835089997621253,0
balanced_independent,6,lipschitz,0,22.521416477727392,448,2.6999623514711857e-06,0
balanced_independent,6,lipschitz,120,0.6587905239322969,103016,0.0009131999686360359,0
balanced_independent,6,lipschitz,240,0.03261484808312343,205584,0.0018099999870173633,0
balanced_independent,6,lipschitz,360,0.004777194204373281,308152,0.0027062000008299947,0
balanced_independent,6,lipschitz,480,0.0024216463514314945,410720,0.0036084000021219254,0
balanced_independent,6,lipschitz,600,5.704755229940517e-05,513288,0.0045044999569654465,0
balanced_independent,6,lipschitz,720,6.15120258284918e-06,615856,0.005402699986007065,0
balanced_independent,6,lipschitz,840,1.6027647786742705e-07,718424,0.006300499953795224,0
balanced_independent,6,lipschitz,960,1.633242829868209e-08,820992,0.0071989999851211905,0
balanced_independent,6,lipschitz,1080,9.157231417589173e-09,923560,0.008096000005025417,0
balanced_independent,6,lipschitz,1200,3.790323610530777e-10,1026128,0.00899489998118952,0
balanced_independent,6,lipschitz,1320,7.168488025399711e-12,1128696,0.009896599978674203,0
balanced_independent,6,lipschitz,1440,3.4772185131259903e-13,1231264,0.010797199967782944,0
balanced_independent,6,lipschitz,1560,7.593925488436071e-14,1333832,0.011694699991494417,0
balanced_independent,6,lipschitz,1680,1.199040866595169e-14,1436400,0.01259800000116229,0
balanced_independent,6,lipschitz,1800,2.220446049250313e-15,1538968,0.013495499966666102,0
balanced_independent,6,lipschitz,1920,8.881784197001252e-16,1641536,0.014390299969818443,0
balanced_independent,6,lipschitz,2040,4.440892098500626e-16,1744104,0.015354199975263327,0
balanced_independent,6,lipschitz,2160,8.881784197001252e-16,1846672,0.01784759998554364,0
balanced_independent,6,lipschitz,2280,1.3322676295501878e-15,1949240,0.020586600003298372,0
balanced_independent,6,lipschitz,2400,1.3322676295501878e-15,2051808,0.022666499949991703,0
balanced_independent,6,scheduled_gain,0,22.521416477727392,448,5.799985956400633e-06,0
balanced_independent,6,scheduled_gain,120,0.4915576970928903,141512,0.0014663999900221825,2
balanced_independent,6,scheduled_gain,240,0.021608467198177106,282576,0.0025536000030115247,4
balanced_independent,6,scheduled_gain,360,0.001385773477462049,423640,0.0034899000311270356,6
balanced_independent,6,scheduled_gain,480,5.8980839241939975e-05,564704,0.004428200016263872,8
balanced_independent,6,scheduled_gain,600,5.057429648847034e-06,705768,0.005365499993786216,10
balanced_independent,6,scheduled_gain,720,2.889100869651884e-07,846832,0.006304999988060445,12
balanced_independent,6,scheduled_gain,840,1.1621834605790582e-08,987896,0.007247400004416704,14
balanced_independent,6,scheduled_gain,960,4.060933811445011e-10,1128960,0.008183300029486418,16
balanced_independent,6,scheduled_gain,1080,2.559819023417731e-11,1270024,0.01068970002233982,18
balanced_independent,6,scheduled_gain,1200,1.7887913372760522e-12,1411088,0.013028600020334125,20
balanced_independent,6,scheduled_gain,1320,8.837375276016246e-14,1552152,0.015342200000304729,22
balanced_independent,6,scheduled_gain,1440,4.884981308350689e-15,1693216,0.016547200037166476,24
balanced_independent,6,scheduled_gain,1560,4.440892098500626e-16,1834280,0.017468800011556596,26
balanced_independent,6,scheduled_gain,1680,0.0,1975344,0.018387500022072345,28
balanced_independent,6,scheduled_gain,1800,0.0,2116408,0.01930689997971058,30
balanced_independent,6,scheduled_gain,1920,8.881784197001252e-16,2257472,0.020223000028636307,32
balanced_independent,6,scheduled_gain,2040,8.881784197001252e-16,2398536,0.021140100026968867,34
balanced_independent,6,scheduled_gain,2160,8.881784197001252e-16,2539600,0.022057000023778528,36
balanced_independent,6,scheduled_gain,2280,8.881784197001252e-16,2680664,0.022978599998168647,38
balanced_independent,6,scheduled_gain,2400,1.3322676295501878e-15,2821728,0.023898000014014542,40
balanced_independent,6,triggered_gain,0,22.521416477727392,448,2.6999623514711857e-06,0
balanced_independent,6,triggered_gain,120,2.427942045603291,122264,0.0009328000014647841,1
balanced_independent,6,triggered_gain,240,1.514764228448629,224832,0.0018662000074982643,1
balanced_independent,6,triggered_gain,360,0.11230594756857482,346648,0.0028132000006735325,2
balanced_independent,6,triggered_gain,480,0.07361745979836387,449216,0.0037192999734543264,2
balanced_independent,6,triggered_gain,600,0.010213677392106657,571032,0.004664200008846819,3
balanced_independent,6,triggered_gain,720,0.009139779298239059,673600,0.005581500008702278,3
balanced_independent,6,triggered_gain,840,0.001494632230453874,795416,0.006508399965241551,4
balanced_independent,6,triggered_gain,960,0.001302657034846888,897984,0.0074210999882780015,4
balanced_independent,6,triggered_gain,1080,0.00023012444457481962,1019800,0.008347700000740588,5
balanced_independent,6,triggered_gain,1200,0.0002233300874352473,1122368,0.009261699975468218,5
balanced_independent,6,triggered_gain,1320,3.653229900191235e-05,1244184,0.010180599987506866,6
balanced_independent,6,triggered_gain,1440,3.21691598190732e-05,1346752,0.011093600012827665,6
balanced_independent,6,triggered_gain,1560,5.784805064745768e-06,1468568,0.012008699995931238,7
balanced_independent,6,triggered_gain,1680,5.25258822303698e-06,1571136,0.012920400011353195,7
balanced_independent,6,triggered_gain,1800,1.1433547579819958e-06,1692952,0.01383810001425445,8
balanced_independent,6,triggered_gain,1920,9.544353472001887e-07,1795520,0.014747200009878725,8
balanced_independent,6,triggered_gain,2040,2.2131856036722297e-07,1917336,0.01566480001201853,9
balanced_independent,6,triggered_gain,2160,1.8647135435756468e-07,2019904,0.017560400010552257,9
balanced_independent,6,triggered_gain,2280,3.8136964697343956e-08,2141720,0.01994550001109019,10
balanced_independent,6,triggered_gain,2400,3.592022990162036e-08,2244288,0.02188789995852858,10
balanced_independent,7,uniform,0,21.535782521704903,448,5.300040356814861e-06,0
balanced_independent,7,uniform,120,0.5921874568708017,103016,0.0013628000160679221,0
balanced_independent,7,uniform,240,0.01974214374239258,205584,0.002440100011881441,0
balanced_independent,7,uniform,360,0.0025782227353068343,308152,0.003369400044903159,0
balanced_independent,7,uniform,480,0.0003541512019609172,410720,0.004301000037230551,0
balanced_independent,7,uniform,600,3.9821879366019886e-05,513288,0.005216500023379922,0
balanced_independent,7,uniform,720,2.1786978088300657e-06,615856,0.006146500003524125,0
balanced_independent,7,uniform,840,4.532148603075825e-07,718424,0.007057100010570139,0
balanced_independent,7,uniform,960,6.573427402400966e-08,820992,0.007969000027514994,0
balanced_independent,7,uniform,1080,5.6925104630067835e-09,923560,0.008920299995224923,0
balanced_independent,7,uniform,1200,9.540221945769645e-10,1026128,0.00991940003586933,0
balanced_independent,7,uniform,1320,1.259388149321694e-10,1128696,0.01083929999731481,0
balanced_independent,7,uniform,1440,6.763212212490544e-11,1231264,0.011763700051233172,0
balanced_independent,7,uniform,1560,4.0745185003743245e-12,1333832,0.012698400008957833,0
balanced_independent,7,uniform,1680,2.7977620220553945e-13,1436400,0.013631300011184067,0
balanced_independent,7,uniform,1800,1.8207657603852567e-14,1538968,0.014538500050548464,0
balanced_independent,7,uniform,1920,3.9968028886505635e-15,1641536,0.015449900005478412,0
balanced_independent,7,uniform,2040,0.0,1744104,0.016355100029613823,0
balanced_independent,7,uniform,2160,0.0,1846672,0.017266200040467083,0
balanced_independent,7,uniform,2280,0.0,1949240,0.01817180000944063,0
balanced_independent,7,uniform,2400,0.0,2051808,0.019078100041951984,0
balanced_independent,7,lipschitz,0,21.535782521704903,448,2.500019036233425e-06,0
balanced_independent,7,lipschitz,120,1.6112467903786136,103016,0.0009192000143229961,0
balanced_independent,7,lipschitz,240,0.46628054399492447,205584,0.0018260999931953847,0
balanced_independent,7,lipschitz,360,0.03418121733547119,308152,0.002726699982304126,0
balanced_independent,7,lipschitz,480,0.001840943495720726,410720,0.003631600004155189,0
balanced_independent,7,lipschitz,600,0.00019595286212448215,513288,0.004536899970844388,0
balanced_independent,7,lipschitz,720,1.8632727345924138e-05,615856,0.005444600014016032,0
balanced_independent,7,lipschitz,840,3.5517381737903975e-06,718424,0.006347400019876659,0
balanced_independent,7,lipschitz,960,2.785781894054651e-07,820992,0.007247300003655255,0
balanced_independent,7,lipschitz,1080,4.830335642580508e-08,923560,0.008160799974575639,0
balanced_independent,7,lipschitz,1200,1.4301422268658825e-09,1026128,0.009062499972060323,0
balanced_independent,7,lipschitz,1320,2.47851961177048e-10,1128696,0.009967399993911386,0
balanced_independent,7,lipschitz,1440,1.482014511111629e-11,1231264,0.010868399986065924,0
balanced_independent,7,lipschitz,1560,2.2182256032010628e-12,1333832,0.011776999977882951,0
balanced_independent,7,lipschitz,1680,3.6060043839825084e-13,1436400,0.012676900019869208,0
balanced_independent,7,lipschitz,1800,3.730349362740526e-14,1538968,0.013575399992987514,0
balanced_independent,7,lipschitz,1920,1.3766765505351941e-14,1641536,0.014475399977527559,0
balanced_independent,7,lipschitz,2040,8.881784197001252e-16,1744104,0.015373900008853525,0
balanced_independent,7,lipschitz,2160,0.0,1846672,0.016274499997962266,0
balanced_independent,7,lipschitz,2280,0.0,1949240,0.017172499967273325,0
balanced_independent,7,lipschitz,2400,0.0,2051808,0.018073700019158423,0
balanced_independent,7,scheduled_gain,0,21.535782521704903,448,2.6999623514711857e-06,0
balanced_independent,7,scheduled_gain,120,0.5300093960829697,141512,0.0009360999683849514,2
balanced_independent,7,scheduled_gain,240,0.01704455553946449,282576,0.001902499992866069,4
balanced_independent,7,scheduled_gain,360,0.0007614168358234252,423640,0.0028542999643832445,6
balanced_independent,7,scheduled_gain,480,5.402394564191226e-05,564704,0.0038408999680541456,8
balanced_independent,7,scheduled_gain,600,6.220836120895967e-06,705768,0.004768699989654124,10
balanced_independent,7,scheduled_gain,720,5.322859126799528e-07,846832,0.005688200006261468,12
balanced_independent,7,scheduled_gain,840,4.9373055865942206e-08,987896,0.006639999977778643,14
balanced_independent,7,scheduled_gain,960,5.25846477472669e-09,1128960,0.007588099979329854,16
balanced_independent,7,scheduled_gain,1080,6.31652063987076e-10,1270024,0.00851909996708855,18
balanced_independent,7,scheduled_gain,1200,9.886713669970959e-11,1411088,0.009447999997064471,20
balanced_independent,7,scheduled_gain,1320,8.839151632855646e-12,1552152,0.010372399992775172,22
balanced_independent,7,scheduled_gain,1440,1.2221335055073723e-12,1693216,0.011300299956928939,24
balanced_independent,7,scheduled_gain,1560,1.6431300764452317e-13,1834280,0.012220899981912225,26
balanced_independent,7,scheduled_gain,1680,1.509903313490213e-14,1975344,0.013149600010365248,28
balanced_independent,7,scheduled_gain,1800,1.7763568394002505e-15,2116408,0.014076999970711768,30
balanced_independent,7,scheduled_gain,1920,0.0,2257472,0.014999999955762178,32
balanced_independent,7,scheduled_gain,2040,0.0,2398536,0.01591999997617677,34
balanced_independent,7,scheduled_gain,2160,0.0,2539600,0.016847799997776747,36
balanced_independent,7,scheduled_gain,2280,0.0,2680664,0.017772299994248897,38
balanced_independent,7,scheduled_gain,2400,0.0,2821728,0.018695499980822206,40
balanced_independent,7,triggered_gain,0,21.535782521704903,448,2.600019797682762e-06,0
balanced_independent,7,triggered_gain,120,2.690099411481781,122264,0.0009183000074699521,1
balanced_independent,7,triggered_gain,240,1.1391346257110024,224832,0.0018183000502176583,1
balanced_independent,7,triggered_gain,360,0.12004003154742282,346648,0.002733200031798333,2
balanced_independent,7,triggered_gain,480,0.09567534687641821,449216,0.0036365000414662063,2
balanced_independent,7,triggered_gain,600,0.01963103363138785,571032,0.004546100040897727,3
balanced_independent,7,triggered_gain,720,0.01688399088729131,673600,0.005444500013254583,3
balanced_independent,7,triggered_gain,840,0.0040759516734847345,795416,0.006357800040859729,4
balanced_independent,7,triggered_gain,960,0.003019354598319701,897984,0.007260800048243254,4
balanced_independent,7,triggered_gain,1080,0.0006095661474621039,1019800,0.008175300026778132,5
balanced_independent,7,triggered_gain,1200,0.0004494658735119117,1122368,0.009075600013602525,5
balanced_independent,7,triggered_gain,1320,9.353970030900882e-05,1244184,0.009989600046537817,6
balanced_independent,7,triggered_gain,1440,5.709675973086803e-05,1346752,0.010893700004089624,6
balanced_independent,7,triggered_gain,1560,9.989530795451174e-06,1468568,0.01180860004387796,7
balanced_independent,7,triggered_gain,1680,7.686000811801819e-06,1571136,0.012743900006171316,7
balanced_independent,7,triggered_gain,1800,1.4083233166317655e-06,1692952,0.01369460002752021,8
balanced_independent,7,triggered_gain,1920,9.155353990486503e-07,1795520,0.014611800026614219,8
balanced_independent,7,triggered_gain,2040,2.449176101926298e-07,1917336,0.015543000015895814,9
balanced_independent,7,triggered_gain,2160,1.9014161134478513e-07,2019904,0.016457000048831105,9
balanced_independent,7,triggered_gain,2280,4.621362803547413e-08,2141720,0.01876140001695603,10
balanced_independent,7,triggered_gain,2400,2.833089229881125e-08,2244288,0.025804200035054237,10
balanced_independent,8,uniform,0,23.422822430530402,448,8.700008038431406e-06,0
balanced_independent,8,uniform,120,0.4822502047913195,103016,0.0025724999723024666,0
balanced_independent,8,uniform,240,0.08064498078873505,205584,0.0043459999724291265,0
balanced_independent,8,uniform,360,0.00629996198188465,308152,0.005859099968802184,0
balanced_independent,8,uniform,480,0.0004593006701036906,410720,0.008033499994780868,0
balanced_independent,8,uniform,600,5.747874744388426e-05,513288,0.010005899996031076,0
balanced_independent,8,uniform,720,3.216903134539706e-06,615856,0.01136379997478798,0
balanced_independent,8,uniform,840,1.133872515879375e-07,718424,0.012432299961801618,0
balanced_independent,8,uniform,960,2.0242652887247914e-08,820992,0.013360499986447394,0
balanced_independent,8,uniform,1080,1.98377581028808e-09,923560,0.01428109995322302,0
balanced_independent,8,uniform,1200,2.986721980846596e-10,1026128,0.015197400003671646,0
balanced_independent,8,uniform,1320,2.98001623377786e-11,1128696,0.016172299976460636,0
balanced_independent,8,uniform,1440,3.141042981269493e-12,1231264,0.017087599961087108,0
balanced_independent,8,uniform,1560,2.2737367544323206e-13,1333832,0.01800439995713532,0
balanced_independent,8,uniform,1680,4.085620730620576e-14,1436400,0.01892010000301525,0
balanced_independent,8,uniform,1800,5.329070518200751e-15,1538968,0.01983119995566085,0
balanced_independent,8,uniform,1920,4.440892098500626e-16,1641536,0.020738799998071045,0
balanced_independent,8,uniform,2040,0.0,1744104,0.021676799980923533,0
balanced_independent,8,uniform,2160,0.0,1846672,0.02258980000624433,0
balanced_independent,8,uniform,2280,0.0,1949240,0.023503599979449064,0
balanced_independent,8,uniform,2400,0.0,2051808,0.024424999952316284,0
balanced_independent,8,lipschitz,0,23.422822430530402,448,2.800021320581436e-06,0
balanced_independent,8,lipschitz,120,0.36746104846475935,103016,0.0009371000342071056,0
balanced_independent,8,lipschitz,240,0.02266332064921439,205584,0.0018524000188335776,0
balanced_independent,8,lipschitz,360,0.0014793878238323899,308152,0.0027674000011757016,0
balanced_independent,8,lipschitz,480,2.2277214520638466e-05,410720,0.0036777000059373677,0
balanced_independent,8,lipschitz,600,9.918487284821254e-07,513288,0.0045894000213593245,0
balanced_independent,8,lipschitz,720,1.6993039331225646e-07,615856,0.005505100009031594,0
balanced_independent,8,lipschitz,840,7.811538527136008e-09,718424,0.0064131999970413744,0
balanced_independent,8,lipschitz,960,2.464264348134293e-10,820992,0.007325700018554926,0
balanced_independent,8,lipschitz,1080,1.482991507373299e-11,923560,0.00824970001121983,0
balanced_independent,8,lipschitz,1200,5.142553050063725e-13,1026128,0.00975329999346286,0
balanced_independent,8,lipschitz,1320,8.881784197001252e-14,1128696,0.011921200028154999,0
balanced_independent,8,lipschitz,1440,1.7763568394002505e-15,1231264,0.013473000028170645,0
balanced_independent,8,lipschitz,1560,0.0,1333832,0.014717500016558915,0
balanced_independent,8,lipschitz,1680,0.0,1436400,0.015767000033520162,0
balanced_independent,8,lipschitz,1800,0.0,1538968,0.01669319998472929,0
balanced_independent,8,lipschitz,1920,0.0,1641536,0.017614500015042722,0
balanced_independent,8,lipschitz,2040,0.0,1744104,0.018537199997808784,0
balanced_independent,8,lipschitz,2160,0.0,1846672,0.019452799984719604,0
balanced_independent,8,lipschitz,2280,0.0,1949240,0.020372600003611296,0
balanced_independent,8,lipschitz,2400,0.0,2051808,0.021326999994926155,0
balanced_independent,8,scheduled_gain,0,23.422822430530402,448,2.8999638743698597e-06,0
balanced_independent,8,scheduled_gain,120,0.36221874931081377,141512,0.000992799992673099,2
balanced_independent,8,scheduled_gain,240,0.01633128022046204,282576,0.0019503999501466751,4
balanced_independent,8,scheduled_gain,360,0.0011153994263670697,423640,0.002917399979196489,6
balanced_independent,8,scheduled_gain,480,6.414048205938272e-05,564704,0.0038544999551959336,8
balanced_independent,8,scheduled_gain,600,6.654202433953316e-06,705768,0.004794099950231612,10
balanced_independent,8,scheduled_gain,720,5.471738679929672e-07,846832,0.005733099998906255,12
balanced_independent,8,scheduled_gain,840,3.2388614901179835e-08,987896,0.006673500000033528,14
balanced_independent,8,scheduled_gain,960,2.8243380967296616e-09,1128960,0.0076070999493822455,16
balanced_independent,8,scheduled_gain,1080,2.2962920454006053e-10,1270024,0.008546299999579787,18
balanced_independent,8,scheduled_gain,1200,1.894751022746277e-11,1411088,0.009479799948167056,20
balanced_independent,8,scheduled_gain,1320,1.084909939663703e-12,1552152,0.010416899982374161,22
balanced_independent,8,scheduled_gain,1440,1.2079226507921703e-13,1693216,0.011354299960657954,24
balanced_independent,8,scheduled_gain,1560,1.199040866595169e-14,1834280,0.012290399987250566,26
balanced_independent,8,scheduled_gain,1680,1.7763568394002505e-15,1975344,0.013221299974247813,28
balanced_independent,8,scheduled_gain,1800,0.0,2116408,0.014157300000078976,30
balanced_independent,8,scheduled_gain,1920,0.0,2257472,0.015091899957042187,32
balanced_independent,8,scheduled_gain,2040,4.440892098500626e-16,2398536,0.016020999988541007,34
balanced_independent,8,scheduled_gain,2160,0.0,2539600,0.016957199957687408,36
balanced_independent,8,scheduled_gain,2280,0.0,2680664,0.01788759999908507,38
balanced_independent,8,scheduled_gain,2400,8.881784197001252e-16,2821728,0.018821099947672337,40
balanced_independent,8,triggered_gain,0,23.422822430530402,448,2.500019036233425e-06,0
balanced_independent,8,triggered_gain,120,1.3705285594161958,122264,0.0009418000117875636,1
balanced_independent,8,triggered_gain,240,0.34771539532520945,224832,0.0018620999762788415,1
balanced_independent,8,triggered_gain,360,0.06383042385795257,346648,0.0027831000043079257,2
balanced_independent,8,triggered_gain,480,0.011060030046890823,468464,0.003731900011189282,3
balanced_independent,8,triggered_gain,600,0.0023253614471414608,590280,0.004653899988625199,4
balanced_independent,8,triggered_gain,720,0.0005056900219155835,712096,0.005583000020124018,5
balanced_independent,8,triggered_gain,840,0.00012652220536590875,833912,0.006501999974716455,6
balanced_independent,8,triggered_gain,960,2.386041508506409e-05,955728,0.007425400021020323,7
balanced_independent,8,triggered_gain,1080,4.614899162813657e-06,1077544,0.008341000007931143,8
balanced_independent,8,triggered_gain,1200,1.1724077904062824e-06,1199360,0.009254699980374426,9
balanced_independent,8,triggered_gain,1320,2.4851622315580357e-07,1321176,0.010172199981752783,10
balanced_independent,8,triggered_gain,1440,5.6784236868168136e-08,1442992,0.011129499995149672,11
balanced_independent,8,triggered_gain,1560,1.6644857936398694e-08,1564808,0.012049400014802814,12
balanced_independent,8,triggered_gain,1680,4.2016257140176094e-09,1686624,0.013023799983784556,13
balanced_independent,8,triggered_gain,1800,1.082108180838759e-09,1808440,0.013952600012999028,14
balanced_independent,8,triggered_gain,1920,2.9572744253414385e-10,1930256,0.014876200002618134,15
balanced_independent,8,triggered_gain,2040,6.403810814958888e-11,2052072,0.015800099994521588,16
balanced_independent,8,triggered_gain,2160,1.9123813643773246e-11,2173888,0.01671970001189038,17
balanced_independent,8,triggered_gain,2280,5.188738327888132e-12,2295704,0.01764719997299835,18
balanced_independent,8,triggered_gain,2400,1.1430856261540612e-12,2417520,0.01857040001777932,19
balanced_independent,9,uniform,0,17.51485017784784,448,2.400018274784088e-06,0
balanced_independent,9,uniform,120,1.7801546740996836,103016,0.000930099980905652,0
balanced_independent,9,uniform,240,0.047512259638587295,205584,0.0018467000336386263,0
balanced_independent,9,uniform,360,0.0016121513085036732,308152,0.0027712000301107764,0
balanced_independent,9,uniform,480,0.0003972508380858386,410720,0.0036817999789491296,0
balanced_independent,9,uniform,600,3.9305850704440815e-05,513288,0.004589300020597875,0
balanced_independent,9,uniform,720,1.614468980726258e-06,615856,0.005492800031788647,0
balanced_independent,9,uniform,840,2.2179238712283222e-07,718424,0.006432900030631572,0
balanced_independent,9,uniform,960,8.90646090212499e-09,820992,0.007336999988183379,0
balanced_independent,9,uniform,1080,1.0962173391249053e-09,923560,0.008237500034738332,0
balanced_independent,9,uniform,1200,9.691181190873976e-11,1026128,0.009135300002526492,0
balanced_independent,9,uniform,1320,1.2218226430604773e-11,1128696,0.010035699990112334,0
balanced_independent,9,uniform,1440,3.6415315207705135e-13,1231264,0.010931800003163517,0
balanced_independent,9,uniform,1560,1.936228954946273e-13,1333832,0.011832899996079504,0
balanced_independent,9,uniform,1680,1.021405182655144e-14,1436400,0.012732999981380999,0
balanced_independent,9,uniform,1800,2.6645352591003757e-15,1538968,0.01363509998191148,0
balanced_independent,9,uniform,1920,8.881784197001252e-16,1641536,0.014529399981256574,0
balanced_independent,9,uniform,2040,8.881784197001252e-16,1744104,0.015430100029334426,0
balanced_independent,9,uniform,2160,8.881784197001252e-16,1846672,0.016346200020052493,0
balanced_independent,9,uniform,2280,8.881784197001252e-16,1949240,0.017261400003917515,0
balanced_independent,9,uniform,2400,8.881784197001252e-16,2051808,0.01816600002348423,0
balanced_independent,9,lipschitz,0,17.51485017784784,448,2.400018274784088e-06,0
balanced_independent,9,lipschitz,120,0.8475301436343621,103016,0.0009994999854825437,0
balanced_independent,9,lipschitz,240,0.04993312409789086,205584,0.001927000004798174,0
balanced_independent,9,lipschitz,360,0.0017158711375442337,308152,0.00284620001912117,0
balanced_independent,9,lipschitz,480,3.44069168760619e-05,410720,0.0037738000391982496,0
balanced_independent,9,lipschitz,600,3.14019355096562e-06,513288,0.0047512000310234725,0
balanced_independent,9,lipschitz,720,1.0558631395873874e-06,615856,0.005658600013703108,0
balanced_independent,9,lipschitz,840,3.185378183445664e-08,718424,0.006564599985722452,0
balanced_independent,9,lipschitz,960,3.0578348741983064e-09,820992,0.007477800012566149,0
balanced_independent,9,lipschitz,1080,8.402873952206846e-10,923560,0.008385599998291582,0
balanced_independent,9,lipschitz,1200,6.791545104078978e-11,1026128,0.009298100019805133,0
balanced_independent,9,lipschitz,1320,1.5374368445009168e-11,1128696,0.010209400032181293,0
balanced_independent,9,lipschitz,1440,9.872103134966892e-13,1231264,0.01112239999929443,0
balanced_independent,9,lipschitz,1560,1.652011860642233e-13,1333832,0.012035600026138127,0
balanced_independent,9,lipschitz,1680,1.0658141036401503e-14,1436400,0.01294190000044182,0
balanced_independent,9,lipschitz,1800,2.6645352591003757e-15,1538968,0.015771400008816272,0
balanced_independent,9,lipschitz,1920,8.881784197001252e-16,1641536,0.018141700013075024,0
balanced_independent,9,lipschitz,2040,8.881784197001252e-16,1744104,0.02041500003542751,0
balanced_independent,9,lipschitz,2160,8.881784197001252e-16,1846672,0.022361200011800975,0
balanced_independent,9,lipschitz,2280,8.881784197001252e-16,1949240,0.02371020003920421,0
balanced_independent,9,lipschitz,2400,8.881784197001252e-16,2051808,0.024738700012676418,0
balanced_independent,9,scheduled_gain,0,17.51485017784784,448,3.200024366378784e-06,0
balanced_independent,9,scheduled_gain,120,0.3954150637786089,141512,0.000985999999102205,2
balanced_independent,9,scheduled_gain,240,0.010945486016481265,282576,0.0019200000097043812,4
balanced_independent,9,scheduled_gain,360,0.0002526806408389426,423640,0.0028677000082097948,6
balanced_independent,9,scheduled_gain,480,8.126978487510428e-06,564704,0.003803200030233711,8
balanced_independent,9,scheduled_gain,600,3.81214564804111e-07,705768,0.004757300019264221,10
balanced_independent,9,scheduled_gain,720,2.4085470506918227e-08,846832,0.005687700002454221,12
balanced_independent,9,scheduled_gain,840,1.7562848952934473e-09,987896,0.006655100034549832,14
balanced_independent,9,scheduled_gain,960,1.3723777669838455e-10,1128960,0.007585600018501282,16
balanced_independent,9,scheduled_gain,1080,8.64686100499057e-12,1270024,0.008598399988841265,18
balanced_independent,9,scheduled_gain,1200,7.851497230149107e-13,1411088,0.00951780000468716,20
balanced_independent,9,scheduled_gain,1320,4.574118861455645e-14,1552152,0.010480099997948855,22
balanced_independent,9,scheduled_gain,1440,1.3322676295501878e-15,1693216,0.011418399983085692,24
balanced_independent,9,scheduled_gain,1560,0.0,1834280,0.01236100000096485,26
balanced_independent,9,scheduled_gain,1680,0.0,1975344,0.01329889998305589,28
balanced_independent,9,scheduled_gain,1800,0.0,2116408,0.014238799980375916,30
balanced_independent,9,scheduled_gain,1920,0.0,2257472,0.015170800033956766,32
balanced_independent,9,scheduled_gain,2040,0.0,2398536,0.016103100031614304,34
balanced_independent,9,scheduled_gain,2160,0.0,2539600,0.017034100019373,36
balanced_independent,9,scheduled_gain,2280,0.0,2680664,0.017963399994187057,38
balanced_independent,9,scheduled_gain,2400,0.0,2821728,0.018891500018071383,40
balanced_independent,9,triggered_gain,0,17.51485017784784,448,2.4999608285725117e-06,0
balanced_independent,9,triggered_gain,120,1.6285829492436923,122264,0.0009366999729536474,1
balanced_independent,9,triggered_gain,240,1.3364360212125899,224832,0.003533200011588633,1
balanced_independent,9,triggered_gain,360,0.08828902355928925,346648,0.005960999988019466,2
balanced_independent,9,triggered_gain,480,0.065378899812365,449216,0.008247899997513741,2
balanced_independent,9,triggered_gain,600,0.008028871104980073,571032,0.009638399991672486,3
balanced_independent,9,triggered_gain,720,0.007257204578639431,673600,0.010558700014371425,3
balanced_independent,9,triggered_gain,840,0.0008074204371970595,795416,0.011483300011605024,4
balanced_independent,9,triggered_gain,960,0.0007303131075082625,897984,0.012397699989378452,4
balanced_independent,9,triggered_gain,1080,7.939596949846361e-05,1019800,0.013317600009031594,5
balanced_independent,9,triggered_gain,1200,6.227526004831674e-05,1122368,0.01423069997690618,5
balanced_independent,9,triggered_gain,1320,8.740709063648211e-06,1244184,0.015148299979045987,6
balanced_independent,9,triggered_gain,1440,7.244644747217421e-06,1346752,0.01605589996324852,6
balanced_independent,9,triggered_gain,1560,9.510085603459117e-07,1468568,0.016969799995422363,7
balanced_independent,9,triggered_gain,1680,8.040136418863142e-07,1571136,0.019596699974499643,7
balanced_independent,9,triggered_gain,1800,1.279244257190726e-07,1692952,0.022141999972518533,8
balanced_independent,9,triggered_gain,1920,1.0767242697440338e-07,1795520,0.02447890001349151,8
balanced_independent,9,triggered_gain,2040,1.3971615420160788e-08,1917336,0.026331299974117428,9
balanced_independent,9,triggered_gain,2160,1.3410633936672411e-08,2019904,0.02771070000017062,9
balanced_independent,9,triggered_gain,2280,3.0851508014961837e-09,2141720,0.02873119997093454,10
balanced_independent,9,triggered_gain,2400,2.359116013650464e-09,2244288,0.029653300007339567,10
balanced_independent,10,uniform,0,22.573340406858694,448,2.700020559132099e-06,0
balanced_independent,10,uniform,120,1.8093454355635643,103016,0.0009276000200770795,0
balanced_independent,10,uniform,240,0.0699294805796864,205584,0.0018433000077493489,0
balanced_independent,10,uniform,360,0.002602501588180761,308152,0.0034893000265583396,0
balanced_independent,10,uniform,480,0.0001298423712596808,410720,0.004466500016860664,0
balanced_independent,10,uniform,600,1.737406953061793e-05,513288,0.005382800009101629,0
balanced_independent,10,uniform,720,1.1830032078385955e-06,615856,0.006293200014624745,0
balanced_independent,10,uniform,840,8.294380648976585e-08,718424,0.007197000028099865,0
balanced_independent,10,uniform,960,3.717930407987069e-09,820992,0.008102400053758174,0
balanced_independent,10,uniform,1080,3.0446223320268473e-10,923560,0.009005700005218387,0
balanced_independent,10,uniform,1200,1.6180745632254911e-10,1026128,0.009910200024023652,0
balanced_independent,10,uniform,1320,1.2921219649797422e-11,1128696,0.01080990000627935,0
balanced_independent,10,uniform,1440,6.417089082333405e-13,1231264,0.011710999999195337,0
balanced_independent,10,uniform,1560,1.163513729807164e-13,1333832,0.012615200015716255,0
balanced_independent,10,uniform,1680,1.2434497875801753e-14,1436400,0.01351830002386123,0
balanced_independent,10,uniform,1800,4.884981308350689e-15,1538968,0.014423400047235191,0
balanced_independent,10,uniform,1920,0.0,1641536,0.015327400004025549,0
balanced_independent,10,uniform,2040,0.0,1744104,0.016240700031630695,0
balanced_independent,10,uniform,2160,0.0,1846672,0.01714680000441149,0
balanced_independent,10,uniform,2280,0.0,1949240,0.018833700043614954,0
balanced_independent,10,uniform,2400,0.0,2051808,0.021263300033751875,0
balanced_independent,10,lipschitz,0,22.573340406858694,448,5.89998671784997e-06,0
balanced_independent,10,lipschitz,120,1.0275399398160436,103016,0.001871399988885969,0
balanced_independent,10,lipschitz,240,0.06041527158794935,205584,0.003343299962580204,0
balanced_independent,10,lipschitz,360,0.0024204654486998933,308152,0.0044373999699018896,0
balanced_independent,10,lipschitz,480,0.00020920171113303354,410720,0.005361099960282445,0
balanced_independent,10,lipschitz,600,9.569448226276478e-06,513288,0.006274399987887591,0
balanced_independent,10,lipschitz,720,6.520536803833465e-07,615856,0.007192699995357543,0
balanced_independent,10,lipschitz,840,1.0199774891361812e-07,718424,0.008109199989121407,0
balanced_independent,10,lipschitz,960,1.7097994131631822e-09,820992,0.009027699998114258,0
balanced_independent,10,lipschitz,1080,1.9231016779031052e-10,923560,0.009937700000591576,0
balanced_independent,10,lipschitz,1200,9.515233045931382e-11,1026128,0.010850899969227612,0
balanced_independent,10,lipschitz,1320,3.3866243143165775e-12,1128696,0.011756799998693168,0
balanced_independent,10,lipschitz,1440,2.8066438062523957e-13,1231264,0.013783100002910942,0
balanced_independent,10,lipschitz,1560,2.220446049250313e-14,1333832,0.0161701999604702,0
balanced_independent,10,lipschitz,1680,3.552713678800501e-15,1436400,0.01841949997469783,0
balanced_independent,10,lipschitz,1800,1.7763568394002505e-15,1538968,0.019987899984698743,0
balanced_independent,10,lipschitz,1920,8.881784197001252e-16,1641536,0.021055499964859337,0
balanced_independent,10,lipschitz,2040,0.0,1744104,0.021996099967509508,0
balanced_independent,10,lipschitz,2160,0.0,1846672,0.022907799982931465,0
balanced_independent,10,lipschitz,2280,0.0,1949240,0.023820400005206466,0
balanced_independent,10,lipschitz,2400,0.0,2051808,0.02472769998712465,0
balanced_independent,10,scheduled_gain,0,22.573340406858694,448,2.8999638743698597e-06,0
balanced_independent,10,scheduled_gain,120,0.5619072290860627,141512,0.0009546999935992062,2
balanced_independent,10,scheduled_gain,240,0.02814425782687291,282576,0.0018888000049628317,4
balanced_independent,10,scheduled_gain,360,0.0018694160924468406,423640,0.002859800006262958,6
balanced_independent,10,scheduled_gain,480,0.0001301041258114921,564704,0.00380469998344779,8
balanced_independent,10,scheduled_gain,600,9.660958946611231e-06,705768,0.004774099972564727,10
balanced_independent,10,scheduled_gain,720,8.799858886021639e-07,846832,0.005710800003726035,12
balanced_independent,10,scheduled_gain,840,5.7010521636868816e-08,987896,0.006643700005952269,14
balanced_independent,10,scheduled_gain,960,3.90582499676384e-09,1128960,0.00758719997247681,16
balanced_independent,10,scheduled_gain,1080,2.39543940239173e-10,1270024,0.008525500015821308,18
balanced_independent,10,scheduled_gain,1200,2.0976109738057858e-11,1411088,0.009456900006625801,20
balanced_independent,10,scheduled_gain,1320,2.078781591308143e-12,1552152,0.010382400010712445,22
balanced_independent,10,scheduled_gain,1440,2.1938006966593093e-13,1693216,0.011309999972581863,24
balanced_independent,10,scheduled_gain,1560,2.1316282072803006e-14,1834280,0.012238800001796335,26
balanced_independent,10,scheduled_gain,1680,1.3322676295501878e-15,1975344,0.013172600010875612,28
balanced_independent,10,scheduled_gain,1800,0.0,2116408,0.014105400012340397,30
balanced_independent,10,scheduled_gain,1920,0.0,2257472,0.015040599973872304,32
balanced_independent,10,scheduled_gain,2040,0.0,2398536,0.015971200016792864,34
balanced_independent,10,scheduled_gain,2160,0.0,2539600,0.016907099983654916,36
balanced_independent,10,scheduled_gain,2280,0.0,2680664,0.017836700018960983,38
balanced_independent,10,scheduled_gain,2400,0.0,2821728,0.019689299981109798,40
balanced_independent,10,triggered_gain,0,22.573340406858694,448,2.9999646358191967e-06,0
balanced_independent,10,triggered_gain,120,1.2315270049878744,122264,0.0009595999727025628,1
balanced_independent,10,triggered_gain,240,0.8478391275653951,224832,0.0018937999848276377,1
balanced_independent,10,triggered_gain,360,0.09858127240099135,346648,0.0028649999876506627,2
balanced_independent,10,triggered_gain,480,0.09541211099935731,449216,0.003810799971688539,2
balanced_independent,10,triggered_gain,600,0.01694363962982548,571032,0.004749199957586825,3
balanced_independent,10,triggered_gain,720,0.012341906416785786,673600,0.005676599976141006,3
balanced_independent,10,triggered_gain,840,0.001787243202466371,795416,0.006604700000025332,4
balanced_independent,10,triggered_gain,960,0.0015286090292616628,897984,0.007528099988121539,4
balanced_independent,10,triggered_gain,1080,0.0003340628736090423,1019800,0.008451299974694848,5
balanced_independent,10,triggered_gain,1200,0.00021859045554828427,1122368,0.00936659995932132,5
balanced_independent,10,triggered_gain,1320,3.110693840024936e-05,1244184,0.010286099975928664,6
balanced_independent,10,triggered_gain,1440,2.5769718102530703e-05,1346752,0.011199600005056709,6
balanced_independent,10,triggered_gain,1560,4.466846061035312e-06,1468568,0.012119899969547987,7
balanced_independent,10,triggered_gain,1680,3.880233456321491e-06,1571136,0.013031499984208494,7
balanced_independent,10,triggered_gain,1800,7.245584230375357e-07,1692952,0.013985799974761903,8
balanced_independent,10,triggered_gain,1920,4.468663354906255e-07,1795520,0.014904499985277653,8
balanced_independent,10,triggered_gain,2040,1.0789507465247539e-07,1917336,0.015892600000370294,9
balanced_independent,10,triggered_gain,2160,7.541471935823552e-08,2019904,0.016803899954538792,9
balanced_independent,10,triggered_gain,2280,1.4435395989664812e-08,2141720,0.017720899952109903,10
balanced_independent,10,triggered_gain,2400,1.3397703391149207e-08,2244288,0.018627199984621257,10
balanced_independent,11,uniform,0,18.90269119585936,448,2.600019797682762e-06,0
balanced_independent,11,uniform,120,0.32090522433001967,103016,0.0009616000461392105,0
balanced_independent,11,uniform,240,0.01844556182732493,205584,0.0018994000274688005,0
balanced_independent,11,uniform,360,0.0007612764240243486,308152,0.002816000021994114,0
balanced_independent,11,uniform,480,4.9189251882797436e-05,410720,0.0037259000237099826,0
balanced_independent,11,uniform,600,2.883239935247417e-06,513288,0.004628100025001913,0
balanced_independent,11,uniform,720,1.2648364089429265e-07,615856,0.0055294000194408,0
balanced_independent,11,uniform,840,1.1385704823396736e-08,718424,0.006437000003643334,0
balanced_independent,11,uniform,960,8.350165003889742e-10,820992,0.007345300051383674,0
balanced_independent,11,uniform,1080,3.554889715928766e-11,923560,0.008255000051576644,0
balanced_independent,11,uniform,1200,1.575051200575217e-11,1026128,0.009163000038824975,0
balanced_independent,11,uniform,1320,3.5837999234900053e-13,1128696,0.010071300028357655,0
balanced_independent,11,uniform,1440,5.062616992290714e-14,1231264,0.010978900012560189,0
balanced_independent,11,uniform,1560,3.9968028886505635e-15,1333832,0.011894900002516806,0
balanced_independent,11,uniform,1680,0.0,1436400,0.012799100019037724,0
balanced_independent,11,uniform,1800,0.0,1538968,0.013711700041312724,0
balanced_independent,11,uniform,1920,0.0,1641536,0.014610400015953928,0
balanced_independent,11,uniform,2040,0.0,1744104,0.015507300035096705,0
balanced_independent,11,uniform,2160,0.0,1846672,0.016410000040195882,0
balanced_independent,11,uniform,2280,0.0,1949240,0.017308400012552738,0
balanced_independent,11,uniform,2400,0.0,2051808,0.018217400007415563,0
balanced_independent,11,lipschitz,0,18.90269119585936,448,2.6999623514711857e-06,0
balanced_independent,11,lipschitz,120,0.2419427583931384,103016,0.000922699982766062,0
balanced_independent,11,lipschitz,240,0.01482688529388998,205584,0.0018416999955661595,0
balanced_independent,11,lipschitz,360,0.0002956660168340619,308152,0.002756199974101037,0
balanced_independent,11,lipschitz,480,1.0696779237484577e-05,410720,0.003673299972433597,0
balanced_independent,11,lipschitz,600,1.1816629279515212e-06,513288,0.004583299974910915,0
balanced_independent,11,lipschitz,720,2.6631177707514553e-08,615856,0.005498299957253039,0
balanced_independent,11,lipschitz,840,1.6888677123461093e-09,718424,0.006447699968703091,0
balanced_independent,11,lipschitz,960,2.3354118638962973e-10,820992,0.007362399948760867,0
balanced_independent,11,lipschitz,1080,1.4483969579259792e-11,923560,0.008302399946842343,0
balanced_independent,11,lipschitz,1200,1.3145040611561853e-12,1026128,0.009239399980287999,0
balanced_independent,11,lipschitz,1320,9.459100169806334e-14,1128696,0.010158499993849546,0
balanced_independent,11,lipschitz,1440,8.43769498715119e-15,1231264,0.011075599992182106,0
balanced_independent,11,lipschitz,1560,0.0,1333832,0.011991299979854375,0
balanced_independent,11,lipschitz,1680,0.0,1436400,0.012905399955343455,0
balanced_independent,11,lipschitz,1800,0.0,1538968,0.013816699967719615,0
balanced_independent,11,lipschitz,1920,0.0,1641536,0.014727899979334325,0
balanced_independent,11,lipschitz,2040,0.0,1744104,0.015640199999324977,0
balanced_independent,11,lipschitz,2160,0.0,1846672,0.01655089994892478,0
balanced_independent,11,lipschitz,2280,0.0,1949240,0.017464599979575723,0
balanced_independent,11,lipschitz,2400,0.0,2051808,0.018370799953117967,0
balanced_independent,11,scheduled_gain,0,18.90269119585936,448,2.600019797682762e-06,0
balanced_independent,11,scheduled_gain,120,0.31246736218320104,141512,0.0009441000293008983,2
balanced_independent,11,scheduled_gain,240,0.015882660689517714,282576,0.0018684000242501497,4
balanced_independent,11,scheduled_gain,360,0.0007020933883437053,423640,0.002794500032905489,6
balanced_independent,11,scheduled_gain,480,5.175686959413284e-05,564704,0.0037084000068716705,8
balanced_independent,11,scheduled_gain,600,4.0281801765296166e-06,705768,0.004630000039469451,10
balanced_independent,11,scheduled_gain,720,3.4801355708324877e-07,846832,0.0062125000404194,12
balanced_independent,11,scheduled_gain,840,2.06366177479822e-08,987896,0.00872230000095442,14
balanced_independent,11,scheduled_gain,960,2.4996720249248483e-09,1128960,0.01105570001527667,16
balanced_independent,11,scheduled_gain,1080,1.6370149680255963e-10,1270024,0.012978800048585981,18
balanced_independent,11,scheduled_gain,1200,1.503730473473297e-11,1411088,0.014423300046473742,20
balanced_independent,11,scheduled_gain,1320,1.1017853296380054e-12,1552152,0.01553170004626736,22
balanced_independent,11,scheduled_gain,1440,9.814371537686384e-14,1693216,0.01649200002430007,24
balanced_independent,11,scheduled_gain,1560,1.0658141036401503e-14,1834280,0.017467400000896305,26
balanced_independent,11,scheduled_gain,1680,1.7763568394002505e-15,1975344,0.01842240005498752,28
balanced_independent,11,scheduled_gain,1800,1.3322676295501878e-15,2116408,0.019396600022446364,30
balanced_independent,11,scheduled_gain,1920,1.3322676295501878e-15,2257472,0.020333200052846223,32
balanced_independent,11,scheduled_gain,2040,1.3322676295501878e-15,2398536,0.022796500008553267,34
balanced_independent,11,scheduled_gain,2160,1.3322676295501878e-15,2539600,0.024900400021579117,36
balanced_independent,11,scheduled_gain,2280,1.3322676295501878e-15,2680664,0.02643340005306527,38
balanced_independent,11,scheduled_gain,2400,1.7763568394002505e-15,2821728,0.027634099998977035,40
balanced_independent,11,triggered_gain,0,18.90269119585936,448,2.8999638743698597e-06,0
balanced_independent,11,triggered_gain,120,1.5400271093552966,122264,0.0009472999954596162,1
balanced_independent,11,triggered_gain,240,1.0704158254259402,224832,0.0018623999785631895,1
balanced_independent,11,triggered_gain,360,0.14546670131627382,346648,0.002785199962090701,2
balanced_independent,11,triggered_gain,480,0.08957493492836877,449216,0.003697599982842803,2
balanced_independent,11,triggered_gain,600,0.0166363969663732,571032,0.004616199992597103,3
balanced_independent,11,triggered_gain,720,0.007972568775384659,673600,0.005530099966563284,3
balanced_independent,11,triggered_gain,840,0.0014144626886056777,795416,0.006447399966418743,4
balanced_independent,11,triggered_gain,960,0.0013111322208785303,897984,0.007354800007306039,4
balanced_independent,11,triggered_gain,1080,0.00022196020597853305,1019800,0.00827319995732978,5
balanced_independent,11,triggered_gain,1200,0.00017078403127479547,1122368,0.009201999986544251,5
balanced_independent,11,triggered_gain,1320,3.8394516063355866e-05,1244184,0.01012379996245727,6
balanced_independent,11,triggered_gain,1440,2.3892160930127915e-05,1346752,0.011056899966206402,6
balanced_independent,11,triggered_gain,1560,4.828820515001553e-06,1468568,0.012005599972326308,7
balanced_independent,11,triggered_gain,1680,4.088476230457161e-06,1571136,0.012927900010254234,7
balanced_independent,11,triggered_gain,1800,7.495368388177326e-07,1692952,0.013853599957656115,8
balanced_independent,11,triggered_gain,1920,6.021570042591406e-07,1795520,0.014763499959371984,8
balanced_independent,11,triggered_gain,2040,9.860800487260235e-08,1917336,0.015674899972509593,9
balanced_independent,11,triggered_gain,2160,5.6275931026306125e-08,2019904,0.01657300000078976,9
balanced_independent,11,triggered_gain,2280,1.0333865319012148e-08,2141720,0.01748300000326708,10
balanced_independent,11,triggered_gain,2400,6.8007794951086e-09,2244288,0.01838649995625019,10
scaled_independent,0,uniform,0,167.46074682362197,448,2.8999638743698597e-06,0
scaled_independent,0,uniform,120,8.814704507064414,103016,0.0009886999614536762,0
scaled_independent,0,uniform,240,0.137073904835332,205584,0.0018969000084325671,0
scaled_independent,0,uniform,360,0.008130073412888184,308152,0.0028018999728374183,0
scaled_independent,0,uniform,480,0.0005021126647322127,410720,0.0037027999642305076,0
scaled_independent,0,uniform,600,9.011368010725107e-05,513288,0.0046225999831222,0
scaled_independent,0,uniform,720,5.675587569253793e-06,615856,0.005535800009965897,0
scaled_independent,0,uniform,840,4.24997462555865e-07,718424,0.007768200011923909,0
scaled_independent,0,uniform,960,2.6166510291858458e-08,820992,0.00995179999154061,0
scaled_independent,0,uniform,1080,1.1599077254231815e-09,923560,0.011556699988432229,0
scaled_independent,0,uniform,1200,9.22426579563762e-11,1026128,0.012802699988242239,0
scaled_independent,0,uniform,1320,2.958833178468012e-11,1128696,0.013812799996230751,0
scaled_independent,0,uniform,1440,1.5614176618328202e-12,1231264,0.014746200002264231,0
scaled_independent,0,uniform,1560,1.0658141036401503e-13,1333832,0.015671600005589426,0
scaled_independent,0,uniform,1680,3.9968028886505635e-15,1436400,0.016587399994023144,0
scaled_independent,0,uniform,1800,1.7763568394002505e-15,1538968,0.017503999988548458,0
scaled_independent,0,uniform,1920,1.3322676295501878e-15,1641536,0.01841759996023029,0
scaled_independent,0,uniform,2040,1.3322676295501878e-15,1744104,0.01933189999544993,0
scaled_independent,0,uniform,2160,1.3322676295501878e-15,1846672,0.02024330000858754,0
scaled_independent,0,uniform,2280,8.881784197001252e-16,1949240,0.02116169995861128,0
scaled_independent,0,uniform,2400,8.881784197001252e-16,2051808,0.02211719995830208,0
scaled_independent,0,lipschitz,0,167.46074682362197,448,3.00002284348011e-06,0
scaled_independent,0,lipschitz,120,4.011156398281608,103016,0.0009332000045105815,0
scaled_independent,0,lipschitz,240,1.251677814092842,205584,0.0018378000240772963,0
scaled_independent,0,lipschitz,360,0.8340782500805717,308152,0.0027834000065922737,0
scaled_independent,0,lipschitz,480,0.7299903702990043,410720,0.003707399999257177,0
scaled_independent,0,lipschitz,600,0.7165809657662789,513288,0.00463739997940138,0
scaled_independent,0,lipschitz,720,0.43197053589779566,615856,0.005546000029426068,0
scaled_independent,0,lipschitz,840,0.4206451631838304,718424,0.006461500015575439,0
scaled_independent,0,lipschitz,960,0.2840364674388618,820992,0.0073732000309973955,0
scaled_independent,0,lipschitz,1080,0.28068837369740773,923560,0.008289300021715462,0
scaled_independent,0,lipschitz,1200,0.27685344365304587,1026128,0.009241899999324232,0
scaled_independent,0,lipschitz,1320,0.24706735889029607,1128696,0.010157199983950704,0
scaled_independent,0,lipschitz,1440,0.21388038573824364,1231264,0.011063600017223507,0
scaled_independent,0,lipschitz,1560,0.21359988703414956,1333832,0.011974800028838217,0
scaled_independent,0,lipschitz,1680,0.2135778910783932,1436400,0.012879899994004518,0
scaled_independent,0,lipschitz,1800,0.21249091990761748,1538968,0.01378340000519529,0
scaled_independent,0,lipschitz,1920,0.21248426570972967,1641536,0.01468580000801012,0
scaled_independent,0,lipschitz,2040,0.20573342721137022,1744104,0.015588500013109297,0
scaled_independent,0,lipschitz,2160,0.20569258137546598,1846672,0.018038899987004697,0
scaled_independent,0,lipschitz,2280,0.13241213835032983,1949240,0.02033939998364076,0
scaled_independent,0,lipschitz,2400,0.12941588218586642,2051808,0.022608900035265833,0
scaled_independent,0,scheduled_gain,0,167.46074682362197,448,7.499998901039362e-06,0
scaled_independent,0,scheduled_gain,120,1.3959479921532494,141512,0.001782100007403642,2
scaled_independent,0,scheduled_gain,240,0.040438901256806936,282576,0.0031051000114530325,4
scaled_independent,0,scheduled_gain,360,0.0023369154988857055,423640,0.0041748000076040626,6
scaled_independent,0,scheduled_gain,480,9.454259891272798e-05,564704,0.005096100037917495,8
scaled_independent,0,scheduled_gain,600,3.0230516196994017e-06,705768,0.006011100020259619,10
scaled_independent,0,scheduled_gain,720,1.371599758215325e-07,846832,0.006927400012500584,12
scaled_independent,0,scheduled_gain,840,8.043560040249531e-09,987896,0.00784219999331981,14
scaled_independent,0,scheduled_gain,960,3.8737502094932097e-10,1128960,0.008758800046052784,16
scaled_independent,0,scheduled_gain,1080,2.043032409915213e-11,1270024,0.0096750000375323,18
scaled_independent,0,scheduled_gain,1200,1.0462741784067475e-12,1411088,0.010592800041195005,20
scaled_independent,0,scheduled_gain,1320,3.68594044175552e-14,1552152,0.011508500028867275,22
scaled_independent,0,scheduled_gain,1440,1.3322676295501878e-15,1693216,0.01242470002034679,24
scaled_independent,0,scheduled_gain,1560,0.0,1834280,0.013332400005310774,26
scaled_independent,0,scheduled_gain,1680,0.0,1975344,0.014247400045860559,28
scaled_independent,0,scheduled_gain,1800,0.0,2116408,0.01516120001906529,30
scaled_independent,0,scheduled_gain,1920,0.0,2257472,0.01611110003432259,32
scaled_independent,0,scheduled_gain,2040,0.0,2398536,0.017063100007362664,34
scaled_independent,0,scheduled_gain,2160,0.0,2539600,0.01800140005070716,36
scaled_independent,0,scheduled_gain,2280,0.0,2680664,0.018951900012325495,38
scaled_independent,0,scheduled_gain,2400,0.0,2821728,0.019871700031217188,40
scaled_independent,0,triggered_gain,0,167.46074682362197,448,2.800021320581436e-06,0
scaled_independent,0,triggered_gain,120,4.846020184885497,122264,0.000939000048674643,1
scaled_independent,0,triggered_gain,240,1.5740720655515754,224832,0.001841000048443675,1
scaled_independent,0,triggered_gain,360,0.17732237003355067,346648,0.0027593999984674156,2
scaled_independent,0,triggered_gain,480,0.01801436435739312,468464,0.0036753000458702445,3
scaled_independent,0,triggered_gain,600,0.002440214986030753,590280,0.004592800047248602,4
scaled_independent,0,triggered_gain,720,0.000460733951896497,712096,0.005566000007092953,5
scaled_independent,0,triggered_gain,840,8.050002541937218e-05,833912,0.006480800046119839,6
scaled_independent,0,triggered_gain,960,1.6362052527973958e-05,955728,0.007423500006552786,7
scaled_independent,0,triggered_gain,1080,2.8514177654592743e-06,1077544,0.008367900038138032,8
scaled_independent,0,triggered_gain,1200,5.556534032891136e-07,1199360,0.009296400006860495,9
scaled_independent,0,triggered_gain,1320,8.51645385324673e-08,1321176,0.010228800005279481,10
scaled_independent,0,triggered_gain,1440,1.3111161933920812e-08,1442992,0.011145299999043345,11
scaled_independent,0,triggered_gain,1560,2.3743567112433084e-09,1564808,0.012062499998137355,12
scaled_independent,0,triggered_gain,1680,3.447500063202824e-10,1686624,0.012982600019313395,13
scaled_independent,0,triggered_gain,1800,6.258105145207082e-11,1808440,0.01391380000859499,14
scaled_independent,0,triggered_gain,1920,1.163158458439284e-11,1930256,0.014835200039669871,15
scaled_independent,0,triggered_gain,2040,1.751931932858497e-12,2052072,0.01575820002472028,16
scaled_independent,0,triggered_gain,2160,2.220446049250313e-13,2173888,0.016683900030329823,17
scaled_independent,0,triggered_gain,2280,4.1744385725905886e-14,2295704,0.01760890003060922,18
scaled_independent,0,triggered_gain,2400,8.881784197001252e-15,2417520,0.01853340002708137,19
scaled_independent,1,uniform,0,123.09127736407206,448,2.700020559132099e-06,0
scaled_independent,1,uniform,120,7.971392149377712,103016,0.0009267000132240355,0
scaled_independent,1,uniform,240,5.835291054605523,205584,0.0018683000234887004,0
scaled_independent,1,uniform,360,0.2474297269514243,308152,0.002819900051690638,0
scaled_independent,1,uniform,480,0.022748413635881093,410720,0.0037321000127121806,0
scaled_independent,1,uniform,600,0.0008611159734854823,513288,0.004648100002668798,0
scaled_independent,1,uniform,720,5.080200987883643e-05,615856,0.005557600001338869,0
scaled_independent,1,uniform,840,3.441290420846954e-05,718424,0.006472700042650104,0
scaled_independent,1,uniform,960,4.12250008796633e-07,820992,0.0074220000533387065,0
scaled_independent,1,uniform,1080,7.278002511768022e-08,923560,0.008349000010639429,0
scaled_independent,1,uniform,1200,5.8989622075955594e-09,1026128,0.009271100047044456,0
scaled_independent,1,uniform,1320,5.903468824897118e-10,1128696,0.010197600000537932,0
scaled_independent,1,uniform,1440,1.0549561224593162e-10,1231264,0.011116900015622377,0
scaled_independent,1,uniform,1560,2.100541962590796e-12,1333832,0.012031400052364916,0
scaled_independent,1,uniform,1680,1.0720313525780512e-12,1436400,0.012953000026755035,0
scaled_independent,1,uniform,1800,7.460698725481052e-14,1538968,0.013875700009521097,0
scaled_independent,1,uniform,1920,7.105427357601002e-15,1641536,0.014790100045502186,0
scaled_independent,1,uniform,2040,4.440892098500626e-16,1744104,0.015702700009569526,0
scaled_independent,1,uniform,2160,0.0,1846672,0.01662080001551658,0
scaled_independent,1,uniform,2280,0.0,1949240,0.01753930002450943,0
scaled_independent,1,uniform,2400,0.0,2051808,0.01845940004568547,0
scaled_independent,1,lipschitz,0,123.09127736407206,448,2.7999631129205227e-06,0
scaled_independent,1,lipschitz,120,2.856852488400044,103016,0.0009248999995179474,0
scaled_independent,1,lipschitz,240,2.3310073166439844,205584,0.0018387999734841287,0
scaled_independent,1,lipschitz,360,2.132132728188001,308152,0.002747999969869852,0
scaled_independent,1,lipschitz,480,2.0760333360200143,410720,0.00365799997234717,0
scaled_independent,1,lipschitz,600,2.069516688224966,513288,0.00456469994969666,0
scaled_independent,1,lipschitz,720,0.5193445625026603,615856,0.005472899996675551,0
scaled_independent,1,lipschitz,840,0.40063235416759735,718424,0.006372199975885451,0
scaled_independent,1,lipschitz,960,0.3894585848177168,820992,0.007274299976415932,0
scaled_independent,1,lipschitz,1080,0.38830503223041424,923560,0.00817379995714873,0
scaled_independent,1,lipschitz,1200,0.38828615933997135,1026128,0.009079499985091388,0
scaled_independent,1,lipschitz,1320,0.3760778062492829,1128696,0.009981699986383319,0
scaled_independent,1,lipschitz,1440,0.37458032699947275,1231264,0.01088219997473061,0
scaled_independent,1,lipschitz,1560,0.37096323083427674,1333832,0.011786699993535876,0
scaled_independent,1,lipschitz,1680,0.11598445746795027,1436400,0.012688699993304908,0
scaled_independent,1,lipschitz,1800,0.10724838041690976,1538968,0.013595699972938746,0
scaled_independent,1,lipschitz,1920,0.10640288564493527,1641536,0.014499699987936765,0
scaled_independent,1,lipschitz,2040,0.10232063958977777,1744104,0.015422399970702827,0
scaled_independent,1,lipschitz,2160,0.10230397362916399,1846672,0.016330899961758405,0
scaled_independent,1,lipschitz,2280,0.0820106566842469,1949240,0.017263899964746088,0
scaled_independent,1,lipschitz,2400,0.08041919998140035,2051808,0.018230699992273003,0
scaled_independent,1,scheduled_gain,0,123.09127736407206,448,2.700020559132099e-06,0
scaled_independent,1,scheduled_gain,120,1.2244245875497946,141512,0.0009613999864086509,2
scaled_independent,1,scheduled_gain,240,0.044747700694709014,282576,0.0019295000238344073,4
scaled_independent,1,scheduled_gain,360,0.0017064650090352629,423640,0.0028584999963641167,6
scaled_independent,1,scheduled_gain,480,2.9009407561453315e-05,564704,0.0037885000347159803,8
scaled_independent,1,scheduled_gain,600,1.348517076671385e-06,705768,0.004718300013337284,10
scaled_independent,1,scheduled_gain,720,4.7231211830478514e-08,846832,0.0056446000235155225,12
scaled_independent,1,scheduled_gain,840,2.018173628215436e-09,987896,0.006569000019226223,14
scaled_independent,1,scheduled_gain,960,1.0235190472940303e-10,1128960,0.007492000004276633,16
scaled_independent,1,scheduled_gain,1080,6.142641950646066e-12,1270024,0.008412800030782819,18
scaled_independent,1,scheduled_gain,1200,3.197442310920451e-13,1411088,0.00933859997894615,20
scaled_independent,1,scheduled_gain,1320,2.5757174171303632e-14,1552152,0.010257799993269145,22
scaled_independent,1,scheduled_gain,1440,1.3322676295501878e-15,1693216,0.011184000002685934,24
scaled_independent,1,scheduled_gain,1560,0.0,1834280,0.012109600007534027,26
scaled_independent,1,scheduled_gain,1680,0.0,1975344,0.013047499989625067,28
scaled_independent,1,scheduled_gain,1800,0.0,2116408,0.013990000006742775,30
scaled_independent,1,scheduled_gain,1920,0.0,2257472,0.014927599986549467,32
scaled_independent,1,scheduled_gain,2040,0.0,2398536,0.015853799995966256,34
scaled_independent,1,scheduled_gain,2160,0.0,2539600,0.016773800016380847,36
scaled_independent,1,scheduled_gain,2280,0.0,2680664,0.017697000002954155,38
scaled_independent,1,scheduled_gain,2400,4.440892098500626e-16,2821728,0.018614500004332513,40
scaled_independent,1,triggered_gain,0,123.09127736407206,448,2.400018274784088e-06,0
scaled_independent,1,triggered_gain,120,4.145545965298059,122264,0.0009292000322602689,1
scaled_independent,1,triggered_gain,240,2.5734430036135265,224832,0.0018271000008098781,1
scaled_independent,1,triggered_gain,360,0.20030213143291675,346648,0.0027402000268921256,2
scaled_independent,1,triggered_gain,480,0.13434376962893424,449216,0.003637599991634488,2
scaled_independent,1,triggered_gain,600,0.0193895558523991,571032,0.004549400007817894,3
scaled_independent,1,triggered_gain,720,0.014298559058450788,673600,0.005450099997688085,3
scaled_independent,1,triggered_gain,840,0.0024372021966168056,795416,0.006362300016917288,4
scaled_independent,1,triggered_gain,960,0.0019331496850223395,897984,0.0072598999831825495,4
scaled_independent,1,triggered_gain,1080,0.0003795901857337469,1019800,0.008166900021024048,5
scaled_independent,1,triggered_gain,1200,0.0002401757513581515,1122368,0.0090658999979496,5
scaled_independent,1,triggered_gain,1320,4.8372027512399995e-05,1244184,0.009975099994335324,6
scaled_independent,1,triggered_gain,1440,3.575574973080364e-05,1346752,0.010911300021689385,6
scaled_independent,1,triggered_gain,1560,7.422524058053881e-06,1468568,0.011815000034403056,7
scaled_independent,1,triggered_gain,1680,4.795585748507136e-06,1571136,0.012743800005409867,7
scaled_independent,1,triggered_gain,1800,4.875122865399817e-07,1692952,0.013663000019732863,8
scaled_independent,1,triggered_gain,1920,4.375819240287626e-07,1795520,0.014594300009775907,8
scaled_independent,1,triggered_gain,2040,6.152265896730569e-08,1917336,0.015517299994826317,9
scaled_independent,1,triggered_gain,2160,5.076813192061991e-08,2019904,0.01643120002700016,9
scaled_independent,1,triggered_gain,2280,6.542272501519619e-09,2141720,0.017343099985737354,10
scaled_independent,1,triggered_gain,2400,6.007637054494808e-09,2244288,0.01824910001596436,10
scaled_independent,2,uniform,0,119.26154378927664,448,2.7999631129205227e-06,0
scaled_independent,2,uniform,120,4.374759908006563,103016,0.0009342999546788633,0
scaled_independent,2,uniform,240,0.25258114855124036,205584,0.0018407999887131155,0
scaled_independent,2,uniform,360,0.029443230133888054,308152,0.0027533999527804554,0
scaled_independent,2,uniform,480,0.02467595758499508,410720,0.0036607999936677516,0
scaled_independent,2,uniform,600,0.0004735434374896208,513288,0.004572699952404946,0
scaled_independent,2,uniform,720,0.0001703442342084749,615856,0.005477599974256009,0
scaled_independent,2,uniform,840,0.00015695111887614743,718424,0.0063853999599814415,0
scaled_independent,2,uniform,960,1.1013457483777245e-06,820992,0.007291499990969896,0
scaled_independent,2,uniform,1080,5.605569874944649e-08,923560,0.008195300004445016,0
scaled_independent,2,uniform,1200,2.6420724275055818e-08,1026128,0.009098999958951026,0
scaled_independent,2,uniform,1320,2.228017148553363e-08,1128696,0.010001499962527305,0
scaled_independent,2,uniform,1440,5.508282718835744e-10,1231264,0.010910299955867231,0
scaled_independent,2,uniform,1560,3.2743407984980877e-10,1333832,0.011812999960966408,0
scaled_independent,2,uniform,1680,1.8735679674364292e-11,1436400,0.012720700004138052,0
scaled_independent,2,uniform,1800,2.8368418725222e-12,1538968,0.013626099971588701,0
scaled_independent,2,uniform,1920,1.2922996006636822e-13,1641536,0.014535499969497323,0
scaled_independent,2,uniform,2040,1.2878587085651816e-14,1744104,0.015440399991348386,0
scaled_independent,2,uniform,2160,1.3322676295501878e-15,1846672,0.01634639996336773,0
scaled_independent,2,uniform,2280,1.3322676295501878e-15,1949240,0.01724859996465966,0
scaled_independent,2,uniform,2400,1.3322676295501878e-15,2051808,0.01815279998118058,0
scaled_independent,2,lipschitz,0,119.26154378927664,448,2.3999600671231747e-06,0
scaled_independent,2,lipschitz,120,5.5891188369177485,103016,0.0009062999743036926,0
scaled_independent,2,lipschitz,240,2.1800787297043622,205584,0.0018068999634124339,0
scaled_independent,2,lipschitz,360,0.7257396059028722,308152,0.002704799990169704,0
scaled_independent,2,lipschitz,480,0.5580864822252392,410720,0.005126399977598339,0
scaled_independent,2,lipschitz,600,0.554364116382438,513288,0.007513299991842359,0
scaled_independent,2,lipschitz,720,0.5049657006585071,615856,0.009840200014878064,0
scaled_independent,2,lipschitz,840,0.4611286092109812,718424,0.011603499995544553,0
scaled_independent,2,lipschitz,960,0.3833942167507902,820992,0.013003400003071874,0
scaled_independent,2,lipschitz,1080,0.3813421082182886,923560,0.014062699978239834,0
scaled_independent,2,lipschitz,1200,0.38079872299505935,1026128,0.015015400014817715,0
scaled_independent,2,lipschitz,1320,0.2728096995396525,1128696,0.015933499962557107,0
scaled_independent,2,lipschitz,1440,0.2509943197207707,1231264,0.016848400002345443,0
scaled_independent,2,lipschitz,1560,0.24964249301627817,1333832,0.017761999974027276,0
scaled_independent,2,lipschitz,1680,0.245191241823433,1436400,0.01945019996492192,0
scaled_independent,2,lipschitz,1800,0.20307253408046133,1538968,0.0203722000005655,0
scaled_independent,2,lipschitz,1920,0.20254781782735654,1641536,0.02128479996463284,0
scaled_independent,2,lipschitz,2040,0.20204482063232065,1744104,0.02222709998022765,0
scaled_independent,2,lipschitz,2160,0.2016549823895164,1846672,0.02315319998888299,0
scaled_independent,2,lipschitz,2280,0.20082786206986558,1949240,0.024089000013191253,0
scaled_independent,2,lipschitz,2400,0.20065078172921647,2051808,0.025011699995957315,0
scaled_independent,2,scheduled_gain,0,119.26154378927664,448,2.900022082030773e-06,0
scaled_independent,2,scheduled_gain,120,2.197035952732772,141512,0.0009677000343799591,2
scaled_independent,2,scheduled_gain,240,0.126868361433647,282576,0.0018964000046253204,4
scaled_independent,2,scheduled_gain,360,0.005768484948041053,423640,0.0028313000220805407,6
scaled_independent,2,scheduled_gain,480,0.0002719750489226236,564704,0.00386260001687333,8
scaled_independent,2,scheduled_gain,600,1.629308189565748e-05,705768,0.004792799998540431,10
scaled_independent,2,scheduled_gain,720,1.1547604228390185e-06,846832,0.005712700018193573,12
scaled_independent,2,scheduled_gain,840,1.0102426895031158e-07,987896,0.006691100017633289,14
scaled_independent,2,scheduled_gain,960,6.959674170303742e-09,1128960,0.007630800013430417,16
scaled_independent,2,scheduled_gain,1080,5.182112516877169e-10,1270024,0.008564600022509694,18
scaled_independent,2,scheduled_gain,1200,7.312861427521966e-11,1411088,0.009559600031934679,20
scaled_independent,2,scheduled_gain,1320,3.7201353109139745e-12,1552152,0.010494699992705137,22
scaled_independent,2,scheduled_gain,1440,2.9976021664879227e-13,1693216,0.01144530001329258,24
scaled_independent,2,scheduled_gain,1560,1.9539925233402755e-14,1834280,0.01240420003887266,26
scaled_independent,2,scheduled_gain,1680,2.6645352591003757e-15,1975344,0.013347300002351403,28
scaled_independent,2,scheduled_gain,1800,4.440892098500626e-16,2116408,0.014291000028606504,30
scaled_independent,2,scheduled_gain,1920,8.881784197001252e-16,2257472,0.015223700029309839,32
scaled_independent,2,scheduled_gain,2040,4.440892098500626e-16,2398536,0.016156400030013174,34
scaled_independent,2,scheduled_gain,2160,4.440892098500626e-16,2539600,0.017086400010157377,36
scaled_independent,2,scheduled_gain,2280,4.440892098500626e-16,2680664,0.018016799993347377,38
scaled_independent,2,scheduled_gain,2400,8.881784197001252e-16,2821728,0.01895140000851825,40
scaled_independent,2,triggered_gain,0,119.26154378927664,448,2.800021320581436e-06,0
scaled_independent,2,triggered_gain,120,9.993954017281492,122264,0.0009720000089146197,1
scaled_independent,2,triggered_gain,240,2.1112249726950565,224832,0.0019708999898284674,1
scaled_independent,2,triggered_gain,360,0.4118437643400896,346648,0.00290239998139441,2
scaled_independent,2,triggered_gain,480,0.06234156058941176,468464,0.0038560000248253345,3
scaled_independent,2,triggered_gain,600,0.011875579818054316,590280,0.004800099995918572,4
scaled_independent,2,triggered_gain,720,0.0023311669296135484,712096,0.005733500001952052,5
scaled_independent,2,triggered_gain,840,0.0005136653752573217,833912,0.00667159998556599,6
scaled_independent,2,triggered_gain,960,8.88317915861414e-05,955728,0.007596299983561039,7
scaled_independent,2,triggered_gain,1080,1.8548605738910595e-05,1077544,0.008518700022250414,8
scaled_independent,2,triggered_gain,1200,3.850361510071565e-06,1199360,0.009433200000785291,9
scaled_independent,2,triggered_gain,1320,7.345718167073301e-07,1321176,0.01035500003490597,10
scaled_independent,2,triggered_gain,1440,1.3981023050391173e-07,1442992,0.011273699987214059,11
scaled_independent,2,triggered_gain,1560,3.1676417489023834e-08,1564808,0.012195800023619086,12
scaled_independent,2,triggered_gain,1680,6.158344056927945e-09,1686624,0.013116999994963408,13
scaled_independent,2,triggered_gain,1800,1.177641539840124e-09,1808440,0.014037400018423796,14
scaled_independent,2,triggered_gain,1920,2.369686669112525e-10,1930256,0.014957599982153624,15
scaled_independent,2,triggered_gain,2040,3.703704010149522e-11,2052072,0.01587230002041906,16
scaled_independent,2,triggered_gain,2160,7.323919248847233e-12,2173888,0.0167852999875322,17
scaled_independent,2,triggered_gain,2280,1.2829737272568309e-12,2295704,0.017728300008457154,18
scaled_independent,2,triggered_gain,2400,2.375877272697835e-13,2417520,0.018649899982847273,19
scaled_independent,3,uniform,0,103.09704763681736,448,2.8999638743698597e-06,0
scaled_independent,3,uniform,120,6.925604692790214,103016,0.0009884999599307775,0
scaled_independent,3,uniform,240,0.08419025954621473,205584,0.0019465999794192612,0
scaled_independent,3,uniform,360,0.004150808847769749,308152,0.002989000000525266,0
scaled_independent,3,uniform,480,0.00015327148414856495,410720,0.0039428999880328774,0
scaled_independent,3,uniform,600,1.6788810358381312e-05,513288,0.004892900004051626,0
scaled_independent,3,uniform,720,1.8268689552236594e-06,615856,0.005839699995703995,0
scaled_independent,3,uniform,840,1.3499900708424661e-07,718424,0.006785299978218973,0
scaled_independent,3,uniform,960,5.543182801659441e-09,820992,0.007699499954469502,0
scaled_independent,3,uniform,1080,4.2047565429470524e-10,923560,0.008622399996966124,0
scaled_independent,3,uniform,1200,2.4669022380408023e-10,1026128,0.009548300004098564,0
scaled_independent,3,uniform,1320,2.3360868794952694e-11,1128696,0.010476199968252331,0
scaled_independent,3,uniform,1440,1.2687628725416289e-12,1231264,0.011416299967095256,0
scaled_independent,3,uniform,1560,1.98507876802978e-13,1333832,0.012332499958574772,0
scaled_independent,3,uniform,1680,9.325873406851315e-15,1436400,0.013250299962237477,0
scaled_independent,3,uniform,1800,7.549516567451064e-15,1538968,0.01416709995828569,0
scaled_independent,3,uniform,1920,8.881784197001252e-16,1641536,0.015074399998411536,0
scaled_independent,3,uniform,2040,0.0,1744104,0.01601899997331202,0
scaled_independent,3,uniform,2160,0.0,1846672,0.01693009998416528,0
scaled_independent,3,uniform,2280,0.0,1949240,0.017841199995018542,0
scaled_independent,3,uniform,2400,0.0,2051808,0.018759400001727045,0
scaled_independent,3,lipschitz,0,103.09704763681736,448,2.600019797682762e-06,0
scaled_independent,3,lipschitz,120,5.232837229882792,103016,0.0009462000452913344,0
scaled_independent,3,lipschitz,240,1.843483663442767,205584,0.0018837000243365765,0
scaled_independent,3,lipschitz,360,1.1422464416667188,308152,0.0027946000336669385,0
scaled_independent,3,lipschitz,480,1.130162051454049,410720,0.0037064000498503447,0
scaled_independent,3,lipschitz,600,1.1247925733947621,513288,0.0046113000134937465,0
scaled_independent,3,lipschitz,720,0.9891676900149986,615856,0.0055346000008285046,0
scaled_independent,3,lipschitz,840,0.8510909091380254,718424,0.0064511000528000295,0
scaled_independent,3,lipschitz,960,0.8494102353870843,820992,0.007382100040558726,0
scaled_independent,3,lipschitz,1080,0.5160321449313554,923560,0.00829410000005737,0
scaled_independent,3,lipschitz,1200,0.40199167597989893,1026128,0.009203100053127855,0
scaled_independent,3,lipschitz,1320,0.3972150347750776,1128696,0.01010010001482442,0
scaled_independent,3,lipschitz,1440,0.3454388640706445,1231264,0.011000300000887364,0
scaled_independent,3,lipschitz,1560,0.34149896614803854,1333832,0.011934100009966642,0
scaled_independent,3,lipschitz,1680,0.34064599358488445,1436400,0.012839100032579154,0
scaled_independent,3,lipschitz,1800,0.2882087401468332,1538968,0.013771800033282489,0
scaled_independent,3,lipschitz,1920,0.284831162455057,1641536,0.014678900013677776,0
scaled_independent,3,lipschitz,2040,0.217737687223432,1744104,0.01559990004170686,0
scaled_independent,3,lipschitz,2160,0.21489692105010194,1846672,0.0165127000072971,0
scaled_independent,3,lipschitz,2280,0.2145176221313383,1949240,0.017423000012058765,0
scaled_independent,3,lipschitz,2400,0.1818870925892475,2051808,0.018328100035432726,0
scaled_independent,3,scheduled_gain,0,103.09704763681736,448,2.900022082030773e-06,0
scaled_independent,3,scheduled_gain,120,1.6966614494490986,141512,0.0009593000286258757,2
scaled_independent,3,scheduled_gain,240,0.03065789458172352,282576,0.0018899000133387744,4
scaled_independent,3,scheduled_gain,360,0.0009203186961701526,423640,0.0028259000391699374,6
scaled_independent,3,scheduled_gain,480,4.183646946964714e-05,564704,0.0037558000185526907,8
scaled_independent,3,scheduled_gain,600,2.435603744910253e-06,705768,0.004690700036007911,10
scaled_independent,3,scheduled_gain,720,2.372940808292867e-07,846832,0.005618099996354431,12
scaled_independent,3,scheduled_gain,840,8.949073926345363e-09,987896,0.006547700031660497,14
scaled_independent,3,scheduled_gain,960,6.261142715402457e-10,1128960,0.0074757999973371625,16
scaled_independent,3,scheduled_gain,1080,2.794120490534624e-11,1270024,0.008405900036450475,18
scaled_independent,3,scheduled_gain,1200,2.362998685612183e-12,1411088,0.009328500018455088,20
scaled_independent,3,scheduled_gain,1320,1.0880185641326534e-13,1552152,0.010255000030156225,22
scaled_independent,3,scheduled_gain,1440,5.329070518200751e-15,1693216,0.011178400018252432,24
scaled_independent,3,scheduled_gain,1560,0.0,1834280,0.012138099991716444,26
scaled_independent,3,scheduled_gain,1680,0.0,1975344,0.013127600017469376,28
scaled_independent,3,scheduled_gain,1800,0.0,2116408,0.01407840003957972,30
scaled_independent,3,scheduled_gain,1920,0.0,2257472,0.015056600037496537,32
scaled_independent,3,scheduled_gain,2040,0.0,2398536,0.0159910999936983,34
scaled_independent,3,scheduled_gain,2160,4.440892098500626e-16,2539600,0.01692730002105236,36
scaled_independent,3,scheduled_gain,2280,4.440892098500626e-16,2680664,0.017851100012194365,38
scaled_independent,3,scheduled_gain,2400,4.440892098500626e-16,2821728,0.018775700009427965,40
scaled_independent,3,triggered_gain,0,103.09704763681736,448,2.700020559132099e-06,0
scaled_independent,3,triggered_gain,120,6.307465935753756,122264,0.0009363000281155109,1
scaled_independent,3,triggered_gain,240,4.8902779644477885,224832,0.001853100024163723,1
scaled_independent,3,triggered_gain,360,0.6181310713885568,346648,0.002776700013782829,2
scaled_independent,3,triggered_gain,480,0.4750390141124563,449216,0.0036937000113539398,2
scaled_independent,3,triggered_gain,600,0.0745563892554757,571032,0.004647299996577203,3
scaled_independent,3,triggered_gain,720,0.05137629341961514,673600,0.005560300021898001,3
scaled_independent,3,triggered_gain,840,0.005732413201005482,795416,0.006515400018543005,4
scaled_independent,3,triggered_gain,960,0.004761061549015011,897984,0.00745400000596419,4
scaled_independent,3,triggered_gain,1080,0.0007389858067301525,1019800,0.008372100011911243,5
scaled_independent,3,triggered_gain,1200,0.0005703621357788791,1122368,0.00932390004163608,5
scaled_independent,3,triggered_gain,1320,8.913003830413047e-05,1244184,0.010260700015351176,6
scaled_independent,3,triggered_gain,1440,6.779768463349711e-05,1346752,0.011183700000401586,6
scaled_independent,3,triggered_gain,1560,1.2619197414576178e-05,1468568,0.012106100039090961,7
scaled_independent,3,triggered_gain,1680,7.412712942134192e-06,1571136,0.013024200045038015,7
scaled_independent,3,triggered_gain,1800,9.486407659409224e-07,1692952,0.013944500009529293,8
scaled_independent,3,triggered_gain,1920,9.117279806680756e-07,1795520,0.014859999995678663,8
scaled_independent,3,triggered_gain,2040,1.1018603141010885e-07,1917336,0.01578220003284514,9
scaled_independent,3,triggered_gain,2160,9.346072316063214e-08,2019904,0.016693900048267096,9
scaled_independent,3,triggered_gain,2280,2.0592462401936018e-08,2141720,0.01761169999372214,10
scaled_independent,3,triggered_gain,2400,1.4325121089342474e-08,2244288,0.018514900002628565,10
scaled_independent,4,uniform,0,131.58493879924953,448,2.8999638743698597e-06,0
scaled_independent,4,uniform,120,2.4250995631367704,103016,0.0009301999816671014,0
scaled_independent,4,uniform,240,0.09133521626632524,205584,0.0018402999849058688,0
scaled_independent,4,uniform,360,0.05286510293106961,308152,0.002758399990852922,0
scaled_independent,4,uniform,480,0.0050214358613009935,410720,0.0036711999564431608,0
scaled_independent,4,uniform,600,0.001262445537609569,513288,0.0045881999540142715,0
scaled_independent,4,uniform,720,1.6447605993619163e-05,615856,0.005502499989233911,0
scaled_independent,4,uniform,840,9.823000222120015e-07,718424,0.006506499950774014,0
scaled_independent,4,uniform,960,4.373363093890248e-08,820992,0.007438200002070516,0
scaled_independent,4,uniform,1080,7.294017834169608e-09,923560,0.008341799955815077,0
scaled_independent,4,uniform,1200,2.1430190955129547e-10,1026128,0.009265599946957082,0
scaled_independent,4,uniform,1320,1.5159429267441737e-11,1128696,0.010203199984971434,0
scaled_independent,4,uniform,1440,6.559197629485425e-13,1231264,0.011118399968836457,0
scaled_independent,4,uniform,1560,9.059419880941277e-14,1333832,0.01203220000024885,0
scaled_independent,4,uniform,1680,3.1086244689504383e-15,1436400,0.012943399953655899,0
scaled_independent,4,uniform,1800,8.881784197001252e-16,1538968,0.013856099976692349,0
scaled_independent,4,uniform,1920,0.0,1641536,0.014763199957087636,0
scaled_independent,4,uniform,2040,0.0,1744104,0.015675799979362637,0
scaled_independent,4,uniform,2160,0.0,1846672,0.016639599984046072,0
scaled_independent,4,uniform,2280,0.0,1949240,0.017581499996595085,0
scaled_independent,4,uniform,2400,0.0,2051808,0.018496899981983006,0
scaled_independent,4,lipschitz,0,131.58493879924953,448,3.00002284348011e-06,0
scaled_independent,4,lipschitz,120,4.4841439965940815,103016,0.0009361000265926123,0
scaled_independent,4,lipschitz,240,2.2160380084803295,205584,0.0018430000054650009,0
scaled_independent,4,lipschitz,360,2.1674637097882474,308152,0.0027499000425450504,0
scaled_independent,4,lipschitz,480,2.107144682936621,410720,0.004537100030574948,0
scaled_independent,4,lipschitz,600,2.0352758204330197,513288,0.006941500003449619,0
scaled_independent,4,lipschitz,720,1.140199989581538,615856,0.00923940003849566,0
scaled_independent,4,lipschitz,840,1.0684041681416914,718424,0.011286200024187565,0
scaled_independent,4,lipschitz,960,0.9056032585805278,820992,0.012824600038584322,0
scaled_independent,4,lipschitz,1080,0.8861725117556003,923560,0.014031500031705946,0
scaled_independent,4,lipschitz,1200,0.7730202008683471,1026128,0.015026800043415278,0
scaled_independent,4,lipschitz,1320,0.3689999043018166,1128696,0.01593170000705868,0
scaled_independent,4,lipschitz,1440,0.28846050618370445,1231264,0.01683690003119409,0
scaled_independent,4,lipschitz,1560,0.18519565566020812,1333832,0.01773920003324747,0
scaled_independent,4,lipschitz,1680,0.15751575905861603,1436400,0.01864330004900694,0
scaled_independent,4,lipschitz,1800,0.11555114416405754,1538968,0.019543500035069883,0
scaled_independent,4,lipschitz,1920,0.1136700122913199,1641536,0.02044340001884848,0
scaled_independent,4,lipschitz,2040,0.11346917585324601,1744104,0.02135130000533536,0
scaled_independent,4,lipschitz,2160,0.11334056675616866,1846672,0.022254300012718886,0
scaled_independent,4,lipschitz,2280,0.11333238856111105,1949240,0.023162800003774464,0
scaled_independent,4,lipschitz,2400,0.11323831062201162,2051808,0.024062300042714924,0
scaled_independent,4,scheduled_gain,0,131.58493879924953,448,2.900022082030773e-06,0
scaled_independent,4,scheduled_gain,120,1.3093156620610964,141512,0.0009429000201635063,2
scaled_independent,4,scheduled_gain,240,0.02847467723139152,282576,0.0018636000459082425,4
scaled_independent,4,scheduled_gain,360,0.0010734330191537467,423640,0.0028265000437386334,6
scaled_independent,4,scheduled_gain,480,4.76447879744768e-05,564704,0.0037434000405482948,8
scaled_independent,4,scheduled_gain,600,2.6995115520733748e-06,705768,0.004716499999631196,10
scaled_independent,4,scheduled_gain,720,1.4921770663534062e-07,846832,0.005650000006426126,12
scaled_independent,4,scheduled_gain,840,6.377689043546297e-09,987896,0.006582900008652359,14
scaled_independent,4,scheduled_gain,960,2.986544345162656e-10,1128960,0.007512400043196976,16
scaled_independent,4,scheduled_gain,1080,1.3014478383865935e-11,1270024,0.008444000035524368,18
scaled_independent,4,scheduled_gain,1200,7.784883848671598e-13,1411088,0.009368100028950721,20
scaled_independent,4,scheduled_gain,1320,3.419486915845482e-14,1552152,0.010299300018232316,22
scaled_independent,4,scheduled_gain,1440,1.7763568394002505e-15,1693216,0.01122310000937432,24
scaled_independent,4,scheduled_gain,1560,0.0,1834280,0.012149800022598356,26
scaled_independent,4,scheduled_gain,1680,0.0,1975344,0.013077700044959784,28
scaled_independent,4,scheduled_gain,1800,0.0,2116408,0.014004500000737607,30
scaled_independent,4,scheduled_gain,1920,0.0,2257472,0.014926100033335388,32
scaled_independent,4,scheduled_gain,2040,0.0,2398536,0.015849500021431595,34
scaled_independent,4,scheduled_gain,2160,0.0,2539600,0.016767800028901547,36
scaled_independent,4,scheduled_gain,2280,0.0,2680664,0.017686800041701645,38
scaled_independent,4,scheduled_gain,2400,0.0,2821728,0.018608200014568865,40
scaled_independent,4,triggered_gain,0,131.58493879924953,448,2.600019797682762e-06,0
scaled_independent,4,triggered_gain,120,8.580317653568862,122264,0.0009320000535808504,1
scaled_independent,4,triggered_gain,240,4.296006431116716,224832,0.0018298000213690102,1
scaled_independent,4,triggered_gain,360,0.47037463166847004,346648,0.0027452000067569315,2
scaled_independent,4,triggered_gain,480,0.33252792585348434,449216,0.0036477000103332102,2
scaled_independent,4,triggered_gain,600,0.03539127488245164,571032,0.00456040003336966,3
scaled_independent,4,triggered_gain,720,0.03347196703626221,673600,0.005460700020194054,3
scaled_independent,4,triggered_gain,840,0.0037055859298398275,795416,0.0063727000379003584,4
scaled_independent,4,triggered_gain,960,0.002895331416892244,897984,0.007266500033438206,4
scaled_independent,4,triggered_gain,1080,0.0003870149478295559,1019800,0.008180400007404387,5
scaled_independent,4,triggered_gain,1200,0.00031067303241893995,1122368,0.00908230000641197,5
scaled_independent,4,triggered_gain,1320,3.299984015336932e-05,1244184,0.009994400024879724,6
scaled_independent,4,triggered_gain,1440,2.9056110872005547e-05,1346752,0.010894100007135421,6
scaled_independent,4,triggered_gain,1560,3.99664372885411e-06,1468568,0.011832999996840954,7
scaled_independent,4,triggered_gain,1680,3.1447807127271687e-06,1571136,0.012750499998219311,7
scaled_independent,4,triggered_gain,1800,4.789670429161674e-07,1692952,0.013678000017534941,8
scaled_independent,4,triggered_gain,1920,4.433163098838122e-07,1795520,0.014626700023654848,8
scaled_independent,4,triggered_gain,2040,7.569321436307064e-08,1917336,0.015576600038912147,9
scaled_independent,4,triggered_gain,2160,6.794487195094234e-08,2019904,0.01649460004409775,9
scaled_independent,4,triggered_gain,2280,1.350861422722005e-08,2141720,0.017415900016203523,10
scaled_independent,4,triggered_gain,2400,1.184667253184557e-08,2244288,0.018331100000068545,10
scaled_independent,5,uniform,0,105.09501901081273,448,2.900022082030773e-06,0
scaled_independent,5,uniform,120,3.870618698631155,103016,0.0009351000189781189,0
scaled_independent,5,uniform,240,0.2393343213781023,205584,0.0018434000085107982,0
scaled_independent,5,uniform,360,0.0363474468963072,308152,0.0027578999870456755,0
scaled_independent,5,uniform,480,0.0008539969725505081,410720,0.003669199999421835,0
scaled_independent,5,uniform,600,0.00014495422671156888,513288,0.005246200016699731,0
scaled_independent,5,uniform,720,7.362865658500084e-06,615856,0.007098200032487512,0
scaled_independent,5,uniform,840,9.016796380656444e-07,718424,0.008449300017673522,0
scaled_independent,5,uniform,960,3.857519415007005e-08,820992,0.009539599996060133,0
scaled_independent,5,uniform,1080,1.9551178453980356e-09,923560,0.010528600018005818,0
scaled_independent,5,uniform,1200,1.4432632866601125e-10,1026128,0.011435399996116757,0
scaled_independent,5,uniform,1320,3.04760661151704e-11,1128696,0.012362900015432388,0
scaled_independent,5,uniform,1440,8.22453216642316e-13,1231264,0.013295000011567026,0
scaled_independent,5,uniform,1560,5.1514348342607263e-14,1333832,0.01420420000795275,0
scaled_independent,5,uniform,1680,3.552713678800501e-15,1436400,0.015110499982256442,0
scaled_independent,5,uniform,1800,1.7763568394002505e-15,1538968,0.016015000001061708,0
scaled_independent,5,uniform,1920,1.7763568394002505e-15,1641536,0.01692610001191497,0
scaled_independent,5,uniform,2040,1.7763568394002505e-15,1744104,0.0178398999851197,0
scaled_independent,5,uniform,2160,1.3322676295501878e-15,1846672,0.01875420002033934,0
scaled_independent,5,uniform,2280,1.7763568394002505e-15,1949240,0.01966220000758767,0
scaled_independent,5,uniform,2400,1.3322676295501878e-15,2051808,0.02144759998191148,0
scaled_independent,5,lipschitz,0,105.09501901081273,448,7.800001185387373e-06,0
scaled_independent,5,lipschitz,120,4.630089899981166,103016,0.0023459999938495457,0
scaled_independent,5,lipschitz,240,3.271477545028711,205584,0.004633200005628169,0
scaled_independent,5,lipschitz,360,3.061025883193688,308152,0.006355500023346394,0
scaled_independent,5,lipschitz,480,1.3734472153113515,410720,0.007607000006828457,0
scaled_independent,5,lipschitz,600,0.48890534271733843,513288,0.008635000034701079,0
scaled_independent,5,lipschitz,720,0.46233393648044885,615856,0.009541200008243322,0
scaled_independent,5,lipschitz,840,0.44735970466639197,718424,0.010468100022990257,0
scaled_independent,5,lipschitz,960,0.1773334622585181,820992,0.011373700050171465,0
scaled_independent,5,lipschitz,1080,0.13924895753927968,923560,0.01227659999858588,0
scaled_independent,5,lipschitz,1200,0.138675583037986,1026128,0.013178399996832013,0
scaled_independent,5,lipschitz,1320,0.1370026830794604,1128696,0.014087499992456287,0
scaled_independent,5,lipschitz,1440,0.1369361799254567,1231264,0.014999100007116795,0
scaled_independent,5,lipschitz,1560,0.13690599151057947,1333832,0.015900300000794232,0
scaled_independent,5,lipschitz,1680,0.10283966805314648,1436400,0.01680310000665486,0
scaled_independent,5,lipschitz,1800,0.1021718959523259,1538968,0.017710200045257807,0
scaled_independent,5,lipschitz,1920,0.10188682373769087,1641536,0.018621499999426305,0
scaled_independent,5,lipschitz,2040,0.0985244683076143,1744104,0.01953370001865551,0
scaled_independent,5,lipschitz,2160,0.08861735736505771,1846672,0.02044340001884848,0
scaled_independent,5,lipschitz,2280,0.07260119152057598,1949240,0.021351700008381158,0
scaled_independent,5,lipschitz,2400,0.07174376791588122,2051808,0.023171800014097244,0
scaled_independent,5,scheduled_gain,0,105.09501901081273,448,4.699977580457926e-06,0
scaled_independent,5,scheduled_gain,120,1.1721792459574942,141512,0.0013150000013411045,2
scaled_independent,5,scheduled_gain,240,0.030800765139840536,282576,0.0024071999941952527,4
scaled_independent,5,scheduled_gain,360,0.0015643023321576521,423640,0.003347499994561076,6
scaled_independent,5,scheduled_gain,480,6.111068454295321e-05,564704,0.004285399976652116,8
scaled_independent,5,scheduled_gain,600,5.101031190779537e-06,705768,0.005217599973548204,10
scaled_independent,5,scheduled_gain,720,3.3651261510669883e-07,846832,0.006150499975774437,12
scaled_independent,5,scheduled_gain,840,1.7354956582948944e-08,987896,0.007861699967179447,14
scaled_independent,5,scheduled_gain,960,7.651883571213602e-10,1128960,0.010368799965362996,16
scaled_independent,5,scheduled_gain,1080,6.534328633733821e-11,1270024,0.012419399979989976,18
scaled_independent,5,scheduled_gain,1200,4.89164264649844e-12,1411088,0.01402790000429377,20
scaled_independent,5,scheduled_gain,1320,3.0597746558669314e-13,1552152,0.01521019998472184,22
scaled_independent,5,scheduled_gain,1440,1.9984014443252818e-14,1693216,0.01624559995252639,24
scaled_independent,5,scheduled_gain,1560,8.881784197001252e-16,1834280,0.01718649995746091,26
scaled_independent,5,scheduled_gain,1680,0.0,1975344,0.0181184999528341,28
scaled_independent,5,scheduled_gain,1800,0.0,2116408,0.0190565999946557,30
scaled_independent,5,scheduled_gain,1920,0.0,2257472,0.019990500004496425,32
scaled_independent,5,scheduled_gain,2040,0.0,2398536,0.020924999960698187,34
scaled_independent,5,scheduled_gain,2160,0.0,2539600,0.02185939997434616,36
scaled_independent,5,scheduled_gain,2280,0.0,2680664,0.02279889996862039,38
scaled_independent,5,scheduled_gain,2400,0.0,2821728,0.023730099957901984,40
scaled_independent,5,triggered_gain,0,105.09501901081273,448,2.800021320581436e-06,0
scaled_independent,5,triggered_gain,120,5.3593816410548865,122264,0.0009352000197395682,1
scaled_independent,5,triggered_gain,240,4.182923186454758,224832,0.0018359000096097589,1
scaled_independent,5,triggered_gain,360,0.5004448557391772,346648,0.0027562000323086977,2
scaled_independent,5,triggered_gain,480,0.3230408104175453,449216,0.0036625000066123903,2
scaled_independent,5,triggered_gain,600,0.043110896544070076,571032,0.004578399995807558,3
scaled_independent,5,triggered_gain,720,0.03986991668161055,673600,0.005479700048454106,3
scaled_independent,5,triggered_gain,840,0.0033212325998039915,795416,0.006395900039933622,4
scaled_independent,5,triggered_gain,960,0.0025281572701914,897984,0.007295600022189319,4
scaled_independent,5,triggered_gain,1080,0.00039328815255279537,1019800,0.008203400007914752,5
scaled_independent,5,triggered_gain,1200,0.00027205701610943933,1122368,0.009101900039240718,5
scaled_independent,5,triggered_gain,1320,5.032194149823255e-05,1244184,0.010009200021158904,6
scaled_independent,5,triggered_gain,1440,3.788461697507017e-05,1346752,0.01091960002668202,6
scaled_independent,5,triggered_gain,1560,5.338273987742781e-06,1468568,0.011835800018161535,7
scaled_independent,5,triggered_gain,1680,3.5366834203465203e-06,1571136,0.012743100000079721,7
scaled_independent,5,triggered_gain,1800,4.796640706850042e-07,1692952,0.013658600044436753,8
scaled_independent,5,triggered_gain,1920,4.3599991306209063e-07,1795520,0.014560800045728683,8
scaled_independent,5,triggered_gain,2040,5.88915174404292e-08,1917336,0.015480400004889816,9
scaled_independent,5,triggered_gain,2160,5.0663382822335734e-08,2019904,0.016378700034692883,9
scaled_independent,5,triggered_gain,2280,8.545897323131157e-09,2141720,0.017341800034046173,10
scaled_independent,5,triggered_gain,2400,6.838035027101341e-09,2244288,0.018239700002595782,10
scaled_independent,6,uniform,0,160.017828976917,448,3.300025127828121e-06,0
scaled_independent,6,uniform,120,2.3936276436693675,103016,0.000979200005531311,0
scaled_independent,6,uniform,240,0.21736683628008402,205584,0.0018985000206157565,0
scaled_independent,6,uniform,360,0.0035658016621460398,308152,0.0028233000193722546,0
scaled_independent,6,uniform,480,0.0015796502721321382,410720,0.0037438999861478806,0
scaled_independent,6,uniform,600,3.60052441115144e-05,513288,0.004666400025598705,0
scaled_independent,6,uniform,720,3.1275242426964667e-06,615856,0.005586999992374331,0
scaled_independent,6,uniform,840,7.19220087930239e-08,718424,0.0064981000032275915,0
scaled_independent,6,uniform,960,2.889342987089094e-09,820992,0.007413599989376962,0
scaled_independent,6,uniform,1080,2.0693358138146323e-10,923560,0.008327300020027906,0
scaled_independent,6,uniform,1200,5.5839333157337023e-11,1026128,0.009240299987141043,0
scaled_independent,6,uniform,1320,1.5827339439056232e-12,1128696,0.010142899991478771,0
scaled_independent,6,uniform,1440,1.4832579608992091e-13,1231264,0.01105279999319464,0
scaled_independent,6,uniform,1560,2.4868995751603507e-14,1333832,0.011955699999816716,0
scaled_independent,6,uniform,1680,1.3322676295501878e-15,1436400,0.01286040002014488,0
scaled_independent,6,uniform,1800,0.0,1538968,0.013761300011537969,0
scaled_independent,6,uniform,1920,0.0,1641536,0.014665300026535988,0
scaled_independent,6,uniform,2040,0.0,1744104,0.015568999981041998,0
scaled_independent,6,uniform,2160,4.440892098500626e-16,1846672,0.016473600000608712,0
scaled_independent,6,uniform,2280,4.440892098500626e-16,1949240,0.01736880000680685,0
scaled_independent,6,uniform,2400,4.440892098500626e-16,2051808,0.018267699982970953,0
scaled_independent,6,lipschitz,0,160.017828976917,448,2.500019036233425e-06,0
scaled_independent,6,lipschitz,120,3.8531363481016467,103016,0.0009058000287041068,0
scaled_independent,6,lipschitz,240,1.2606884687991342,205584,0.0018001000280492008,0
scaled_independent,6,lipschitz,360,1.104760386358413,308152,0.0026975999935530126,0
scaled_independent,6,lipschitz,480,0.9332226250299906,410720,0.0035961000248789787,0
scaled_independent,6,lipschitz,600,0.3134058459617042,513288,0.004491100029554218,0
scaled_independent,6,lipschitz,720,0.3113914290885429,615856,0.00538859999505803,0
scaled_independent,6,lipschitz,840,0.11147873518831064,718424,0.006283199996687472,0
scaled_independent,6,lipschitz,960,0.10472163425450898,820992,0.0071786000044085085,0
scaled_independent,6,lipschitz,1080,0.09697520967041573,923560,0.008705499989446253,0
scaled_independent,6,lipschitz,1200,0.09562131333406665,1026128,0.011085900012403727,0
scaled_independent,6,lipschitz,1320,0.09543575145252303,1128696,0.013329599983990192,0
scaled_independent,6,lipschitz,1440,0.08960988073020903,1231264,0.015060100005939603,0
scaled_independent,6,lipschitz,1560,0.0740965671090783,1333832,0.016397300001699477,0
scaled_independent,6,lipschitz,1680,0.03621155210205318,1436400,0.01742799999192357,0
scaled_independent,6,lipschitz,1800,0.023864643121136897,1538968,0.018360799993388355,0
scaled_independent,6,lipschitz,1920,0.023351249436776467,1641536,0.01926660002209246,0
scaled_independent,6,lipschitz,2040,0.023348032139069996,1744104,0.02017370000248775,0
scaled_independent,6,lipschitz,2160,0.02334681075025946,1846672,0.02107710001291707,0
scaled_independent,6,lipschitz,2280,0.023331637313693143,1949240,0.021977500000502914,0
scaled_independent,6,lipschitz,2400,0.02330503595854605,2051808,0.022880700009409338,0
scaled_independent,6,scheduled_gain,0,160.017828976917,448,2.700020559132099e-06,0
scaled_independent,6,scheduled_gain,120,0.7244623351564554,141512,0.001201900013256818,2
scaled_independent,6,scheduled_gain,240,0.03515028241166984,282576,0.0021881000138819218,4
scaled_independent,6,scheduled_gain,360,0.0018011764204719505,423640,0.0031584000098519027,6
scaled_independent,6,scheduled_gain,480,7.416833777984522e-05,564704,0.004093899973668158,8
scaled_independent,6,scheduled_gain,600,2.9089407864724137e-06,705768,0.005030200001783669,10
scaled_independent,6,scheduled_gain,720,2.454451339950481e-07,846832,0.0059655000222846866,12
scaled_independent,6,scheduled_gain,840,1.4145859150715978e-08,987896,0.0069005999830551445,14
scaled_independent,6,scheduled_gain,960,6.268936481035325e-10,1128960,0.007825399981811643,16
scaled_independent,6,scheduled_gain,1080,3.83124643121846e-11,1270024,0.008753000001888722,18
scaled_independent,6,scheduled_gain,1200,2.7342572650468355e-12,1411088,0.009681599971372634,20
scaled_independent,6,scheduled_gain,1320,1.9895196601282805e-13,1552152,0.010613100021146238,22
scaled_independent,6,scheduled_gain,1440,1.9095836023552692e-14,1693216,0.011544500011950731,24
scaled_independent,6,scheduled_gain,1560,2.220446049250313e-15,1834280,0.01247519999742508,26
scaled_independent,6,scheduled_gain,1680,4.440892098500626e-16,1975344,0.013401700009126216,28
scaled_independent,6,scheduled_gain,1800,8.881784197001252e-16,2116408,0.014335200015921146,30
scaled_independent,6,scheduled_gain,1920,4.440892098500626e-16,2257472,0.015262399974744767,32
scaled_independent,6,scheduled_gain,2040,4.440892098500626e-16,2398536,0.016188399982638657,34
scaled_independent,6,scheduled_gain,2160,0.0,2539600,0.017119599971920252,36
scaled_independent,6,scheduled_gain,2280,4.440892098500626e-16,2680664,0.01808900001924485,38
scaled_independent,6,scheduled_gain,2400,4.440892098500626e-16,2821728,0.019020600011572242,40
scaled_independent,6,triggered_gain,0,160.017828976917,448,3.300025127828121e-06,0
scaled_independent,6,triggered_gain,120,3.081689505738256,122264,0.000970900000538677,1
scaled_independent,6,triggered_gain,240,1.2267157633560015,224832,0.001881500007584691,1
scaled_independent,6,triggered_gain,360,0.07047927462929726,346648,0.002805700001772493,2
scaled_independent,6,triggered_gain,480,0.057700784225256374,449216,0.00372040004003793,2
scaled_independent,6,triggered_gain,600,0.006869280524714139,571032,0.004638300044462085,3
scaled_independent,6,triggered_gain,720,0.004239253452705594,673600,0.005546300031710416,3
scaled_independent,6,triggered_gain,840,0.0006825953284432806,795416,0.006464200036134571,4
scaled_independent,6,triggered_gain,960,0.0006606993222173507,897984,0.007375400047749281,4
scaled_independent,6,triggered_gain,1080,0.0001272402866780986,1019800,0.008287300006486475,5
scaled_independent,6,triggered_gain,1200,7.97938675147769e-05,1122368,0.00920090003637597,5
scaled_independent,6,triggered_gain,1320,9.530779729427508e-06,1244184,0.01012240001000464,6
scaled_independent,6,triggered_gain,1440,6.767643487837205e-06,1346752,0.011038700002245605,6
scaled_independent,6,triggered_gain,1560,9.716154463212945e-07,1468568,0.011962999997194856,7
scaled_independent,6,triggered_gain,1680,7.82018050315969e-07,1571136,0.012918299995362759,7
scaled_independent,6,triggered_gain,1800,1.0460495758479738e-07,1692952,0.013830400013830513,8
scaled_independent,6,triggered_gain,1920,7.601717255667495e-08,1795520,0.014779700024519116,8
scaled_independent,6,triggered_gain,2040,1.2131108562130066e-08,1917336,0.01570520002860576,9
scaled_independent,6,triggered_gain,2160,7.385077882560154e-09,2019904,0.01661900000181049,9
scaled_independent,6,triggered_gain,2280,1.1097176511043472e-09,2141720,0.017536900006234646,10
scaled_independent,6,triggered_gain,2400,9.14059494760977e-10,2244288,0.018447800015565008,10
scaled_independent,7,uniform,0,91.89537272481977,448,2.6999623514711857e-06,0
scaled_independent,7,uniform,120,3.5597250128582814,103016,0.0009257999481633306,0
scaled_independent,7,uniform,240,0.0838110445617346,205584,0.0018365999567322433,0
scaled_independent,7,uniform,360,0.008251624334404628,308152,0.0027449000044725835,0
scaled_independent,7,uniform,480,0.0010053919080208473,410720,0.003652299987152219,0
scaled_independent,7,uniform,600,8.951210834418077e-05,513288,0.004556699946988374,0
scaled_independent,7,uniform,720,2.8047175790746337e-06,615856,0.0054644999909214675,0
scaled_independent,7,uniform,840,3.2942545180603133e-07,718424,0.006369499955326319,0
scaled_independent,7,uniform,960,3.8405486790793475e-08,820992,0.0072755999863147736,0
scaled_independent,7,uniform,1080,2.749292793424729e-09,923560,0.00817849999293685,0
scaled_independent,7,uniform,1200,3.7646019634962613e-10,1026128,0.009115599968936294,0
scaled_independent,7,uniform,1320,3.207212273537152e-11,1128696,0.01001859997631982,0
scaled_independent,7,uniform,1440,1.8471002505293654e-11,1231264,0.010959099978208542,0
scaled_independent,7,uniform,1560,7.536193891155563e-13,1333832,0.0118881999514997,0
scaled_independent,7,uniform,1680,3.241851231905457e-14,1436400,0.01280259998748079,0
scaled_independent,7,uniform,1800,1.3322676295501878e-15,1538968,0.013741499977186322,0
scaled_independent,7,uniform,1920,0.0,1641536,0.014658399973995984,0
scaled_independent,7,uniform,2040,0.0,1744104,0.015586699999403208,0
scaled_independent,7,uniform,2160,0.0,1846672,0.016501299978699535,0
scaled_independent,7,uniform,2280,0.0,1949240,0.01741629996104166,0
scaled_independent,7,uniform,2400,0.0,2051808,0.018324799952097237,0
scaled_independent,7,lipschitz,0,91.89537272481977,448,2.6999623514711857e-06,0
scaled_independent,7,lipschitz,120,4.126668824465389,103016,0.0009233999880962074,0
scaled_independent,7,lipschitz,240,3.105079705956219,205584,0.001823199971113354,0
scaled_independent,7,lipschitz,360,1.539520693266354,308152,0.002725199970882386,0
scaled_independent,7,lipschitz,480,0.9036687123256026,410720,0.0036319999489933252,0
scaled_independent,7,lipschitz,600,0.5517943288140637,513288,0.004535799962468445,0
scaled_independent,7,lipschitz,720,0.5343992027705817,615856,0.005434699996840209,0
scaled_independent,7,lipschitz,840,0.5296006995541753,718424,0.006331499957013875,0
scaled_independent,7,lipschitz,960,0.3787962334954105,820992,0.007230599992908537,0
scaled_independent,7,lipschitz,1080,0.3522201408428054,923560,0.008131699985824525,0
scaled_independent,7,lipschitz,1200,0.26000723241604584,1026128,0.00903779995860532,0
scaled_independent,7,lipschitz,1320,0.2584090684778615,1128696,0.009940499963704497,0
scaled_independent,7,lipschitz,1440,0.2579438933502547,1231264,0.010844599979463965,0
scaled_independent,7,lipschitz,1560,0.25767533290816935,1333832,0.01174180000089109,0
scaled_independent,7,lipschitz,1680,0.25470907842249657,1436400,0.012643499998375773,0
scaled_independent,7,lipschitz,1800,0.032531214085159466,1538968,0.013542499975301325,0
scaled_independent,7,lipschitz,1920,0.02846980485334205,1641536,0.014451899973209947,0
scaled_independent,7,lipschitz,2040,0.02487485908629461,1744104,0.015362499980255961,0
scaled_independent,7,lipschitz,2160,0.02470261049262179,1846672,0.016272899985779077,0
scaled_independent,7,lipschitz,2280,0.02393442051515171,1949240,0.017179599963128567,0
scaled_independent,7,lipschitz,2400,0.023783120005815395,2051808,0.018082599970512092,0
scaled_independent,7,scheduled_gain,0,91.89537272481977,448,2.500019036233425e-06,0
scaled_independent,7,scheduled_gain,120,0.5128474929874796,141512,0.0009477999992668629,2
scaled_independent,7,scheduled_gain,240,0.013166554742132242,282576,0.001907500030938536,4
scaled_independent,7,scheduled_gain,360,0.0007124187237894652,423640,0.0028371000080369413,6
scaled_independent,7,scheduled_gain,480,4.939543912341193e-05,564704,0.003797599987592548,8
scaled_independent,7,scheduled_gain,600,5.267527876107181e-06,705768,0.00475289998576045,10
scaled_independent,7,scheduled_gain,720,3.6328756269909945e-07,846832,0.005682600021827966,12
scaled_independent,7,scheduled_gain,840,2.6745950343354252e-08,987896,0.00661390001187101,14
scaled_independent,7,scheduled_gain,960,2.1825505847061777e-09,1128960,0.0075385000091046095,16
scaled_independent,7,scheduled_gain,1080,1.727085141567386e-10,1270024,0.00846750003984198,18
scaled_independent,7,scheduled_gain,1200,1.2536194304857418e-11,1411088,0.009385199984535575,20
scaled_independent,7,scheduled_gain,1320,9.07718344933528e-13,1552152,0.010306400014087558,22
scaled_independent,7,scheduled_gain,1440,7.860379014346108e-14,1693216,0.011223400011658669,24
scaled_independent,7,scheduled_gain,1560,8.881784197001252e-15,1834280,0.012138999998569489,26
scaled_independent,7,scheduled_gain,1680,0.0,1975344,0.01305900001898408,28
scaled_independent,7,scheduled_gain,1800,0.0,2116408,0.013978500035591424,30
scaled_independent,7,scheduled_gain,1920,0.0,2257472,0.014899300003889948,32
scaled_independent,7,scheduled_gain,2040,0.0,2398536,0.015812600031495094,34
scaled_independent,7,scheduled_gain,2160,0.0,2539600,0.0167362000211142,36
scaled_independent,7,scheduled_gain,2280,0.0,2680664,0.01765749999321997,38
scaled_independent,7,scheduled_gain,2400,0.0,2821728,0.018580200034193695,40
scaled_independent,7,triggered_gain,0,91.89537272481977,448,2.600019797682762e-06,0
scaled_independent,7,triggered_gain,120,4.255036386541171,122264,0.0009276000200770795,1
scaled_independent,7,triggered_gain,240,3.3637161052289035,224832,0.00327139999717474,1
scaled_independent,7,triggered_gain,360,0.34744687710326794,346648,0.005632299988064915,2
scaled_independent,7,triggered_gain,480,0.30243120345698715,449216,0.007930200023110956,2
scaled_independent,7,triggered_gain,600,0.05198120911183235,571032,0.009543999971356243,3
scaled_independent,7,triggered_gain,720,0.03306848493988257,673600,0.010450400004629046,3
scaled_independent,7,triggered_gain,840,0.006506786235251916,795416,0.011368800012860447,4
scaled_independent,7,triggered_gain,960,0.004665940664621893,897984,0.01227080001262948,4
scaled_independent,7,triggered_gain,1080,0.0008410406521148772,1019800,0.013190399971790612,5
scaled_independent,7,triggered_gain,1200,0.0006602488080793556,1122368,0.01413600001251325,5
scaled_independent,7,triggered_gain,1320,0.00012034938466598533,1244184,0.015052400005515665,6
scaled_independent,7,triggered_gain,1440,9.821672060406073e-05,1346752,0.016004799981601536,6
scaled_independent,7,triggered_gain,1560,1.7808971141342056e-05,1468568,0.016946999996434897,7
scaled_independent,7,triggered_gain,1680,1.6083860161497654e-05,1571136,0.017870499985292554,7
scaled_independent,7,triggered_gain,1800,2.605935423449779e-06,1692952,0.018799300014507025,8
scaled_independent,7,triggered_gain,1920,1.941760046975105e-06,1795520,0.01971269998466596,8
scaled_independent,7,triggered_gain,2040,5.236937838937195e-07,1917336,0.020630699989851564,9
scaled_independent,7,triggered_gain,2160,4.2707968406219265e-07,2019904,0.02153540001017973,9
scaled_independent,7,triggered_gain,2280,9.619308372066371e-08,2141720,0.02245679998304695,10
scaled_independent,7,triggered_gain,2400,6.963641352442096e-08,2244288,0.023363700020127,10
scaled_independent,8,uniform,0,116.17441165032336,448,2.700020559132099e-06,0
scaled_independent,8,uniform,120,1.4278557739046622,103016,0.0009341000113636255,0
scaled_independent,8,uniform,240,0.31343681982029326,205584,0.001832999987527728,0
scaled_independent,8,uniform,360,0.023915710899538034,308152,0.002739400020800531,0
scaled_independent,8,uniform,480,0.0013055368860870331,410720,0.0036436000373214483,0
scaled_independent,8,uniform,600,0.0001544601682543778,513288,0.004544600029475987,0
scaled_independent,8,uniform,720,8.572748738444602e-06,615856,0.0054444000124931335,0
scaled_independent,8,uniform,840,2.2840786417788195e-07,718424,0.006357000034768134,0
scaled_independent,8,uniform,960,2.4157696287829822e-08,820992,0.007263400009833276,0
scaled_independent,8,uniform,1080,2.1634982694251903e-09,923560,0.008162699989043176,0
scaled_independent,8,uniform,1200,3.055973252230615e-10,1026128,0.010802100005093962,0
scaled_independent,8,uniform,1320,2.8264057760907235e-11,1128696,0.013151200022548437,0
scaled_independent,8,uniform,1440,2.6187940704858192e-12,1231264,0.015568100032396615,0
scaled_independent,8,uniform,1560,1.7408297026122455e-13,1333832,0.01727990002837032,0
scaled_independent,8,uniform,1680,3.1530333899354446e-14,1436400,0.01856300001963973,0
scaled_independent,8,uniform,1800,4.440892098500626e-15,1538968,0.01963260001502931,0
scaled_independent,8,uniform,1920,0.0,1641536,0.020549000008031726,0
scaled_independent,8,uniform,2040,0.0,1744104,0.02147879998665303,0
scaled_independent,8,uniform,2160,0.0,1846672,0.02242550003575161,0
scaled_independent,8,uniform,2280,0.0,1949240,0.023343700042460114,0
scaled_independent,8,uniform,2400,0.0,2051808,0.024258000019472092,0
scaled_independent,8,lipschitz,0,116.17441165032336,448,2.8999638743698597e-06,0
scaled_independent,8,lipschitz,120,10.908088750484588,103016,0.0009363999706692994,0
scaled_independent,8,lipschitz,240,0.7242776471489645,205584,0.0018538999720476568,0
scaled_independent,8,lipschitz,360,0.3277997620195028,308152,0.002764899982139468,0
scaled_independent,8,lipschitz,480,0.23356996759984439,410720,0.0036725999671034515,0
scaled_independent,8,lipschitz,600,0.22927767224193873,513288,0.004580600012559444,0
scaled_independent,8,lipschitz,720,0.2143204439399926,615856,0.005487299989908934,0
scaled_independent,8,lipschitz,840,0.20683273048321427,718424,0.006422900012694299,0
scaled_independent,8,lipschitz,960,0.17038198135582316,820992,0.007352999993599951,0
scaled_independent,8,lipschitz,1080,0.16971678404991408,923560,0.008293799997773021,0
scaled_independent,8,lipschitz,1200,0.13404584104090267,1026128,0.009207699971739203,0
scaled_independent,8,lipschitz,1320,0.12642760732371983,1128696,0.010121500003151596,0
scaled_independent,8,lipschitz,1440,0.12616929944949273,1231264,0.011031500005628914,0
scaled_independent,8,lipschitz,1560,0.12538804905238532,1333832,0.011941300006583333,0
scaled_independent,8,lipschitz,1680,0.1253449406406668,1436400,0.012849199993070215,0
scaled_independent,8,lipschitz,1800,0.12527416014739678,1538968,0.013759800000116229,0
scaled_independent,8,lipschitz,1920,0.12459232051366476,1641536,0.014662900008261204,0
scaled_independent,8,lipschitz,2040,0.12453520779424476,1744104,0.015573400014545768,0
scaled_independent,8,lipschitz,2160,0.12452741373460041,1846672,0.016486399981658906,0
scaled_independent,8,lipschitz,2280,0.12433162397467656,1949240,0.01742789999116212,0
scaled_independent,8,lipschitz,2400,0.12432868848802148,2051808,0.018364899966400117,0
scaled_independent,8,scheduled_gain,0,116.17441165032336,448,2.8999638743698597e-06,0
scaled_independent,8,scheduled_gain,120,1.094765602045138,141512,0.0010126999695785344,2
scaled_independent,8,scheduled_gain,240,0.051803258332882685,282576,0.001987600000575185,4
scaled_independent,8,scheduled_gain,360,0.0032097816588665395,423640,0.0029741000034846365,6
scaled_independent,8,scheduled_gain,480,0.00015449714149395888,564704,0.003934699983801693,8
scaled_independent,8,scheduled_gain,600,8.508297860032599e-06,705768,0.004924199951346964,10
scaled_independent,8,scheduled_gain,720,6.60527021523194e-07,846832,0.005881399963982403,12
scaled_independent,8,scheduled_gain,840,4.585128321465959e-08,987896,0.006897099956404418,14
scaled_independent,8,scheduled_gain,960,4.7260386715208824e-09,1128960,0.007832799979951233,16
scaled_independent,8,scheduled_gain,1080,4.081663895760812e-10,1270024,0.008772899978794158,18
scaled_independent,8,scheduled_gain,1200,3.0750957336067586e-11,1411088,0.00973130000056699,20
scaled_independent,8,scheduled_gain,1320,2.1520563109334034e-12,1552152,0.01068969996413216,22
scaled_independent,8,scheduled_gain,1440,1.163513729807164e-13,1693216,0.01165119995130226,24
scaled_independent,8,scheduled_gain,1560,1.2878587085651816e-14,1834280,0.01360839995322749,26
scaled_independent,8,scheduled_gain,1680,1.7763568394002505e-15,1975344,0.016090999997686595,28
scaled_independent,8,scheduled_gain,1800,4.440892098500626e-16,2116408,0.018406599992886186,30
scaled_independent,8,scheduled_gain,1920,4.440892098500626e-16,2257472,0.02023719996213913,32
scaled_independent,8,scheduled_gain,2040,8.881784197001252e-16,2398536,0.021618600003421307,34
scaled_independent,8,scheduled_gain,2160,8.881784197001252e-16,2539600,0.022692499973345548,36
scaled_independent,8,scheduled_gain,2280,4.440892098500626e-16,2680664,0.023668999958317727,38
scaled_independent,8,scheduled_gain,2400,0.0,2821728,0.024603799975011498,40
scaled_independent,8,triggered_gain,0,116.17441165032336,448,2.900022082030773e-06,0
scaled_independent,8,triggered_gain,120,1.7167368487257741,122264,0.0009489000076428056,1
scaled_independent,8,triggered_gain,240,0.5988363138717823,224832,0.0018594000139273703,1
scaled_independent,8,triggered_gain,360,0.0640777645441486,346648,0.0027848000172525644,2
scaled_independent,8,triggered_gain,480,0.01376632166973879,468464,0.004482400021515787,3
scaled_independent,8,triggered_gain,600,0.0030759775569153547,590280,0.006926100002601743,4
scaled_independent,8,triggered_gain,720,0.0005915799684315104,712096,0.009333800000604242,5
scaled_independent,8,triggered_gain,840,0.00011112597780904565,833912,0.011177100008353591,6
scaled_independent,8,triggered_gain,960,1.941824159557015e-05,955728,0.012141100014559925,7
scaled_independent,8,triggered_gain,1080,5.339463369224973e-06,1077544,0.013680600037332624,8
scaled_independent,8,triggered_gain,1200,1.2948333281137536e-06,1199360,0.016153600008692592,9
scaled_independent,8,triggered_gain,1320,2.057848340619728e-07,1321176,0.018029200029559433,10
scaled_independent,8,triggered_gain,1440,6.179732547906269e-08,1442992,0.01996030000736937,11
scaled_independent,8,triggered_gain,1560,1.7583868139325887e-08,1564808,0.02148039999883622,12
scaled_independent,8,triggered_gain,1680,3.765782352616043e-09,1686624,0.022705300012603402,13
scaled_independent,8,triggered_gain,1800,8.766809500571071e-10,1808440,0.023752500012051314,14
scaled_independent,8,triggered_gain,1920,1.9103341131199159e-10,1930256,0.02469520003069192,15
scaled_independent,8,triggered_gain,2040,3.703259920939672e-11,2052072,0.025634300021920353,16
scaled_independent,8,triggered_gain,2160,8.687717212296775e-12,2173888,0.0265711999963969,17
scaled_independent,8,triggered_gain,2280,1.934896687316723e-12,2295704,0.02750900003593415,18
scaled_independent,8,triggered_gain,2400,4.121147867408581e-13,2417520,0.028440000023692846,19
scaled_independent,9,uniform,0,40.364307525216795,448,2.8999638743698597e-06,0
scaled_independent,9,uniform,120,0.8520394310975918,103016,0.0010810999665409327,0
scaled_independent,9,uniform,240,0.07643342052447322,205584,0.0020093999919481575,0
scaled_independent,9,uniform,360,0.001271112798673979,308152,0.0029417999903671443,0
scaled_independent,9,uniform,480,4.938116753994137e-05,410720,0.0038929999573156238,0
scaled_independent,9,uniform,600,5.605369256755921e-06,513288,0.004839800007175654,0
scaled_independent,9,uniform,720,1.790038957061313e-07,615856,0.005763699999079108,0
scaled_independent,9,uniform,840,2.9501748155524865e-08,718424,0.006689100002404302,0
scaled_independent,9,uniform,960,8.86579698544665e-10,820992,0.007605499995406717,0
scaled_independent,9,uniform,1080,6.646549977062932e-11,923560,0.008528699981980026,0
scaled_independent,9,uniform,1200,5.704769989733904e-12,1026128,0.009449100005440414,0
scaled_independent,9,uniform,1320,8.020251129892131e-13,1128696,0.010371399985160679,0
scaled_independent,9,uniform,1440,1.0658141036401503e-14,1231264,0.01129130000481382,0
scaled_independent,9,uniform,1560,5.329070518200751e-15,1333832,0.012214799993671477,0
scaled_independent,9,uniform,1680,4.440892098500626e-16,1436400,0.013134600012563169,0
scaled_independent,9,uniform,1800,0.0,1538968,0.014093199977651238,0
scaled_independent,9,uniform,1920,0.0,1641536,0.015023599960841238,0
scaled_independent,9,uniform,2040,0.0,1744104,0.015960199991241097,0
scaled_independent,9,uniform,2160,0.0,1846672,0.01688139996258542,0
scaled_independent,9,uniform,2280,0.0,1949240,0.017830399970989674,0
scaled_independent,9,uniform,2400,0.0,2051808,0.01874659996246919,0
scaled_independent,9,lipschitz,0,40.364307525216795,448,2.900022082030773e-06,0
scaled_independent,9,lipschitz,120,6.436010831970566,103016,0.0009309000452049077,0
scaled_independent,9,lipschitz,240,2.310772252714016,205584,0.0018420999986119568,0
scaled_independent,9,lipschitz,360,2.127179078361438,308152,0.0027573000406846404,0
scaled_independent,9,lipschitz,480,1.050307249615475,410720,0.0036656000302173197,0
scaled_independent,9,lipschitz,600,0.9219429022381949,513288,0.004581700020935386,0
scaled_independent,9,lipschitz,720,0.9192333464210298,615856,0.00578120001591742,0
scaled_independent,9,lipschitz,840,0.9153212228602139,718424,0.006708300032187253,0
scaled_independent,9,lipschitz,960,0.9108906982909679,820992,0.007619000039994717,0
scaled_independent,9,lipschitz,1080,0.35417868276503617,923560,0.008575500047300011,0
scaled_independent,9,lipschitz,1200,0.29556419341014495,1026128,0.009490600030403584,0
scaled_independent,9,lipschitz,1320,0.29198617446388475,1128696,0.011631100031081587,0
scaled_independent,9,lipschitz,1440,0.09307153898862763,1231264,0.01408110000193119,0
scaled_independent,9,lipschitz,1560,0.08860002152426771,1333832,0.016361100017093122,0
scaled_independent,9,lipschitz,1680,0.08434193263136569,1436400,0.018325200013350695,0
scaled_independent,9,lipschitz,1800,0.06775793913640626,1538968,0.0196771000046283,0
scaled_independent,9,lipschitz,1920,0.06754843573755887,1641536,0.020753799995873123,0
scaled_independent,9,lipschitz,2040,0.06673904605754144,1744104,0.021699200035072863,0
scaled_independent,9,lipschitz,2160,0.06235745467214615,1846672,0.02265950001310557,0
scaled_independent,9,lipschitz,2280,0.06231653214717614,1949240,0.02362110000103712,0
scaled_independent,9,lipschitz,2400,0.06149926230941727,2051808,0.024603900033980608,0
scaled_independent,9,scheduled_gain,0,40.364307525216795,448,3.00002284348011e-06,0
scaled_independent,9,scheduled_gain,120,0.6618275836055911,141512,0.0009999999892897904,2
scaled_independent,9,scheduled_gain,240,0.016684837417997755,282576,0.001949199999216944,4
scaled_independent,9,scheduled_gain,360,0.00048200335145187623,423640,0.003108799981418997,6
scaled_independent,9,scheduled_gain,480,2.1589164626245605e-05,564704,0.004078600031789392,8
scaled_independent,9,scheduled_gain,600,1.343420832355946e-06,705768,0.005049799976404756,10
scaled_independent,9,scheduled_gain,720,3.824573457933411e-08,846832,0.006010500015690923,12
scaled_independent,9,scheduled_gain,840,1.7892967107968616e-09,987896,0.006968400033656508,14
scaled_independent,9,scheduled_gain,960,8.469536183497439e-11,1128960,0.007910399988759309,16
scaled_independent,9,scheduled_gain,1080,5.163425242926678e-12,1270024,0.00885849999031052,18
scaled_independent,9,scheduled_gain,1200,3.2951419370874646e-13,1411088,0.009807499998714775,20
scaled_independent,9,scheduled_gain,1320,2.708944180085382e-14,1552152,0.010746999992989004,22
scaled_independent,9,scheduled_gain,1440,1.7763568394002505e-15,1693216,0.01168240001425147,24
scaled_independent,9,scheduled_gain,1560,4.440892098500626e-16,1834280,0.012611799989826977,26
scaled_independent,9,scheduled_gain,1680,4.440892098500626e-16,1975344,0.013535599980968982,28
scaled_independent,9,scheduled_gain,1800,4.440892098500626e-16,2116408,0.014463800005614758,30
scaled_independent,9,scheduled_gain,1920,4.440892098500626e-16,2257472,0.015386899991426617,32
scaled_independent,9,scheduled_gain,2040,4.440892098500626e-16,2398536,0.016308500024024397,34
scaled_independent,9,scheduled_gain,2160,4.440892098500626e-16,2539600,0.01723840000340715,36
scaled_independent,9,scheduled_gain,2280,4.440892098500626e-16,2680664,0.018175699980929494,38
scaled_independent,9,scheduled_gain,2400,4.440892098500626e-16,2821728,0.0191128000151366,40
scaled_independent,9,triggered_gain,0,40.364307525216795,448,3.00002284348011e-06,0
scaled_independent,9,triggered_gain,120,1.9949725591328429,122264,0.0009461999870836735,1
scaled_independent,9,triggered_gain,240,1.1156731691463775,224832,0.0018668000120669603,1
scaled_independent,9,triggered_gain,360,0.10532251730910014,346648,0.0027894999948330224,2
scaled_independent,9,triggered_gain,480,0.09643102459145991,449216,0.003708800009917468,2
scaled_independent,9,triggered_gain,600,0.009275300547050058,571032,0.004627700021956116,3
scaled_independent,9,triggered_gain,720,0.006285428613546529,673600,0.005567000014707446,3
scaled_independent,9,triggered_gain,840,0.0005080670524280073,795416,0.00650140002835542,4
scaled_independent,9,triggered_gain,960,0.0004786633815490049,897984,0.007449899974744767,4
scaled_independent,9,triggered_gain,1080,3.446635754889016e-05,1019800,0.008402700012084097,5
scaled_independent,9,triggered_gain,1200,2.5004107872650394e-05,1122368,0.00932970002759248,5
scaled_independent,9,triggered_gain,1320,2.8382305852225898e-06,1244184,0.010311499994713813,6
scaled_independent,9,triggered_gain,1440,2.085912286009517e-06,1346752,0.011271100025624037,6
scaled_independent,9,triggered_gain,1560,3.235224603770348e-07,1468568,0.012208900006953627,7
scaled_independent,9,triggered_gain,1680,2.0475627815486064e-07,1571136,0.01315519999479875,7
scaled_independent,9,triggered_gain,1800,1.9426044328696435e-08,1692952,0.014093399979174137,8
scaled_independent,9,triggered_gain,1920,1.562798690457612e-08,1795520,0.015022500010672957,8
scaled_independent,9,triggered_gain,2040,2.1133690353281054e-09,1917336,0.015946100000292063,9
scaled_independent,9,triggered_gain,2160,1.2627157097711006e-09,2019904,0.016870099992956966,9
scaled_independent,9,triggered_gain,2280,1.6754775344907102e-10,2141720,0.017792000027839094,10
scaled_independent,9,triggered_gain,2400,1.0834355634870008e-10,2244288,0.018714600009843707,10
scaled_independent,10,uniform,0,92.9592808084531,448,2.900022082030773e-06,0
scaled_independent,10,uniform,120,8.953246755506267,103016,0.000945200037676841,0
scaled_independent,10,uniform,240,0.3808758862411419,205584,0.0018763000261969864,0
scaled_independent,10,uniform,360,0.013421130757197197,308152,0.0027948000351898372,0
scaled_independent,10,uniform,480,0.0004509025125769561,410720,0.003712400037329644,0
scaled_independent,10,uniform,600,6.230670724871601e-05,513288,0.004630800045561045,0
scaled_independent,10,uniform,720,4.0199264366158616e-06,615856,0.005555500043556094,0
scaled_independent,10,uniform,840,2.971386021677347e-07,718424,0.006475000001955777,0
scaled_independent,10,uniform,960,1.2423944539818876e-08,820992,0.00739630003226921,0
scaled_independent,10,uniform,1080,7.621290265547032e-10,923560,0.008314100035931915,0
scaled_independent,10,uniform,1200,2.896514139649753e-10,1026128,0.009236200014129281,0
scaled_independent,10,uniform,1320,1.9118928662464896e-11,1128696,0.010172999987844378,0
scaled_independent,10,uniform,1440,6.710187960834446e-13,1231264,0.011094500019680709,0
scaled_independent,10,uniform,1560,1.163513729807164e-13,1333832,0.012007500045001507,0
scaled_independent,10,uniform,1680,1.2434497875801753e-14,1436400,0.012923300033435225,0
scaled_independent,10,uniform,1800,5.329070518200751e-15,1538968,0.013844900007825345,0
scaled_independent,10,uniform,1920,1.3322676295501878e-15,1641536,0.01475840003695339,0
scaled_independent,10,uniform,2040,1.7763568394002505e-15,1744104,0.01567400002386421,0
scaled_independent,10,uniform,2160,1.7763568394002505e-15,1846672,0.0166682000271976,0
scaled_independent,10,uniform,2280,8.881784197001252e-16,1949240,0.017624600033741444,0
scaled_independent,10,uniform,2400,8.881784197001252e-16,2051808,0.018541800032835454,0
scaled_independent,10,lipschitz,0,92.9592808084531,448,2.6999623514711857e-06,0
scaled_independent,10,lipschitz,120,3.5709360148315596,103016,0.0009685999830253422,0
scaled_independent,10,lipschitz,240,1.773725016092988,205584,0.0018888999475166202,0
scaled_independent,10,lipschitz,360,1.628979869858628,308152,0.0028521999483928084,0
scaled_independent,10,lipschitz,480,1.5301910519451685,410720,0.0037893999833613634,0
scaled_independent,10,lipschitz,600,1.367118124234758,513288,0.004726799961645156,0
scaled_independent,10,lipschitz,720,1.1166391253780943,615856,0.005641600000672042,0
scaled_independent,10,lipschitz,840,0.7395723702904058,718424,0.00656199996592477,0
scaled_independent,10,lipschitz,960,0.7250586801659709,820992,0.007476799946743995,0
scaled_independent,10,lipschitz,1080,0.724771449301099,923560,0.008397099969442934,0
scaled_independent,10,lipschitz,1200,0.4045661886556817,1026128,0.009310199995525181,0
scaled_independent,10,lipschitz,1320,0.4026013851249992,1128696,0.010221999953500926,0
scaled_independent,10,lipschitz,1440,0.40198354850699136,1231264,0.011132299958262593,0
scaled_independent,10,lipschitz,1560,0.4016003759278308,1333832,0.012044999981299043,0
scaled_independent,10,lipschitz,1680,0.15671917163087556,1436400,0.01295659999595955,0
scaled_independent,10,lipschitz,1800,0.13300986598135145,1538968,0.015511599951423705,0
scaled_independent,10,lipschitz,1920,0.13172875386264238,1641536,0.01781779999146238,0
scaled_independent,10,lipschitz,2040,0.13152505347682197,1744104,0.020235099946148694,0
scaled_independent,10,lipschitz,2160,0.1312334607645731,1846672,0.022058499976992607,0
scaled_independent,10,lipschitz,2280,0.13123288267408695,1949240,0.02297079999698326,0
scaled_independent,10,lipschitz,2400,0.1288646795719881,2051808,0.023884399968665093,0
scaled_independent,10,scheduled_gain,0,92.9592808084531,448,2.9999646358191967e-06,0
scaled_independent,10,scheduled_gain,120,0.6356223686196092,141512,0.0009503999608568847,2
scaled_independent,10,scheduled_gain,240,0.027496922417909353,282576,0.0018777999794110656,4
scaled_independent,10,scheduled_gain,360,0.0008167238504310781,423640,0.002804199990350753,6
scaled_independent,10,scheduled_gain,480,3.6528886118158965e-05,564704,0.003729499992914498,8
scaled_independent,10,scheduled_gain,600,2.755272084264959e-06,705768,0.004649599955882877,10
scaled_independent,10,scheduled_gain,720,1.5872933012417434e-07,846832,0.005571399990003556,12
scaled_independent,10,scheduled_gain,840,6.506962968444441e-09,987896,0.006496199988760054,14
scaled_independent,10,scheduled_gain,960,4.331566216819738e-10,1128960,0.007415000000037253,16
scaled_independent,10,scheduled_gain,1080,2.9404034762592346e-11,1270024,0.008700500009581447,18
scaled_independent,10,scheduled_gain,1200,1.6204815267428785e-12,1411088,0.009644399979151785,20
scaled_independent,10,scheduled_gain,1320,8.970602038971265e-14,1552152,0.010626600007526577,22
scaled_independent,10,scheduled_gain,1440,6.217248937900877e-15,1693216,0.011553899967111647,24
scaled_independent,10,scheduled_gain,1560,0.0,1834280,0.012481199984904379,26
scaled_independent,10,scheduled_gain,1680,0.0,1975344,0.013405299978330731,28
scaled_independent,10,scheduled_gain,1800,0.0,2116408,0.014335599960759282,30
scaled_independent,10,scheduled_gain,1920,0.0,2257472,0.015264399989973754,32
scaled_independent,10,scheduled_gain,2040,0.0,2398536,0.016194199968595058,34
scaled_independent,10,scheduled_gain,2160,0.0,2539600,0.017122199991717935,36
scaled_independent,10,scheduled_gain,2280,0.0,2680664,0.018052999977953732,38
scaled_independent,10,scheduled_gain,2400,0.0,2821728,0.01897499995538965,40
scaled_independent,10,triggered_gain,0,92.9592808084531,448,2.700020559132099e-06,0
scaled_independent,10,triggered_gain,120,4.348050269269633,122264,0.0009391999919898808,1
scaled_independent,10,triggered_gain,240,3.3707357281816286,224832,0.001985000038985163,1
scaled_independent,10,triggered_gain,360,0.3059722006608889,346648,0.0029129000031389296,2
scaled_independent,10,triggered_gain,480,0.28398570069297335,449216,0.0038256000261753798,2
scaled_independent,10,triggered_gain,600,0.03817808296814107,571032,0.0047491000150330365,3
scaled_independent,10,triggered_gain,720,0.029265103530246694,673600,0.00565390003612265,3
scaled_independent,10,triggered_gain,840,0.003858985033705853,795416,0.006572300044354051,4
scaled_independent,10,triggered_gain,960,0.0029649130998907758,897984,0.007482999993953854,4
scaled_independent,10,triggered_gain,1080,0.00044992261344534157,1019800,0.008442000020295382,5
scaled_independent,10,triggered_gain,1200,0.00037790178164875954,1122368,0.0093771000392735,5
scaled_independent,10,triggered_gain,1320,7.122163976891471e-05,1244184,0.010297500004526228,6
scaled_independent,10,triggered_gain,1440,6.11987369247835e-05,1346752,0.011294800031464547,6
scaled_independent,10,triggered_gain,1560,1.2405357201039635e-05,1468568,0.012216400005854666,7
scaled_independent,10,triggered_gain,1680,9.085527395313875e-06,1571136,0.013156400003936142,7
scaled_independent,10,triggered_gain,1800,1.7450243428029921e-06,1692952,0.014098100014962256,8
scaled_independent,10,triggered_gain,1920,1.5718165955469487e-06,1795520,0.015040700032841414,8
scaled_independent,10,triggered_gain,2040,3.0959653907203233e-07,1917336,0.015976499998942018,9
scaled_independent,10,triggered_gain,2160,2.770358706882803e-07,2019904,0.016900000046007335,9
scaled_independent,10,triggered_gain,2280,5.6912247803353466e-08,2141720,0.01816440001130104,10
scaled_independent,10,triggered_gain,2400,5.0162477283066664e-08,2244288,0.02026560000376776,10
scaled_independent,11,uniform,0,60.069266323601795,448,5.099980626255274e-06,0
scaled_independent,11,uniform,120,1.7611068653063224,103016,0.0013226000010035932,0
scaled_independent,11,uniform,240,0.17552055355035323,205584,0.002350499969907105,0
scaled_independent,11,uniform,360,0.004131259231530571,308152,0.0032999999821186066,0
scaled_independent,11,uniform,480,0.0001646227791334276,410720,0.0042004999704658985,0
scaled_independent,11,uniform,600,1.4144594246090492e-05,513288,0.005101300019305199,0
scaled_independent,11,uniform,720,9.063695460831411e-07,615856,0.0060041999677196145,0
scaled_independent,11,uniform,840,1.22744999941915e-07,718424,0.00691019999794662,0
scaled_independent,11,uniform,960,7.078228669854525e-09,820992,0.007812900003045797,0
scaled_independent,11,uniform,1080,2.795559339574538e-10,923560,0.008719699981156737,0
scaled_independent,11,uniform,1200,9.502576503450655e-11,1026128,0.009619300020858645,0
scaled_independent,11,uniform,1320,2.653877118063974e-12,1128696,0.010518299997784197,0
scaled_independent,11,uniform,1440,1.887379141862766e-13,1231264,0.01141590002225712,0
scaled_independent,11,uniform,1560,3.4638958368304884e-14,1333832,0.01232239999808371,0
scaled_independent,11,uniform,1680,1.7763568394002505e-15,1436400,0.013228099967818707,0
scaled_independent,11,uniform,1800,8.881784197001252e-16,1538968,0.014133499993477017,0
scaled_independent,11,uniform,1920,8.881784197001252e-16,1641536,0.015034699987154454,0
scaled_independent,11,uniform,2040,8.881784197001252e-16,1744104,0.015938600001391023,0
scaled_independent,11,uniform,2160,8.881784197001252e-16,1846672,0.0168355000205338,0
scaled_independent,11,uniform,2280,1.3322676295501878e-15,1949240,0.017735100002028048,0
scaled_independent,11,uniform,2400,1.3322676295501878e-15,2051808,0.018640799971763045,0
scaled_independent,11,lipschitz,0,60.069266323601795,448,2.700020559132099e-06,0
scaled_independent,11,lipschitz,120,3.6660873843067687,103016,0.00092299998505041,0
scaled_independent,11,lipschitz,240,1.8231106878264653,205584,0.0018280000076629221,0
scaled_independent,11,lipschitz,360,1.4845245950101926,308152,0.002739100018516183,0
scaled_independent,11,lipschitz,480,0.7164320063208534,410720,0.003654700005427003,0
scaled_independent,11,lipschitz,600,0.39959620927314754,513288,0.00455890002194792,0
scaled_independent,11,lipschitz,720,0.32470150872636516,615856,0.005460400017909706,0
scaled_independent,11,lipschitz,840,0.2068929509438835,718424,0.0063652999815531075,0
scaled_independent,11,lipschitz,960,0.20609026502665984,820992,0.007283999992068857,0
scaled_independent,11,lipschitz,1080,0.19834709340718915,923560,0.008533100015483797,0
scaled_independent,11,lipschitz,1200,0.1979210230086732,1026128,0.011099399998784065,0
scaled_independent,11,lipschitz,1320,0.1978051075150158,1128696,0.013404899975284934,0
scaled_independent,11,lipschitz,1440,0.1688778789095,1231264,0.01563819998409599,0
scaled_independent,11,lipschitz,1560,0.09961629822245088,1333832,0.01741640002001077,0
scaled_independent,11,lipschitz,1680,0.09887732898957236,1436400,0.018739000021014363,0
scaled_independent,11,lipschitz,1800,0.09809966379186008,1538968,0.019791800004895777,0
scaled_independent,11,lipschitz,1920,0.0948561278006137,1641536,0.020705999981146306,0
scaled_independent,11,lipschitz,2040,0.09342997560073485,1744104,0.02161659998819232,0
scaled_independent,11,lipschitz,2160,0.008495786056355481,1846672,0.022524299973156303,0
scaled_independent,11,lipschitz,2280,0.0064881392944733385,1949240,0.023434199974872172,0
scaled_independent,11,lipschitz,2400,0.005909134896446844,2051808,0.024934299988672137,0
scaled_independent,11,scheduled_gain,0,60.069266323601795,448,3.1999661587178707e-06,0
scaled_independent,11,scheduled_gain,120,1.2600498347791795,141512,0.0009563000057823956,2
scaled_independent,11,scheduled_gain,240,0.03641504033084697,282576,0.0018797999946400523,4
scaled_independent,11,scheduled_gain,360,0.002102247107778954,423640,0.0028051999979652464,6
scaled_independent,11,scheduled_gain,480,0.0001406767529759101,564704,0.0037696000072173774,8
scaled_independent,11,scheduled_gain,600,1.0075195104874979e-05,705768,0.0047015000018291175,10
scaled_independent,11,scheduled_gain,720,7.31703162060171e-07,846832,0.0056597000220790505,12
scaled_independent,11,scheduled_gain,840,6.615415504285238e-08,987896,0.006590600009076297,14
scaled_independent,11,scheduled_gain,960,4.037641332388375e-09,1128960,0.007526599976699799,16
scaled_independent,11,scheduled_gain,1080,2.1331514332700863e-10,1270024,0.008453399990685284,18
scaled_independent,11,scheduled_gain,1200,1.8042900506998194e-11,1411088,0.009384599979966879,20
scaled_independent,11,scheduled_gain,1320,1.4055423491754482e-12,1552152,0.010313000006135553,22
scaled_independent,11,scheduled_gain,1440,9.325873406851315e-14,1693216,0.011244599998462945,24
scaled_independent,11,scheduled_gain,1560,7.549516567451064e-15,1834280,0.012171700014732778,26
scaled_independent,11,scheduled_gain,1680,0.0,1975344,0.013102299999445677,28
scaled_independent,11,scheduled_gain,1800,0.0,2116408,0.014136600017081946,30
scaled_independent,11,scheduled_gain,1920,0.0,2257472,0.015161000017542392,32
scaled_independent,11,scheduled_gain,2040,0.0,2398536,0.01608709996799007,34
scaled_independent,11,scheduled_gain,2160,0.0,2539600,0.017018600017763674,36
scaled_independent,11,scheduled_gain,2280,0.0,2680664,0.017969599983189255,38
scaled_independent,11,scheduled_gain,2400,0.0,2821728,0.018925199983641505,40
scaled_independent,11,triggered_gain,0,60.069266323601795,448,2.6999623514711857e-06,0
scaled_independent,11,triggered_gain,120,4.355267300713786,122264,0.0009410999482497573,1
scaled_independent,11,triggered_gain,240,1.9599732850951535,224832,0.0018632999854162335,1
scaled_independent,11,triggered_gain,360,0.17544188442595443,346648,0.0027936999686062336,2
scaled_independent,11,triggered_gain,480,0.11604058914984527,449216,0.0037155000027269125,2
scaled_independent,11,triggered_gain,600,0.01307140721311173,571032,0.004641399951651692,3
scaled_independent,11,triggered_gain,720,0.01209800591219734,673600,0.005556899996008724,3
scaled_independent,11,triggered_gain,840,0.0017966833035916174,795416,0.006490300002042204,4
scaled_independent,11,triggered_gain,960,0.0016719609654618495,897984,0.008252799976617098,4
scaled_independent,11,triggered_gain,1080,0.00026541165330096206,1019800,0.011159799993038177,5
scaled_independent,11,triggered_gain,1200,0.00025039702807383435,1122368,0.014303000003565103,5
scaled_independent,11,triggered_gain,1320,3.3966740058843925e-05,1244184,0.016760499973315746,6
scaled_independent,11,triggered_gain,1440,2.3929941940448174e-05,1346752,0.01865609997184947,6
scaled_independent,11,triggered_gain,1560,3.0784019950935715e-06,1468568,0.02004439994925633,7
scaled_independent,11,triggered_gain,1680,2.0412597643293395e-06,1571136,0.021102699975017458,7
scaled_independent,11,triggered_gain,1800,3.023491301767933e-07,1692952,0.022061700001358986,8
scaled_independent,11,triggered_gain,1920,1.9363569592201202e-07,1795520,0.02299019997008145,8
scaled_independent,11,triggered_gain,2040,3.29153042599728e-08,1917336,0.02391459996579215,9
scaled_independent,11,triggered_gain,2160,1.9565804532106768e-08,2019904,0.02483449998544529,9
scaled_independent,11,triggered_gain,2280,3.010737437136868e-09,2141720,0.025800300005357713,10
scaled_independent,11,triggered_gain,2400,2.7622135689853167e-09,2244288,0.026767399976961315,10
balanced_correlated,0,uniform,0,11.39733272727027,448,9.499955922365189e-06,0
balanced_correlated,0,uniform,120,1.5500370181413632,103016,0.002468799997586757,0
balanced_correlated,0,uniform,240,0.6491764922811285,205584,0.0041238999692723155,0
balanced_correlated,0,uniform,360,0.32212932832036856,308152,0.005353199958335608,0
balanced_correlated,0,uniform,480,0.20262483282841703,410720,0.006307600007858127,0
balanced_correlated,0,uniform,600,0.12247546589838088,513288,0.007235199969727546,0
balanced_correlated,0,uniform,720,0.05344382264578407,615856,0.00815319997491315,0
balanced_correlated,0,uniform,840,0.023779515384652505,718424,0.009069399966392666,0
balanced_correlated,0,uniform,960,0.01360477068759236,820992,0.009992500010412186,0
balanced_correlated,0,uniform,1080,0.007422550123013849,923560,0.010904899972956628,0
balanced_correlated,0,uniform,1200,0.003340738392290543,1026128,0.011854799988213927,0
balanced_correlated,0,uniform,1320,0.0019710186895438575,1128696,0.01276700000744313,0
balanced_correlated,0,uniform,1440,0.0008275709464276026,1231264,0.01372109999647364,0
balanced_correlated,0,uniform,1560,0.0004425229362858829,1333832,0.016182399995159358,0
balanced_correlated,0,uniform,1680,0.00025645763766624086,1436400,0.018471999967005104,0
balanced_correlated,0,uniform,1800,0.0001632086311564862,1538968,0.020805199979804456,0
balanced_correlated,0,uniform,1920,7.520545085837327e-05,1641536,0.022522799961734563,0
balanced_correlated,0,uniform,2040,5.53622631045414e-05,1744104,0.023806799959857017,0
balanced_correlated,0,uniform,2160,3.594150937757945e-05,1846672,0.024855699972249568,0
balanced_correlated,0,uniform,2280,2.5352947182533114e-05,1949240,0.025771899963729084,0
balanced_correlated,0,uniform,2400,1.3204813246847635e-05,2051808,0.026720199966803193,0
balanced_correlated,0,lipschitz,0,11.39733272727027,448,2.7999631129205227e-06,0
balanced_correlated,0,lipschitz,120,1.394267454255886,103016,0.0009236999903805554,0
balanced_correlated,0,lipschitz,240,0.5824048565789974,205584,0.0018306999700143933,0
balanced_correlated,0,lipschitz,360,0.2644314052180161,308152,0.0027391999610699713,0
balanced_correlated,0,lipschitz,480,0.17535411749743846,410720,0.0036941999569535255,0
balanced_correlated,0,lipschitz,600,0.10252547075320395,513288,0.004602100001648068,0
balanced_correlated,0,lipschitz,720,0.049607330163164765,615856,0.005509099981281906,0
balanced_correlated,0,lipschitz,840,0.019877824851711967,718424,0.006410199974197894,0
balanced_correlated,0,lipschitz,960,0.011353006188141723,820992,0.007312799978535622,0
balanced_correlated,0,lipschitz,1080,0.00647170680592879,923560,0.008210400003008544,0
balanced_correlated,0,lipschitz,1200,0.0028545611818882044,1026128,0.009113099949900061,0
balanced_correlated,0,lipschitz,1320,0.001616270640690587,1128696,0.01001559995347634,0
balanced_correlated,0,lipschitz,1440,0.0007503528504577694,1231264,0.010918399959336966,0
balanced_correlated,0,lipschitz,1560,0.00044203870182002447,1333832,0.011819799954537302,0
balanced_correlated,0,lipschitz,1680,0.0002505593577213361,1436400,0.012716999975964427,0
balanced_correlated,0,lipschitz,1800,0.0001363899561264148,1538968,0.013618499971926212,0
balanced_correlated,0,lipschitz,1920,6.328868462901482e-05,1641536,0.014518299954943359,0
balanced_correlated,0,lipschitz,2040,3.938771298761523e-05,1744104,0.015423099976032972,0
balanced_correlated,0,lipschitz,2160,2.4090506702822978e-05,1846672,0.016326499986462295,0
balanced_correlated,0,lipschitz,2280,1.6389361548796444e-05,1949240,0.01723109994782135,0
balanced_correlated,0,lipschitz,2400,9.560285392673507e-06,2051808,0.018133699952159077,0
balanced_correlated,0,scheduled_gain,0,11.39733272727027,448,2.800021320581436e-06,0
balanced_correlated,0,scheduled_gain,120,1.1115997021688964,141512,0.0009560000034980476,2
balanced_correlated,0,scheduled_gain,240,0.6116232252634246,282576,0.0018716000486165285,4
balanced_correlated,0,scheduled_gain,360,0.32310178810763635,423640,0.0027960000443272293,6
balanced_correlated,0,scheduled_gain,480,0.18385327614558822,564704,0.003702900023199618,8
balanced_correlated,0,scheduled_gain,600,0.12557320679065054,705768,0.004619400016963482,10
balanced_correlated,0,scheduled_gain,720,0.08686996794225221,846832,0.005533200048375875,12
balanced_correlated,0,scheduled_gain,840,0.05825801545697118,987896,0.006450999993830919,14
balanced_correlated,0,scheduled_gain,960,0.03860646114364519,1128960,0.007369800005108118,16
balanced_correlated,0,scheduled_gain,1080,0.02214731275013504,1270024,0.008279600006062537,18
balanced_correlated,0,scheduled_gain,1200,0.014183535360099864,1411088,0.009195899998303503,20
balanced_correlated,0,scheduled_gain,1320,0.009629025779711586,1552152,0.010109900031238794,22
balanced_correlated,0,scheduled_gain,1440,0.006010758796545446,1693216,0.01102610002271831,24
balanced_correlated,0,scheduled_gain,1560,0.0043835293407950005,1834280,0.011939100048039109,26
balanced_correlated,0,scheduled_gain,1680,0.0033846651020787988,1975344,0.012887699995189905,28
balanced_correlated,0,scheduled_gain,1800,0.002702857640724865,2116408,0.013804799993522465,30
balanced_correlated,0,scheduled_gain,1920,0.002130384459491541,2257472,0.014720800041686743,32
balanced_correlated,0,scheduled_gain,2040,0.0015664410409281793,2398536,0.015634500014130026,34
balanced_correlated,0,scheduled_gain,2160,0.001155435709443875,2539600,0.017577300022821873,36
balanced_correlated,0,scheduled_gain,2280,0.0008954214891834233,2680664,0.019959600002039224,38
balanced_correlated,0,scheduled_gain,2400,0.0007106750267857898,2821728,0.021749700012151152,40
balanced_correlated,0,triggered_gain,0,11.39733272727027,448,4.399975296109915e-06,0
balanced_correlated,0,triggered_gain,120,1.0714235184751506,122264,0.001305099984165281,1
balanced_correlated,0,triggered_gain,240,0.5086459626832145,224832,0.0023387999972328544,1
balanced_correlated,0,triggered_gain,360,0.2465913298512259,346648,0.003261699981521815,2
balanced_correlated,0,triggered_gain,480,0.1530433145214416,468464,0.004174000001512468,3
balanced_correlated,0,triggered_gain,600,0.12431303574539321,590280,0.005084999953396618,4
balanced_correlated,0,triggered_gain,720,0.09372604229402137,712096,0.005995799961965531,5
balanced_correlated,0,triggered_gain,840,0.08587581393621191,814664,0.006903600005898625,5
balanced_correlated,0,triggered_gain,960,0.06710727744402334,936480,0.007814399956259876,6
balanced_correlated,0,triggered_gain,1080,0.05908865850122824,1039048,0.008721999998670071,6
balanced_correlated,0,triggered_gain,1200,0.04848476537389157,1160864,0.009640100004617125,7
balanced_correlated,0,triggered_gain,1320,0.04131230231056238,1263432,0.010555199987720698,7
balanced_correlated,0,triggered_gain,1440,0.03877297267580149,1366000,0.011492199962958694,7
balanced_correlated,0,triggered_gain,1560,0.03259838721257413,1487816,0.012434499978553504,8
balanced_correlated,0,triggered_gain,1680,0.03036091448901601,1590384,0.013364899961743504,8
balanced_correlated,0,triggered_gain,1800,0.01839274401868618,1712200,0.014313099964056164,9
balanced_correlated,0,triggered_gain,1920,0.017312398510739513,1814768,0.015243600006215274,9
balanced_correlated,0,triggered_gain,2040,0.012974842750076654,1936584,0.016169499955140054,10
balanced_correlated,0,triggered_gain,2160,0.0120173410024762,2039152,0.01709449995541945,10
balanced_correlated,0,triggered_gain,2280,0.009361337013235715,2160968,0.018019799957983196,11
balanced_correlated,0,triggered_gain,2400,0.008755624204426216,2263536,0.018934499996248633,11
balanced_correlated,1,uniform,0,15.05584543937602,448,2.700020559132099e-06,0
balanced_correlated,1,uniform,120,1.6278004544258917,103016,0.0009837000397965312,0
balanced_correlated,1,uniform,240,0.7038148326970246,205584,0.0018938000430352986,0
balanced_correlated,1,uniform,360,0.3949704364872577,308152,0.0028635000344365835,0
balanced_correlated,1,uniform,480,0.22386127813267276,410720,0.003784500004258007,0
balanced_correlated,1,uniform,600,0.08948647604644844,513288,0.004703300015535206,0
balanced_correlated,1,uniform,720,0.05407580350088148,615856,0.005622900032903999,0
balanced_correlated,1,uniform,840,0.03382539597774992,718424,0.0065413000411354005,0
balanced_correlated,1,uniform,960,0.01611721064714633,820992,0.007456500025000423,0
balanced_correlated,1,uniform,1080,0.01196103162284734,923560,0.008399699989240617,0
balanced_correlated,1,uniform,1200,0.00626346579441428,1026128,0.009311600006185472,0
balanced_correlated,1,uniform,1320,0.0040774979754441,1128696,0.01023940002778545,0
balanced_correlated,1,uniform,1440,0.0020146145453860953,1231264,0.011175499996170402,0
balanced_correlated,1,uniform,1560,0.0008750473849916673,1333832,0.012104300025384873,0
balanced_correlated,1,uniform,1680,0.00043862635670377514,1436400,0.013022200029809028,0
balanced_correlated,1,uniform,1800,0.00023774567892198561,1538968,0.013940100034233183,0
balanced_correlated,1,uniform,1920,0.00012746248474826416,1641536,0.014856400026474148,0
balanced_correlated,1,uniform,2040,7.024306580882822e-05,1744104,0.015778000000864267,0
balanced_correlated,1,uniform,2160,3.5530620902335386e-05,1846672,0.01669610000681132,0
balanced_correlated,1,uniform,2280,1.9152822257062496e-05,1949240,0.01761780004017055,0
balanced_correlated,1,uniform,2400,1.0836793562951641e-05,2051808,0.01853210001718253,0
balanced_correlated,1,lipschitz,0,15.05584543937602,448,2.500019036233425e-06,0
balanced_correlated,1,lipschitz,120,1.7581688568511185,103016,0.0009308999869972467,0
balanced_correlated,1,lipschitz,240,0.8353474144880599,205584,0.0018361000111326575,0
balanced_correlated,1,lipschitz,360,0.43783228755604453,308152,0.002741799980867654,0
balanced_correlated,1,lipschitz,480,0.24491364389795,410720,0.0036505000316537917,0
balanced_correlated,1,lipschitz,600,0.10873336899608166,513288,0.005413700011558831,0
balanced_correlated,1,lipschitz,720,0.06386370818136022,615856,0.007832999981474131,0
balanced_correlated,1,lipschitz,840,0.04237571797449213,718424,0.01013870001770556,0
balanced_correlated,1,lipschitz,960,0.0264397581850897,820992,0.012403400032781065,0
balanced_correlated,1,lipschitz,1080,0.01080780827033756,923560,0.014004500000737607,0
balanced_correlated,1,lipschitz,1200,0.005049162130280838,1026128,0.015252000011969358,0
balanced_correlated,1,lipschitz,1320,0.00290009490485188,1128696,0.01623409998137504,0
balanced_correlated,1,lipschitz,1440,0.0014290739355891091,1231264,0.01715239998884499,0
balanced_correlated,1,lipschitz,1560,0.0006533573792015801,1333832,0.018055900000035763,0
balanced_correlated,1,lipschitz,1680,0.0002796288736783836,1436400,0.01895699999295175,0
balanced_correlated,1,lipschitz,1800,0.00013656770563663656,1538968,0.019861600012518466,0
balanced_correlated,1,lipschitz,1920,7.875257067935237e-05,1641536,0.021102300030179322,0
balanced_correlated,1,lipschitz,2040,5.09678547282455e-05,1744104,0.02204060001531616,0
balanced_correlated,1,lipschitz,2160,2.6205511456378616e-05,1846672,0.022999899985734373,0
balanced_correlated,1,lipschitz,2280,1.5683949846412304e-05,1949240,0.023920000006910414,0
balanced_correlated,1,lipschitz,2400,1.1017154720516231e-05,2051808,0.024840200028847903,0
balanced_correlated,1,scheduled_gain,0,15.05584543937602,448,2.800021320581436e-06,0
balanced_correlated,1,scheduled_gain,120,0.855695527249837,141512,0.0009909000364132226,2
balanced_correlated,1,scheduled_gain,240,0.43891204133757933,282576,0.0019626000430434942,4
balanced_correlated,1,scheduled_gain,360,0.27627736132366953,423640,0.002909800037741661,6
balanced_correlated,1,scheduled_gain,480,0.1551866781282727,564704,0.0038575000362470746,8
balanced_correlated,1,scheduled_gain,600,0.086844029947994,705768,0.004797000030521303,10
balanced_correlated,1,scheduled_gain,720,0.05550760477490124,846832,0.005741500004660338,12
balanced_correlated,1,scheduled_gain,840,0.034329382347265014,987896,0.006681900005787611,14
balanced_correlated,1,scheduled_gain,960,0.023976453970887324,1128960,0.007621099997777492,16
balanced_correlated,1,scheduled_gain,1080,0.016058633612317852,1270024,0.008564900024794042,18
balanced_correlated,1,scheduled_gain,1200,0.010045353179338967,1411088,0.009508199989795685,20
balanced_correlated,1,scheduled_gain,1320,0.006472897654836274,1552152,0.010447900043800473,22
balanced_correlated,1,scheduled_gain,1440,0.004645014890375165,1693216,0.01140680001117289,24
balanced_correlated,1,scheduled_gain,1560,0.0034095179251472096,1834280,0.012348500022199005,26
balanced_correlated,1,scheduled_gain,1680,0.0025382890465706076,1975344,0.01330640004016459,28
balanced_correlated,1,scheduled_gain,1800,0.0018928326992462274,2116408,0.014272900007199496,30
balanced_correlated,1,scheduled_gain,1920,0.0012580767812409022,2257472,0.015239000029396266,32
balanced_correlated,1,scheduled_gain,2040,0.0008380557875007355,2398536,0.01619420002680272,34
balanced_correlated,1,scheduled_gain,2160,0.0006198691431653636,2539600,0.017135400034021586,36
balanced_correlated,1,scheduled_gain,2280,0.0004712519110072755,2680664,0.018154399993363768,38
balanced_correlated,1,scheduled_gain,2400,0.00035799581579931683,2821728,0.019106300023850054,40
balanced_correlated,1,triggered_gain,0,15.05584543937602,448,2.700020559132099e-06,0
balanced_correlated,1,triggered_gain,120,0.8371338001686035,122264,0.0009831999777816236,1
balanced_correlated,1,triggered_gain,240,0.3706382754955424,224832,0.0019115000031888485,1
balanced_correlated,1,triggered_gain,360,0.205524742777917,346648,0.002858299994841218,2
balanced_correlated,1,triggered_gain,480,0.15670150664684845,468464,0.003799900005105883,3
balanced_correlated,1,triggered_gain,600,0.12222653978621256,590280,0.004737699986435473,4
balanced_correlated,1,triggered_gain,720,0.09862005571516397,692848,0.005663199990522116,4
balanced_correlated,1,triggered_gain,840,0.08586771698115525,795416,0.006594999984372407,4
balanced_correlated,1,triggered_gain,960,0.07520142725484069,897984,0.00752210000064224,4
balanced_correlated,1,triggered_gain,1080,0.05943200963694295,1000552,0.009564900014083833,4
balanced_correlated,1,triggered_gain,1200,0.04606269399452678,1103120,0.011994900007266551,4
balanced_correlated,1,triggered_gain,1320,0.040276254635683184,1205688,0.014311700011603534,4
balanced_correlated,1,triggered_gain,1440,0.0289597583141199,1327504,0.01611870003398508,5
balanced_correlated,1,triggered_gain,1560,0.025091476444778493,1430072,0.017039099999237806,5
balanced_correlated,1,triggered_gain,1680,0.02008629548326768,1551888,0.01799710001796484,6
balanced_correlated,1,triggered_gain,1800,0.01592489567554134,1654456,0.01944439997896552,6
balanced_correlated,1,triggered_gain,1920,0.013936723964365072,1757024,0.021861999994143844,6
balanced_correlated,1,triggered_gain,2040,0.010148773071755102,1878840,0.02424920001067221,7
balanced_correlated,1,triggered_gain,2160,0.00775751669142366,1981408,0.0253369000274688,7
balanced_correlated,1,triggered_gain,2280,0.0070891472252467835,2083976,0.02632940001785755,7
balanced_correlated,1,triggered_gain,2400,0.00560088319727825,2205792,0.027260500006377697,8
balanced_correlated,2,uniform,0,11.735613424707285,448,3.0999653972685337e-06,0
balanced_correlated,2,uniform,120,1.3700229087850508,103016,0.0009836999815888703,0
balanced_correlated,2,uniform,240,0.689914809077091,205584,0.0019310999778099358,0
balanced_correlated,2,uniform,360,0.29483761686325227,308152,0.0028705999720841646,0
balanced_correlated,2,uniform,480,0.12812340804470956,410720,0.0037918000016361475,0
balanced_correlated,2,uniform,600,0.07829408495334667,513288,0.004716399998869747,0
balanced_correlated,2,uniform,720,0.04395525448990778,615856,0.005635500012431294,0
balanced_correlated,2,uniform,840,0.01968351478287511,718424,0.006558399996720254,0
balanced_correlated,2,uniform,960,0.008759975588529478,820992,0.007474099984392524,0
balanced_correlated,2,uniform,1080,0.006289623603310979,923560,0.00839319999795407,0
balanced_correlated,2,uniform,1200,0.0034334908524149554,1026128,0.009304800012614578,0
balanced_correlated,2,uniform,1320,0.001781678516200369,1128696,0.010219299991149455,0
balanced_correlated,2,uniform,1440,0.0007231434909451551,1231264,0.011524899979121983,0
balanced_correlated,2,uniform,1560,0.00036479758784935257,1333832,0.014020100003108382,0
balanced_correlated,2,uniform,1680,0.00021714717859300237,1436400,0.0162634999724105,0
balanced_correlated,2,uniform,1800,0.00013905233207722745,1538968,0.018009999999776483,0
balanced_correlated,2,uniform,1920,6.993803936028442e-05,1641536,0.01933779998216778,0
balanced_correlated,2,uniform,2040,3.857881671542884e-05,1744104,0.02036299998871982,0
balanced_correlated,2,uniform,2160,2.3268833582612558e-05,1846672,0.02129649999551475,0
balanced_correlated,2,uniform,2280,1.3865563108783618e-05,1949240,0.022207300004083663,0
balanced_correlated,2,uniform,2400,8.184203059702355e-06,2051808,0.02312620001612231,0
balanced_correlated,2,lipschitz,0,11.735613424707285,448,2.900022082030773e-06,0
balanced_correlated,2,lipschitz,120,1.41263751969386,103016,0.0009285000269301236,0
balanced_correlated,2,lipschitz,240,0.732747715494587,205584,0.0018341999966651201,0
balanced_correlated,2,lipschitz,360,0.32972473258879154,308152,0.0027430999907664955,0
balanced_correlated,2,lipschitz,480,0.14281599943982837,410720,0.00365359999705106,0
balanced_correlated,2,lipschitz,600,0.08202159071859905,513288,0.004849000019021332,0
balanced_correlated,2,lipschitz,720,0.04259858009512518,615856,0.0058049000217579305,0
balanced_correlated,2,lipschitz,840,0.021424885009373007,718424,0.006720300007145852,0
balanced_correlated,2,lipschitz,960,0.010322034260095148,820992,0.007669400016311556,0
balanced_correlated,2,lipschitz,1080,0.007720215319609647,923560,0.008597099978942424,0
balanced_correlated,2,lipschitz,1200,0.004832016222767521,1026128,0.009521000029053539,0
balanced_correlated,2,lipschitz,1320,0.002212705144879923,1128696,0.010456199990585446,0
balanced_correlated,2,lipschitz,1440,0.0009631051744207753,1231264,0.011367900006007403,0
balanced_correlated,2,lipschitz,1560,0.0004448850695433215,1333832,0.012277800007723272,0
balanced_correlated,2,lipschitz,1680,0.00022236838764078115,1436400,0.013189600023906678,0
balanced_correlated,2,lipschitz,1800,0.00012779404625717916,1538968,0.01410179998492822,0
balanced_correlated,2,lipschitz,1920,8.934568090968042e-05,1641536,0.015013600001111627,0
balanced_correlated,2,lipschitz,2040,5.59729902875894e-05,1744104,0.015914899995550513,0
balanced_correlated,2,lipschitz,2160,3.328006865954691e-05,1846672,0.01682339998660609,0
balanced_correlated,2,lipschitz,2280,2.0970483279647567e-05,1949240,0.017729800019878894,0
balanced_correlated,2,lipschitz,2400,9.303449550746024e-06,2051808,0.018644800002221018,0
balanced_correlated,2,scheduled_gain,0,11.735613424707285,448,2.800021320581436e-06,0
balanced_correlated,2,scheduled_gain,120,1.143508294380693,141512,0.0009619999909773469,2
balanced_correlated,2,scheduled_gain,240,0.6191863663076567,282576,0.002450500032864511,4
balanced_correlated,2,scheduled_gain,360,0.3460988664929383,423640,0.003655300009995699,6
balanced_correlated,2,scheduled_gain,480,0.18550038425554494,564704,0.004623499989975244,8
balanced_correlated,2,scheduled_gain,600,0.091478725705195,705768,0.005589100008364767,10
balanced_correlated,2,scheduled_gain,720,0.05902297148710822,846832,0.006527399993501604,12
balanced_correlated,2,scheduled_gain,840,0.040348529748822415,987896,0.0074625000124797225,14
balanced_correlated,2,scheduled_gain,960,0.028754246501254688,1128960,0.008397100027650595,16
balanced_correlated,2,scheduled_gain,1080,0.021371191955140922,1270024,0.009327100007794797,18
balanced_correlated,2,scheduled_gain,1200,0.016444354011967643,1411088,0.010252200008835644,20
balanced_correlated,2,scheduled_gain,1320,0.011037091995487636,1552152,0.011174100043717772,22
balanced_correlated,2,scheduled_gain,1440,0.007933598034629785,1693216,0.012097800034098327,24
balanced_correlated,2,scheduled_gain,1560,0.006023465143930373,1834280,0.013025699998252094,26
balanced_correlated,2,scheduled_gain,1680,0.004254669985842785,1975344,0.013956899987533689,28
balanced_correlated,2,scheduled_gain,1800,0.0030073321026584665,2116408,0.014887000026647002,30
balanced_correlated,2,scheduled_gain,1920,0.00231792539525566,2257472,0.01581469998927787,32
balanced_correlated,2,scheduled_gain,2040,0.0016546252448876864,2398536,0.01673760003177449,34
balanced_correlated,2,scheduled_gain,2160,0.0012964842829745749,2539600,0.01907000003848225,36
balanced_correlated,2,scheduled_gain,2280,0.0009067174544750145,2680664,0.02148350002244115,38
balanced_correlated,2,scheduled_gain,2400,0.0006486937847056673,2821728,0.023765199992340058,40
balanced_correlated,2,triggered_gain,0,11.735613424707285,448,6.099988240748644e-06,0
balanced_correlated,2,triggered_gain,120,1.3494591805834264,122264,0.001759899954777211,1
balanced_correlated,2,triggered_gain,240,0.601270672532694,224832,0.0030583000043407083,1
balanced_correlated,2,triggered_gain,360,0.23257090186725504,346648,0.004033899982459843,2
balanced_correlated,2,triggered_gain,480,0.14758040047197518,468464,0.004982499987818301,3
balanced_correlated,2,triggered_gain,600,0.08785219262063437,590280,0.005909200001042336,4
balanced_correlated,2,triggered_gain,720,0.06133128129504595,692848,0.006826900003943592,4
balanced_correlated,2,triggered_gain,840,0.045164391836055806,814664,0.007758599997032434,5
balanced_correlated,2,triggered_gain,960,0.0394602882147006,917232,0.008678199956193566,5
balanced_correlated,2,triggered_gain,1080,0.0265477194871111,1039048,0.012059899978339672,6
balanced_correlated,2,triggered_gain,1200,0.021986044350844836,1141616,0.012990999966859818,6
balanced_correlated,2,triggered_gain,1320,0.016421466298687015,1263432,0.013937199953943491,7
balanced_correlated,2,triggered_gain,1440,0.016184037620715408,1366000,0.014865499979350716,7
balanced_correlated,2,triggered_gain,1560,0.01281119910557127,1487816,0.015794599952641875,8
balanced_correlated,2,triggered_gain,1680,0.011204011603767494,1590384,0.01674199994886294,8
balanced_correlated,2,triggered_gain,1800,0.009043074982394206,1712200,0.017700199969112873,9
balanced_correlated,2,triggered_gain,1920,0.008626956508164696,1814768,0.018700299959164113,9
balanced_correlated,2,triggered_gain,2040,0.006336913441640668,1936584,0.01965659996494651,10
balanced_correlated,2,triggered_gain,2160,0.005718213832270447,2039152,0.0205823999713175,10
balanced_correlated,2,triggered_gain,2280,0.004707054264599719,2160968,0.0215380999725312,11
balanced_correlated,2,triggered_gain,2400,0.004329074217258366,2263536,0.02246839995495975,11
balanced_correlated,3,uniform,0,29.221827480240147,448,2.9999646358191967e-06,0
balanced_correlated,3,uniform,120,2.3037294290757537,103016,0.0015190999838523567,0
balanced_correlated,3,uniform,240,0.6107293747073141,205584,0.0037086999509483576,0
balanced_correlated,3,uniform,360,0.32898279104632744,308152,0.0053041999926790595,0
balanced_correlated,3,uniform,480,0.15002476044944135,410720,0.006560699956025928,0
balanced_correlated,3,uniform,600,0.08831091444460615,513288,0.007578899967484176,0
balanced_correlated,3,uniform,720,0.03670437865648912,615856,0.008516999951098114,0
balanced_correlated,3,uniform,840,0.019003335650155773,718424,0.009428299963474274,0
balanced_correlated,3,uniform,960,0.008361427886240058,820992,0.010333499987609684,0
balanced_correlated,3,uniform,1080,0.0049303585020710194,923560,0.011242599983233958,0
balanced_correlated,3,uniform,1200,0.0030559612384339907,1026128,0.012147199944593012,0
balanced_correlated,3,uniform,1320,0.0017749158602100579,1128696,0.0146752999862656,0
balanced_correlated,3,uniform,1440,0.0010440532585818119,1231264,0.01714489998994395,0
balanced_correlated,3,uniform,1560,0.0004129662824916558,1333832,0.019410999957472086,0
balanced_correlated,3,uniform,1680,0.00022283295752201226,1436400,0.021047099959105253,0
balanced_correlated,3,uniform,1800,0.00011767550217989253,1538968,0.02228169998852536,0
balanced_correlated,3,uniform,1920,6.896002747458496e-05,1641536,0.02328319998923689,0
balanced_correlated,3,uniform,2040,3.738121338070499e-05,1744104,0.02419879997614771,0
balanced_correlated,3,uniform,2160,2.48598618157736e-05,1846672,0.025112399947829545,0
balanced_correlated,3,uniform,2280,1.4062263896441607e-05,1949240,0.026026999985333532,0
balanced_correlated,3,uniform,2400,7.780077944996577e-06,2051808,0.026942199969198555,0
balanced_correlated,3,lipschitz,0,29.221827480240147,448,2.800021320581436e-06,0
balanced_correlated,3,lipschitz,120,2.534770253905815,103016,0.0009340000106021762,0
balanced_correlated,3,lipschitz,240,0.64117879807177,205584,0.001881800009869039,0
balanced_correlated,3,lipschitz,360,0.30128728580852604,308152,0.0028045999933965504,0
balanced_correlated,3,lipschitz,480,0.12770718405520398,410720,0.0038080000085756183,0
balanced_correlated,3,lipschitz,600,0.07862616016565349,513288,0.0047308000503107905,0
balanced_correlated,3,lipschitz,720,0.034046446881160985,615856,0.005650700011756271,0
balanced_correlated,3,lipschitz,840,0.016291226370947154,718424,0.00811620004242286,0
balanced_correlated,3,lipschitz,960,0.006705268080781757,820992,0.009035099996253848,0
balanced_correlated,3,lipschitz,1080,0.0037219874940332964,923560,0.0099534000037238,0
balanced_correlated,3,lipschitz,1200,0.0020537121536592373,1026128,0.0108915000455454,0
balanced_correlated,3,lipschitz,1320,0.0009591172634140221,1128696,0.011832699994556606,0
balanced_correlated,3,lipschitz,1440,0.00038392951269106135,1231264,0.012755900039337575,0
balanced_correlated,3,lipschitz,1560,0.00018801418762492972,1333832,0.013671600027009845,0
balanced_correlated,3,lipschitz,1680,0.00010673855438181334,1436400,0.014586700010113418,0
balanced_correlated,3,lipschitz,1800,4.294281116345999e-05,1538968,0.015498900029342622,0
balanced_correlated,3,lipschitz,1920,2.1890989442940878e-05,1641536,0.016408300027251244,0
balanced_correlated,3,lipschitz,2040,1.1391788759418375e-05,1744104,0.01732570002786815,0
balanced_correlated,3,lipschitz,2160,6.234299772422958e-06,1846672,0.018239400000311434,0
balanced_correlated,3,lipschitz,2280,3.3906244429893206e-06,1949240,0.0191869999980554,0
balanced_correlated,3,lipschitz,2400,1.6883293905145536e-06,2051808,0.020102200040128082,0
balanced_correlated,3,scheduled_gain,0,29.221827480240147,448,2.9999646358191967e-06,0
balanced_correlated,3,scheduled_gain,120,1.8049255792940992,141512,0.001018199953250587,2
balanced_correlated,3,scheduled_gain,240,0.8405189772120369,282576,0.001966599957086146,4
balanced_correlated,3,scheduled_gain,360,0.4956144114115584,423640,0.00291129999095574,6
balanced_correlated,3,scheduled_gain,480,0.3172467489857107,564704,0.0038523999974131584,8
balanced_correlated,3,scheduled_gain,600,0.2138284762981737,705768,0.004793999949470162,10
balanced_correlated,3,scheduled_gain,720,0.13376198884840473,846832,0.005725700000766665,12
balanced_correlated,3,scheduled_gain,840,0.0935316632898302,987896,0.006660399958491325,14
balanced_correlated,3,scheduled_gain,960,0.06621266035718198,1128960,0.007596999988891184,16
balanced_correlated,3,scheduled_gain,1080,0.044435718769193944,1270024,0.008847799967043102,18
balanced_correlated,3,scheduled_gain,1200,0.02854097648315479,1411088,0.009788599971216172,20
balanced_correlated,3,scheduled_gain,1320,0.01949486412080592,1552152,0.01074459997471422,22
balanced_correlated,3,scheduled_gain,1440,0.013057338894851611,1693216,0.011687499994877726,24
balanced_correlated,3,scheduled_gain,1560,0.009192193454000464,1834280,0.012633399979677051,26
balanced_correlated,3,scheduled_gain,1680,0.0059506244840190625,1975344,0.013627299980726093,28
balanced_correlated,3,scheduled_gain,1800,0.0041045490402202844,2116408,0.014565299963578582,30
balanced_correlated,3,scheduled_gain,1920,0.002923489083805464,2257472,0.015545299975201488,32
balanced_correlated,3,scheduled_gain,2040,0.002084822996872404,2398536,0.016510099987499416,34
balanced_correlated,3,scheduled_gain,2160,0.0015412226125621764,2539600,0.017440299969166517,36
balanced_correlated,3,scheduled_gain,2280,0.0011286895847502088,2680664,0.018371399957686663,38
balanced_correlated,3,scheduled_gain,2400,0.0007961356042658352,2821728,0.019302799948491156,40
balanced_correlated,3,triggered_gain,0,29.221827480240147,448,2.5999615900218487e-06,0
balanced_correlated,3,triggered_gain,120,1.936833718592624,122264,0.000935699965339154,1
balanced_correlated,3,triggered_gain,240,0.6035891838139444,224832,0.0018441000138409436,1
balanced_correlated,3,triggered_gain,360,0.36629667279255607,346648,0.002772799984086305,2
balanced_correlated,3,triggered_gain,480,0.245593275467054,468464,0.003685500007122755,3
balanced_correlated,3,triggered_gain,600,0.21455163369875274,571032,0.004589599964674562,3
balanced_correlated,3,triggered_gain,720,0.16629156907591458,692848,0.005500799976289272,4
balanced_correlated,3,triggered_gain,840,0.1488662930915181,795416,0.006408100016415119,4
balanced_correlated,3,triggered_gain,960,0.10447354026916278,917232,0.007320899982005358,5
balanced_correlated,3,triggered_gain,1080,0.08699872386806495,1019800,0.00822580000385642,5
balanced_correlated,3,triggered_gain,1200,0.06617006463982777,1141616,0.00914139999076724,6
balanced_correlated,3,triggered_gain,1320,0.05839835093397161,1244184,0.010047599964309484,6
balanced_correlated,3,triggered_gain,1440,0.046208860493318404,1366000,0.01096099999267608,7
balanced_correlated,3,triggered_gain,1560,0.041088867892407954,1468568,0.011869299982208759,7
balanced_correlated,3,triggered_gain,1680,0.03432320916457865,1590384,0.012807199964299798,8
balanced_correlated,3,triggered_gain,1800,0.033590761256600654,1692952,0.015100000018719584,8
balanced_correlated,3,triggered_gain,1920,0.022507002901210882,1814768,0.017554999969433993,9
balanced_correlated,3,triggered_gain,2040,0.020761331026925234,1917336,0.01984009996522218,9
balanced_correlated,3,triggered_gain,2160,0.01681365804720869,2039152,0.021364199987147003,10
balanced_correlated,3,triggered_gain,2280,0.014864000107673192,2141720,0.02228009997634217,10
balanced_correlated,3,triggered_gain,2400,0.011599258066010698,2263536,0.023204199969768524,11
balanced_correlated,4,uniform,0,17.902193031036283,448,2.800021320581436e-06,0
balanced_correlated,4,uniform,120,2.1787150121993943,103016,0.0009772000485099852,0
balanced_correlated,4,uniform,240,0.8849474345013029,205584,0.0019420000026002526,0
balanced_correlated,4,uniform,360,0.3754825552387926,308152,0.0032051000162027776,0
balanced_correlated,4,uniform,480,0.1911875787409949,410720,0.005463800043798983,0
balanced_correlated,4,uniform,600,0.10196208228254022,513288,0.006401900027412921,0
balanced_correlated,4,uniform,720,0.044947385102200865,615856,0.007328400039114058,0
balanced_correlated,4,uniform,840,0.022820021653124467,718424,0.008270899998024106,0
balanced_correlated,4,uniform,960,0.011510201346733862,820992,0.009217300044838339,0
balanced_correlated,4,uniform,1080,0.00541895268164172,923560,0.010143000050447881,0
balanced_correlated,4,uniform,1200,0.0031976260209733987,1026128,0.011071900022216141,0
balanced_correlated,4,uniform,1320,0.0015042739042874231,1128696,0.011987500009126961,0
balanced_correlated,4,uniform,1440,0.0007810919925002047,1231264,0.012905100011266768,0
balanced_correlated,4,uniform,1560,0.0004785161686267081,1333832,0.01382200000807643,0
balanced_correlated,4,uniform,1680,0.0002263613938175979,1436400,0.014731300005223602,0
balanced_correlated,4,uniform,1800,0.00013102090673955402,1538968,0.01564880000660196,0
balanced_correlated,4,uniform,1920,7.446617974116165e-05,1641536,0.016559300012886524,0
balanced_correlated,4,uniform,2040,3.4446387046305205e-05,1744104,0.01746520004235208,0
balanced_correlated,4,uniform,2160,1.5838034773452137e-05,1846672,0.01836300001014024,0
balanced_correlated,4,uniform,2280,9.014274302110437e-06,1949240,0.01926670002285391,0
balanced_correlated,4,uniform,2400,5.4312353681140735e-06,2051808,0.020167600014247,0
balanced_correlated,4,lipschitz,0,17.902193031036283,448,2.6999623514711857e-06,0
balanced_correlated,4,lipschitz,120,2.106935380917433,103016,0.0009295999770984054,0
balanced_correlated,4,lipschitz,240,0.884238277138425,205584,0.0022595999762415886,0
balanced_correlated,4,lipschitz,360,0.3892323445993857,308152,0.003362799994647503,0
balanced_correlated,4,lipschitz,480,0.16056384097056542,410720,0.004363799991551787,0
balanced_correlated,4,lipschitz,600,0.06859895050702214,513288,0.005287599982693791,0
balanced_correlated,4,lipschitz,720,0.030084570559152368,615856,0.0062247999594546854,0
balanced_correlated,4,lipschitz,840,0.014976375459914593,718424,0.007144499977584928,0
balanced_correlated,4,lipschitz,960,0.007590340618552016,820992,0.008060699969064444,0
balanced_correlated,4,lipschitz,1080,0.0038895701926420223,923560,0.008986999979242682,0
balanced_correlated,4,lipschitz,1200,0.002053863096364683,1026128,0.009898099990095943,0
balanced_correlated,4,lipschitz,1320,0.0009733750181184497,1128696,0.010810299951117486,0
balanced_correlated,4,lipschitz,1440,0.0003802719827659118,1231264,0.011765799950808287,0
balanced_correlated,4,lipschitz,1560,0.0002446845057382241,1333832,0.012696399993728846,0
balanced_correlated,4,lipschitz,1680,0.0001182611256669297,1436400,0.013625099963974208,0
balanced_correlated,4,lipschitz,1800,6.590531883698958e-05,1538968,0.014543199969921261,0
balanced_correlated,4,lipschitz,1920,3.6778071628162934e-05,1641536,0.015461599978152663,0
balanced_correlated,4,lipschitz,2040,1.8493821480003447e-05,1744104,0.01637169998139143,0
balanced_correlated,4,lipschitz,2160,9.487288818554873e-06,1846672,0.017606699955649674,0
balanced_correlated,4,lipschitz,2280,5.261881807605562e-06,1949240,0.018550399981904775,0
balanced_correlated,4,lipschitz,2400,3.1463610192794533e-06,2051808,0.019467199977952987,0
balanced_correlated,4,scheduled_gain,0,17.902193031036283,448,3.00002284348011e-06,0
balanced_correlated,4,scheduled_gain,120,1.0684541102263325,141512,0.0010085999965667725,2
balanced_correlated,4,scheduled_gain,240,0.5771115516339336,282576,0.001959800021722913,4
balanced_correlated,4,scheduled_gain,360,0.3665487128018108,423640,0.002911499992478639,6
balanced_correlated,4,scheduled_gain,480,0.25685392586642397,564704,0.0038616000092588365,8
balanced_correlated,4,scheduled_gain,600,0.15691411242141085,705768,0.004804600030183792,10
balanced_correlated,4,scheduled_gain,720,0.08552709579820306,846832,0.005752900033257902,12
balanced_correlated,4,scheduled_gain,840,0.058316397788339636,987896,0.006696399999782443,14
balanced_correlated,4,scheduled_gain,960,0.03965672858402458,1128960,0.007633700035512447,16
balanced_correlated,4,scheduled_gain,1080,0.02958602658386633,1270024,0.008570100006181747,18
balanced_correlated,4,scheduled_gain,1200,0.021648176856632784,1411088,0.00951200001873076,20
balanced_correlated,4,scheduled_gain,1320,0.01311449844272694,1552152,0.010448600049130619,22
balanced_correlated,4,scheduled_gain,1440,0.008810603545236884,1693216,0.011391900014132261,24
balanced_correlated,4,scheduled_gain,1560,0.0064019827420835895,1834280,0.012328700046055019,26
balanced_correlated,4,scheduled_gain,1680,0.004189637857031414,1975344,0.013271500007249415,28
balanced_correlated,4,scheduled_gain,1800,0.0026172847326386695,2116408,0.014204700011759996,30
balanced_correlated,4,scheduled_gain,1920,0.0018189544750737419,2257472,0.015161900024395436,32
balanced_correlated,4,scheduled_gain,2040,0.0012186075111579875,2398536,0.01610080001410097,34
balanced_correlated,4,scheduled_gain,2160,0.0007851103750171617,2539600,0.017058400029782206,36
balanced_correlated,4,scheduled_gain,2280,0.0004970387329703563,2680664,0.018015800043940544,38
balanced_correlated,4,scheduled_gain,2400,0.0003503613617383827,2821728,0.01896900002611801,40
balanced_correlated,4,triggered_gain,0,17.902193031036283,448,2.6999623514711857e-06,0
balanced_correlated,4,triggered_gain,120,1.0372024387198242,122264,0.0009553999989293516,1
balanced_correlated,4,triggered_gain,240,0.8206652542520505,224832,0.0018819999531842768,1
balanced_correlated,4,triggered_gain,360,0.3983729947092449,346648,0.002845899958629161,2
balanced_correlated,4,triggered_gain,480,0.376660416829973,449216,0.0037607999984174967,2
balanced_correlated,4,triggered_gain,600,0.28240291262146977,571032,0.004726099956315011,3
balanced_correlated,4,triggered_gain,720,0.26959715346796065,673600,0.005669399979524314,3
balanced_correlated,4,triggered_gain,840,0.19192420424452683,795416,0.006604199996218085,4
balanced_correlated,4,triggered_gain,960,0.17715910289055348,897984,0.007523899956140667,4
balanced_correlated,4,triggered_gain,1080,0.1325819572158129,1019800,0.008450699970126152,5
balanced_correlated,4,triggered_gain,1200,0.11699614085046095,1122368,0.009369799983687699,5
balanced_correlated,4,triggered_gain,1320,0.09074402541125792,1244184,0.01028829999268055,6
balanced_correlated,4,triggered_gain,1440,0.07163730322568052,1346752,0.011207200004719198,6
balanced_correlated,4,triggered_gain,1560,0.06677904832052883,1449320,0.012119999970309436,6
balanced_correlated,4,triggered_gain,1680,0.056956646168354386,1571136,0.013069999986328185,7
balanced_correlated,4,triggered_gain,1800,0.05317677767849016,1673704,0.01400419999845326,7
balanced_correlated,4,triggered_gain,1920,0.043712202967283176,1795520,0.014963899971917272,8
balanced_correlated,4,triggered_gain,2040,0.043078699004235776,1898088,0.0158917999942787,8
balanced_correlated,4,triggered_gain,2160,0.032933236189269355,2019904,0.016820899967569858,9
balanced_correlated,4,triggered_gain,2280,0.03235409739214479,2122472,0.017739499977324158,9
balanced_correlated,4,triggered_gain,2400,0.025567749861053812,2244288,0.01866209995932877,10
balanced_correlated,5,uniform,0,6.382958766796747,448,2.900022082030773e-06,0
balanced_correlated,5,uniform,120,1.235320228330588,103016,0.0009354000212624669,0
balanced_correlated,5,uniform,240,0.5154199540082631,205584,0.0018545999773778021,0
balanced_correlated,5,uniform,360,0.27373972806661984,308152,0.002765699988231063,0
balanced_correlated,5,uniform,480,0.11186104500667193,410720,0.0036854000063613057,0
balanced_correlated,5,uniform,600,0.04117883447383397,513288,0.004600799991749227,0
balanced_correlated,5,uniform,720,0.022604864241397404,615856,0.005513800017070025,0
balanced_correlated,5,uniform,840,0.010405186297245184,718424,0.006557099986821413,0
balanced_correlated,5,uniform,960,0.0045043578249623906,820992,0.008313799975439906,0
balanced_correlated,5,uniform,1080,0.002612629723183435,923560,0.012161299993749708,0
balanced_correlated,5,uniform,1200,0.00142962220871512,1026128,0.014516399998683482,0
balanced_correlated,5,uniform,1320,0.0006752682644020069,1128696,0.01702680002199486,0
balanced_correlated,5,uniform,1440,0.0003910747514122015,1231264,0.01838089997181669,0
balanced_correlated,5,uniform,1560,0.0002158163762717713,1333832,0.01970960001926869,0
balanced_correlated,5,uniform,1680,0.00010554085848113459,1436400,0.02068479999434203,0
balanced_correlated,5,uniform,1800,7.559316178795683e-05,1538968,0.021831899997778237,0
balanced_correlated,5,uniform,1920,5.9832836066586736e-05,1641536,0.02277639997191727,0
balanced_correlated,5,uniform,2040,3.756722517067601e-05,1744104,0.023893399978987873,0
balanced_correlated,5,uniform,2160,1.8348769832421397e-05,1846672,0.02485679998062551,0
balanced_correlated,5,uniform,2280,7.137939264545423e-06,1949240,0.026410599995870143,0
balanced_correlated,5,uniform,2400,4.563553156256006e-06,2051808,0.027523399970959872,0
balanced_correlated,5,lipschitz,0,6.382958766796747,448,3.200024366378784e-06,0
balanced_correlated,5,lipschitz,120,1.0294306041010115,103016,0.0010059999767690897,0
balanced_correlated,5,lipschitz,240,0.3958758804608755,205584,0.001934400002937764,0
balanced_correlated,5,lipschitz,360,0.1788332656232008,308152,0.0028744000010192394,0
balanced_correlated,5,lipschitz,480,0.08388828862987463,410720,0.0038059999933466315,0
balanced_correlated,5,lipschitz,600,0.03811047654140465,513288,0.004775899986270815,0
balanced_correlated,5,lipschitz,720,0.019723515147882953,615856,0.005723499984014779,0
balanced_correlated,5,lipschitz,840,0.010710038505427733,718424,0.006653600023128092,0
balanced_correlated,5,lipschitz,960,0.004885028767960264,820992,0.007583600003272295,0
balanced_correlated,5,lipschitz,1080,0.00263467414532359,923560,0.008506699989084154,0
balanced_correlated,5,lipschitz,1200,0.0015161823246110373,1026128,0.00944509997498244,0
balanced_correlated,5,lipschitz,1320,0.0008417357491175004,1128696,0.010402499989140779,0
balanced_correlated,5,lipschitz,1440,0.00044516477121891995,1231264,0.011338300013449043,0
balanced_correlated,5,lipschitz,1560,0.00018212560723673832,1333832,0.01227349997498095,0
balanced_correlated,5,lipschitz,1680,9.73446309591175e-05,1436400,0.013199099979829043,0
balanced_correlated,5,lipschitz,1800,5.661292919434402e-05,1538968,0.014123899978585541,0
balanced_correlated,5,lipschitz,1920,3.042435144173794e-05,1641536,0.015078799973707646,0
balanced_correlated,5,lipschitz,2040,1.81535491257101e-05,1744104,0.016079300025012344,0
balanced_correlated,5,lipschitz,2160,8.151125148181393e-06,1846672,0.01703530002851039,0
balanced_correlated,5,lipschitz,2280,4.257285270536926e-06,1949240,0.017989000014495105,0
balanced_correlated,5,lipschitz,2400,2.355584099333896e-06,2051808,0.018953200022224337,0
balanced_correlated,5,scheduled_gain,0,6.382958766796747,448,2.9999646358191967e-06,0
balanced_correlated,5,scheduled_gain,120,1.0097050430851238,141512,0.0009849999914877117,2
balanced_correlated,5,scheduled_gain,240,0.38688279688320915,282576,0.0020259000011719763,4
balanced_correlated,5,scheduled_gain,360,0.18874874034507982,423640,0.002999699965585023,6
balanced_correlated,5,scheduled_gain,480,0.11475200876483926,564704,0.003986699972301722,8
balanced_correlated,5,scheduled_gain,600,0.06910911412784593,705768,0.004953399999067187,10
balanced_correlated,5,scheduled_gain,720,0.04799976271219508,846832,0.005927099962718785,12
balanced_correlated,5,scheduled_gain,840,0.035050234080496345,987896,0.006889400014188141,14
balanced_correlated,5,scheduled_gain,960,0.02419377191530403,1128960,0.007862199970986694,16
balanced_correlated,5,scheduled_gain,1080,0.016983990629050094,1270024,0.00881249998928979,18
balanced_correlated,5,scheduled_gain,1200,0.010820977016796629,1411088,0.009768799995072186,20
balanced_correlated,5,scheduled_gain,1320,0.007843409255634537,1552152,0.010717099998146296,22
balanced_correlated,5,scheduled_gain,1440,0.00548794231212657,1693216,0.011672799999359995,24
balanced_correlated,5,scheduled_gain,1560,0.0037352741237199893,1834280,0.012647599971387535,26
balanced_correlated,5,scheduled_gain,1680,0.002400645821293068,1975344,0.01368709997041151,28
balanced_correlated,5,scheduled_gain,1800,0.0016319843297303294,2116408,0.014637199987191707,30
balanced_correlated,5,scheduled_gain,1920,0.0011434920759798572,2257472,0.01561299996683374,32
balanced_correlated,5,scheduled_gain,2040,0.0008410135598415636,2398536,0.01655830000527203,34
balanced_correlated,5,scheduled_gain,2160,0.00059935069392969,2539600,0.017499999958090484,36
balanced_correlated,5,scheduled_gain,2280,0.00042382090650638915,2680664,0.018437799997627735,38
balanced_correlated,5,scheduled_gain,2400,0.00030305025757737525,2821728,0.019377499993424863,40
balanced_correlated,5,triggered_gain,0,6.382958766796747,448,2.6999623514711857e-06,0
balanced_correlated,5,triggered_gain,120,1.066023534907599,122264,0.0009374999790452421,1
balanced_correlated,5,triggered_gain,240,0.6100829005233814,224832,0.001852500019595027,1
balanced_correlated,5,triggered_gain,360,0.3543531388555805,346648,0.0027750000008381903,2
balanced_correlated,5,triggered_gain,480,0.27358722599950047,449216,0.003683699993416667,2
balanced_correlated,5,triggered_gain,600,0.2161321099681941,571032,0.00462109997170046,3
balanced_correlated,5,triggered_gain,720,0.1908709475843855,673600,0.005543300008866936,3
balanced_correlated,5,triggered_gain,840,0.15557483206853728,795416,0.00654420000500977,4
balanced_correlated,5,triggered_gain,960,0.1534819737583497,897984,0.007473699981346726,4
balanced_correlated,5,triggered_gain,1080,0.12300480248285606,1019800,0.008406999986618757,5
balanced_correlated,5,triggered_gain,1200,0.10735745296410748,1122368,0.009336399962194264,5
balanced_correlated,5,triggered_gain,1320,0.08622023221203046,1224936,0.010252600011881441,5
balanced_correlated,5,triggered_gain,1440,0.0800026754182408,1327504,0.01119789999211207,5
balanced_correlated,5,triggered_gain,1560,0.06579879229529029,1449320,0.012123199994675815,6
balanced_correlated,5,triggered_gain,1680,0.06164084039104756,1551888,0.01303659996483475,6
balanced_correlated,5,triggered_gain,1800,0.05049349139033277,1673704,0.013959200005047023,7
balanced_correlated,5,triggered_gain,1920,0.037819347022099326,1776272,0.014873399981297553,7
balanced_correlated,5,triggered_gain,2040,0.03161468356903985,1878840,0.015790099976584315,7
balanced_correlated,5,triggered_gain,2160,0.02266850096696027,2000656,0.016712200012989342,8
balanced_correlated,5,triggered_gain,2280,0.019151175034784806,2103224,0.017630599963013083,8
balanced_correlated,5,triggered_gain,2400,0.016230585130068587,2225040,0.018547600018791854,9
balanced_correlated,6,uniform,0,19.262745789713527,448,2.6999623514711857e-06,0
balanced_correlated,6,uniform,120,1.0624688035915546,103016,0.0009385999874211848,0
balanced_correlated,6,uniform,240,0.4344094990030687,205584,0.00185339996824041,0
balanced_correlated,6,uniform,360,0.19944757925225343,308152,0.0028241999680176377,0
balanced_correlated,6,uniform,480,0.09897391166087877,410720,0.003741899970918894,0
balanced_correlated,6,uniform,600,0.04841811051124756,513288,0.004660499980673194,0
balanced_correlated,6,uniform,720,0.01666026537919807,615856,0.0055807000026106834,0
balanced_correlated,6,uniform,840,0.007955049235842448,718424,0.006502499978523701,0
balanced_correlated,6,uniform,960,0.0043270779901396494,820992,0.007418899971526116,0
balanced_correlated,6,uniform,1080,0.0024838234816702,923560,0.008360099978744984,0
balanced_correlated,6,uniform,1200,0.0010807015099061346,1026128,0.009273800009395927,0
balanced_correlated,6,uniform,1320,0.0005316794038088268,1128696,0.010222199955023825,0
balanced_correlated,6,uniform,1440,0.0002985317225849826,1231264,0.01113870000699535,0
balanced_correlated,6,uniform,1560,0.00016262284388046666,1333832,0.01207659998908639,0
balanced_correlated,6,uniform,1680,8.91416755335328e-05,1436400,0.012998299964237958,0
balanced_correlated,6,uniform,1800,4.793112869316829e-05,1538968,0.013924199971370399,0
balanced_correlated,6,uniform,1920,2.6561184459428233e-05,1641536,0.014847599959466606,0
balanced_correlated,6,uniform,2040,1.4710883553537002e-05,1744104,0.01577459997497499,0
balanced_correlated,6,uniform,2160,9.852238934904278e-06,1846672,0.016695700003765523,0
balanced_correlated,6,uniform,2280,5.278688591126013e-06,1949240,0.01765950000844896,0
balanced_correlated,6,uniform,2400,2.645390085209698e-06,2051808,0.01858489995356649,0
balanced_correlated,6,lipschitz,0,19.262745789713527,448,2.600019797682762e-06,0
balanced_correlated,6,lipschitz,120,1.3997669927512533,103016,0.0009762000408954918,0
balanced_correlated,6,lipschitz,240,0.6120414496510036,205584,0.0019012000411748886,0
balanced_correlated,6,lipschitz,360,0.3351621406449561,308152,0.0028487000381574035,0
balanced_correlated,6,lipschitz,480,0.15538502790458253,410720,0.003771600022446364,0
balanced_correlated,6,lipschitz,600,0.10452914656054135,513288,0.004693300055805594,0
balanced_correlated,6,lipschitz,720,0.05951980479756669,615856,0.005612800014205277,0
balanced_correlated,6,lipschitz,840,0.04253273772146082,718424,0.006577100022695959,0
balanced_correlated,6,lipschitz,960,0.019399494670647943,820992,0.007507500005885959,0
balanced_correlated,6,lipschitz,1080,0.00948856027815026,923560,0.008443400030955672,0
balanced_correlated,6,lipschitz,1200,0.004820123130142129,1026128,0.009359500021673739,0
balanced_correlated,6,lipschitz,1320,0.0027969127090243795,1128696,0.011497000057715923,0
balanced_correlated,6,lipschitz,1440,0.0018095447106394325,1231264,0.014295400003902614,0
balanced_correlated,6,lipschitz,1560,0.001091736256035425,1333832,0.016684000031091273,0
balanced_correlated,6,lipschitz,1680,0.0005308328120015027,1436400,0.01886260003084317,0
balanced_correlated,6,lipschitz,1800,0.0002836905729388661,1538968,0.020488300011493266,0
balanced_correlated,6,lipschitz,1920,0.00017604232256607233,1641536,0.021685800049453974,0
balanced_correlated,6,lipschitz,2040,0.00010156346459533339,1744104,0.022704600007273257,0
balanced_correlated,6,lipschitz,2160,6.025822123101321e-05,1846672,0.023628400056622922,0
balanced_correlated,6,lipschitz,2280,3.9909155826745035e-05,1949240,0.024555600015446544,0
balanced_correlated,6,lipschitz,2400,2.4615834224306354e-05,2051808,0.02547460002824664,0
balanced_correlated,6,scheduled_gain,0,19.262745789713527,448,2.7999631129205227e-06,0
balanced_correlated,6,scheduled_gain,120,1.2835121918554844,141512,0.0010992999887093902,2
balanced_correlated,6,scheduled_gain,240,0.6893578365355331,282576,0.0021169999963603914,4
balanced_correlated,6,scheduled_gain,360,0.458804394510266,423640,0.003135400009341538,6
balanced_correlated,6,scheduled_gain,480,0.263830213661008,564704,0.004097700002603233,8
balanced_correlated,6,scheduled_gain,600,0.1837077688002422,705768,0.005053200002294034,10
balanced_correlated,6,scheduled_gain,720,0.1282532761638855,846832,0.006003799964673817,12
balanced_correlated,6,scheduled_gain,840,0.09121438829059292,987896,0.006949800008442253,14
balanced_correlated,6,scheduled_gain,960,0.062373694098335264,1128960,0.00789549999171868,16
balanced_correlated,6,scheduled_gain,1080,0.04403918736219614,1270024,0.008839000016450882,18
balanced_correlated,6,scheduled_gain,1200,0.03273241025095963,1411088,0.009773199970368296,20
balanced_correlated,6,scheduled_gain,1320,0.023043277980548282,1552152,0.010710800008382648,22
balanced_correlated,6,scheduled_gain,1440,0.015502911190108382,1693216,0.011646699975244701,24
balanced_correlated,6,scheduled_gain,1560,0.009932812064004537,1834280,0.012583900010213256,26
balanced_correlated,6,scheduled_gain,1680,0.006671391289066797,1975344,0.013520399981644005,28
balanced_correlated,6,scheduled_gain,1800,0.0048038686748244075,2116408,0.014487800013739616,30
balanced_correlated,6,scheduled_gain,1920,0.0034600475901940264,2257472,0.015446799981873482,32
balanced_correlated,6,scheduled_gain,2040,0.0025965257158167,2398536,0.016696500009857118,34
balanced_correlated,6,scheduled_gain,2160,0.001910785719024144,2539600,0.017670599976554513,36
balanced_correlated,6,scheduled_gain,2280,0.0014007863496869888,2680664,0.018636799999512732,38
balanced_correlated,6,scheduled_gain,2400,0.000979788955082661,2821728,0.01961049996316433,40
balanced_correlated,6,triggered_gain,0,19.262745789713527,448,2.600019797682762e-06,0
balanced_correlated,6,triggered_gain,120,1.0104265292745476,122264,0.000958200020249933,1
balanced_correlated,6,triggered_gain,240,0.5683920920273873,224832,0.001895099994726479,1
balanced_correlated,6,triggered_gain,360,0.24859265773274464,346648,0.002837900014128536,2
balanced_correlated,6,triggered_gain,480,0.20563009154235523,449216,0.0037625000113621354,2
balanced_correlated,6,triggered_gain,600,0.13083294436304227,571032,0.004695800016634166,3
balanced_correlated,6,triggered_gain,720,0.10190975884041187,673600,0.005616400041617453,3
balanced_correlated,6,triggered_gain,840,0.08337058178414525,795416,0.006543199997395277,4
balanced_correlated,6,triggered_gain,960,0.07403316413143157,897984,0.00745850004022941,4
balanced_correlated,6,triggered_gain,1080,0.06438443029937213,1000552,0.008382800035178661,4
balanced_correlated,6,triggered_gain,1200,0.05367331077446558,1103120,0.009299300028942525,4
balanced_correlated,6,triggered_gain,1320,0.05018488302073543,1205688,0.010222900018561631,4
balanced_correlated,6,triggered_gain,1440,0.03974229284269715,1327504,0.011171600024681538,5
balanced_correlated,6,triggered_gain,1560,0.03520119072572925,1430072,0.012088900024536997,5
balanced_correlated,6,triggered_gain,1680,0.02919670228785476,1551888,0.013042800012044609,6
balanced_correlated,6,triggered_gain,1800,0.02545821888617894,1654456,0.014869200007524341,6
balanced_correlated,6,triggered_gain,1920,0.0223617278962025,1757024,0.018008100043516606,6
balanced_correlated,6,triggered_gain,2040,0.018640902944341065,1859592,0.02152900001965463,6
balanced_correlated,6,triggered_gain,2160,0.016319787125079532,1962160,0.023948200047016144,6
balanced_correlated,6,triggered_gain,2280,0.015097308774147056,2064728,0.026157400046940893,6
balanced_correlated,6,triggered_gain,2400,0.013287983460600561,2167296,0.027590900019276887,6
balanced_correlated,7,uniform,0,4.634799138086766,448,3.999972250312567e-06,0
balanced_correlated,7,uniform,120,1.2369238933300433,103016,0.0009925999911502004,0
balanced_correlated,7,uniform,240,0.5521998403505752,205584,0.001935299951583147,0
balanced_correlated,7,uniform,360,0.19608713950541867,308152,0.0029063999536447227,0
balanced_correlated,7,uniform,480,0.11612171552284023,410720,0.003868300002068281,0
balanced_correlated,7,uniform,600,0.04697204852167802,513288,0.004807499994058162,0
balanced_correlated,7,uniform,720,0.020748249227331428,615856,0.005747299990616739,0
balanced_correlated,7,uniform,840,0.010213481611700104,718424,0.006685999978799373,0
balanced_correlated,7,uniform,960,0.005164940197763368,820992,0.007627599989064038,0
balanced_correlated,7,uniform,1080,0.0022852159609842992,923560,0.008559399982914329,0
balanced_correlated,7,uniform,1200,0.0014742022599509852,1026128,0.009488699957728386,0
balanced_correlated,7,uniform,1320,0.0006432535700509057,1128696,0.010415799973998219,0
balanced_correlated,7,uniform,1440,0.0003185653163662039,1231264,0.011341399978846312,0
balanced_correlated,7,uniform,1560,0.00018380495046699252,1333832,0.012273699976503849,0
balanced_correlated,7,uniform,1680,8.64268453444339e-05,1436400,0.013203699956648052,0
balanced_correlated,7,uniform,1800,4.7533536265742526e-05,1538968,0.014133499993477017,0
balanced_correlated,7,uniform,1920,3.1866698654070547e-05,1641536,0.01511819998268038,0
balanced_correlated,7,uniform,2040,2.0385413057599777e-05,1744104,0.016102799971122295,0
balanced_correlated,7,uniform,2160,1.2185059016900368e-05,1846672,0.017060999991372228,0
balanced_correlated,7,uniform,2280,7.984643073388753e-06,1949240,0.018013899971265346,0
balanced_correlated,7,uniform,2400,5.120432953642506e-06,2051808,0.01897609996376559,0
balanced_correlated,7,lipschitz,0,4.634799138086766,448,3.0999653972685337e-06,0
balanced_correlated,7,lipschitz,120,1.0246956756960133,103016,0.0009471999946981668,0
balanced_correlated,7,lipschitz,240,0.516760629082134,205584,0.0019057000172324479,0
balanced_correlated,7,lipschitz,360,0.21196844566413509,308152,0.0028451000107452273,0
balanced_correlated,7,lipschitz,480,0.13044759155765284,410720,0.0037820999859832227,0
balanced_correlated,7,lipschitz,600,0.04680042200625145,513288,0.004710300010628998,0
balanced_correlated,7,lipschitz,720,0.02107086803561886,615856,0.005638199974782765,0
balanced_correlated,7,lipschitz,840,0.011176957500417473,718424,0.006563699978869408,0
balanced_correlated,7,lipschitz,960,0.005553872481469657,820992,0.007493700017221272,0
balanced_correlated,7,lipschitz,1080,0.0025009873839567653,923560,0.008415199990849942,0
balanced_correlated,7,lipschitz,1200,0.001480689757842324,1026128,0.009324799990281463,0
balanced_correlated,7,lipschitz,1320,0.000659483379182646,1128696,0.010241199983283877,0
balanced_correlated,7,lipschitz,1440,0.00035818856733760285,1231264,0.011163499963004142,0
balanced_correlated,7,lipschitz,1560,0.0002003187826340458,1333832,0.012079400010406971,0
balanced_correlated,7,lipschitz,1680,0.00010051327717564007,1436400,0.012990999966859818,0
balanced_correlated,7,lipschitz,1800,4.695369634655222e-05,1538968,0.013960800017230213,0
balanced_correlated,7,lipschitz,1920,3.580830056604256e-05,1641536,0.014884600008372217,0
balanced_correlated,7,lipschitz,2040,2.093962192750709e-05,1744104,0.015812499972525984,0
balanced_correlated,7,lipschitz,2160,1.732450781055661e-05,1846672,0.01675989996874705,0
balanced_correlated,7,lipschitz,2280,1.578328763551795e-05,1949240,0.01770199998281896,0
balanced_correlated,7,lipschitz,2400,1.5191082791243815e-05,2051808,0.018626099976245314,0
balanced_correlated,7,scheduled_gain,0,4.634799138086766,448,2.700020559132099e-06,0
balanced_correlated,7,scheduled_gain,120,0.8018686538138105,141512,0.0009689000435173512,2
balanced_correlated,7,scheduled_gain,240,0.44038955952537995,282576,0.001907800033222884,4
balanced_correlated,7,scheduled_gain,360,0.28535579376439557,423640,0.0028537000180222094,6
balanced_correlated,7,scheduled_gain,480,0.1566155557324116,564704,0.003797600045800209,8
balanced_correlated,7,scheduled_gain,600,0.08662148064636144,705768,0.004734300018753856,10
balanced_correlated,7,scheduled_gain,720,0.06315436994399404,846832,0.005673200008459389,12
balanced_correlated,7,scheduled_gain,840,0.040062461076242784,987896,0.0066084000281989574,14
balanced_correlated,7,scheduled_gain,960,0.027038148152923824,1128960,0.0076009000185877085,16
balanced_correlated,7,scheduled_gain,1080,0.01802327432808104,1270024,0.0085384999983944,18
balanced_correlated,7,scheduled_gain,1200,0.012099831069312561,1411088,0.009506600035820156,20
balanced_correlated,7,scheduled_gain,1320,0.008491726577087189,1552152,0.010571699996944517,22
balanced_correlated,7,scheduled_gain,1440,0.005618173731127829,1693216,0.011556400044355541,24
balanced_correlated,7,scheduled_gain,1560,0.0032798992038554076,1834280,0.012502900033723563,26
balanced_correlated,7,scheduled_gain,1680,0.002123195236411579,1975344,0.013454200001433492,28
balanced_correlated,7,scheduled_gain,1800,0.0014767090523415405,2116408,0.014424000051803887,30
balanced_correlated,7,scheduled_gain,1920,0.0008472907282874864,2257472,0.01538799999980256,32
balanced_correlated,7,scheduled_gain,2040,0.0005408313826644751,2398536,0.016326400043908507,34
balanced_correlated,7,scheduled_gain,2160,0.00037891333453954346,2539600,0.01726350001990795,36
balanced_correlated,7,scheduled_gain,2280,0.00022388548531138142,2680664,0.01820430002408102,38
balanced_correlated,7,scheduled_gain,2400,0.00015351593133727803,2821728,0.019149100000504404,40
balanced_correlated,7,triggered_gain,0,4.634799138086766,448,2.600019797682762e-06,0
balanced_correlated,7,triggered_gain,120,0.8680139414661503,122264,0.0009605000377632678,1
balanced_correlated,7,triggered_gain,240,0.6406078135653157,224832,0.0019006000366061926,1
balanced_correlated,7,triggered_gain,360,0.37873162789296977,346648,0.002841500041540712,2
balanced_correlated,7,triggered_gain,480,0.2550961988057838,449216,0.003774500044528395,2
balanced_correlated,7,triggered_gain,600,0.16003777082568593,571032,0.004711100016720593,3
balanced_correlated,7,triggered_gain,720,0.15020673586077793,673600,0.005641000054311007,3
balanced_correlated,7,triggered_gain,840,0.11703370781695055,795416,0.007438800006639212,4
balanced_correlated,7,triggered_gain,960,0.11497179037860183,897984,0.009847600013017654,4
balanced_correlated,7,triggered_gain,1080,0.08995133308909731,1019800,0.012181600031908602,5
balanced_correlated,7,triggered_gain,1200,0.08178740980876587,1122368,0.01408580003771931,5
balanced_correlated,7,triggered_gain,1320,0.06676766722974836,1244184,0.015006200002972037,6
balanced_correlated,7,triggered_gain,1440,0.05761635542634602,1346752,0.015916500007733703,6
balanced_correlated,7,triggered_gain,1560,0.05637627356712738,1449320,0.016818400006741285,6
balanced_correlated,7,triggered_gain,1680,0.043138595152181214,1571136,0.017732500040438026,7
balanced_correlated,7,triggered_gain,1800,0.03758760919572479,1673704,0.018679200031328946,7
balanced_correlated,7,triggered_gain,1920,0.02903053224114549,1795520,0.019593600009102374,8
balanced_correlated,7,triggered_gain,2040,0.026690192800742363,1898088,0.02052610000828281,8
balanced_correlated,7,triggered_gain,2160,0.020366095124390693,2019904,0.021440900047309697,9
balanced_correlated,7,triggered_gain,2280,0.016107445730655368,2122472,0.022349500039126724,9
balanced_correlated,7,triggered_gain,2400,0.015202711443898842,2225040,0.023253400053363293,9
balanced_correlated,8,uniform,0,18.59871817696344,448,2.800021320581436e-06,0
balanced_correlated,8,uniform,120,1.397162098651199,103016,0.0009344000136479735,0
balanced_correlated,8,uniform,240,0.7057197828225128,205584,0.0018390000332146883,0
balanced_correlated,8,uniform,360,0.3170815305442174,308152,0.0027494000387378037,0
balanced_correlated,8,uniform,480,0.15681287916223718,410720,0.0036502000293694437,0
balanced_correlated,8,uniform,600,0.07474334776715175,513288,0.004559500026516616,0
balanced_correlated,8,uniform,720,0.03571904222245159,615856,0.005463200039230287,0
balanced_correlated,8,uniform,840,0.018144416419517917,718424,0.00636940001277253,0
balanced_correlated,8,uniform,960,0.008559881143362258,820992,0.007269599998835474,0
balanced_correlated,8,uniform,1080,0.004165209847103668,923560,0.008173100010026246,0
balanced_correlated,8,uniform,1200,0.0019489804231405117,1026128,0.009072100045159459,0
balanced_correlated,8,uniform,1320,0.0010592622708189836,1128696,0.009974500047974288,0
balanced_correlated,8,uniform,1440,0.000704432984103498,1231264,0.010876100044697523,0
balanced_correlated,8,uniform,1560,0.00037933678957546846,1333832,0.011778700049035251,0
balanced_correlated,8,uniform,1680,0.0002803081325315482,1436400,0.012686000030953437,0
balanced_correlated,8,uniform,1800,0.00017269712351009048,1538968,0.013586500019300729,0
balanced_correlated,8,uniform,1920,8.144569132317869e-05,1641536,0.014493499998934567,0
balanced_correlated,8,uniform,2040,3.817525393268184e-05,1744104,0.017150200030300766,0
balanced_correlated,8,uniform,2160,2.7124336572814656e-05,1846672,0.019475500041153282,0
balanced_correlated,8,uniform,2280,1.6083685301371276e-05,1949240,0.021783100033644587,0
balanced_correlated,8,uniform,2400,9.806824077251974e-06,2051808,0.023682500002905726,0
balanced_correlated,8,lipschitz,0,18.59871817696344,448,5.300040356814861e-06,0
balanced_correlated,8,lipschitz,120,1.4766913632220695,103016,0.0014196000411175191,0
balanced_correlated,8,lipschitz,240,0.7247282460005966,205584,0.002488900034222752,0
balanced_correlated,8,lipschitz,360,0.3261819982791079,308152,0.003435300022829324,0
balanced_correlated,8,lipschitz,480,0.15330219229982145,410720,0.004350700008217245,0
balanced_correlated,8,lipschitz,600,0.07418272653613878,513288,0.005268800014164299,0
balanced_correlated,8,lipschitz,720,0.033673620502331136,615856,0.0061802000273019075,0
balanced_correlated,8,lipschitz,840,0.015569195441321515,718424,0.0071434000274166465,0
balanced_correlated,8,lipschitz,960,0.006493364573691984,820992,0.008071099990047514,0
balanced_correlated,8,lipschitz,1080,0.003570427730051673,923560,0.009016300027724355,0
balanced_correlated,8,lipschitz,1200,0.0018682446017157517,1026128,0.009935200039763004,0
balanced_correlated,8,lipschitz,1320,0.0010701982641223573,1128696,0.010857000015676022,0
balanced_correlated,8,lipschitz,1440,0.0004964233207833679,1231264,0.011772400001063943,0
balanced_correlated,8,lipschitz,1560,0.0002979467123913615,1333832,0.012699800019618124,0
balanced_correlated,8,lipschitz,1680,0.00016569831144863656,1436400,0.013624500017613173,0
balanced_correlated,8,lipschitz,1800,0.00010436949258574302,1538968,0.01454639999428764,0
balanced_correlated,8,lipschitz,1920,5.3925288963085904e-05,1641536,0.015454000036697835,0
balanced_correlated,8,lipschitz,2040,3.017505029445644e-05,1744104,0.016364799987059087,0
balanced_correlated,8,lipschitz,2160,1.7103353835423718e-05,1846672,0.01727569999638945,0
balanced_correlated,8,lipschitz,2280,8.82560406800792e-06,1949240,0.01818690000800416,0
balanced_correlated,8,lipschitz,2400,4.4548152895451665e-06,2051808,0.019093899987637997,0
balanced_correlated,8,scheduled_gain,0,18.59871817696344,448,2.5999615900218487e-06,0
balanced_correlated,8,scheduled_gain,120,1.1451582125426234,141512,0.0009739999659359455,2
balanced_correlated,8,scheduled_gain,240,0.5113239235539688,282576,0.001905999961309135,4
balanced_correlated,8,scheduled_gain,360,0.3035375800227249,423640,0.0028420999879017472,6
balanced_correlated,8,scheduled_gain,480,0.17968679592918857,564704,0.0037739999825134873,8
balanced_correlated,8,scheduled_gain,600,0.11735917112734828,705768,0.004698999982792884,10
balanced_correlated,8,scheduled_gain,720,0.07450885945605235,846832,0.005629399965982884,12
balanced_correlated,8,scheduled_gain,840,0.05282114885477185,987896,0.006558599998243153,14
balanced_correlated,8,scheduled_gain,960,0.031510597814437435,1128960,0.0074899999890476465,16
balanced_correlated,8,scheduled_gain,1080,0.022136066541891264,1270024,0.008419699966907501,18
balanced_correlated,8,scheduled_gain,1200,0.01603705415068335,1411088,0.009352999972179532,20
balanced_correlated,8,scheduled_gain,1320,0.011941495606901054,1552152,0.010282000002916902,22
balanced_correlated,8,scheduled_gain,1440,0.008577615877296108,1693216,0.011219699983485043,24
balanced_correlated,8,scheduled_gain,1560,0.006280800526647923,1834280,0.012189999979455024,26
balanced_correlated,8,scheduled_gain,1680,0.004841375934339531,1975344,0.013149999955203384,28
balanced_correlated,8,scheduled_gain,1800,0.0031470921292138243,2116408,0.014090999960899353,30
balanced_correlated,8,scheduled_gain,1920,0.002419225162358263,2257472,0.015055599971674383,32
balanced_correlated,8,scheduled_gain,2040,0.0017702149229381625,2398536,0.01600139995571226,34
balanced_correlated,8,scheduled_gain,2160,0.0013520511157563142,2539600,0.01695109996944666,36
balanced_correlated,8,scheduled_gain,2280,0.0009182414898369906,2680664,0.017886199988424778,38
balanced_correlated,8,scheduled_gain,2400,0.0005380479107999214,2821728,0.018817199976183474,40
balanced_correlated,8,triggered_gain,0,18.59871817696344,448,2.4999608285725117e-06,0
balanced_correlated,8,triggered_gain,120,1.4219642648489956,122264,0.0009617999894544482,1
balanced_correlated,8,triggered_gain,240,1.108854388477631,224832,0.0018841999699361622,1
balanced_correlated,8,triggered_gain,360,0.647920226963635,346648,0.002846799965482205,2
balanced_correlated,8,triggered_gain,480,0.5516044669248754,449216,0.003791900002397597,2
balanced_correlated,8,triggered_gain,600,0.3977318988138716,571032,0.0047212999779731035,3
balanced_correlated,8,triggered_gain,720,0.35157374483582826,673600,0.005640999996103346,3
balanced_correlated,8,triggered_gain,840,0.2811471405103698,795416,0.006568899960257113,4
balanced_correlated,8,triggered_gain,960,0.2595835586175861,897984,0.007493600016459823,4
balanced_correlated,8,triggered_gain,1080,0.20021439229147076,1019800,0.008410200010985136,5
balanced_correlated,8,triggered_gain,1200,0.15122805142022555,1122368,0.009325499995611608,5
balanced_correlated,8,triggered_gain,1320,0.13932032856500065,1224936,0.01023039995925501,5
balanced_correlated,8,triggered_gain,1440,0.11497778027807115,1346752,0.011149499972816557,6
balanced_correlated,8,triggered_gain,1560,0.10363519320778725,1449320,0.012055400002282113,6
balanced_correlated,8,triggered_gain,1680,0.076649201150226,1571136,0.012968099967110902,7
balanced_correlated,8,triggered_gain,1800,0.05716004492296323,1673704,0.013867200003005564,7
balanced_correlated,8,triggered_gain,1920,0.05364115416327486,1776272,0.014759299985598773,7
balanced_correlated,8,triggered_gain,2040,0.0429257286171989,1898088,0.015669099986553192,8
balanced_correlated,8,triggered_gain,2160,0.04175858959589096,2000656,0.01757490000454709,8
balanced_correlated,8,triggered_gain,2280,0.034004647434418445,2122472,0.01998839998850599,9
balanced_correlated,8,triggered_gain,2400,0.0240087486781837,2225040,0.022395499981939793,9
balanced_correlated,9,uniform,0,11.10218154950501,448,9.200011845678091e-06,0
balanced_correlated,9,uniform,120,1.1080626088957661,103016,0.0020034000044688582,0
balanced_correlated,9,uniform,240,0.4590990818712255,205584,0.0047364000347442925,0
balanced_correlated,9,uniform,360,0.20163468948919672,308152,0.011813200020696968,0
balanced_correlated,9,uniform,480,0.09203494169270243,410720,0.015040900034364313,0
balanced_correlated,9,uniform,600,0.04451988775729232,513288,0.017502999980933964,0
balanced_correlated,9,uniform,720,0.02101303811668176,615856,0.01896920002764091,0
balanced_correlated,9,uniform,840,0.010929934083543813,718424,0.020231899979989976,0
balanced_correlated,9,uniform,960,0.005275639950169886,820992,0.021350299997720867,0
balanced_correlated,9,uniform,1080,0.0030562573766017564,923560,0.022412899998016655,0
balanced_correlated,9,uniform,1200,0.0016938671409643113,1026128,0.023370100010652095,0
balanced_correlated,9,uniform,1320,0.0009291204733741232,1128696,0.02463190001435578,0
balanced_correlated,9,uniform,1440,0.0004346064989193543,1231264,0.025788100028876215,0
balanced_correlated,9,uniform,1560,0.000237401381561142,1333832,0.02680059999693185,0
balanced_correlated,9,uniform,1680,0.00014092717697300472,1436400,0.027739299985114485,0
balanced_correlated,9,uniform,1800,6.424148053207901e-05,1538968,0.028657899994868785,0
balanced_correlated,9,uniform,1920,3.1686763101834714e-05,1641536,0.029628699994646013,0
balanced_correlated,9,uniform,2040,1.7687276979039268e-05,1744104,0.03054770000744611,0
balanced_correlated,9,uniform,2160,8.619123915476479e-06,1846672,0.03147059999173507,0
balanced_correlated,9,uniform,2280,5.373916384776578e-06,1949240,0.03240409999853,0
balanced_correlated,9,uniform,2400,3.3030291688440627e-06,2051808,0.03331120003713295,0
balanced_correlated,9,lipschitz,0,11.10218154950501,448,3.300025127828121e-06,0
balanced_correlated,9,lipschitz,120,0.7234304479587212,103016,0.0009471999946981668,0
balanced_correlated,9,lipschitz,240,0.38068364558038414,205584,0.001867000013589859,0
balanced_correlated,9,lipschitz,360,0.1860356320433394,308152,0.00277960003586486,0
balanced_correlated,9,lipschitz,480,0.0934848754973241,410720,0.003685500007122755,0
balanced_correlated,9,lipschitz,600,0.04413903979651712,513288,0.004597900027874857,0
balanced_correlated,9,lipschitz,720,0.02203126594314142,615856,0.005510899994987994,0
balanced_correlated,9,lipschitz,840,0.01066288621332312,718424,0.006823300034739077,0
balanced_correlated,9,lipschitz,960,0.00547037222405411,820992,0.009277300036046654,0
balanced_correlated,9,lipschitz,1080,0.0031751478549129075,923560,0.011622900026850402,0
balanced_correlated,9,lipschitz,1200,0.0016225164666683334,1026128,0.013612100039608777,0
balanced_correlated,9,lipschitz,1320,0.0009441828660192719,1128696,0.015077700023539364,0
balanced_correlated,9,lipschitz,1440,0.0005698052717999502,1231264,0.016227600048296154,0
balanced_correlated,9,lipschitz,1560,0.00028303714301047833,1333832,0.017169099999591708,0
balanced_correlated,9,lipschitz,1680,0.0001794339946030732,1436400,0.01809500000672415,0
balanced_correlated,9,lipschitz,1800,0.00011287136875770543,1538968,0.01901800004998222,0
balanced_correlated,9,lipschitz,1920,5.6506136830503095e-05,1641536,0.019935400050599128,0
balanced_correlated,9,lipschitz,2040,3.21496035669e-05,1744104,0.020855600014328957,0
balanced_correlated,9,lipschitz,2160,1.539521287874379e-05,1846672,0.02177240001037717,0
balanced_correlated,9,lipschitz,2280,8.59957579324444e-06,1949240,0.02270430000498891,0
balanced_correlated,9,lipschitz,2400,5.3940230313465065e-06,2051808,0.023629200004506856,0
balanced_correlated,9,scheduled_gain,0,11.10218154950501,448,2.800021320581436e-06,0
balanced_correlated,9,scheduled_gain,120,1.025007324754117,141512,0.0009549999958835542,2
balanced_correlated,9,scheduled_gain,240,0.45226260727693024,282576,0.0019289000192657113,4
balanced_correlated,9,scheduled_gain,360,0.24629352762702483,423640,0.0028632000321522355,6
balanced_correlated,9,scheduled_gain,480,0.16144396758589163,564704,0.0037956000305712223,8
balanced_correlated,9,scheduled_gain,600,0.11110586563715286,705768,0.004724700003862381,10
balanced_correlated,9,scheduled_gain,720,0.06936900949294911,846832,0.00564789999043569,12
balanced_correlated,9,scheduled_gain,840,0.0457234163983653,987896,0.006577600026503205,14
balanced_correlated,9,scheduled_gain,960,0.03352381043289476,1128960,0.0075042000389657915,16
balanced_correlated,9,scheduled_gain,1080,0.0246110725130122,1270024,0.008432000002358109,18
balanced_correlated,9,scheduled_gain,1200,0.01772064201417356,1411088,0.009358300012536347,20
balanced_correlated,9,scheduled_gain,1320,0.012440876727167538,1552152,0.010285900032613426,22
balanced_correlated,9,scheduled_gain,1440,0.008739406027144625,1693216,0.011216600018087775,24
balanced_correlated,9,scheduled_gain,1560,0.005579019350491876,1834280,0.012151000031735748,26
balanced_correlated,9,scheduled_gain,1680,0.004213750068611244,1975344,0.013085899990983307,28
balanced_correlated,9,scheduled_gain,1800,0.002739901818656243,2116408,0.014018499990925193,30
balanced_correlated,9,scheduled_gain,1920,0.0019715471699286446,2257472,0.01502210000762716,32
balanced_correlated,9,scheduled_gain,2040,0.0013183384387018826,2398536,0.01596739998785779,34
balanced_correlated,9,scheduled_gain,2160,0.0009563541978825363,2539600,0.016897500026971102,36
balanced_correlated,9,scheduled_gain,2280,0.0007229673247968194,2680664,0.01784460002090782,38
balanced_correlated,9,scheduled_gain,2400,0.0005143636345397162,2821728,0.018799200013745576,40
balanced_correlated,9,triggered_gain,0,11.10218154950501,448,2.700020559132099e-06,0
balanced_correlated,9,triggered_gain,120,0.7686206926708117,122264,0.0009620999917387962,1
balanced_correlated,9,triggered_gain,240,0.5292831966344242,224832,0.0019168999860994518,1
balanced_correlated,9,triggered_gain,360,0.25344619960148895,346648,0.002916300029028207,2
balanced_correlated,9,triggered_gain,480,0.17887669000150597,449216,0.003884200006723404,2
balanced_correlated,9,triggered_gain,600,0.1224546743105086,571032,0.004817400011233985,3
balanced_correlated,9,triggered_gain,720,0.10292842045229289,673600,0.0057298000319860876,3
balanced_correlated,9,triggered_gain,840,0.0766993322666174,795416,0.006655000033788383,4
balanced_correlated,9,triggered_gain,960,0.06752925603387538,897984,0.007605999999213964,4
balanced_correlated,9,triggered_gain,1080,0.047161093753850025,1019800,0.008596500032581389,5
balanced_correlated,9,triggered_gain,1200,0.04347776290990657,1122368,0.009561899991240352,5
balanced_correlated,9,triggered_gain,1320,0.034096714743300005,1244184,0.0105314000393264,6
balanced_correlated,9,triggered_gain,1440,0.031134429677039943,1346752,0.011466800002381206,6
balanced_correlated,9,triggered_gain,1560,0.023855548668281212,1468568,0.012449200032278895,7
balanced_correlated,9,triggered_gain,1680,0.02287483791163769,1571136,0.013379100011661649,7
balanced_correlated,9,triggered_gain,1800,0.01870770149133394,1692952,0.014300699986051768,8
balanced_correlated,9,triggered_gain,1920,0.01614890467612451,1795520,0.015206400013994426,8
balanced_correlated,9,triggered_gain,2040,0.015535734861581219,1898088,0.016112899989821017,8
balanced_correlated,9,triggered_gain,2160,0.011867442676328555,2019904,0.01702950004255399,9
balanced_correlated,9,triggered_gain,2280,0.01155614779379599,2122472,0.01793610001914203,9
balanced_correlated,9,triggered_gain,2400,0.00959743263511692,2244288,0.018854000023566186,10
balanced_correlated,10,uniform,0,6.569771966741186,448,2.6999623514711857e-06,0
balanced_correlated,10,uniform,120,1.049119465503852,103016,0.0009352999622933567,0
balanced_correlated,10,uniform,240,0.5270934665415892,205584,0.0018455999670550227,0
balanced_correlated,10,uniform,360,0.22443096144044627,308152,0.0027617999585345387,0
balanced_correlated,10,uniform,480,0.11834559156052515,410720,0.003667499986477196,0
balanced_correlated,10,uniform,600,0.057232513829407416,513288,0.004577599989715964,0
balanced_correlated,10,uniform,720,0.028523430458286203,615856,0.005487199989147484,0
balanced_correlated,10,uniform,840,0.01723919224470194,718424,0.006396399985533208,0
balanced_correlated,10,uniform,960,0.010722857017016807,820992,0.007304399972781539,0
balanced_correlated,10,uniform,1080,0.007254600675891343,923560,0.008212299959268421,0
balanced_correlated,10,uniform,1200,0.003043967000126102,1026128,0.009149799996521324,0
balanced_correlated,10,uniform,1320,0.002257302324084165,1128696,0.010059799998998642,0
balanced_correlated,10,uniform,1440,0.0011709994445969762,1231264,0.010967699985485524,0
balanced_correlated,10,uniform,1560,0.0006737536078049722,1333832,0.01188249996630475,0
balanced_correlated,10,uniform,1680,0.00039877037133617677,1436400,0.012794299982488155,0
balanced_correlated,10,uniform,1800,0.00021499963491544705,1538968,0.013703999982681125,0
balanced_correlated,10,uniform,1920,0.00011594779491330698,1641536,0.014609800011385232,0
balanced_correlated,10,uniform,2040,7.387082579013438e-05,1744104,0.01552109996555373,0
balanced_correlated,10,uniform,2160,4.367628678281221e-05,1846672,0.016428900009486824,0
balanced_correlated,10,uniform,2280,2.521113277209608e-05,1949240,0.01734069996746257,0
balanced_correlated,10,uniform,2400,1.7094043947452064e-05,2051808,0.018254499998874962,0
balanced_correlated,10,lipschitz,0,6.569771966741186,448,2.3999600671231747e-06,0
balanced_correlated,10,lipschitz,120,1.0537420803549273,103016,0.000922699982766062,0
balanced_correlated,10,lipschitz,240,0.5539091840714021,205584,0.0018347000004723668,0
balanced_correlated,10,lipschitz,360,0.2717265239417075,308152,0.0027501999866217375,0
balanced_correlated,10,lipschitz,480,0.1343550793071806,410720,0.0036663999781012535,0
balanced_correlated,10,lipschitz,600,0.06665653724919496,513288,0.0046295999782159925,0
balanced_correlated,10,lipschitz,720,0.034565752193187915,615856,0.0055451999651268125,0
balanced_correlated,10,lipschitz,840,0.022395484008018496,718424,0.006540599977597594,0
balanced_correlated,10,lipschitz,960,0.013157806670805794,820992,0.007455799961462617,0
balanced_correlated,10,lipschitz,1080,0.008862229784554199,923560,0.008364599954802543,0
balanced_correlated,10,lipschitz,1200,0.003984709203903591,1026128,0.009285899985115975,0
balanced_correlated,10,lipschitz,1320,0.002783593383625771,1128696,0.010201299970503896,0
balanced_correlated,10,lipschitz,1440,0.0016037135625497356,1231264,0.011110899969935417,0
balanced_correlated,10,lipschitz,1560,0.0008341983303097322,1333832,0.012047900003381073,0
balanced_correlated,10,lipschitz,1680,0.0004863325624713255,1436400,0.012977999984286726,0
balanced_correlated,10,lipschitz,1800,0.00028676670594274256,1538968,0.013887799985241145,0
balanced_correlated,10,lipschitz,1920,0.00015457315525324589,1641536,0.01479819999076426,0
balanced_correlated,10,lipschitz,2040,8.961479937807937e-05,1744104,0.01570489996811375,0
balanced_correlated,10,lipschitz,2160,5.561076112314822e-05,1846672,0.01661479996982962,0
balanced_correlated,10,lipschitz,2280,3.1871226158664e-05,1949240,0.01752149994717911,0
balanced_correlated,10,lipschitz,2400,2.0712659642541098e-05,2051808,0.018425599962938577,0
balanced_correlated,10,scheduled_gain,0,6.569771966741186,448,2.700020559132099e-06,0
balanced_correlated,10,scheduled_gain,120,0.6275114193066722,141512,0.0009491000091657043,2
balanced_correlated,10,scheduled_gain,240,0.3455704799477357,282576,0.0018680000212043524,4
balanced_correlated,10,scheduled_gain,360,0.206345740602897,423640,0.002788199984934181,6
balanced_correlated,10,scheduled_gain,480,0.12436867697382326,564704,0.003702700021676719,8
balanced_correlated,10,scheduled_gain,600,0.08344678220859203,705768,0.004655900003854185,10
balanced_correlated,10,scheduled_gain,720,0.053410433366110954,846832,0.0056096999906003475,12
balanced_correlated,10,scheduled_gain,840,0.036801842577687705,987896,0.0065605000127106905,14
balanced_correlated,10,scheduled_gain,960,0.023370744971532353,1128960,0.007488899980671704,16
balanced_correlated,10,scheduled_gain,1080,0.016562376352101893,1270024,0.008421199978329241,18
balanced_correlated,10,scheduled_gain,1200,0.012705072769299885,1411088,0.00934739998774603,20
balanced_correlated,10,scheduled_gain,1320,0.0096471923360828,1552152,0.010272299987263978,22
balanced_correlated,10,scheduled_gain,1440,0.006704369058466941,1693216,0.011197499989066273,24
balanced_correlated,10,scheduled_gain,1560,0.00483342998148073,1834280,0.012118500017095357,26
balanced_correlated,10,scheduled_gain,1680,0.0036651900497042256,1975344,0.013044500024989247,28
balanced_correlated,10,scheduled_gain,1800,0.00288872999879608,2116408,0.013966900005470961,30
balanced_correlated,10,scheduled_gain,1920,0.002002158484015304,2257472,0.01488849997986108,32
balanced_correlated,10,scheduled_gain,2040,0.0013750036189654757,2398536,0.015849300019908696,34
balanced_correlated,10,scheduled_gain,2160,0.0010249119160370412,2539600,0.016771399998106062,36
balanced_correlated,10,scheduled_gain,2280,0.0007903420823400786,2680664,0.01769030001014471,38
balanced_correlated,10,scheduled_gain,2400,0.0005579524945718006,2821728,0.018614200002048165,40
balanced_correlated,10,triggered_gain,0,6.569771966741186,448,2.400018274784088e-06,0
balanced_correlated,10,triggered_gain,120,0.682222900445228,122264,0.0009400999988429248,1
balanced_correlated,10,triggered_gain,240,0.49926798793515603,224832,0.0018646999960765243,1
balanced_correlated,10,triggered_gain,360,0.292212189686909,346648,0.0027848000172525644,2
balanced_correlated,10,triggered_gain,480,0.21570188777421162,449216,0.0036957000265829265,2
balanced_correlated,10,triggered_gain,600,0.15314081660570622,571032,0.004610200005117804,3
balanced_correlated,10,triggered_gain,720,0.1437291849223068,673600,0.0055145000224001706,3
balanced_correlated,10,triggered_gain,840,0.11627152072939628,795416,0.0064350999891757965,4
balanced_correlated,10,triggered_gain,960,0.1105413530444328,897984,0.007339800009503961,4
balanced_correlated,10,triggered_gain,1080,0.09424734764268505,1019800,0.008254499989561737,5
balanced_correlated,10,triggered_gain,1200,0.08777723177140029,1122368,0.009164199989754707,5
balanced_correlated,10,triggered_gain,1320,0.07295404183586607,1244184,0.01007930003106594,6
balanced_correlated,10,triggered_gain,1440,0.07107752232115416,1346752,0.010979400016367435,6
balanced_correlated,10,triggered_gain,1560,0.06148806364641013,1468568,0.011893399991095066,7
balanced_correlated,10,triggered_gain,1680,0.056196522466784415,1571136,0.012802699988242239,7
balanced_correlated,10,triggered_gain,1800,0.05532043561871536,1673704,0.013712799991481006,7
balanced_correlated,10,triggered_gain,1920,0.046441529558499894,1795520,0.014624500006902963,8
balanced_correlated,10,triggered_gain,2040,0.04550858475452779,1898088,0.015533500001765788,8
balanced_correlated,10,triggered_gain,2160,0.038450855853422894,2019904,0.01802369998767972,9
balanced_correlated,10,triggered_gain,2280,0.03744720111380628,2122472,0.02038380003068596,9
balanced_correlated,10,triggered_gain,2400,0.03174849862052653,2244288,0.02287149999756366,10
balanced_correlated,11,uniform,0,12.83120374198054,448,6.399990525096655e-06,0
balanced_correlated,11,uniform,120,1.9478184344781746,103016,0.0017491999897174537,0
balanced_correlated,11,uniform,240,0.6909890787101278,205584,0.0030307999695651233,0
balanced_correlated,11,uniform,360,0.3072083334658453,308152,0.004079799982719123,0
balanced_correlated,11,uniform,480,0.1003748824220434,410720,0.005021799996029586,0
balanced_correlated,11,uniform,600,0.050261139490168194,513288,0.005941599956713617,0
balanced_correlated,11,uniform,720,0.022744622302741657,615856,0.006900099979247898,0
balanced_correlated,11,uniform,840,0.009144082999127168,718424,0.007817199977580458,0
balanced_correlated,11,uniform,960,0.004580062546299057,820992,0.009941799973603338,0
balanced_correlated,11,uniform,1080,0.0022661492936557615,923560,0.012376500002574176,0
balanced_correlated,11,uniform,1200,0.0013656464504925303,1026128,0.014714499993715435,0
balanced_correlated,11,uniform,1320,0.0006951053934520779,1128696,0.016728199960198253,0
balanced_correlated,11,uniform,1440,0.00041656817640456367,1231264,0.018212799972388893,0
balanced_correlated,11,uniform,1560,0.00022722166292510337,1333832,0.019378600001800805,0
balanced_correlated,11,uniform,1680,0.00012963427043510833,1436400,0.02038259996334091,0
balanced_correlated,11,uniform,1800,6.412544289124966e-05,1538968,0.021310299984179437,0
balanced_correlated,11,uniform,1920,3.5166996521063254e-05,1641536,0.02223750000121072,0
balanced_correlated,11,uniform,2040,1.945087527888134e-05,1744104,0.023162999947089702,0
balanced_correlated,11,uniform,2160,1.1591836366786623e-05,1846672,0.024086099991109222,0
balanced_correlated,11,uniform,2280,7.836102617453378e-06,1949240,0.025014299957547337,0
balanced_correlated,11,uniform,2400,4.0622848103133435e-06,2051808,0.025933399971108884,0
balanced_correlated,11,lipschitz,0,12.83120374198054,448,3.1999661587178707e-06,0
balanced_correlated,11,lipschitz,120,1.9757863490777168,103016,0.0009731999598443508,0
balanced_correlated,11,lipschitz,240,0.6944585688799481,205584,0.0018927999772131443,0
balanced_correlated,11,lipschitz,360,0.31580764572261755,308152,0.0028036999865435064,0
balanced_correlated,11,lipschitz,480,0.1204582272255399,410720,0.003710599965415895,0
balanced_correlated,11,lipschitz,600,0.05816004200092628,513288,0.0046224999823607504,0
balanced_correlated,11,lipschitz,720,0.021512629753461354,615856,0.005530099966563284,0
balanced_correlated,11,lipschitz,840,0.009547338490364154,718424,0.006439899967517704,0
balanced_correlated,11,lipschitz,960,0.004369435394333987,820992,0.0073509999783709645,0
balanced_correlated,11,lipschitz,1080,0.0016203107439798359,923560,0.0083147999830544,0
balanced_correlated,11,lipschitz,1200,0.0009392985433605006,1026128,0.009222499968018383,0
balanced_correlated,11,lipschitz,1320,0.00045169046071746877,1128696,0.010175100003834814,0
balanced_correlated,11,lipschitz,1440,0.0002774621527557031,1231264,0.011093500012066215,0
balanced_correlated,11,lipschitz,1560,0.00014949333742464432,1333832,0.012005599972326308,0
balanced_correlated,11,lipschitz,1680,8.47297801347402e-05,1436400,0.012918299995362759,0
balanced_correlated,11,lipschitz,1800,4.575175082477401e-05,1538968,0.013832599972374737,0
balanced_correlated,11,lipschitz,1920,1.990423905784411e-05,1641536,0.0147432999801822,0
balanced_correlated,11,lipschitz,2040,1.0585459418344101e-05,1744104,0.0156559000024572,0
balanced_correlated,11,lipschitz,2160,6.332188620561396e-06,1846672,0.016567599959671497,0
balanced_correlated,11,lipschitz,2280,3.1325314573393825e-06,1949240,0.01748460001545027,0
balanced_correlated,11,lipschitz,2400,1.5528975425560532e-06,2051808,0.018388899974524975,0
balanced_correlated,11,scheduled_gain,0,12.83120374198054,448,2.5999615900218487e-06,0
balanced_correlated,11,scheduled_gain,120,1.5697783897179223,141512,0.0009544999920763075,2
balanced_correlated,11,scheduled_gain,240,0.8405298752302679,282576,0.0018770999740809202,4
balanced_correlated,11,scheduled_gain,360,0.4751096701276829,423640,0.002808599965646863,6
balanced_correlated,11,scheduled_gain,480,0.2796690496249936,564704,0.003735999984201044,8
balanced_correlated,11,scheduled_gain,600,0.18028301585338413,705768,0.004662699997425079,10
balanced_correlated,11,scheduled_gain,720,0.12648962176380207,846832,0.005583999969530851,12
balanced_correlated,11,scheduled_gain,840,0.08977189211285319,987896,0.006506300007458776,14
balanced_correlated,11,scheduled_gain,960,0.058966981102588356,1128960,0.007429299992509186,16
balanced_correlated,11,scheduled_gain,1080,0.04130132084129068,1270024,0.008353599987458438,18
balanced_correlated,11,scheduled_gain,1200,0.02506347086385441,1411088,0.009268999972846359,20
balanced_correlated,11,scheduled_gain,1320,0.01817107964030651,1552152,0.01018899999326095,22
balanced_correlated,11,scheduled_gain,1440,0.01367266906267739,1693216,0.011109599960036576,24
balanced_correlated,11,scheduled_gain,1560,0.010118991366017127,1834280,0.012087699957191944,26
balanced_correlated,11,scheduled_gain,1680,0.006602397932310655,1975344,0.013006599969230592,28
balanced_correlated,11,scheduled_gain,1800,0.004730558296087484,2116408,0.013921599951572716,30
balanced_correlated,11,scheduled_gain,1920,0.003307352494742233,2257472,0.0148736999835819,32
balanced_correlated,11,scheduled_gain,2040,0.002436898121321196,2398536,0.01581609999993816,34
balanced_correlated,11,scheduled_gain,2160,0.0017122958475863648,2539600,0.016755999997258186,36
balanced_correlated,11,scheduled_gain,2280,0.001287906036489428,2680664,0.017681199999060482,38
balanced_correlated,11,scheduled_gain,2400,0.0010118927679592105,2821728,0.018601899966597557,40
balanced_correlated,11,triggered_gain,0,12.83120374198054,448,2.5999615900218487e-06,0
balanced_correlated,11,triggered_gain,120,1.8165987761150046,122264,0.0009677999769337475,1
balanced_correlated,11,triggered_gain,240,1.1391880462116664,224832,0.0018766999710351229,1
balanced_correlated,11,triggered_gain,360,0.7577880174922256,346648,0.002826099982485175,2
balanced_correlated,11,triggered_gain,480,0.6566428153078339,449216,0.0037471999530680478,2
balanced_correlated,11,triggered_gain,600,0.46667010231999617,571032,0.004696199961472303,3
balanced_correlated,11,triggered_gain,720,0.45180320557866205,673600,0.005615499976556748,3
balanced_correlated,11,triggered_gain,840,0.31252159876454266,795416,0.0065379999577999115,4
balanced_correlated,11,triggered_gain,960,0.2887068325193334,897984,0.007450099976267666,4
balanced_correlated,11,triggered_gain,1080,0.199759509043699,1019800,0.008382299973163754,5
balanced_correlated,11,triggered_gain,1200,0.18891618817060074,1122368,0.009285699983593076,5
balanced_correlated,11,triggered_gain,1320,0.12729245723260796,1244184,0.010202799981925637,6
balanced_correlated,11,triggered_gain,1440,0.09981347602043256,1346752,0.0111075000022538,6
balanced_correlated,11,triggered_gain,1560,0.07766301731138103,1468568,0.012026999960653484,7
balanced_correlated,11,triggered_gain,1680,0.06505587575557614,1571136,0.012935200007632375,7
balanced_correlated,11,triggered_gain,1800,0.05926863889570022,1673704,0.013843399996403605,7
balanced_correlated,11,triggered_gain,1920,0.04502848114249991,1795520,0.014781299978494644,8
balanced_correlated,11,triggered_gain,2040,0.038171206932766655,1898088,0.015696999966166914,8
balanced_correlated,11,triggered_gain,2160,0.027954132915072094,2019904,0.0166235999786295,9
balanced_correlated,11,triggered_gain,2280,0.02701719545535175,2122472,0.01754649996291846,9
balanced_correlated,11,triggered_gain,2400,0.021660729288291325,2244288,0.018462999956682324,10
scaled_correlated,0,uniform,0,22.373464483790215,448,2.8999638743698597e-06,0
scaled_correlated,0,uniform,120,3.1053362303800296,103016,0.0009325999999418855,0
scaled_correlated,0,uniform,240,1.4693483019165896,205584,0.0018427000031806529,0
scaled_correlated,0,uniform,360,0.7600864553241142,308152,0.002755099965725094,0
scaled_correlated,0,uniform,480,0.42876523746886575,410720,0.0036731999716721475,0
scaled_correlated,0,uniform,600,0.18894523371389704,513288,0.004588800016790628,0
scaled_correlated,0,uniform,720,0.10445106014771,615856,0.005500799976289272,0
scaled_correlated,0,uniform,840,0.04871466790951029,718424,0.006421099998988211,0
scaled_correlated,0,uniform,960,0.020694700461353133,820992,0.007330199994612485,0
scaled_correlated,0,uniform,1080,0.013414793232050748,923560,0.008238299982622266,0
scaled_correlated,0,uniform,1200,0.008019108299922806,1026128,0.009151400008704513,0
scaled_correlated,0,uniform,1320,0.005550593050410502,1128696,0.010063999972771853,0
scaled_correlated,0,uniform,1440,0.0027391090677602037,1231264,0.010982099978718907,0
scaled_correlated,0,uniform,1560,0.0016202526282285135,1333832,0.011929499974939972,0
scaled_correlated,0,uniform,1680,0.00073666246982107,1436400,0.012839199975132942,0
scaled_correlated,0,uniform,1800,0.0004402581180960041,1538968,0.013779099972452968,0
scaled_correlated,0,uniform,1920,0.00022763601200992412,1641536,0.01470930001232773,0
scaled_correlated,0,uniform,2040,0.00012836891575052078,1744104,0.015621499973349273,0
scaled_correlated,0,uniform,2160,8.542578924863875e-05,1846672,0.016535600007046014,0
scaled_correlated,0,uniform,2280,5.14146863035414e-05,1949240,0.017450599989388138,0
scaled_correlated,0,uniform,2400,2.3912398224190667e-05,2051808,0.018377100001089275,0
scaled_correlated,0,lipschitz,0,22.373464483790215,448,2.800021320581436e-06,0
scaled_correlated,0,lipschitz,120,2.4055156392137005,103016,0.0009424000163562596,0
scaled_correlated,0,lipschitz,240,1.4014691849149434,205584,0.001874400011729449,0
scaled_correlated,0,lipschitz,360,0.8365728704396753,308152,0.0029540000250563025,0
scaled_correlated,0,lipschitz,480,0.5818234777765534,410720,0.0038636000244878232,0
scaled_correlated,0,lipschitz,600,0.4295910088845356,513288,0.004785900004208088,0
scaled_correlated,0,lipschitz,720,0.2871204650965131,615856,0.005725099996197969,0
scaled_correlated,0,lipschitz,840,0.17644178498107044,718424,0.0066420999937690794,0
scaled_correlated,0,lipschitz,960,0.1468527486559883,820992,0.0075523999985307455,0
scaled_correlated,0,lipschitz,1080,0.09900664380465951,923560,0.008459200034849346,0
scaled_correlated,0,lipschitz,1200,0.06428624180677689,1026128,0.009365400008391589,0
scaled_correlated,0,lipschitz,1320,0.051811199015519005,1128696,0.010269500024151057,0
scaled_correlated,0,lipschitz,1440,0.041103525930620055,1231264,0.011174000042956322,0
scaled_correlated,0,lipschitz,1560,0.031386955610757106,1333832,0.012082400033250451,0
scaled_correlated,0,lipschitz,1680,0.0247653713650986,1436400,0.01298630004748702,0
scaled_correlated,0,lipschitz,1800,0.02393728451662014,1538968,0.013896599994041026,0
scaled_correlated,0,lipschitz,1920,0.020029470915437386,1641536,0.014800400007516146,0
scaled_correlated,0,lipschitz,2040,0.017529859200722697,1744104,0.01570799999171868,0
scaled_correlated,0,lipschitz,2160,0.01653314815225082,1846672,0.016611200000625104,0
scaled_correlated,0,lipschitz,2280,0.013026480051340439,1949240,0.01752140000462532,0
scaled_correlated,0,lipschitz,2400,0.010672919308198026,2051808,0.018431900010909885,0
scaled_correlated,0,scheduled_gain,0,22.373464483790215,448,2.700020559132099e-06,0
scaled_correlated,0,scheduled_gain,120,3.2682045578685677,141512,0.0009637000039219856,2
scaled_correlated,0,scheduled_gain,240,1.949350715008721,282576,0.0018850999767892063,4
scaled_correlated,0,scheduled_gain,360,1.3080321856209745,423640,0.002813099999912083,6
scaled_correlated,0,scheduled_gain,480,0.6529788758297603,564704,0.0037376999971456826,8
scaled_correlated,0,scheduled_gain,600,0.3692120670095158,705768,0.004704900027718395,10
scaled_correlated,0,scheduled_gain,720,0.24310728650514513,846832,0.005630899977404624,12
scaled_correlated,0,scheduled_gain,840,0.15667831393852572,987896,0.006583200010936707,14
scaled_correlated,0,scheduled_gain,960,0.10494357157732415,1128960,0.007520199986174703,16
scaled_correlated,0,scheduled_gain,1080,0.07307272758374195,1270024,0.008468699990771711,18
scaled_correlated,0,scheduled_gain,1200,0.05376852334575277,1411088,0.009401299990713596,20
scaled_correlated,0,scheduled_gain,1320,0.039703544764068344,1552152,0.01033730001654476,22
scaled_correlated,0,scheduled_gain,1440,0.030268700354198153,1693216,0.01126599998679012,24
scaled_correlated,0,scheduled_gain,1560,0.022037129301426983,1834280,0.01219949999358505,26
scaled_correlated,0,scheduled_gain,1680,0.017106710214318976,1975344,0.013126300007570535,28
scaled_correlated,0,scheduled_gain,1800,0.010979466995068243,2116408,0.014061000023502856,30
scaled_correlated,0,scheduled_gain,1920,0.008292002517752639,2257472,0.01498660002835095,32
scaled_correlated,0,scheduled_gain,2040,0.0059098395700649675,2398536,0.01656720001483336,34
scaled_correlated,0,scheduled_gain,2160,0.004136230230775695,2539600,0.019064499996602535,36
scaled_correlated,0,scheduled_gain,2280,0.002806234433708088,2680664,0.021434099995531142,38
scaled_correlated,0,scheduled_gain,2400,0.002217061007105503,2821728,0.023541699978522956,40
scaled_correlated,0,triggered_gain,0,22.373464483790215,448,5.200039595365524e-06,0
scaled_correlated,0,triggered_gain,120,2.9808710615586933,122264,0.0014835000038146973,1
scaled_correlated,0,triggered_gain,240,1.5171275621345863,224832,0.0026402000221423805,1
scaled_correlated,0,triggered_gain,360,0.7903243479327151,346648,0.0036369000445120037,2
scaled_correlated,0,triggered_gain,480,0.6486018685293762,468464,0.0045550999930128455,3
scaled_correlated,0,triggered_gain,600,0.5134411218306791,590280,0.005477700033225119,4
scaled_correlated,0,triggered_gain,720,0.48065722406800404,692848,0.0063946000300347805,4
scaled_correlated,0,triggered_gain,840,0.3313594887783964,814664,0.008833000028971583,5
scaled_correlated,0,triggered_gain,960,0.28900705383183345,917232,0.01121870003407821,5
scaled_correlated,0,triggered_gain,1080,0.22412104179970216,1039048,0.013545299996621907,6
scaled_correlated,0,triggered_gain,1200,0.2118675507485417,1141616,0.015495900006499141,6
scaled_correlated,0,triggered_gain,1320,0.15956884403102656,1263432,0.016946799994912,7
scaled_correlated,0,triggered_gain,1440,0.14371861195488744,1366000,0.018073200015351176,7
scaled_correlated,0,triggered_gain,1560,0.11925075593591394,1487816,0.01901200000429526,8
scaled_correlated,0,triggered_gain,1680,0.1126623801828126,1590384,0.019922700012102723,8
scaled_correlated,0,triggered_gain,1800,0.09142120420923083,1712200,0.020841500023379922,9
scaled_correlated,0,triggered_gain,1920,0.08217542425710578,1814768,0.0217498000129126,9
scaled_correlated,0,triggered_gain,2040,0.06997413043034095,1936584,0.02267430000938475,10
scaled_correlated,0,triggered_gain,2160,0.06659900557125464,2039152,0.023587400035467,10
scaled_correlated,0,triggered_gain,2280,0.05549348209251059,2160968,0.02451170003041625,11
scaled_correlated,0,triggered_gain,2400,0.05046007612284953,2263536,0.02542150003137067,11
scaled_correlated,1,uniform,0,67.99567336770971,448,2.800021320581436e-06,0
scaled_correlated,1,uniform,120,5.189804696546261,103016,0.0009389000479131937,0
scaled_correlated,1,uniform,240,2.629425413883486,205584,0.0018440000130794942,0
scaled_correlated,1,uniform,360,1.6468340373369008,308152,0.0027550000231713057,0
scaled_correlated,1,uniform,480,1.0536137175262694,410720,0.003664500021841377,0
scaled_correlated,1,uniform,600,0.5701154683627983,513288,0.004576600040309131,0
scaled_correlated,1,uniform,720,0.3673127369529836,615856,0.005482600012328476,0
scaled_correlated,1,uniform,840,0.21973538704626705,718424,0.006390399998053908,0
scaled_correlated,1,uniform,960,0.10476310829681701,820992,0.007290800043847412,0
scaled_correlated,1,uniform,1080,0.07211532794616282,923560,0.008195200003683567,0
scaled_correlated,1,uniform,1200,0.038770010183159176,1026128,0.009098800015635788,0
scaled_correlated,1,uniform,1320,0.025437882136765566,1128696,0.010004400042816997,0
scaled_correlated,1,uniform,1440,0.016179499884350523,1231264,0.010908600001130253,0
scaled_correlated,1,uniform,1560,0.009004626311036379,1333832,0.011810399999376386,0
scaled_correlated,1,uniform,1680,0.005077793909963546,1436400,0.012717800040263683,0
scaled_correlated,1,uniform,1800,0.0034468139914798357,1538968,0.0136280000442639,0
scaled_correlated,1,uniform,1920,0.0023258695823162867,1641536,0.014530000044032931,0
scaled_correlated,1,uniform,2040,0.0015073065515016637,1744104,0.01551550003932789,0
scaled_correlated,1,uniform,2160,0.000840524846573043,1846672,0.016431900032330304,0
scaled_correlated,1,uniform,2280,0.0004216559963183819,1949240,0.01733480003895238,0
scaled_correlated,1,uniform,2400,0.00028156032464021763,2051808,0.018254100054036826,0
scaled_correlated,1,lipschitz,0,67.99567336770971,448,2.5999615900218487e-06,0
scaled_correlated,1,lipschitz,120,3.4284871674228867,103016,0.0009192999568767846,0
scaled_correlated,1,lipschitz,240,2.0177571789321576,205584,0.0018259999924339354,0
scaled_correlated,1,lipschitz,360,0.9870215657276096,308152,0.0027250999701209366,0
scaled_correlated,1,lipschitz,480,0.5591677786637956,410720,0.0036323999520391226,0
scaled_correlated,1,lipschitz,600,0.43349341892894966,513288,0.004531199985649437,0
scaled_correlated,1,lipschitz,720,0.2963770832255639,615856,0.005436599953100085,0
scaled_correlated,1,lipschitz,840,0.1932308482670666,718424,0.006336199992801994,0
scaled_correlated,1,lipschitz,960,0.1477753770220227,820992,0.007233799959067255,0
scaled_correlated,1,lipschitz,1080,0.09057715540045042,923560,0.008132099988870323,0
scaled_correlated,1,lipschitz,1200,0.07407426745895762,1026128,0.009033099981024861,0
scaled_correlated,1,lipschitz,1320,0.060402506577286186,1128696,0.00993259996175766,0
scaled_correlated,1,lipschitz,1440,0.052905087394561345,1231264,0.010837599984370172,0
scaled_correlated,1,lipschitz,1560,0.04693511100917824,1333832,0.011739999987185001,0
scaled_correlated,1,lipschitz,1680,0.0357596905551647,1436400,0.01264689996605739,0
scaled_correlated,1,lipschitz,1800,0.034018830924864574,1538968,0.01354919996811077,0
scaled_correlated,1,lipschitz,1920,0.03137019120661,1641536,0.014454699994530529,0
scaled_correlated,1,lipschitz,2040,0.02685953813179287,1744104,0.015352599963080138,0
scaled_correlated,1,lipschitz,2160,0.02522294051910734,1846672,0.016249599982984364,0
scaled_correlated,1,lipschitz,2280,0.02030279231832388,1949240,0.01715109997894615,0
scaled_correlated,1,lipschitz,2400,0.019442750760984673,2051808,0.01805039995815605,0
scaled_correlated,1,scheduled_gain,0,67.99567336770971,448,2.500019036233425e-06,0
scaled_correlated,1,scheduled_gain,120,4.064237355449426,141512,0.0009490000084042549,2
scaled_correlated,1,scheduled_gain,240,2.0272216092215185,282576,0.001880900003015995,4
scaled_correlated,1,scheduled_gain,360,1.295621651240955,423640,0.0028247000300325453,6
scaled_correlated,1,scheduled_gain,480,0.8451034485686293,564704,0.0037452999968081713,8
scaled_correlated,1,scheduled_gain,600,0.4745902089618679,705768,0.004665000014938414,10
scaled_correlated,1,scheduled_gain,720,0.2672005972806799,846832,0.005586599989328533,12
scaled_correlated,1,scheduled_gain,840,0.1537032164408294,987896,0.006509800034109503,14
scaled_correlated,1,scheduled_gain,960,0.08765651650935746,1128960,0.007427700038533658,16
scaled_correlated,1,scheduled_gain,1080,0.05525151102467918,1270024,0.009194100042805076,18
scaled_correlated,1,scheduled_gain,1200,0.03429099158637117,1411088,0.011665500001981854,20
scaled_correlated,1,scheduled_gain,1320,0.022996858094218364,1552152,0.013974900008179247,22
scaled_correlated,1,scheduled_gain,1440,0.01433795897130885,1693216,0.015786100004334003,24
scaled_correlated,1,scheduled_gain,1560,0.01040139634104964,1834280,0.01716139999916777,26
scaled_correlated,1,scheduled_gain,1680,0.007844536326033325,1975344,0.0182504000258632,28
scaled_correlated,1,scheduled_gain,1800,0.0050070233745573844,2116408,0.019205300020985305,30
scaled_correlated,1,scheduled_gain,1920,0.0030989905258032024,2257472,0.020132900041062385,32
scaled_correlated,1,scheduled_gain,2040,0.002256931280022023,2398536,0.02106120000826195,34
scaled_correlated,1,scheduled_gain,2160,0.0015752152224082216,2539600,0.02198720001615584,36
scaled_correlated,1,scheduled_gain,2280,0.0010733357186301085,2680664,0.02290839998750016,38
scaled_correlated,1,scheduled_gain,2400,0.0008089391984840155,2821728,0.023826399992685765,40
scaled_correlated,1,triggered_gain,0,67.99567336770971,448,2.6999623514711857e-06,0
scaled_correlated,1,triggered_gain,120,4.452546457684312,122264,0.0009439999703317881,1
scaled_correlated,1,triggered_gain,240,2.0327095213450503,224832,0.0018573999986983836,1
scaled_correlated,1,triggered_gain,360,1.3603795207760019,346648,0.0027799999807029963,2
scaled_correlated,1,triggered_gain,480,1.0628023559900668,468464,0.003698199987411499,3
scaled_correlated,1,triggered_gain,600,0.8888597816791894,590280,0.004620399966370314,4
scaled_correlated,1,triggered_gain,720,0.8552254022552317,692848,0.005528299952857196,4
scaled_correlated,1,triggered_gain,840,0.5901148567580519,814664,0.006440199969802052,5
scaled_correlated,1,triggered_gain,960,0.5387076142956104,917232,0.007341699965763837,5
scaled_correlated,1,triggered_gain,1080,0.1257204444517157,1039048,0.008260099973995239,6
scaled_correlated,1,triggered_gain,1200,0.09627292870774173,1141616,0.009167799958959222,6
scaled_correlated,1,triggered_gain,1320,0.06687882853990468,1263432,0.01008659997023642,7
scaled_correlated,1,triggered_gain,1440,0.06556205438346652,1366000,0.010992299998179078,7
scaled_correlated,1,triggered_gain,1560,0.053017702650158594,1487816,0.011912599962670356,8
scaled_correlated,1,triggered_gain,1680,0.04554355078289074,1590384,0.012822499964386225,8
scaled_correlated,1,triggered_gain,1800,0.040758052206532724,1692952,0.013732399966102093,8
scaled_correlated,1,triggered_gain,1920,0.04006347129326526,1795520,0.01467830000910908,8
scaled_correlated,1,triggered_gain,2040,0.028977011529462082,1917336,0.01562649995321408,9
scaled_correlated,1,triggered_gain,2160,0.028162446425621823,2019904,0.01654809998581186,9
scaled_correlated,1,triggered_gain,2280,0.023660932339452767,2141720,0.017500099958851933,10
scaled_correlated,1,triggered_gain,2400,0.023081517589231382,2244288,0.01842219999525696,10
scaled_correlated,2,uniform,0,45.04757741000829,448,2.8999638743698597e-06,0
scaled_correlated,2,uniform,120,8.804851481030145,103016,0.0009458999847993255,0
scaled_correlated,2,uniform,240,4.206250000186269,205584,0.0018653000006452203,0
scaled_correlated,2,uniform,360,2.158362690209362,308152,0.002788499987218529,0
scaled_correlated,2,uniform,480,1.0091489724451912,410720,0.0037026999634690583,0
scaled_correlated,2,uniform,600,0.6038848057149213,513288,0.004619799961801618,0
scaled_correlated,2,uniform,720,0.2988389903038011,615856,0.005533299990929663,0
scaled_correlated,2,uniform,840,0.1617360567247177,718424,0.0064489999786019325,0
scaled_correlated,2,uniform,960,0.10118630973622222,820992,0.00735609995899722,0
scaled_correlated,2,uniform,1080,0.06586379169190604,923560,0.008269499987363815,0
scaled_correlated,2,uniform,1200,0.036773564420995886,1026128,0.009183999965898693,0
scaled_correlated,2,uniform,1320,0.020360952540870336,1128696,0.010098800004925579,0
scaled_correlated,2,uniform,1440,0.01157755802894167,1231264,0.011011499969754368,0
scaled_correlated,2,uniform,1560,0.007645045377469906,1333832,0.011925700004212558,0
scaled_correlated,2,uniform,1680,0.004364346214454251,1436400,0.014307299978099763,0
scaled_correlated,2,uniform,1800,0.002433694579587531,1538968,0.01663379999808967,0
scaled_correlated,2,uniform,1920,0.0016553554032086026,1641536,0.018348699959460646,0
scaled_correlated,2,uniform,2040,0.0010160211692218368,1744104,0.019670399953611195,0
scaled_correlated,2,uniform,2160,0.0006099509075063736,1846672,0.02075579995289445,0
scaled_correlated,2,uniform,2280,0.00041718648141930714,1949240,0.021697499963920563,0
scaled_correlated,2,uniform,2400,0.00025766042475350304,2051808,0.022605300007853657,0
scaled_correlated,2,lipschitz,0,45.04757741000829,448,2.900022082030773e-06,0
scaled_correlated,2,lipschitz,120,4.540686191884923,103016,0.0009255000040866435,0
scaled_correlated,2,lipschitz,240,1.762291604300657,205584,0.0018302000244148076,0
scaled_correlated,2,lipschitz,360,1.1083537522775315,308152,0.0027783000259660184,0
scaled_correlated,2,lipschitz,480,0.8473372585827859,410720,0.0036758999922312796,0
scaled_correlated,2,lipschitz,600,0.4491071524035952,513288,0.004607899987604469,0
scaled_correlated,2,lipschitz,720,0.31724270902025875,615856,0.005517199984751642,0
scaled_correlated,2,lipschitz,840,0.28234313802369204,718424,0.007826599990949035,0
scaled_correlated,2,lipschitz,960,0.24995390775498283,820992,0.010262300027534366,0
scaled_correlated,2,lipschitz,1080,0.1819666870284662,923560,0.012537800008431077,0
scaled_correlated,2,lipschitz,1200,0.1667870549837991,1026128,0.014332499995362014,0
scaled_correlated,2,lipschitz,1320,0.14968176909344955,1128696,0.015630399982910603,0
scaled_correlated,2,lipschitz,1440,0.14755255647669685,1231264,0.01671380002517253,0
scaled_correlated,2,lipschitz,1560,0.14469399822077733,1333832,0.017624699976295233,0
scaled_correlated,2,lipschitz,1680,0.09943155990425323,1436400,0.018546000006608665,0
scaled_correlated,2,lipschitz,1800,0.08691250961080499,1538968,0.019457700022030622,0
scaled_correlated,2,lipschitz,1920,0.08494958055104274,1641536,0.020393799990415573,0
scaled_correlated,2,lipschitz,2040,0.08184134941448384,1744104,0.02130409999517724,0
scaled_correlated,2,lipschitz,2160,0.05858064025494869,1846672,0.022663199983071536,0
scaled_correlated,2,lipschitz,2280,0.041781564688617934,1949240,0.02374109998345375,0
scaled_correlated,2,lipschitz,2400,0.04106697986075192,2051808,0.024684500007424504,0
scaled_correlated,2,scheduled_gain,0,45.04757741000829,448,2.900022082030773e-06,0
scaled_correlated,2,scheduled_gain,120,4.1093187092201,141512,0.0009788000024855137,2
scaled_correlated,2,scheduled_gain,240,1.7677633314303578,282576,0.0019213000196032226,4
scaled_correlated,2,scheduled_gain,360,0.8113066206873047,423640,0.002856500039342791,6
scaled_correlated,2,scheduled_gain,480,0.46195051627828976,564704,0.0037847000057809055,8
scaled_correlated,2,scheduled_gain,600,0.29342988477451426,705768,0.004712400026619434,10
scaled_correlated,2,scheduled_gain,720,0.18046366302115135,846832,0.005635200010146946,12
scaled_correlated,2,scheduled_gain,840,0.10966022174085088,987896,0.006556000036653131,14
scaled_correlated,2,scheduled_gain,960,0.06532179140160732,1128960,0.007518800033722073,16
scaled_correlated,2,scheduled_gain,1080,0.046157588117378356,1270024,0.008447500003967434,18
scaled_correlated,2,scheduled_gain,1200,0.03254890609331573,1411088,0.009398200025316328,20
scaled_correlated,2,scheduled_gain,1320,0.023665173439354703,1552152,0.010345400020014495,22
scaled_correlated,2,scheduled_gain,1440,0.016542886345245922,1693216,0.011278900026809424,24
scaled_correlated,2,scheduled_gain,1560,0.010973685599907412,1834280,0.012204600032418966,26
scaled_correlated,2,scheduled_gain,1680,0.007960128131435429,1975344,0.013126200006809086,28
scaled_correlated,2,scheduled_gain,1800,0.006363457005077677,2116408,0.014048100041691214,30
scaled_correlated,2,scheduled_gain,1920,0.004678922561075716,2257472,0.014975199999753386,32
scaled_correlated,2,scheduled_gain,2040,0.003491114113705507,2398536,0.015906999993603677,34
scaled_correlated,2,scheduled_gain,2160,0.0026202432331650094,2539600,0.016836700029671192,36
scaled_correlated,2,scheduled_gain,2280,0.0017578808836211657,2680664,0.017768200021237135,38
scaled_correlated,2,scheduled_gain,2400,0.0013481273733004784,2821728,0.018700200016610324,40
scaled_correlated,2,triggered_gain,0,45.04757741000829,448,2.700020559132099e-06,0
scaled_correlated,2,triggered_gain,120,4.383721137634956,122264,0.0009539999882690609,1
scaled_correlated,2,triggered_gain,240,2.5505512131540486,224832,0.0018820000113919377,1
scaled_correlated,2,triggered_gain,360,1.0324242178260494,346648,0.0028181999805383384,2
scaled_correlated,2,triggered_gain,480,0.9155120093602296,449216,0.003737499995622784,2
scaled_correlated,2,triggered_gain,600,0.7192677193047738,571032,0.004665900021791458,3
scaled_correlated,2,triggered_gain,720,0.6743585663799267,673600,0.005578599986620247,3
scaled_correlated,2,triggered_gain,840,0.45438103297397836,795416,0.006515200017020106,4
scaled_correlated,2,triggered_gain,960,0.414249321867028,897984,0.007435699983034283,4
scaled_correlated,2,triggered_gain,1080,0.320572133913128,1019800,0.008364100009202957,5
scaled_correlated,2,triggered_gain,1200,0.31165263305549695,1122368,0.009288400004152209,5
scaled_correlated,2,triggered_gain,1320,0.21429180917623558,1244184,0.01021849998505786,6
scaled_correlated,2,triggered_gain,1440,0.20661185748148014,1346752,0.01114159997086972,6
scaled_correlated,2,triggered_gain,1560,0.16496021677236739,1468568,0.012070900003891438,7
scaled_correlated,2,triggered_gain,1680,0.1442616975614941,1571136,0.012995600001886487,7
scaled_correlated,2,triggered_gain,1800,0.07465689234262252,1692952,0.01392559998203069,8
scaled_correlated,2,triggered_gain,1920,0.06063456804131917,1795520,0.014848100021481514,8
scaled_correlated,2,triggered_gain,2040,0.04264194113173492,1917336,0.015774299972690642,9
scaled_correlated,2,triggered_gain,2160,0.03944579158951411,2019904,0.01669030002085492,9
scaled_correlated,2,triggered_gain,2280,0.030524589897757526,2141720,0.017608299967832863,10
scaled_correlated,2,triggered_gain,2400,0.024284935525725526,2244288,0.018558199983090162,10
scaled_correlated,3,uniform,0,119.345541391195,448,2.800021320581436e-06,0
scaled_correlated,3,uniform,120,10.319132582614117,103016,0.000939000048674643,0
scaled_correlated,3,uniform,240,2.878843080090075,205584,0.001888300001155585,0
scaled_correlated,3,uniform,360,1.3862938073292566,308152,0.00279740005498752,0
scaled_correlated,3,uniform,480,0.7477447172874463,410720,0.00372040004003793,0
scaled_correlated,3,uniform,600,0.4546724014326635,513288,0.00462710001738742,0
scaled_correlated,3,uniform,720,0.1849195541033728,615856,0.0055340000544674695,0
scaled_correlated,3,uniform,840,0.11756917025119451,718424,0.006438200012780726,0
scaled_correlated,3,uniform,960,0.05258615210266848,820992,0.007426100026350468,0
scaled_correlated,3,uniform,1080,0.029816456996189622,923560,0.008348600007593632,0
scaled_correlated,3,uniform,1200,0.014012246018355157,1026128,0.009272499999497086,0
scaled_correlated,3,uniform,1320,0.008701735303236369,1128696,0.010180700046475977,0
scaled_correlated,3,uniform,1440,0.004086085806437101,1231264,0.01108980004210025,0
scaled_correlated,3,uniform,1560,0.0022801299532742014,1333832,0.011993899999652058,0
scaled_correlated,3,uniform,1680,0.0014194759231322962,1436400,0.012902300048153847,0
scaled_correlated,3,uniform,1800,0.0006721163520584383,1538968,0.013808000017888844,0
scaled_correlated,3,uniform,1920,0.00033327269346727917,1641536,0.01471230003517121,0
scaled_correlated,3,uniform,2040,0.00018177339990410601,1744104,0.01561470003798604,0
scaled_correlated,3,uniform,2160,0.00010698453680912934,1846672,0.016522500023711473,0
scaled_correlated,3,uniform,2280,6.555563071009018e-05,1949240,0.017423200013581663,0
scaled_correlated,3,uniform,2400,3.8918542648147536e-05,2051808,0.018325400014873594,0
scaled_correlated,3,lipschitz,0,119.345541391195,448,2.800021320581436e-06,0
scaled_correlated,3,lipschitz,120,3.0754383453183163,103016,0.0009438000270165503,0
scaled_correlated,3,lipschitz,240,1.3275789434322736,205584,0.0018434000085107982,0
scaled_correlated,3,lipschitz,360,0.6881787254183713,308152,0.002746500016655773,0
scaled_correlated,3,lipschitz,480,0.35249960488183874,410720,0.0036442999844439328,0
scaled_correlated,3,lipschitz,600,0.20997361753874388,513288,0.004656300006899983,0
scaled_correlated,3,lipschitz,720,0.16170025447208936,615856,0.006253300001844764,0
scaled_correlated,3,lipschitz,840,0.1434829457865825,718424,0.0071629000012762845,0
scaled_correlated,3,lipschitz,960,0.1251827374038217,820992,0.00806289998581633,0
scaled_correlated,3,lipschitz,1080,0.1088183399587912,923560,0.008955600031185895,0
scaled_correlated,3,lipschitz,1200,0.08350473571601746,1026128,0.00989260000642389,0
scaled_correlated,3,lipschitz,1320,0.07946386165965746,1128696,0.010789800027851015,0
scaled_correlated,3,lipschitz,1440,0.06883323081754344,1231264,0.011726600001566112,0
scaled_correlated,3,lipschitz,1560,0.0592701566060283,1333832,0.012637800013180822,0
scaled_correlated,3,lipschitz,1680,0.05096275705077513,1436400,0.013564900029450655,0
scaled_correlated,3,lipschitz,1800,0.048778532501176475,1538968,0.01446939999004826,0
scaled_correlated,3,lipschitz,1920,0.046860684626242044,1641536,0.015368200023658574,0
scaled_correlated,3,lipschitz,2040,0.0458636195701243,1744104,0.016265999991446733,0
scaled_correlated,3,lipschitz,2160,0.044196617770614566,1846672,0.01716280000982806,0
scaled_correlated,3,lipschitz,2280,0.04169855036788128,1949240,0.0180578000145033,0
scaled_correlated,3,lipschitz,2400,0.03582687282127317,2051808,0.018955100036691874,0
scaled_correlated,3,scheduled_gain,0,119.345541391195,448,2.800021320581436e-06,0
scaled_correlated,3,scheduled_gain,120,6.780424410204684,141512,0.000957600015681237,2
scaled_correlated,3,scheduled_gain,240,3.594831345987708,282576,0.0018954999977722764,4
scaled_correlated,3,scheduled_gain,360,1.9383442248178318,423640,0.0028286000015214086,6
scaled_correlated,3,scheduled_gain,480,1.1039271331473874,564704,0.0044089999864809215,8
scaled_correlated,3,scheduled_gain,600,0.6136765873126993,705768,0.006915500038303435,10
scaled_correlated,3,scheduled_gain,720,0.35326829864175924,846832,0.009361899981740862,12
scaled_correlated,3,scheduled_gain,840,0.2231988207863811,987896,0.011389399995096028,14
scaled_correlated,3,scheduled_gain,960,0.14534290798246907,1128960,0.01288260001456365,16
scaled_correlated,3,scheduled_gain,1080,0.09783541448089794,1270024,0.01404570002341643,18
scaled_correlated,3,scheduled_gain,1200,0.07018625542606882,1411088,0.01504420000128448,20
scaled_correlated,3,scheduled_gain,1320,0.04715578470993842,1552152,0.015978300012648106,22
scaled_correlated,3,scheduled_gain,1440,0.029557736541418134,1693216,0.018750599992927164,24
scaled_correlated,3,scheduled_gain,1560,0.019799458560886496,1834280,0.021170200023334473,26
scaled_correlated,3,scheduled_gain,1680,0.01272554680709792,1975344,0.02348660002462566,28
scaled_correlated,3,scheduled_gain,1800,0.007771107543268929,2116408,0.024988999997731298,30
scaled_correlated,3,scheduled_gain,1920,0.0049855513400021145,2257472,0.025992100010626018,32
scaled_correlated,3,scheduled_gain,2040,0.0032866982603563244,2398536,0.026934600027743727,34
scaled_correlated,3,scheduled_gain,2160,0.0021544467577623294,2539600,0.0278870000038296,36
scaled_correlated,3,scheduled_gain,2280,0.0013397179337126808,2680664,0.028838300029747188,38
scaled_correlated,3,scheduled_gain,2400,0.0009673082733647753,2821728,0.02978300000540912,40
scaled_correlated,3,triggered_gain,0,119.345541391195,448,2.8999638743698597e-06,0
scaled_correlated,3,triggered_gain,120,6.614991537999319,122264,0.0009800999541766942,1
scaled_correlated,3,triggered_gain,240,4.231277653886259,224832,0.001908699981868267,1
scaled_correlated,3,triggered_gain,360,2.2519748951146825,346648,0.0028474999708123505,2
scaled_correlated,3,triggered_gain,480,1.8184668944510305,449216,0.00377059995662421,2
scaled_correlated,3,triggered_gain,600,1.324836348195097,571032,0.004706099978648126,3
scaled_correlated,3,triggered_gain,720,1.1864029522977972,673600,0.005627799953799695,3
scaled_correlated,3,triggered_gain,840,0.8010137272937321,795416,0.006560799956787378,4
scaled_correlated,3,triggered_gain,960,0.6946302955216148,897984,0.007480299973394722,4
scaled_correlated,3,triggered_gain,1080,0.5039224928852573,1019800,0.008416999946348369,5
scaled_correlated,3,triggered_gain,1200,0.4230879088095132,1122368,0.009333399997558445,5
scaled_correlated,3,triggered_gain,1320,0.3095954116187034,1244184,0.010268399957567453,6
scaled_correlated,3,triggered_gain,1440,0.2964140787391103,1346752,0.011189999990165234,6
scaled_correlated,3,triggered_gain,1560,0.23865921400124668,1468568,0.01211509999120608,7
scaled_correlated,3,triggered_gain,1680,0.18248285208007387,1571136,0.013036199961788952,7
scaled_correlated,3,triggered_gain,1800,0.16555083878152477,1673704,0.013953499961644411,7
scaled_correlated,3,triggered_gain,1920,0.13740292576836488,1795520,0.01487219997216016,8
scaled_correlated,3,triggered_gain,2040,0.12939465628673608,1898088,0.015784599992912263,8
scaled_correlated,3,triggered_gain,2160,0.110264460924268,2019904,0.01670329994522035,9
scaled_correlated,3,triggered_gain,2280,0.10372411959474315,2122472,0.017618399986531585,9
scaled_correlated,3,triggered_gain,2400,0.08734015250767557,2244288,0.01990539999678731,10
scaled_correlated,4,uniform,0,46.05491588664258,448,7.90000194683671e-06,0
scaled_correlated,4,uniform,120,6.3577250528784965,103016,0.0021539999870583415,0
scaled_correlated,4,uniform,240,2.1147714072795094,205584,0.0036989999935030937,0
scaled_correlated,4,uniform,360,0.9110914053493637,308152,0.0048614999977871776,0
scaled_correlated,4,uniform,480,0.4432219840342335,410720,0.005825100000947714,0
scaled_correlated,4,uniform,600,0.28399584038637116,513288,0.006747599982190877,0
scaled_correlated,4,uniform,720,0.14448140628744666,615856,0.007658799993805587,0
scaled_correlated,4,uniform,840,0.09149131838554014,718424,0.008565899974200875,0
scaled_correlated,4,uniform,960,0.03599995011626955,820992,0.009477099985815585,0
scaled_correlated,4,uniform,1080,0.019503695956591738,923560,0.010387699992861599,0
scaled_correlated,4,uniform,1200,0.0093517455390697,1026128,0.011297499993816018,0
scaled_correlated,4,uniform,1320,0.005364278969332226,1128696,0.012206499988678843,0
scaled_correlated,4,uniform,1440,0.003590145959460056,1231264,0.013295800017658621,0
scaled_correlated,4,uniform,1560,0.0020048740302884838,1333832,0.014222299971152097,0
scaled_correlated,4,uniform,1680,0.0008744718964179832,1436400,0.015149099985137582,0
scaled_correlated,4,uniform,1800,0.000358317584814305,1538968,0.01605620002374053,0
scaled_correlated,4,uniform,1920,0.00022357995394983732,1641536,0.017012299969792366,0
scaled_correlated,4,uniform,2040,0.00014605226298236573,1744104,0.017929699970409274,0
scaled_correlated,4,uniform,2160,7.152389862286057e-05,1846672,0.01884749997407198,0
scaled_correlated,4,uniform,2280,5.1363007291360674e-05,1949240,0.019755400018766522,0
scaled_correlated,4,uniform,2400,3.399585930052851e-05,2051808,0.02066809998359531,0
scaled_correlated,4,lipschitz,0,46.05491588664258,448,2.900022082030773e-06,0
scaled_correlated,4,lipschitz,120,3.4987658636930052,103016,0.0009263000101782382,0
scaled_correlated,4,lipschitz,240,1.958029987551694,205584,0.0018425000016577542,0
scaled_correlated,4,lipschitz,360,1.3734364437126323,308152,0.0027500000433064997,0
scaled_correlated,4,lipschitz,480,0.7973954306520743,410720,0.0036659000325016677,0
scaled_correlated,4,lipschitz,600,0.7099681885665636,513288,0.004573500016704202,0
scaled_correlated,4,lipschitz,720,0.6635910989313794,615856,0.005484000022988766,0
scaled_correlated,4,lipschitz,840,0.6526391195534109,718424,0.0063863000250421464,0
scaled_correlated,4,lipschitz,960,0.270314925227916,820992,0.00729249999858439,0
scaled_correlated,4,lipschitz,1080,0.19197428882063594,923560,0.008201699994970113,0
scaled_correlated,4,lipschitz,1200,0.14361061072562054,1026128,0.009102800046093762,0
scaled_correlated,4,lipschitz,1320,0.12807687143210256,1128696,0.01001710002310574,0
scaled_correlated,4,lipschitz,1440,0.12053991608734504,1231264,0.010926400020252913,0
scaled_correlated,4,lipschitz,1560,0.092393674536555,1333832,0.011874400021042675,0
scaled_correlated,4,lipschitz,1680,0.060255056049987044,1436400,0.012809000036213547,0
scaled_correlated,4,lipschitz,1800,0.054381068767411556,1538968,0.013745400006882846,0
scaled_correlated,4,lipschitz,1920,0.05154665133202041,1641536,0.01466050004819408,0
scaled_correlated,4,lipschitz,2040,0.03936956081313259,1744104,0.015575800032820553,0
scaled_correlated,4,lipschitz,2160,0.028171486628429054,1846672,0.016487899993080646,0
scaled_correlated,4,lipschitz,2280,0.02457339415652049,1949240,0.017402200028300285,0
scaled_correlated,4,lipschitz,2400,0.022963623347215467,2051808,0.018314500048290938,0
scaled_correlated,4,scheduled_gain,0,46.05491588664258,448,2.500019036233425e-06,0
scaled_correlated,4,scheduled_gain,120,1.7205232892512474,141512,0.000957300013396889,2
scaled_correlated,4,scheduled_gain,240,0.7940086966722166,282576,0.0018817000091075897,4
scaled_correlated,4,scheduled_gain,360,0.3166340894018176,423640,0.0028183000395074487,6
scaled_correlated,4,scheduled_gain,480,0.19998853711603726,564704,0.0037469000089913607,8
scaled_correlated,4,scheduled_gain,600,0.1210172919185486,705768,0.004682500031776726,10
scaled_correlated,4,scheduled_gain,720,0.07088806636716605,846832,0.005614700028672814,12
scaled_correlated,4,scheduled_gain,840,0.04651143302487881,987896,0.006542200047988445,14
scaled_correlated,4,scheduled_gain,960,0.02882905568593097,1128960,0.007468199997674674,16
scaled_correlated,4,scheduled_gain,1080,0.018527422564258877,1270024,0.008395500015467405,18
scaled_correlated,4,scheduled_gain,1200,0.012913451060863057,1411088,0.009312600013799965,20
scaled_correlated,4,scheduled_gain,1320,0.007145800097992261,1552152,0.010239700030069798,22
scaled_correlated,4,scheduled_gain,1440,0.004833552893558579,1693216,0.011169100005645305,24
scaled_correlated,4,scheduled_gain,1560,0.0032748825628599043,1834280,0.012089700030628592,26
scaled_correlated,4,scheduled_gain,1680,0.0023558239028687034,1975344,0.013036000018473715,28
scaled_correlated,4,scheduled_gain,1800,0.0016790869652596463,2116408,0.013979300041683018,30
scaled_correlated,4,scheduled_gain,1920,0.001088110272076559,2257472,0.014910500030964613,32
scaled_correlated,4,scheduled_gain,2040,0.0007145200333704693,2398536,0.01583550003124401,34
scaled_correlated,4,scheduled_gain,2160,0.0003856913180402266,2539600,0.016769800044130534,36
scaled_correlated,4,scheduled_gain,2280,0.00026549995069879984,2680664,0.017699800024274737,38
scaled_correlated,4,scheduled_gain,2400,0.00018780323304712354,2821728,0.018631500017363578,40
scaled_correlated,4,triggered_gain,0,46.05491588664258,448,2.500019036233425e-06,0
scaled_correlated,4,triggered_gain,120,1.6737979524766167,122264,0.0009562000050209463,1
scaled_correlated,4,triggered_gain,240,1.2979456885185874,224832,0.0018780999816954136,1
scaled_correlated,4,triggered_gain,360,0.8942062161119013,346648,0.002804199990350753,2
scaled_correlated,4,triggered_gain,480,0.7534369710388518,449216,0.003726299968548119,2
scaled_correlated,4,triggered_gain,600,0.48854190676801057,571032,0.0046870000078342855,3
scaled_correlated,4,triggered_gain,720,0.466268956239583,673600,0.0056028999970294535,3
scaled_correlated,4,triggered_gain,840,0.341384380727471,795416,0.0065667000017128885,4
scaled_correlated,4,triggered_gain,960,0.32784104945347936,897984,0.007511999981943518,4
scaled_correlated,4,triggered_gain,1080,0.2592478064239665,1019800,0.008436899981461465,5
scaled_correlated,4,triggered_gain,1200,0.21236956942198937,1122368,0.009348499996121973,5
scaled_correlated,4,triggered_gain,1320,0.19357163603309857,1224936,0.010259100003167987,5
scaled_correlated,4,triggered_gain,1440,0.12499257166558175,1346752,0.011188499978743494,6
scaled_correlated,4,triggered_gain,1560,0.12279527412298785,1449320,0.012102200009394437,6
scaled_correlated,4,triggered_gain,1680,0.09631508567911329,1571136,0.013025899999774992,7
scaled_correlated,4,triggered_gain,1800,0.08631074392098714,1673704,0.013936500006821007,7
scaled_correlated,4,triggered_gain,1920,0.0719759434720153,1795520,0.014861100004054606,8
scaled_correlated,4,triggered_gain,2040,0.07159631489539331,1898088,0.01577890000771731,8
scaled_correlated,4,triggered_gain,2160,0.05762206264494951,2019904,0.01669459999538958,9
scaled_correlated,4,triggered_gain,2280,0.05715543353042207,2122472,0.017609099973924458,9
scaled_correlated,4,triggered_gain,2400,0.04811146594905846,2244288,0.018528599990531802,10
scaled_correlated,5,uniform,0,60.11994023414859,448,8.600007276982069e-06,0
scaled_correlated,5,uniform,120,9.145001556778185,103016,0.0025482000201009214,0
scaled_correlated,5,uniform,240,3.9756174929924146,205584,0.004878500010818243,0
scaled_correlated,5,uniform,360,2.3641154909498354,308152,0.0070890000206418335,0
scaled_correlated,5,uniform,480,0.910542253762229,410720,0.008696400036569685,0
scaled_correlated,5,uniform,600,0.5152814575357283,513288,0.009943499986547977,0
scaled_correlated,5,uniform,720,0.3592599796600475,615856,0.010954199999105185,0
scaled_correlated,5,uniform,840,0.1863303536800318,718424,0.01186919998144731,0
scaled_correlated,5,uniform,960,0.11320081374752577,820992,0.012790300010237843,0
scaled_correlated,5,uniform,1080,0.06608524234483415,923560,0.013707300007808954,0
scaled_correlated,5,uniform,1200,0.037337101036189146,1026128,0.014669600001070648,0
scaled_correlated,5,uniform,1320,0.019899723226227906,1128696,0.015601999999489635,0
scaled_correlated,5,uniform,1440,0.010364379363596576,1231264,0.0165436000097543,0
scaled_correlated,5,uniform,1560,0.005132769753956268,1333832,0.01746790000470355,0
scaled_correlated,5,uniform,1680,0.002454836507672198,1436400,0.018393000005744398,0
scaled_correlated,5,uniform,1800,0.0015334341504296134,1538968,0.01931559998774901,0
scaled_correlated,5,uniform,1920,0.0009970623151742686,1641536,0.02023890003329143,0
scaled_correlated,5,uniform,2040,0.0006156705716211519,1744104,0.021165599988307804,0
scaled_correlated,5,uniform,2160,0.00028873470037549254,1846672,0.02208950003841892,0
scaled_correlated,5,uniform,2280,0.00010839669682916053,1949240,0.02300909999758005,0
scaled_correlated,5,uniform,2400,5.742666797825535e-05,2051808,0.023926699999719858,0
scaled_correlated,5,lipschitz,0,60.11994023414859,448,2.7999631129205227e-06,0
scaled_correlated,5,lipschitz,120,2.913159021462164,103016,0.0009230999858118594,0
scaled_correlated,5,lipschitz,240,1.219516430080061,205584,0.00183859997196123,0
scaled_correlated,5,lipschitz,360,0.8537505604592694,308152,0.0027537000132724643,0
scaled_correlated,5,lipschitz,480,0.7077126536470391,410720,0.003663600014988333,0
scaled_correlated,5,lipschitz,600,0.4796900450068611,513288,0.004570999997667968,0
scaled_correlated,5,lipschitz,720,0.4274306927133633,615856,0.005478499981109053,0
scaled_correlated,5,lipschitz,840,0.40219543666691804,718424,0.006385500018950552,0
scaled_correlated,5,lipschitz,960,0.3685491853722014,820992,0.007287500018719584,0
scaled_correlated,5,lipschitz,1080,0.34019040981065185,923560,0.008189300016965717,0
scaled_correlated,5,lipschitz,1200,0.3278097655946599,1026128,0.009094399982132018,0
scaled_correlated,5,lipschitz,1320,0.3214233775835673,1128696,0.009997399989515543,0
scaled_correlated,5,lipschitz,1440,0.3168786737016549,1231264,0.010900799999944866,0
scaled_correlated,5,lipschitz,1560,0.3138311792904034,1333832,0.011805000016465783,0
scaled_correlated,5,lipschitz,1680,0.30152227560265654,1436400,0.012705100001767278,0
scaled_correlated,5,lipschitz,1800,0.29801314337781015,1538968,0.013608100009150803,0
scaled_correlated,5,lipschitz,1920,0.29280813640837655,1641536,0.01451080001424998,0
scaled_correlated,5,lipschitz,2040,0.2874500043044681,1744104,0.01541320001706481,0
scaled_correlated,5,lipschitz,2160,0.28596717023057927,1846672,0.016314700013026595,0
scaled_correlated,5,lipschitz,2280,0.2289746868335092,1949240,0.017219499975908548,0
scaled_correlated,5,lipschitz,2400,0.18869054761304582,2051808,0.01812449999852106,0
scaled_correlated,5,scheduled_gain,0,60.11994023414859,448,2.3999600671231747e-06,0
scaled_correlated,5,scheduled_gain,120,4.049113057495874,141512,0.0009553999989293516,2
scaled_correlated,5,scheduled_gain,240,1.885456762301561,282576,0.0019310999778099358,4
scaled_correlated,5,scheduled_gain,360,1.2399795098355826,423640,0.002864799986127764,6
scaled_correlated,5,scheduled_gain,480,0.6886736221579834,564704,0.0038242999580688775,8
scaled_correlated,5,scheduled_gain,600,0.3753024116494168,705768,0.004786799952853471,10
scaled_correlated,5,scheduled_gain,720,0.23411270500400638,846832,0.005727699957787991,12
scaled_correlated,5,scheduled_gain,840,0.11876571074085174,987896,0.006667499954346567,14
scaled_correlated,5,scheduled_gain,960,0.06904143454056832,1128960,0.007598900003358722,16
scaled_correlated,5,scheduled_gain,1080,0.045093136555774294,1270024,0.008531800005584955,18
scaled_correlated,5,scheduled_gain,1200,0.03061554257181376,1411088,0.009452399972360581,20
scaled_correlated,5,scheduled_gain,1320,0.020135917506155288,1552152,0.010378299979493022,22
scaled_correlated,5,scheduled_gain,1440,0.012246594940390931,1693216,0.011299100005999207,24
scaled_correlated,5,scheduled_gain,1560,0.009372076274711816,1834280,0.01222330000018701,26
scaled_correlated,5,scheduled_gain,1680,0.006199277930516001,1975344,0.013153099978808314,28
scaled_correlated,5,scheduled_gain,1800,0.004585343080182547,2116408,0.014079199987463653,30
scaled_correlated,5,scheduled_gain,1920,0.0034010979830694232,2257472,0.015006300003733486,32
scaled_correlated,5,scheduled_gain,2040,0.002407566457651722,2398536,0.015930599998682737,34
scaled_correlated,5,scheduled_gain,2160,0.0016762571400810167,2539600,0.0168592999689281,36
scaled_correlated,5,scheduled_gain,2280,0.0011106178173916348,2680664,0.017782999959308654,38
scaled_correlated,5,scheduled_gain,2400,0.0007477470944232678,2821728,0.018713199999183416,40
scaled_correlated,5,triggered_gain,0,60.11994023414859,448,2.600019797682762e-06,0
scaled_correlated,5,triggered_gain,120,7.75790432249398,122264,0.0009280000231228769,1
scaled_correlated,5,triggered_gain,240,4.561562928781594,224832,0.001838000025600195,1
scaled_correlated,5,triggered_gain,360,0.5647401735753026,346648,0.0027529000071808696,2
scaled_correlated,5,triggered_gain,480,0.42882025869563645,449216,0.003666499978862703,2
scaled_correlated,5,triggered_gain,600,0.2669611782710195,571032,0.004585399990901351,3
scaled_correlated,5,triggered_gain,720,0.22793902202075866,673600,0.005495099991094321,3
scaled_correlated,5,triggered_gain,840,0.17579517732717775,795416,0.006409699970390648,4
scaled_correlated,5,triggered_gain,960,0.16900721269217156,897984,0.007322799996472895,4
scaled_correlated,5,triggered_gain,1080,0.1347526496029703,1019800,0.008229099970776588,5
scaled_correlated,5,triggered_gain,1200,0.12384354058157276,1122368,0.009133099985774606,5
scaled_correlated,5,triggered_gain,1320,0.10320014996325488,1244184,0.010042999987490475,6
scaled_correlated,5,triggered_gain,1440,0.09659218043617201,1346752,0.010949900024570525,6
scaled_correlated,5,triggered_gain,1560,0.07398770446882708,1468568,0.01185740000801161,7
scaled_correlated,5,triggered_gain,1680,0.06157894470698322,1571136,0.012800000025890768,7
scaled_correlated,5,triggered_gain,1800,0.059966123637857915,1673704,0.013702499971259385,7
scaled_correlated,5,triggered_gain,1920,0.050734432849443234,1795520,0.01464860001578927,8
scaled_correlated,5,triggered_gain,2040,0.04891715783259265,1898088,0.01558499998645857,8
scaled_correlated,5,triggered_gain,2160,0.035017702504602344,2019904,0.016510599991306663,9
scaled_correlated,5,triggered_gain,2280,0.03438984854364868,2122472,0.01742950000334531,9
scaled_correlated,5,triggered_gain,2400,0.028131762633590185,2244288,0.018356700020376593,10
scaled_correlated,6,uniform,0,51.729846587844904,448,2.800021320581436e-06,0
scaled_correlated,6,uniform,120,3.6940901539910205,103016,0.0016991000156849623,0
scaled_correlated,6,uniform,240,1.6796303790739677,205584,0.0041245000320486724,0
scaled_correlated,6,uniform,360,0.9151390546224749,308152,0.006509600032586604,0
scaled_correlated,6,uniform,480,0.48868810457113065,410720,0.008562000002712011,0
scaled_correlated,6,uniform,600,0.296513133549011,513288,0.010891100042499602,0
scaled_correlated,6,uniform,720,0.12755060620691294,615856,0.013327900029253215,0
scaled_correlated,6,uniform,840,0.0614429046275351,718424,0.015739399997983128,0
scaled_correlated,6,uniform,960,0.027413217178063665,820992,0.01790220005204901,0
scaled_correlated,6,uniform,1080,0.014320566910098087,923560,0.01948020001873374,0
scaled_correlated,6,uniform,1200,0.008128768904442918,1026128,0.0206583000253886,0
scaled_correlated,6,uniform,1320,0.004406486214012073,1128696,0.021613400022033602,0
scaled_correlated,6,uniform,1440,0.002540271003763195,1231264,0.022526000044308603,0
scaled_correlated,6,uniform,1560,0.0012582096880620064,1333832,0.023432300018612295,0
scaled_correlated,6,uniform,1680,0.0007641259996762351,1436400,0.024385099997743964,0
scaled_correlated,6,uniform,1800,0.0004032503794215714,1538968,0.025297300016973168,0
scaled_correlated,6,uniform,1920,0.00024163019880996117,1641536,0.026229400013107806,0
scaled_correlated,6,uniform,2040,0.00016805193142177544,1744104,0.027142100036144257,0
scaled_correlated,6,uniform,2160,0.00011751150789551801,1846672,0.028071000007912517,0
scaled_correlated,6,uniform,2280,7.331476334915266e-05,1949240,0.028984300035517663,0
scaled_correlated,6,uniform,2400,3.463803419467837e-05,2051808,0.031142699997872114,0
scaled_correlated,6,lipschitz,0,51.729846587844904,448,8.600007276982069e-06,0
scaled_correlated,6,lipschitz,120,6.797279307260764,103016,0.0021601999760605395,0
scaled_correlated,6,lipschitz,240,5.216169954045398,205584,0.003655900014564395,0
scaled_correlated,6,lipschitz,360,2.5819603433482006,308152,0.004820199974346906,0
scaled_correlated,6,lipschitz,480,2.255345663359622,410720,0.005808699992485344,0
scaled_correlated,6,lipschitz,600,1.2031655165066257,513288,0.006737699965015054,0
scaled_correlated,6,lipschitz,720,1.1193484249188725,615856,0.007663199969101697,0
scaled_correlated,6,lipschitz,840,1.0767659903909244,718424,0.00857860001269728,0
scaled_correlated,6,lipschitz,960,0.989813323588205,820992,0.009493499994277954,0
scaled_correlated,6,lipschitz,1080,0.9756735326108772,923560,0.010424699983559549,0
scaled_correlated,6,lipschitz,1200,0.9173257928858143,1026128,0.01133880001725629,0
scaled_correlated,6,lipschitz,1320,0.9046135516768068,1128696,0.012252299988176674,0
scaled_correlated,6,lipschitz,1440,0.8786425647229925,1231264,0.013162199989892542,0
scaled_correlated,6,lipschitz,1560,0.8641228953098321,1333832,0.014369599986821413,0
scaled_correlated,6,lipschitz,1680,0.8543124441032695,1436400,0.015424699988216162,0
scaled_correlated,6,lipschitz,1800,0.8409659952933848,1538968,0.016503999999258667,0
scaled_correlated,6,lipschitz,1920,0.8312005458591227,1641536,0.017420999996829778,0
scaled_correlated,6,lipschitz,2040,0.8244839661007362,1744104,0.018360799993388355,0
scaled_correlated,6,lipschitz,2160,0.8219492808100752,1846672,0.01927250000881031,0
scaled_correlated,6,lipschitz,2280,0.8215446913165372,1949240,0.020202799991238862,0
scaled_correlated,6,lipschitz,2400,0.8177525739316711,2051808,0.021119799988809973,0
scaled_correlated,6,scheduled_gain,0,51.729846587844904,448,2.900022082030773e-06,0
scaled_correlated,6,scheduled_gain,120,2.3190949859961614,141512,0.0009689999860711396,2
scaled_correlated,6,scheduled_gain,240,1.1316572042670074,282576,0.001994499994907528,4
scaled_correlated,6,scheduled_gain,360,0.7154539666509265,423640,0.0029463000246323645,6
scaled_correlated,6,scheduled_gain,480,0.4332665479243514,564704,0.0039006000151857734,8
scaled_correlated,6,scheduled_gain,600,0.29830653066296176,705768,0.004857999971136451,10
scaled_correlated,6,scheduled_gain,720,0.1841110456798427,846832,0.005793899996206164,12
scaled_correlated,6,scheduled_gain,840,0.11871545394552419,987896,0.006731599976774305,14
scaled_correlated,6,scheduled_gain,960,0.07950298392715371,1128960,0.007663399970624596,16
scaled_correlated,6,scheduled_gain,1080,0.052686894357492076,1270024,0.008596899977419525,18
scaled_correlated,6,scheduled_gain,1200,0.034178780376380224,1411088,0.0108780000009574,20
scaled_correlated,6,scheduled_gain,1320,0.020585127790796243,1552152,0.013313299976289272,22
scaled_correlated,6,scheduled_gain,1440,0.013136388668968824,1693216,0.015393499983474612,24
scaled_correlated,6,scheduled_gain,1560,0.008706234871887375,1834280,0.017191899998579174,26
scaled_correlated,6,scheduled_gain,1680,0.005031271677001126,1975344,0.018703199981246144,28
scaled_correlated,6,scheduled_gain,1800,0.0031911919408904588,2116408,0.019676099997013807,30
scaled_correlated,6,scheduled_gain,1920,0.002244087401499062,2257472,0.020622899988666177,32
scaled_correlated,6,scheduled_gain,2040,0.001492525628328245,2398536,0.021569799981079996,34
scaled_correlated,6,scheduled_gain,2160,0.0009703627520498692,2539600,0.02289369999198243,36
scaled_correlated,6,scheduled_gain,2280,0.0006794241684882074,2680664,0.023835200001485646,38
scaled_correlated,6,scheduled_gain,2400,0.0004833925222649249,2821728,0.025006100011523813,40
scaled_correlated,6,triggered_gain,0,51.729846587844904,448,3.100023604929447e-06,0
scaled_correlated,6,triggered_gain,120,3.4443192455382907,122264,0.0019412999972701073,1
scaled_correlated,6,triggered_gain,240,1.6644989389157363,224832,0.0030049000051803887,1
scaled_correlated,6,triggered_gain,360,0.7159053136117484,346648,0.003992700017988682,2
scaled_correlated,6,triggered_gain,480,0.4928601146323941,449216,0.006478400027845055,2
scaled_correlated,6,triggered_gain,600,0.2900591656772047,571032,0.007493400014936924,3
scaled_correlated,6,triggered_gain,720,0.24446373467295546,673600,0.008435700030531734,3
scaled_correlated,6,triggered_gain,840,0.14555815361661173,795416,0.009388700011186302,4
scaled_correlated,6,triggered_gain,960,0.12707001674835405,897984,0.010320200002752244,4
scaled_correlated,6,triggered_gain,1080,0.09916165787969033,1019800,0.01129569998010993,5
scaled_correlated,6,triggered_gain,1200,0.08911623544230318,1122368,0.012237099988851696,5
scaled_correlated,6,triggered_gain,1320,0.058952904292474795,1244184,0.013179700006730855,6
scaled_correlated,6,triggered_gain,1440,0.046451148941301756,1346752,0.014105900016147643,6
scaled_correlated,6,triggered_gain,1560,0.036921051963078266,1468568,0.015047900029458106,7
scaled_correlated,6,triggered_gain,1680,0.03329948352206946,1571136,0.015975699992850423,7
scaled_correlated,6,triggered_gain,1800,0.02480358050945819,1692952,0.017022499989252537,8
scaled_correlated,6,triggered_gain,1920,0.020702185911214865,1795520,0.01890670001739636,8
scaled_correlated,6,triggered_gain,2040,0.016810857308339422,1917336,0.02016030001686886,9
scaled_correlated,6,triggered_gain,2160,0.015679545075884427,2019904,0.021583100024145097,9
scaled_correlated,6,triggered_gain,2280,0.013474719650655498,2141720,0.022654700034763664,10
scaled_correlated,6,triggered_gain,2400,0.011619989875795156,2244288,0.02360469999257475,10
scaled_correlated,7,uniform,0,36.06118907602869,448,3.200024366378784e-06,0
scaled_correlated,7,uniform,120,8.105042893446374,103016,0.000944900035392493,0
scaled_correlated,7,uniform,240,4.06545319333681,205584,0.0024722000234760344,0
scaled_correlated,7,uniform,360,1.7234858397306478,308152,0.004197100002784282,0
scaled_correlated,7,uniform,480,1.1284728580147663,410720,0.005481200001668185,0
scaled_correlated,7,uniform,600,0.5644601015043578,513288,0.006636900012381375,0
scaled_correlated,7,uniform,720,0.2639348974375153,615856,0.008797499991487712,0
scaled_correlated,7,uniform,840,0.1813668102744188,718424,0.01056979998247698,0
scaled_correlated,7,uniform,960,0.08511332138674454,820992,0.011500900029204786,0
scaled_correlated,7,uniform,1080,0.04825220585442658,923560,0.012498199997935444,0
scaled_correlated,7,uniform,1200,0.03207850630057241,1026128,0.013640000019222498,0
scaled_correlated,7,uniform,1320,0.01650428543635396,1128696,0.01458940003067255,0
scaled_correlated,7,uniform,1440,0.008502382480804815,1231264,0.015527000010479242,0
scaled_correlated,7,uniform,1560,0.005479214626618489,1333832,0.01644879998639226,0
scaled_correlated,7,uniform,1680,0.002866725217310684,1436400,0.01745749998372048,0
scaled_correlated,7,uniform,1800,0.0016814662719797369,1538968,0.01840130001073703,0
scaled_correlated,7,uniform,1920,0.001016041273131929,1641536,0.019339899998158216,0
scaled_correlated,7,uniform,2040,0.0007765244351012335,1744104,0.02026389999082312,0
scaled_correlated,7,uniform,2160,0.0004302018384332307,1846672,0.02123860002029687,0
scaled_correlated,7,uniform,2280,0.0002976957774869504,1949240,0.022367199999280274,0
scaled_correlated,7,uniform,2400,0.00015556889091161707,2051808,0.02336639998247847,0
scaled_correlated,7,lipschitz,0,36.06118907602869,448,2.800021320581436e-06,0
scaled_correlated,7,lipschitz,120,1.978181125692637,103016,0.0009685999830253422,0
scaled_correlated,7,lipschitz,240,0.5373281960930667,205584,0.0019413999980315566,0
scaled_correlated,7,lipschitz,360,0.3790711383186305,308152,0.003049899998586625,0
scaled_correlated,7,lipschitz,480,0.2322149376409839,410720,0.004017800034489483,0
scaled_correlated,7,lipschitz,600,0.1672236285213069,513288,0.005019900039769709,0
scaled_correlated,7,lipschitz,720,0.11687062472271625,615856,0.006096600031014532,0
scaled_correlated,7,lipschitz,840,0.10507470478977421,718424,0.007567699998617172,0
scaled_correlated,7,lipschitz,960,0.08235968961584827,820992,0.009197200008202344,0
scaled_correlated,7,lipschitz,1080,0.05494526845088199,923560,0.01116669998737052,0
scaled_correlated,7,lipschitz,1200,0.03860149118909728,1026128,0.013911199988797307,0
scaled_correlated,7,lipschitz,1320,0.031990830128719505,1128696,0.0164132000063546,0
scaled_correlated,7,lipschitz,1440,0.030589528717786862,1231264,0.01830520003568381,0
scaled_correlated,7,lipschitz,1560,0.02559579410564705,1333832,0.019704700040165335,0
scaled_correlated,7,lipschitz,1680,0.022863378370876486,1436400,0.021941900020465255,0
scaled_correlated,7,lipschitz,1800,0.016756171982187595,1538968,0.02290829998673871,0
scaled_correlated,7,lipschitz,1920,0.013364563080187075,1641536,0.0238406999851577,0
scaled_correlated,7,lipschitz,2040,0.012529708761836567,1744104,0.02475490001961589,0
scaled_correlated,7,lipschitz,2160,0.011769644271260482,1846672,0.025705200037918985,0
scaled_correlated,7,lipschitz,2280,0.00900206373402046,1949240,0.026625300000887364,0
scaled_correlated,7,lipschitz,2400,0.008724193040047012,2051808,0.02757430000929162,0
scaled_correlated,7,scheduled_gain,0,36.06118907602869,448,3.200024366378784e-06,0
scaled_correlated,7,scheduled_gain,120,3.608975375623851,141512,0.000980700016953051,2
scaled_correlated,7,scheduled_gain,240,2.0658180596532993,282576,0.0019200000097043812,4
scaled_correlated,7,scheduled_gain,360,1.0072198036252815,423640,0.0028537000180222094,6
scaled_correlated,7,scheduled_gain,480,0.5407193136167932,564704,0.0037829999928362668,8
scaled_correlated,7,scheduled_gain,600,0.36068449491095356,705768,0.0047101000091061,10
scaled_correlated,7,scheduled_gain,720,0.24382616047171757,846832,0.0056387000367976725,12
scaled_correlated,7,scheduled_gain,840,0.16721727718811685,987896,0.006564199982676655,14
scaled_correlated,7,scheduled_gain,960,0.1139048988736624,1128960,0.007498899998608977,16
scaled_correlated,7,scheduled_gain,1080,0.07339081882871046,1270024,0.008508300001267344,18
scaled_correlated,7,scheduled_gain,1200,0.05026546102665419,1411088,0.009476200037170202,20
scaled_correlated,7,scheduled_gain,1320,0.03756228735406264,1552152,0.011127300036605448,22
scaled_correlated,7,scheduled_gain,1440,0.027374541815893938,1693216,0.012399900006130338,24
scaled_correlated,7,scheduled_gain,1560,0.019825699795639196,1834280,0.013416400004643947,26
scaled_correlated,7,scheduled_gain,1680,0.01432240012781083,1975344,0.01441320002777502,28
scaled_correlated,7,scheduled_gain,1800,0.01035539874345126,2116408,0.015375400020275265,30
scaled_correlated,7,scheduled_gain,1920,0.007276394851765122,2257472,0.016326899989508092,32
scaled_correlated,7,scheduled_gain,2040,0.005645172155201994,2398536,0.017895299999509007,34
scaled_correlated,7,scheduled_gain,2160,0.0038191898700201676,2539600,0.020503300009295344,36
scaled_correlated,7,scheduled_gain,2280,0.0026873359719052914,2680664,0.022864900005515665,38
scaled_correlated,7,scheduled_gain,2400,0.0019419627123840044,2821728,0.02463609998812899,40
scaled_correlated,7,triggered_gain,0,36.06118907602869,448,4.299974534660578e-06,0
scaled_correlated,7,triggered_gain,120,3.7514472702766977,122264,0.0014946999726817012,1
scaled_correlated,7,triggered_gain,240,2.0837696748131007,224832,0.0025321000139229,1
scaled_correlated,7,triggered_gain,360,1.2377999376565776,346648,0.0034593999735079706,2
scaled_correlated,7,triggered_gain,480,1.0658150365545245,449216,0.0044009999837726355,2
scaled_correlated,7,triggered_gain,600,0.7188298302139904,571032,0.005344800010789186,3
scaled_correlated,7,triggered_gain,720,0.6674062501341389,673600,0.006307400006335229,3
scaled_correlated,7,triggered_gain,840,0.46989254497641486,795416,0.007250299968291074,4
scaled_correlated,7,triggered_gain,960,0.4339713800805032,897984,0.008464700018521398,4
scaled_correlated,7,triggered_gain,1080,0.3288073232971582,1019800,0.010980999970342964,5
scaled_correlated,7,triggered_gain,1200,0.31058451575695845,1122368,0.013268399983644485,5
scaled_correlated,7,triggered_gain,1320,0.25393815687000254,1244184,0.01508869999088347,6
scaled_correlated,7,triggered_gain,1440,0.2466584848820852,1346752,0.016384300019126385,6
scaled_correlated,7,triggered_gain,1560,0.20012827700825309,1468568,0.018110200006049126,7
scaled_correlated,7,triggered_gain,1680,0.1892727370489573,1571136,0.019040699990000576,7
scaled_correlated,7,triggered_gain,1800,0.1573598311357527,1692952,0.019974199996795505,8
scaled_correlated,7,triggered_gain,1920,0.13491394366391463,1795520,0.020919899980071932,8
scaled_correlated,7,triggered_gain,2040,0.11704415458236506,1898088,0.021857500018086284,8
scaled_correlated,7,triggered_gain,2160,0.10675969168598076,2000656,0.022790999966673553,8
scaled_correlated,7,triggered_gain,2280,0.10219709766647211,2103224,0.023716499970760196,8
scaled_correlated,7,triggered_gain,2400,0.08591065406418474,2225040,0.024710999976377934,9
scaled_correlated,8,uniform,0,69.57251603322415,448,3.300025127828121e-06,0
scaled_correlated,8,uniform,120,4.77280316675406,103016,0.0009552999981679022,0
scaled_correlated,8,uniform,240,2.401582097161887,205584,0.001873200002592057,0
scaled_correlated,8,uniform,360,1.2691879483203317,308152,0.002799200010485947,0
scaled_correlated,8,uniform,480,0.6894748241264632,410720,0.003712099976837635,0
scaled_correlated,8,uniform,600,0.38438075918691883,513288,0.004627000016625971,0
scaled_correlated,8,uniform,720,0.19367053681238877,615856,0.0055410999921150506,0
scaled_correlated,8,uniform,840,0.10697491141328364,718424,0.006452500005252659,0
scaled_correlated,8,uniform,960,0.07544181632286451,820992,0.007361600000876933,0
scaled_correlated,8,uniform,1080,0.034610081154514916,923560,0.008658199978526682,0
scaled_correlated,8,uniform,1200,0.021592978846082467,1026128,0.009711200022138655,0
scaled_correlated,8,uniform,1320,0.012944444760385476,1128696,0.01062770001590252,0
scaled_correlated,8,uniform,1440,0.007424410402441239,1231264,0.011537800019141287,0
scaled_correlated,8,uniform,1560,0.004646242514264376,1333832,0.012452099996153265,0
scaled_correlated,8,uniform,1680,0.00287077871889041,1436400,0.013408200000412762,0
scaled_correlated,8,uniform,1800,0.001954849448277063,1538968,0.014320500020403415,0
scaled_correlated,8,uniform,1920,0.0013478866707390402,1641536,0.015411800006404519,0
scaled_correlated,8,uniform,2040,0.0008464411565864971,1744104,0.016358699998818338,0
scaled_correlated,8,uniform,2160,0.0005007108373229485,1846672,0.017286700021941215,0
scaled_correlated,8,uniform,2280,0.0003101440483193052,1949240,0.018205599975772202,0
scaled_correlated,8,uniform,2400,0.00019200677186725912,2051808,0.01912140002241358,0
scaled_correlated,8,lipschitz,0,69.57251603322415,448,3.00002284348011e-06,0
scaled_correlated,8,lipschitz,120,3.5026088405339415,103016,0.0009278000215999782,0
scaled_correlated,8,lipschitz,240,1.593423155952852,205584,0.0018397000385448337,0
scaled_correlated,8,lipschitz,360,0.5798270582507046,308152,0.0027650000411085784,0
scaled_correlated,8,lipschitz,480,0.38554960449203923,410720,0.003711800032760948,0
scaled_correlated,8,lipschitz,600,0.2096627699622342,513288,0.004621500032953918,0
scaled_correlated,8,lipschitz,720,0.1523241173039489,615856,0.005798000027425587,0
scaled_correlated,8,lipschitz,840,0.11648241998618847,718424,0.007574999995995313,0
scaled_correlated,8,lipschitz,960,0.09359686972778736,820992,0.010008900018874556,0
scaled_correlated,8,lipschitz,1080,0.08131419735190537,923560,0.012565200042445213,0
scaled_correlated,8,lipschitz,1200,0.076642221365681,1026128,0.014333200000692159,0
scaled_correlated,8,lipschitz,1320,0.05620033997984253,1128696,0.015633600007276982,0
scaled_correlated,8,lipschitz,1440,0.0496968032599705,1231264,0.01670640002703294,0
scaled_correlated,8,lipschitz,1560,0.039452475257669484,1333832,0.01763260003644973,0
scaled_correlated,8,lipschitz,1680,0.03813516526845184,1436400,0.018551699991803616,0
scaled_correlated,8,lipschitz,1800,0.035563294764632936,1538968,0.01946860004682094,0
scaled_correlated,8,lipschitz,1920,0.03419229778341126,1641536,0.020386399992275983,0
scaled_correlated,8,lipschitz,2040,0.032843632044427196,1744104,0.021294300036970526,0
scaled_correlated,8,lipschitz,2160,0.030917953733624604,1846672,0.02349220000905916,0
scaled_correlated,8,lipschitz,2280,0.02948738463890166,1949240,0.025837399996817112,0
scaled_correlated,8,lipschitz,2400,0.028880306237256903,2051808,0.02770460001192987,0
scaled_correlated,8,scheduled_gain,0,69.57251603322415,448,3.0999653972685337e-06,0
scaled_correlated,8,scheduled_gain,120,3.626798741960915,141512,0.0009787000017240644,2
scaled_correlated,8,scheduled_gain,240,1.6837691041887624,282576,0.001959899964276701,4
scaled_correlated,8,scheduled_gain,360,0.9164719319640993,423640,0.0029332999838516116,6
scaled_correlated,8,scheduled_gain,480,0.5086271966127196,564704,0.0038881999789737165,8
scaled_correlated,8,scheduled_gain,600,0.31101577656449386,705768,0.004833299957681447,10
scaled_correlated,8,scheduled_gain,720,0.2051543913029037,846832,0.005771700001787394,12
scaled_correlated,8,scheduled_gain,840,0.1130232044385,987896,0.006707699969410896,14
scaled_correlated,8,scheduled_gain,960,0.07078401907808463,1128960,0.007651599997188896,16
scaled_correlated,8,scheduled_gain,1080,0.04523308289375905,1270024,0.008591099991463125,18
scaled_correlated,8,scheduled_gain,1200,0.026622513799085645,1411088,0.009527399961370975,20
scaled_correlated,8,scheduled_gain,1320,0.017775052317375195,1552152,0.010459299955982715,22
scaled_correlated,8,scheduled_gain,1440,0.011013836732093107,1693216,0.011637699964921921,24
scaled_correlated,8,scheduled_gain,1560,0.007386221827471839,1834280,0.014113799959886819,26
scaled_correlated,8,scheduled_gain,1680,0.005264237160683027,1975344,0.01638059999095276,28
scaled_correlated,8,scheduled_gain,1800,0.0036488321099721333,2116408,0.018925399985164404,30
scaled_correlated,8,scheduled_gain,1920,0.0026107104152357508,2257472,0.021282600006088614,32
scaled_correlated,8,scheduled_gain,2040,0.0016887963648883897,2398536,0.023417799966409802,34
scaled_correlated,8,scheduled_gain,2160,0.0011456368194111555,2539600,0.02493849996244535,36
scaled_correlated,8,scheduled_gain,2280,0.0007735674677777915,2680664,0.026133099978324026,38
scaled_correlated,8,scheduled_gain,2400,0.0005187742035595022,2821728,0.027099400002043694,40
scaled_correlated,8,triggered_gain,0,69.57251603322415,448,2.8999638743698597e-06,0
scaled_correlated,8,triggered_gain,120,6.254133871110288,122264,0.0010367999784648418,1
scaled_correlated,8,triggered_gain,240,3.077405229505267,224832,0.001965200004633516,1
scaled_correlated,8,triggered_gain,360,1.6009740532314458,346648,0.0029000999638810754,2
scaled_correlated,8,triggered_gain,480,1.0428098867026891,468464,0.004123099963180721,3
scaled_correlated,8,triggered_gain,600,0.6883005289231905,590280,0.0050624999566935,4
scaled_correlated,8,triggered_gain,720,0.5794996747235541,692848,0.006016900006216019,4
scaled_correlated,8,triggered_gain,840,0.40453641734658463,814664,0.006951899966225028,5
scaled_correlated,8,triggered_gain,960,0.3865308872301725,917232,0.007894999987911433,5
scaled_correlated,8,triggered_gain,1080,0.25214933500641923,1039048,0.008827499987091869,6
scaled_correlated,8,triggered_gain,1200,0.17110873149140549,1141616,0.009737499989569187,6
scaled_correlated,8,triggered_gain,1320,0.16351469901348192,1244184,0.010652199969626963,6
scaled_correlated,8,triggered_gain,1440,0.11486790213292553,1366000,0.011571499984711409,7
scaled_correlated,8,triggered_gain,1560,0.10915672319160663,1468568,0.012485799961723387,7
scaled_correlated,8,triggered_gain,1680,0.06644572912233748,1590384,0.013408900005742908,8
scaled_correlated,8,triggered_gain,1800,0.06516203327810643,1692952,0.014326800010167062,8
scaled_correlated,8,triggered_gain,1920,0.04983929099997653,1814768,0.015247299976181239,9
scaled_correlated,8,triggered_gain,2040,0.04756243204553012,1917336,0.016224299964960665,9
scaled_correlated,8,triggered_gain,2160,0.034424901233355065,2039152,0.018462999956682324,10
scaled_correlated,8,triggered_gain,2280,0.03049673540427822,2141720,0.020322599972132593,10
scaled_correlated,8,triggered_gain,2400,0.025596657501171016,2263536,0.02180779998889193,11
scaled_correlated,9,uniform,0,33.37124970433512,448,4.100031219422817e-06,0
scaled_correlated,9,uniform,120,5.171082795225751,103016,0.0010869000107049942,0
scaled_correlated,9,uniform,240,2.6777512682939673,205584,0.0020111000048927963,0
scaled_correlated,9,uniform,360,1.233655585967246,308152,0.0029439000063575804,0
scaled_correlated,9,uniform,480,0.6206156024922631,410720,0.00387000001501292,0
scaled_correlated,9,uniform,600,0.28802714555018083,513288,0.004796600027475506,0
scaled_correlated,9,uniform,720,0.17156406490443787,615856,0.005719200009480119,0
scaled_correlated,9,uniform,840,0.07165252511345122,718424,0.006640500039793551,0
scaled_correlated,9,uniform,960,0.0438640978302387,820992,0.007554100011475384,0
scaled_correlated,9,uniform,1080,0.020725564254330475,923560,0.008468400046695024,0
scaled_correlated,9,uniform,1200,0.017292303435375356,1026128,0.009375100024044514,0
scaled_correlated,9,uniform,1320,0.009608469896631,1128696,0.01029120001476258,0
scaled_correlated,9,uniform,1440,0.004786191252333261,1231264,0.01130320003721863,0
scaled_correlated,9,uniform,1560,0.003403051019166714,1333832,0.013994300039485097,0
scaled_correlated,9,uniform,1680,0.0028997116798397116,1436400,0.014942900044843554,0
scaled_correlated,9,uniform,1800,0.00143688401253117,1538968,0.015873100026510656,0
scaled_correlated,9,uniform,1920,0.0005390525146049541,1641536,0.01683720003347844,0
scaled_correlated,9,uniform,2040,0.00037647614904301463,1744104,0.017784700030460954,0
scaled_correlated,9,uniform,2160,0.00020965344449574985,1846672,0.01872320001712069,0
scaled_correlated,9,uniform,2280,0.00015704382644932124,1949240,0.019651100039482117,0
scaled_correlated,9,uniform,2400,0.00010889712328010503,2051808,0.020571400003973395,0
scaled_correlated,9,lipschitz,0,33.37124970433512,448,2.900022082030773e-06,0
scaled_correlated,9,lipschitz,120,3.4479675510935737,103016,0.0009358000243082643,0
scaled_correlated,9,lipschitz,240,1.5482340943155841,205584,0.0018489999929443002,0
scaled_correlated,9,lipschitz,360,0.9421325652574843,308152,0.002776700013782829,0
scaled_correlated,9,lipschitz,480,0.532971006430798,410720,0.003689100034534931,0
scaled_correlated,9,lipschitz,600,0.3305826382003878,513288,0.0046258000074885786,0
scaled_correlated,9,lipschitz,720,0.2552832648856609,615856,0.005559400015044957,0
scaled_correlated,9,lipschitz,840,0.18389276839163005,718424,0.006470500025898218,0
scaled_correlated,9,lipschitz,960,0.12230709588509603,820992,0.0075369999976828694,0
scaled_correlated,9,lipschitz,1080,0.08974464425778539,923560,0.00949120003497228,0
scaled_correlated,9,lipschitz,1200,0.07111552682335809,1026128,0.010425499989651144,0
scaled_correlated,9,lipschitz,1320,0.0522183229314197,1128696,0.011353800015058368,0
scaled_correlated,9,lipschitz,1440,0.041474378075713414,1231264,0.012301300012040883,0
scaled_correlated,9,lipschitz,1560,0.03808406955280885,1333832,0.01323799998499453,0
scaled_correlated,9,lipschitz,1680,0.03513682903392645,1436400,0.014192600036039948,0
scaled_correlated,9,lipschitz,1800,0.021030849541830765,1538968,0.01511530001880601,0
scaled_correlated,9,lipschitz,1920,0.018155611828233553,1641536,0.01603390002856031,0
scaled_correlated,9,lipschitz,2040,0.011707985228337936,1744104,0.016946999996434897,0
scaled_correlated,9,lipschitz,2160,0.01050578674169822,1846672,0.017855699989013374,0
scaled_correlated,9,lipschitz,2280,0.008971451551282872,1949240,0.018761900020763278,0
scaled_correlated,9,lipschitz,2400,0.00808828420807206,2051808,0.019660499994643033,0
scaled_correlated,9,scheduled_gain,0,33.37124970433512,448,2.9999646358191967e-06,0
scaled_correlated,9,scheduled_gain,120,2.490856577674852,141512,0.0009658999624662101,2
scaled_correlated,9,scheduled_gain,240,1.2195619677046805,282576,0.0019064999651163816,4
scaled_correlated,9,scheduled_gain,360,0.7678120131610404,423640,0.00284909998299554,6
scaled_correlated,9,scheduled_gain,480,0.5464229767347222,564704,0.004926699970383197,8
scaled_correlated,9,scheduled_gain,600,0.4009654076947009,705768,0.005895899957977235,10
scaled_correlated,9,scheduled_gain,720,0.29572762853302637,846832,0.006841599999461323,12
scaled_correlated,9,scheduled_gain,840,0.19903732507326888,987896,0.007780599989928305,14
scaled_correlated,9,scheduled_gain,960,0.15294900552992186,1128960,0.008751299988944083,16
scaled_correlated,9,scheduled_gain,1080,0.10529165350497216,1270024,0.009715599997434765,18
scaled_correlated,9,scheduled_gain,1200,0.07644386247512136,1411088,0.0106540999840945,20
scaled_correlated,9,scheduled_gain,1320,0.050229670481623856,1552152,0.011589500005356967,22
scaled_correlated,9,scheduled_gain,1440,0.03838960179935036,1693216,0.012520599993877113,24
scaled_correlated,9,scheduled_gain,1560,0.03005722308335468,1834280,0.013477600004989654,26
scaled_correlated,9,scheduled_gain,1680,0.02412186171546038,1975344,0.01440699998056516,28
scaled_correlated,9,scheduled_gain,1800,0.019351277170776893,2116408,0.015331399976275861,30
scaled_correlated,9,scheduled_gain,1920,0.015047218948636143,2257472,0.016263899975456297,32
scaled_correlated,9,scheduled_gain,2040,0.011881194940075002,2398536,0.017191999999340624,34
scaled_correlated,9,scheduled_gain,2160,0.009238471612146526,2539600,0.0193660999648273,36
scaled_correlated,9,scheduled_gain,2280,0.007320703165944131,2680664,0.02227869996568188,38
scaled_correlated,9,scheduled_gain,2400,0.0056538448007135145,2821728,0.023238199995830655,40
scaled_correlated,9,triggered_gain,0,33.37124970433512,448,2.900022082030773e-06,0
scaled_correlated,9,triggered_gain,120,3.658127996947166,122264,0.0009568000095896423,1
scaled_correlated,9,triggered_gain,240,1.994779768948396,224832,0.0018844999722205102,1
scaled_correlated,9,triggered_gain,360,0.7913683856336275,346648,0.0038244000170379877,2
scaled_correlated,9,triggered_gain,480,0.4696155770952206,449216,0.0054843000252731144,2
scaled_correlated,9,triggered_gain,600,0.287975126773095,571032,0.007731999969109893,3
scaled_correlated,9,triggered_gain,720,0.2137304302974914,673600,0.010386599984485656,3
scaled_correlated,9,triggered_gain,840,0.1580082430201184,795416,0.011781100009102374,4
scaled_correlated,9,triggered_gain,960,0.14369781019730787,897984,0.012939099979121238,4
scaled_correlated,9,triggered_gain,1080,0.09689657109008598,1019800,0.01476719998754561,5
scaled_correlated,9,triggered_gain,1200,0.09178944156121105,1122368,0.015796400024555624,5
scaled_correlated,9,triggered_gain,1320,0.06836226876954843,1244184,0.016737099969759583,6
scaled_correlated,9,triggered_gain,1440,0.06641006145356343,1346752,0.01766529999440536,6
scaled_correlated,9,triggered_gain,1560,0.05474851942403092,1468568,0.01883429998997599,7
scaled_correlated,9,triggered_gain,1680,0.051878423257510686,1571136,0.019817500025965273,7
scaled_correlated,9,triggered_gain,1800,0.03820921214384709,1692952,0.020750799973029643,8
scaled_correlated,9,triggered_gain,1920,0.03662852551856188,1795520,0.02169680001679808,8
scaled_correlated,9,triggered_gain,2040,0.028305027860549004,1917336,0.022654299973510206,9
scaled_correlated,9,triggered_gain,2160,0.026487038036213217,2019904,0.0235794999753125,9
scaled_correlated,9,triggered_gain,2280,0.022746378181317972,2141720,0.02451610000571236,10
scaled_correlated,9,triggered_gain,2400,0.01757016337500028,2244288,0.025448200001847,10
scaled_correlated,10,uniform,0,55.62927047254549,448,3.100023604929447e-06,0
scaled_correlated,10,uniform,120,8.437716752014696,103016,0.0015465000178664923,0
scaled_correlated,10,uniform,240,3.508682009682261,205584,0.0028871999820694327,0
scaled_correlated,10,uniform,360,1.2619086065683982,308152,0.004087599983904511,0
scaled_correlated,10,uniform,480,0.5733835774681677,410720,0.006006899988278747,0
scaled_correlated,10,uniform,600,0.2668995012800184,513288,0.007009799999650568,0
scaled_correlated,10,uniform,720,0.11901657146199707,615856,0.007942099997308105,0
scaled_correlated,10,uniform,840,0.06149315969093738,718424,0.008861500013154,0
scaled_correlated,10,uniform,960,0.027422519795990308,820992,0.009867999993730336,0
scaled_correlated,10,uniform,1080,0.012859988451154436,923560,0.010787900013383478,0
scaled_correlated,10,uniform,1200,0.005164474759381754,1026128,0.011705000011716038,0
scaled_correlated,10,uniform,1320,0.003049959756877829,1128696,0.012643800000660121,0
scaled_correlated,10,uniform,1440,0.0012912159420999103,1231264,0.013772599981166422,0
scaled_correlated,10,uniform,1560,0.0007371489073038084,1333832,0.01469159999396652,0
scaled_correlated,10,uniform,1680,0.0003330339792015913,1436400,0.01562670001294464,0
scaled_correlated,10,uniform,1800,0.0001546905445950486,1538968,0.016555099980905652,0
scaled_correlated,10,uniform,1920,7.600030015986192e-05,1641536,0.018254499998874962,0
scaled_correlated,10,uniform,2040,4.6817391638143135e-05,1744104,0.019843399990350008,0
scaled_correlated,10,uniform,2160,2.499359878882501e-05,1846672,0.021407000022009015,0
scaled_correlated,10,uniform,2280,1.269987428509367e-05,1949240,0.022690300014801323,0
scaled_correlated,10,uniform,2400,6.83569915160831e-06,2051808,0.025001300033181906,0
scaled_correlated,10,lipschitz,0,55.62927047254549,448,8.09994526207447e-06,0
scaled_correlated,10,lipschitz,120,1.3279970591907788,103016,0.0009952999535016716,0
scaled_correlated,10,lipschitz,240,0.34634069533320666,205584,0.001934100000653416,0
scaled_correlated,10,lipschitz,360,0.19678783444664782,308152,0.0028598999488167465,0
scaled_correlated,10,lipschitz,480,0.14561258711348435,410720,0.0038339999737218022,0
scaled_correlated,10,lipschitz,600,0.08895157405197951,513288,0.005601299984846264,0
scaled_correlated,10,lipschitz,720,0.08104202853464004,615856,0.0074257999658584595,0
scaled_correlated,10,lipschitz,840,0.05419543281362804,718424,0.009367799968458712,0
scaled_correlated,10,lipschitz,960,0.048294433500609024,820992,0.011177799955476075,0
scaled_correlated,10,lipschitz,1080,0.041188322555358425,923560,0.013242099958006293,0
scaled_correlated,10,lipschitz,1200,0.0378029968002247,1026128,0.014323099981993437,0
scaled_correlated,10,lipschitz,1320,0.03375819804517066,1128696,0.015277999977115542,0
scaled_correlated,10,lipschitz,1440,0.03040481477230239,1231264,0.01621029997477308,0
scaled_correlated,10,lipschitz,1560,0.027210457956360568,1333832,0.017863299988675863,0
scaled_correlated,10,lipschitz,1680,0.021761286748689823,1436400,0.0197510999860242,0
scaled_correlated,10,lipschitz,1800,0.019755853239644683,1538968,0.021329399954993278,0
scaled_correlated,10,lipschitz,1920,0.019096904634242406,1641536,0.02272039995295927,0
scaled_correlated,10,lipschitz,2040,0.017780214313618092,1744104,0.02397379995090887,0
scaled_correlated,10,lipschitz,2160,0.01670011354232903,1846672,0.025210199994035065,0
scaled_correlated,10,lipschitz,2280,0.016531296034339782,1949240,0.026645399979315698,0
scaled_correlated,10,lipschitz,2400,0.015567882254508891,2051808,0.027592799975536764,0
scaled_correlated,10,scheduled_gain,0,55.62927047254549,448,3.00002284348011e-06,0
scaled_correlated,10,scheduled_gain,120,5.074834834231401,141512,0.0010168000007979572,2
scaled_correlated,10,scheduled_gain,240,2.0658558001300453,282576,0.0038867000257596374,4
scaled_correlated,10,scheduled_gain,360,1.0697830746689383,423640,0.006149000022560358,6
scaled_correlated,10,scheduled_gain,480,0.5928724193446722,564704,0.007760500011499971,8
scaled_correlated,10,scheduled_gain,600,0.36139892276242813,705768,0.009050299995578825,10
scaled_correlated,10,scheduled_gain,720,0.24822991357402868,846832,0.010287500044796616,12
scaled_correlated,10,scheduled_gain,840,0.1597147657795941,987896,0.011338100011926144,14
scaled_correlated,10,scheduled_gain,960,0.10646338455614712,1128960,0.012347100011538714,16
scaled_correlated,10,scheduled_gain,1080,0.07135865293860277,1270024,0.01329150004312396,18
scaled_correlated,10,scheduled_gain,1200,0.04963672470157565,1411088,0.015897300036158413,20
scaled_correlated,10,scheduled_gain,1320,0.03450543850002541,1552152,0.01815280003938824,22
scaled_correlated,10,scheduled_gain,1440,0.02332743573477636,1693216,0.01915690000168979,24
scaled_correlated,10,scheduled_gain,1560,0.016577813437952393,1834280,0.02198720001615584,26
scaled_correlated,10,scheduled_gain,1680,0.011162861576405891,1975344,0.02314410003600642,28
scaled_correlated,10,scheduled_gain,1800,0.006618258451177805,2116408,0.024091900035273284,30
scaled_correlated,10,scheduled_gain,1920,0.004354633383882867,2257472,0.025027700001373887,32
scaled_correlated,10,scheduled_gain,2040,0.0030528299567667005,2398536,0.026084600016474724,34
scaled_correlated,10,scheduled_gain,2160,0.0023060950030431293,2539600,0.027040300017688423,36
scaled_correlated,10,scheduled_gain,2280,0.0017208096460312738,2680664,0.029014800034929067,38
scaled_correlated,10,scheduled_gain,2400,0.0012612384038774849,2821728,0.031280299997888505,40
scaled_correlated,10,triggered_gain,0,55.62927047254549,448,6.199989002197981e-06,0
scaled_correlated,10,triggered_gain,120,4.845294891287729,122264,0.0019172999891452491,1
scaled_correlated,10,triggered_gain,240,2.070258218912613,224832,0.004097800003364682,1
scaled_correlated,10,triggered_gain,360,0.7711132167904435,346648,0.005369700025767088,2
scaled_correlated,10,triggered_gain,480,0.4785051234435893,468464,0.007537700003013015,3
scaled_correlated,10,triggered_gain,600,0.3438148221866797,590280,0.009992100007366389,4
scaled_correlated,10,triggered_gain,720,0.23193080149319645,712096,0.012377900013234466,5
scaled_correlated,10,triggered_gain,840,0.18524633715274597,814664,0.014800400007516146,5
scaled_correlated,10,triggered_gain,960,0.14126477328121068,936480,0.017236299987416714,6
scaled_correlated,10,triggered_gain,1080,0.11268313658322304,1039048,0.01972179999575019,6
scaled_correlated,10,triggered_gain,1200,0.10465366654981345,1141616,0.022870799992233515,6
scaled_correlated,10,triggered_gain,1320,0.08385412076281185,1263432,0.02579350001178682,7
scaled_correlated,10,triggered_gain,1440,0.07696375376289932,1366000,0.02818299998762086,7
scaled_correlated,10,triggered_gain,1560,0.044105808872499264,1487816,0.03073900000890717,8
scaled_correlated,10,triggered_gain,1680,0.03248757715755968,1590384,0.032922100042924285,8
scaled_correlated,10,triggered_gain,1800,0.02376863542364882,1712200,0.03474790003383532,9
scaled_correlated,10,triggered_gain,1920,0.021366704366464706,1814768,0.03642210003454238,9
scaled_correlated,10,triggered_gain,2040,0.018016621892953832,1936584,0.03788940003141761,10
scaled_correlated,10,triggered_gain,2160,0.0151895110175011,2039152,0.03935179999098182,10
scaled_correlated,10,triggered_gain,2280,0.014139439530485909,2141720,0.04225970001425594,10
scaled_correlated,10,triggered_gain,2400,0.011795704547476138,2263536,0.04513460001908243,11
scaled_correlated,11,uniform,0,126.69218421731851,448,9.300012607127428e-06,0
scaled_correlated,11,uniform,120,20.182636567645247,103016,0.0023702000034973025,0
scaled_correlated,11,uniform,240,6.800461340892973,205584,0.004314700025133789,0
scaled_correlated,11,uniform,360,3.8511846354941945,308152,0.005974300031084567,0
scaled_correlated,11,uniform,480,2.171072264831731,410720,0.00849400000879541,0
scaled_correlated,11,uniform,600,1.3065544998566696,513288,0.010735200019553304,0
scaled_correlated,11,uniform,720,0.8807097639352346,615856,0.012414700002409518,0
scaled_correlated,11,uniform,840,0.41775712330728476,718424,0.013828099996317178,0
scaled_correlated,11,uniform,960,0.19226062632364282,820992,0.01505159999942407,0
scaled_correlated,11,uniform,1080,0.09459682921839185,923560,0.016255200025625527,0
scaled_correlated,11,uniform,1200,0.049246119811671374,1026128,0.01722219999646768,0
scaled_correlated,11,uniform,1320,0.03136019732504547,1128696,0.01821030001156032,0
scaled_correlated,11,uniform,1440,0.022722328333121045,1231264,0.0191497000050731,0
scaled_correlated,11,uniform,1560,0.012584166029993682,1333832,0.020174200006294996,0
scaled_correlated,11,uniform,1680,0.00818595992079496,1436400,0.021084300009533763,0
scaled_correlated,11,uniform,1800,0.005027400433945228,1538968,0.022048800019547343,0
scaled_correlated,11,uniform,1920,0.0029435145498610815,1641536,0.02296510001178831,0
scaled_correlated,11,uniform,2040,0.0019654298223237276,1744104,0.02584200003184378,0
scaled_correlated,11,uniform,2160,0.0012704639636758053,1846672,0.028655100031755865,0
scaled_correlated,11,uniform,2280,0.000986758434626367,1949240,0.03098490001866594,0
scaled_correlated,11,uniform,2400,0.0006458460089748819,2051808,0.033400600019376725,0
scaled_correlated,11,lipschitz,0,126.69218421731851,448,9.200011845678091e-06,0
scaled_correlated,11,lipschitz,120,2.145401448476884,103016,0.0027701000217348337,0
scaled_correlated,11,lipschitz,240,1.2829103620590763,205584,0.00514720001956448,0
scaled_correlated,11,lipschitz,360,0.638473423047857,308152,0.008032100042328238,0
scaled_correlated,11,lipschitz,480,0.5360178447918167,410720,0.009823900007177144,0
scaled_correlated,11,lipschitz,600,0.4341237781986922,513288,0.012677100021392107,0
scaled_correlated,11,lipschitz,720,0.29850393348137905,615856,0.015098000003490597,0
scaled_correlated,11,lipschitz,840,0.21112785901440256,718424,0.01742079999530688,0
scaled_correlated,11,lipschitz,960,0.11435887680115187,820992,0.019858999992720783,0
scaled_correlated,11,lipschitz,1080,0.08595557660103292,923560,0.021777399990241975,0
scaled_correlated,11,lipschitz,1200,0.06723347671167534,1026128,0.023093499999959022,0
scaled_correlated,11,lipschitz,1320,0.05131523146257644,1128696,0.025029900018125772,0
scaled_correlated,11,lipschitz,1440,0.04370871722247083,1231264,0.02614740002900362,0
scaled_correlated,11,lipschitz,1560,0.039010880737842424,1333832,0.027085700014140457,0
scaled_correlated,11,lipschitz,1680,0.03453934771061595,1436400,0.028130499995313585,0
scaled_correlated,11,lipschitz,1800,0.032332101688508974,1538968,0.029113100026734173,0
scaled_correlated,11,lipschitz,1920,0.018951614591445676,1641536,0.030022200022358447,0
scaled_correlated,11,lipschitz,2040,0.016986792073764967,1744104,0.030925000028219074,0
scaled_correlated,11,lipschitz,2160,0.01534825592052913,1846672,0.031948400021065027,0
scaled_correlated,11,lipschitz,2280,0.01354101704186128,1949240,0.032899899990297854,0
scaled_correlated,11,lipschitz,2400,0.012640329725682964,2051808,0.03381600003922358,0
scaled_correlated,11,scheduled_gain,0,126.69218421731851,448,2.900022082030773e-06,0
scaled_correlated,11,scheduled_gain,120,12.533084340534485,141512,0.0009613000438548625,2
scaled_correlated,11,scheduled_gain,240,6.348405961435798,282576,0.0020355000160634518,4
scaled_correlated,11,scheduled_gain,360,3.1391878320372606,423640,0.0030189999961294234,6
scaled_correlated,11,scheduled_gain,480,1.8343674709079765,564704,0.004006900009699166,8
scaled_correlated,11,scheduled_gain,600,1.2078767870595297,705768,0.004942400031723082,10
scaled_correlated,11,scheduled_gain,720,0.8009470440050754,846832,0.008372200012672693,12
scaled_correlated,11,scheduled_gain,840,0.5479259781532142,987896,0.011287700035609305,14
scaled_correlated,11,scheduled_gain,960,0.40290234349119824,1128960,0.013753400009591132,16
scaled_correlated,11,scheduled_gain,1080,0.2701492495193567,1270024,0.01615530002163723,18
scaled_correlated,11,scheduled_gain,1200,0.19832401864732008,1411088,0.01833210000768304,20
scaled_correlated,11,scheduled_gain,1320,0.14823564194968064,1552152,0.020216000033542514,22
scaled_correlated,11,scheduled_gain,1440,0.10749689777045868,1693216,0.02176610002061352,24
scaled_correlated,11,scheduled_gain,1560,0.07384905391975494,1834280,0.02380510000512004,26
scaled_correlated,11,scheduled_gain,1680,0.04975911534862787,1975344,0.02508940000552684,28
scaled_correlated,11,scheduled_gain,1800,0.03491241444379822,2116408,0.026141200040001422,30
scaled_correlated,11,scheduled_gain,1920,0.02466438606320409,2257472,0.02713110001059249,32
scaled_correlated,11,scheduled_gain,2040,0.018483716421811902,2398536,0.028084999998100102,34
scaled_correlated,11,scheduled_gain,2160,0.014176359620696743,2539600,0.029028500022832304,36
scaled_correlated,11,scheduled_gain,2280,0.00970059971273285,2680664,0.029961600026581436,38
scaled_correlated,11,scheduled_gain,2400,0.006897035856091804,2821728,0.03090020001400262,40
scaled_correlated,11,triggered_gain,0,126.69218421731851,448,3.100023604929447e-06,0
scaled_correlated,11,triggered_gain,120,12.117563172914211,122264,0.0010029000113718212,1
scaled_correlated,11,triggered_gain,240,4.797665870029265,224832,0.0028669000021182,1
scaled_correlated,11,triggered_gain,360,3.1752927830423867,346648,0.004502800002228469,2
scaled_correlated,11,triggered_gain,480,2.2738356754089692,468464,0.0057455999776721,3
scaled_correlated,11,triggered_gain,600,1.8024427025077814,571032,0.006848299992270768,3
scaled_correlated,11,triggered_gain,720,1.6381489006334564,673600,0.008214799978304654,3
scaled_correlated,11,triggered_gain,840,1.1496710995026933,795416,0.009282800019718707,4
scaled_correlated,11,triggered_gain,960,0.9360807422917592,897984,0.0103506000014022,4
scaled_correlated,11,triggered_gain,1080,0.7305676527976801,1019800,0.011287999979685992,5
scaled_correlated,11,triggered_gain,1200,0.6392980315065633,1122368,0.01233739999588579,5
scaled_correlated,11,triggered_gain,1320,0.5318043507251731,1244184,0.013330399990081787,6
scaled_correlated,11,triggered_gain,1440,0.4762443335169775,1346752,0.01424270001007244,6
scaled_correlated,11,triggered_gain,1560,0.4300969194677928,1449320,0.015156199980992824,6
scaled_correlated,11,triggered_gain,1680,0.3271119681927561,1551888,0.01619699998991564,6
scaled_correlated,11,triggered_gain,1800,0.304321047887508,1654456,0.017175799992401153,6
scaled_correlated,11,triggered_gain,1920,0.20843529903806202,1776272,0.01810220000334084,7
scaled_correlated,11,triggered_gain,2040,0.18120479411069734,1878840,0.0190195000031963,7
scaled_correlated,11,triggered_gain,2160,0.14272791083329084,2000656,0.02006260002963245,8
scaled_correlated,11,triggered_gain,2280,0.13975019953855528,2103224,0.02097830001730472,8
scaled_correlated,11,triggered_gain,2400,0.11457374580117197,2225040,0.021951699978671968,9
diabetes,0,uniform,0,111.9433754500213,452,3.6999699659645557e-06,0
diabetes,0,uniform,120,0.37332373665280727,108544,0.0010732999653555453,0
diabetes,0,uniform,240,0.1474858340560843,216636,0.002020999963860959,0
diabetes,0,uniform,360,0.05446071656049867,324728,0.0029711999814026058,0
diabetes,0,uniform,480,0.03347297422814677,432820,0.004012799996417016,0
diabetes,0,uniform,600,0.02329432468555126,540912,0.005031699954997748,0
diabetes,0,uniform,720,0.011263813443093795,649004,0.0059426999650895596,0
diabetes,0,uniform,840,0.0039706336357454575,757096,0.006858799955807626,0
diabetes,0,uniform,960,0.0015213713746646818,865188,0.007894199981819838,0
diabetes,0,uniform,1080,0.0007661173021631384,973280,0.00886129995342344,0
diabetes,0,uniform,1200,0.0004490536674808254,1081372,0.009776399994734675,0
diabetes,0,uniform,1320,0.00019346377114004554,1189464,0.010687199945095927,0
diabetes,0,uniform,1440,7.979532529134303e-05,1297556,0.011764700000640005,0
diabetes,0,uniform,1560,2.863759182503145e-05,1405648,0.015213299950119108,0
diabetes,0,uniform,1680,1.090491232957902e-05,1513740,0.017668799962848425,0
diabetes,0,uniform,1800,4.314667279459172e-06,1621832,0.019987299980130047,0
diabetes,0,uniform,1920,1.8469458211711753e-06,1729924,0.022243599989451468,0
diabetes,0,uniform,2040,7.676171520643038e-07,1838016,0.024259199970401824,0
diabetes,0,uniform,2160,2.0575546955114987e-07,1946108,0.025794299959670752,0
diabetes,0,uniform,2280,1.185130997782835e-07,2054200,0.026758599968161434,0
diabetes,0,uniform,2400,4.948616094679892e-08,2162292,0.027665299945510924,0
diabetes,0,lipschitz,0,111.9433754500213,452,2.900022082030773e-06,0
diabetes,0,lipschitz,120,0.37332373665280727,108544,0.0021658000187017024,0
diabetes,0,lipschitz,240,0.1474858340560843,216636,0.0031358000123873353,0
diabetes,0,lipschitz,360,0.05446071656049867,324728,0.0043614000314846635,0
diabetes,0,lipschitz,480,0.03347297422814677,432820,0.005287200037855655,0
diabetes,0,lipschitz,600,0.02329432468555126,540912,0.006238000001758337,0
diabetes,0,lipschitz,720,0.011263813443093795,649004,0.007173600024543703,0
diabetes,0,lipschitz,840,0.0039706336357454575,757096,0.00806140003260225,0
diabetes,0,lipschitz,960,0.0015213713746646818,865188,0.009072699991520494,0
diabetes,0,lipschitz,1080,0.0007661173021631384,973280,0.010011600039433688,0
diabetes,0,lipschitz,1200,0.0004490536674808254,1081372,0.0108913000440225,0
diabetes,0,lipschitz,1320,0.00019346377114004554,1189464,0.011776500032283366,0
diabetes,0,lipschitz,1440,7.979532529134303e-05,1297556,0.0127834000159055,0
diabetes,0,lipschitz,1560,2.863759182503145e-05,1405648,0.013720099988859147,0
diabetes,0,lipschitz,1680,1.090491232957902e-05,1513740,0.014603400020860136,0
diabetes,0,lipschitz,1800,4.314667279459172e-06,1621832,0.01550060004228726,0
diabetes,0,lipschitz,1920,1.8469458211711753e-06,1729924,0.016387600044254214,0
diabetes,0,lipschitz,2040,7.676171520643038e-07,1838016,0.01762669999152422,0
diabetes,0,lipschitz,2160,2.0575546955114987e-07,1946108,0.018935700005386025,0
diabetes,0,lipschitz,2280,1.185130997782835e-07,2054200,0.019993800029624254,0
diabetes,0,lipschitz,2400,4.948616094679892e-08,2162292,0.021005899994634092,0
diabetes,0,scheduled_gain,0,111.9433754500213,452,2.800021320581436e-06,0
diabetes,0,scheduled_gain,120,2.3768436793387764,117404,0.001001099997665733,2
diabetes,0,scheduled_gain,240,0.5991037887287263,234356,0.0019080000347457826,4
diabetes,0,scheduled_gain,360,0.3060870418399446,351308,0.002813300001434982,6
diabetes,0,scheduled_gain,480,0.18570162782278032,468260,0.0038951000315137208,8
diabetes,0,scheduled_gain,600,0.07781215709921696,585212,0.0048034000210464,10
diabetes,0,scheduled_gain,720,0.04473054261295317,702164,0.005764100002124906,12
diabetes,0,scheduled_gain,840,0.02637224287933293,819116,0.006669300026260316,14
diabetes,0,scheduled_gain,960,0.0072545503948759915,936068,0.007828100002370775,16
diabetes,0,scheduled_gain,1080,0.002497798666382778,1053020,0.008748100022785366,18
diabetes,0,scheduled_gain,1200,0.0006583188362725423,1169972,0.009714699990581721,20
diabetes,0,scheduled_gain,1320,0.00037234020409471213,1286924,0.011739100038539618,22
diabetes,0,scheduled_gain,1440,0.00024047901199253374,1403876,0.013890600006561726,24
diabetes,0,scheduled_gain,1560,0.00019525416543331175,1520828,0.01711260003503412,26
diabetes,0,scheduled_gain,1680,0.00014887113024997234,1637780,0.019640600017737597,28
diabetes,0,scheduled_gain,1800,9.920881322500463e-05,1754732,0.02206710004247725,30
diabetes,0,scheduled_gain,1920,7.950134356349281e-05,1871684,0.024366800033021718,32
diabetes,0,scheduled_gain,2040,6.560861827153985e-05,1988636,0.026039800024591386,34
diabetes,0,scheduled_gain,2160,4.8108872320540286e-05,2105588,0.02697130001615733,36
diabetes,0,scheduled_gain,2280,3.8845697787337485e-05,2222540,0.02789440000196919,38
diabetes,0,scheduled_gain,2400,2.9655268676265223e-05,2339492,0.028936500020790845,40
diabetes,0,triggered_gain,0,111.9433754500213,452,2.8999638743698597e-06,0
diabetes,0,triggered_gain,120,4.790691683232993,112974,0.0022619999945163727,1
diabetes,0,triggered_gain,240,0.21641780500918628,221066,0.003304199955891818,1
diabetes,0,triggered_gain,360,0.04282568503161599,333588,0.004357700003311038,2
diabetes,0,triggered_gain,480,0.007199278583925661,446110,0.005336500005796552,3
diabetes,0,triggered_gain,600,0.003638890845806486,558632,0.006244099989999086,4
diabetes,0,triggered_gain,720,0.001247549878584664,671154,0.0071492999559268355,5
diabetes,0,triggered_gain,840,0.0006647093410236948,779246,0.008210400003008544,5
diabetes,0,triggered_gain,960,0.0004635544712527917,891768,0.009167399955913424,6
diabetes,0,triggered_gain,1080,0.000371592077101468,1004290,0.010066399991046637,7
diabetes,0,triggered_gain,1200,0.0003389904884159023,1116812,0.010964899964164943,8
diabetes,0,triggered_gain,1320,0.00028073571219522364,1229334,0.012168099987320602,9
diabetes,0,triggered_gain,1440,0.00027970138320654314,1337426,0.013071800000034273,9
diabetes,0,triggered_gain,1560,0.0002173281332318311,1449948,0.014057799999136478,10
diabetes,0,triggered_gain,1680,0.00018903726109442687,1558040,0.01498489995719865,10
diabetes,0,triggered_gain,1800,0.0001763476404192943,1670562,0.016011999978218228,11
diabetes,0,triggered_gain,1920,0.00016067966137711664,1783084,0.017006399983074516,12
diabetes,0,triggered_gain,2040,0.0001407902002767969,1891176,0.018818299984559417,12
diabetes,0,triggered_gain,2160,0.0001378532464428872,1999268,0.020011399989016354,12
diabetes,0,triggered_gain,2280,9.751725909268316e-05,2111790,0.020932999963406473,13
diabetes,0,triggered_gain,2400,6.962018113654267e-05,2219882,0.021889599971473217,13
diabetes,1,uniform,0,111.9433754500213,452,3.2999669201672077e-06,0
diabetes,1,uniform,120,0.11709026261837607,108544,0.0010812999680638313,0
diabetes,1,uniform,240,0.03740952506690576,216636,0.0020314999856054783,0
diabetes,1,uniform,360,0.014910633025110087,324728,0.0029266999918036163,0
diabetes,1,uniform,480,0.005002631783938227,432820,0.0038429999840445817,0
diabetes,1,uniform,600,0.001920476654291292,540912,0.004884399997536093,0
diabetes,1,uniform,720,0.0006114101246907921,649004,0.005834599956870079,0
diabetes,1,uniform,840,0.00024581558281511207,757096,0.0067323999828659,0
diabetes,1,uniform,960,0.00010302721511834534,865188,0.007623599958606064,0
diabetes,1,uniform,1080,4.0507048197468976e-05,973280,0.008686199958901852,0
diabetes,1,uniform,1200,1.4466939134649692e-05,1081372,0.009580799960531294,0
diabetes,1,uniform,1320,8.427754281115085e-06,1189464,0.010653899982571602,0
diabetes,1,uniform,1440,3.082327438619359e-06,1297556,0.011549699993338436,0
diabetes,1,uniform,1560,1.411144012308796e-06,1405648,0.0125594999990426,0
diabetes,1,uniform,1680,4.335874450589472e-07,1513740,0.014605199976358563,0
diabetes,1,uniform,1800,1.9557117525437206e-07,1621832,0.016988499963190407,0
diabetes,1,uniform,1920,8.869044165749074e-08,1729924,0.019249500008299947,0
diabetes,1,uniform,2040,3.847499385756237e-08,1838016,0.021276099956594408,0
diabetes,1,uniform,2160,1.8145470903618843e-08,1946108,0.02217779995407909,0
diabetes,1,uniform,2280,6.55234089208534e-09,2054200,0.023135699972044677,0
diabetes,1,uniform,2400,2.425025513730361e-09,2162292,0.024028099956922233,0
diabetes,1,lipschitz,0,111.9433754500213,452,2.7999631129205227e-06,0
diabetes,1,lipschitz,120,0.11709026261837607,108544,0.0010494999587535858,0
diabetes,1,lipschitz,240,0.03740952506690576,216636,0.0019398999866098166,0
diabetes,1,lipschitz,360,0.014910633025110087,324728,0.0035293999826535583,0
diabetes,1,lipschitz,480,0.005002631783938227,432820,0.00445359997684136,0
diabetes,1,lipschitz,600,0.001920476654291292,540912,0.005573500005993992,0
diabetes,1,lipschitz,720,0.0006114101246907921,649004,0.006520299997646362,0
diabetes,1,lipschitz,840,0.00024581558281511207,757096,0.007417199958581477,0
diabetes,1,lipschitz,960,0.00010302721511834534,865188,0.0083030000096187,0
diabetes,1,lipschitz,1080,4.0507048197468976e-05,973280,0.0093326999922283,0
diabetes,1,lipschitz,1200,1.4466939134649692e-05,1081372,0.01022170000942424,0
diabetes,1,lipschitz,1320,8.427754281115085e-06,1189464,0.01116529997671023,0
diabetes,1,lipschitz,1440,3.082327438619359e-06,1297556,0.012058999971486628,0
diabetes,1,lipschitz,1560,1.411144012308796e-06,1405648,0.012979799997992814,0
diabetes,1,lipschitz,1680,4.335874450589472e-07,1513740,0.014022399962414056,0
diabetes,1,lipschitz,1800,1.9557117525437206e-07,1621832,0.01498199999332428,0
diabetes,1,lipschitz,1920,8.869044165749074e-08,1729924,0.01587519998429343,0
diabetes,1,lipschitz,2040,3.847499385756237e-08,1838016,0.016777299984823912,0
diabetes,1,lipschitz,2160,1.8145470903618843e-08,1946108,0.017827500007115304,0
diabetes,1,lipschitz,2280,6.55234089208534e-09,2054200,0.01878949999809265,0
diabetes,1,lipschitz,2400,2.425025513730361e-09,2162292,0.020341299998108298,0
diabetes,1,scheduled_gain,0,111.9433754500213,452,7.599999662488699e-06,0
diabetes,1,scheduled_gain,120,0.9385819886040707,117404,0.0011141999857500196,2
diabetes,1,scheduled_gain,240,0.24624708476085289,234356,0.002036999969277531,4
diabetes,1,scheduled_gain,360,0.04616939552195731,351308,0.0030130999512039125,6
diabetes,1,scheduled_gain,480,0.015445766547983908,468260,0.0039227999513968825,8
diabetes,1,scheduled_gain,600,0.008074688231857863,585212,0.005094699969049543,10
diabetes,1,scheduled_gain,720,0.00498310061826146,702164,0.006012599973473698,12
diabetes,1,scheduled_gain,840,0.0031403971801324815,819116,0.006959399965126067,14
diabetes,1,scheduled_gain,960,0.0016692190896208103,936068,0.007938499969895929,16
diabetes,1,scheduled_gain,1080,0.0009988897141965936,1053020,0.008973199990577996,18
diabetes,1,scheduled_gain,1200,0.000666817585297963,1169972,0.009875499992631376,20
diabetes,1,scheduled_gain,1320,0.0004794511259404999,1286924,0.01083199999993667,22
diabetes,1,scheduled_gain,1440,0.0003383788486388539,1403876,0.011736899963580072,24
diabetes,1,scheduled_gain,1560,0.0002401257888919872,1520828,0.01263670000480488,26
diabetes,1,scheduled_gain,1680,0.00014881653287091012,1637780,0.013692599954083562,28
diabetes,1,scheduled_gain,1800,0.00011064985619668732,1754732,0.014661099994555116,30
diabetes,1,scheduled_gain,1920,7.258654466113512e-05,1871684,0.016346099961083382,32
diabetes,1,scheduled_gain,2040,5.924389471090308e-05,1988636,0.017574199999216944,34
diabetes,1,scheduled_gain,2160,4.846748647935328e-05,2105588,0.018549299973528832,36
diabetes,1,scheduled_gain,2280,4.1461056113689665e-05,2222540,0.019457099959254265,38
diabetes,1,scheduled_gain,2400,3.591833286975543e-05,2339492,0.020366299955639988,40
diabetes,1,triggered_gain,0,111.9433754500213,452,2.9999646358191967e-06,0
diabetes,1,triggered_gain,120,3.6934596622351137,112974,0.0011058999807573855,1
diabetes,1,triggered_gain,240,3.5963449892146855,221066,0.0020057999645359814,1
diabetes,1,triggered_gain,360,0.638978594869613,333588,0.002965299994684756,2
diabetes,1,triggered_gain,480,0.2735531579484274,441680,0.0038716999697498977,2
diabetes,1,triggered_gain,600,0.055597743043961145,554202,0.00502859998960048,3
diabetes,1,triggered_gain,720,0.02429232821027938,662294,0.005929999984800816,3
diabetes,1,triggered_gain,840,0.017336999942770603,774816,0.006881799956317991,4
diabetes,1,triggered_gain,960,0.01473179637751798,887338,0.007778799976222217,5
diabetes,1,triggered_gain,1080,0.011035506163509012,999860,0.008686199958901852,6
diabetes,1,triggered_gain,1200,0.009815016695327472,1107952,0.009716000000480562,6
diabetes,1,triggered_gain,1320,0.007243277101665058,1220474,0.010669899987988174,7
diabetes,1,triggered_gain,1440,0.006304728523801373,1328566,0.012091999989934266,7
diabetes,1,triggered_gain,1560,0.0038192022242782286,1441088,0.013382299977820367,8
diabetes,1,triggered_gain,1680,0.0031704294410133116,1549180,0.01429899997310713,8
diabetes,1,triggered_gain,1800,0.00275379443448287,1661702,0.015269499970600009,9
diabetes,1,triggered_gain,1920,0.002750366374357327,1769794,0.016168100002687424,9
diabetes,1,triggered_gain,2040,0.0018648212367367023,1882316,0.01723999995738268,10
diabetes,1,triggered_gain,2160,0.0014701757326491816,1990408,0.018198099976871163,10
diabetes,1,triggered_gain,2280,0.0013336763165909815,2102930,0.01915849995566532,11
diabetes,1,triggered_gain,2400,0.0011909404853582828,2215452,0.020055799977853894,12
diabetes,2,uniform,0,111.9433754500213,452,3.700028173625469e-06,0
diabetes,2,uniform,120,0.161753564788782,108544,0.0010260000126436353,0
diabetes,2,uniform,240,0.037558434891550974,216636,0.0019856999861076474,0
diabetes,2,uniform,360,0.008161493727996572,324728,0.0029049000004306436,0
diabetes,2,uniform,480,0.0033875338002928856,432820,0.004004499991424382,0
diabetes,2,uniform,600,0.001890427148353524,540912,0.004933500022161752,0
diabetes,2,uniform,720,0.0008324208355645624,649004,0.005965700023807585,0
diabetes,2,uniform,840,0.000318547625781207,757096,0.008414999989327043,0
diabetes,2,uniform,960,0.0001361707044651439,865188,0.010679099999833852,0
diabetes,2,uniform,1080,5.189145076656132e-05,973280,0.012686399975791574,0
diabetes,2,uniform,1200,2.815464807781609e-05,1081372,0.013661600009072572,0
diabetes,2,uniform,1320,1.1483667151424015e-05,1189464,0.014575199980754405,0
diabetes,2,uniform,1440,3.790453760643686e-06,1297556,0.015480600006412715,0
diabetes,2,uniform,1560,1.1904364640713538e-06,1405648,0.01654500002041459,0
diabetes,2,uniform,1680,6.57078317090054e-07,1513740,0.017497099994216114,0
diabetes,2,uniform,1800,2.800679936854067e-07,1621832,0.018394700018689036,0
diabetes,2,uniform,1920,1.0980895126522228e-07,1729924,0.019289700023364276,0
diabetes,2,uniform,2040,6.943960784155934e-08,1838016,0.02033500000834465,0
diabetes,2,uniform,2160,3.168433693190309e-08,1946108,0.021230500016827136,0
diabetes,2,uniform,2280,1.4579086382582318e-08,2054200,0.02217820001533255,0
diabetes,2,uniform,2400,5.841556571795081e-09,2162292,0.023288600030355155,0
diabetes,2,lipschitz,0,111.9433754500213,452,3.600027412176132e-06,0
diabetes,2,lipschitz,120,0.161753564788782,108544,0.0011434000334702432,0
diabetes,2,lipschitz,240,0.037558434891550974,216636,0.002140299999155104,0
diabetes,2,lipschitz,360,0.008161493727996572,324728,0.003040800045710057,0
diabetes,2,lipschitz,480,0.0033875338002928856,432820,0.0039388000150211155,0
diabetes,2,lipschitz,600,0.001890427148353524,540912,0.004978800017852336,0
diabetes,2,lipschitz,720,0.0008324208355645624,649004,0.0058744000270962715,0
diabetes,2,lipschitz,840,0.000318547625781207,757096,0.006822700030170381,0
diabetes,2,lipschitz,960,0.0001361707044651439,865188,0.007712800055742264,0
diabetes,2,lipschitz,1080,5.189145076656132e-05,973280,0.00860530004138127,0
diabetes,2,lipschitz,1200,2.815464807781609e-05,1081372,0.00972970004659146,0
diabetes,2,lipschitz,1320,1.1483667151424015e-05,1189464,0.010658300016075373,0
diabetes,2,lipschitz,1440,3.790453760643686e-06,1297556,0.011542300053406507,0
diabetes,2,lipschitz,1560,1.1904364640713538e-06,1405648,0.012465200037695467,0
diabetes,2,lipschitz,1680,6.57078317090054e-07,1513740,0.01349590002791956,0
diabetes,2,lipschitz,1800,2.800679936854067e-07,1621832,0.014382600027602166,0
diabetes,2,lipschitz,1920,1.0980895126522228e-07,1729924,0.015315200027544051,0
diabetes,2,lipschitz,2040,6.943960784155934e-08,1838016,0.016608400037512183,0
diabetes,2,lipschitz,2160,3.168433693190309e-08,1946108,0.01945040002465248,0
diabetes,2,lipschitz,2280,1.4579086382582318e-08,2054200,0.02168510004412383,0
diabetes,2,lipschitz,2400,5.841556571795081e-09,2162292,0.023910700052510947,0
diabetes,2,scheduled_gain,0,111.9433754500213,452,7.299997378140688e-06,0
diabetes,2,scheduled_gain,120,2.0816235042958198,117404,0.001705800008494407,2
diabetes,2,scheduled_gain,240,0.449107167156626,234356,0.0026098000234924257,4
diabetes,2,scheduled_gain,360,0.16585606627207028,351308,0.003517800010740757,6
diabetes,2,scheduled_gain,480,0.07987075934700272,468260,0.004419200005941093,8
diabetes,2,scheduled_gain,600,0.03137312873595022,585212,0.005322800017893314,10
diabetes,2,scheduled_gain,720,0.013365786537733015,702164,0.00621969997882843,12
diabetes,2,scheduled_gain,840,0.008710002731547206,819116,0.007117200002539903,14
diabetes,2,scheduled_gain,960,0.005477333299353404,936068,0.008055199985392392,16
diabetes,2,scheduled_gain,1080,0.0030559304090331807,1053020,0.009972999978344887,18
diabetes,2,scheduled_gain,1200,0.0011616295072656158,1169972,0.01179960003355518,20
diabetes,2,scheduled_gain,1320,0.00028552388198477274,1286924,0.012734199990518391,22
diabetes,2,scheduled_gain,1440,0.00023193022346390535,1403876,0.013783900009002537,24
diabetes,2,scheduled_gain,1560,0.0001880543737655671,1520828,0.0147006000042893,26
diabetes,2,scheduled_gain,1680,0.000110072830167951,1637780,0.015671200002543628,28
diabetes,2,scheduled_gain,1800,8.988560820455405e-05,1754732,0.01657189999241382,30
diabetes,2,scheduled_gain,1920,6.834947278377967e-05,1871684,0.017516400024760514,32
diabetes,2,scheduled_gain,2040,5.631487452717465e-05,1988636,0.018576800008304417,34
diabetes,2,scheduled_gain,2160,4.146717961361901e-05,2105588,0.019557500025257468,36
diabetes,2,scheduled_gain,2280,2.8907299594038705e-05,2222540,0.020465800014790148,38
diabetes,2,scheduled_gain,2400,2.188390600110779e-05,2339492,0.02139730000635609,40
diabetes,2,triggered_gain,0,111.9433754500213,452,2.8999638743698597e-06,0
diabetes,2,triggered_gain,120,1.400129418420363,112974,0.001054299995303154,1
diabetes,2,triggered_gain,240,0.5650581025565913,221066,0.002006299968343228,1
diabetes,2,triggered_gain,360,0.2974809058215442,333588,0.0029143999563530087,2
diabetes,2,triggered_gain,480,0.15032993433239028,446110,0.0045332000008784235,3
diabetes,2,triggered_gain,600,0.03567405740881213,554202,0.007813399948645383,3
diabetes,2,triggered_gain,720,0.02159886437134162,662294,0.010068399948067963,3
diabetes,2,triggered_gain,840,0.009933954966783176,774816,0.012434699980076402,4
diabetes,2,triggered_gain,960,0.00871819935179019,882908,0.014673599973320961,4
diabetes,2,triggered_gain,1080,0.004807027322897284,995430,0.017056799959391356,5
diabetes,2,triggered_gain,1200,0.003855625371983251,1103522,0.01933959999587387,5
diabetes,2,triggered_gain,1320,0.0023303614953391616,1216044,0.02110079996054992,6
diabetes,2,triggered_gain,1440,0.0015989881240869863,1324136,0.022119199973531067,6
diabetes,2,triggered_gain,1560,0.0010640321588795132,1436658,0.023066599969752133,7
diabetes,2,triggered_gain,1680,0.000787713374819532,1544750,0.023967199958860874,7
diabetes,2,triggered_gain,1800,0.0007690811535496778,1652842,0.024967399949673563,7
diabetes,2,triggered_gain,1920,0.0006514872346059519,1765364,0.02588039997499436,8
diabetes,2,triggered_gain,2040,0.0006436621385290664,1873456,0.026819499966222793,8
diabetes,2,triggered_gain,2160,0.0005024814453093995,1985978,0.02771909994771704,9
diabetes,2,triggered_gain,2280,0.0004950680716149236,2094070,0.028610199980903417,9
diabetes,2,triggered_gain,2400,0.0003594872441112784,2206592,0.029611999983899295,10
diabetes,3,uniform,0,111.9433754500213,452,3.400025889277458e-06,0
diabetes,3,uniform,120,0.016078700607451424,108544,0.0009529000381007791,0
diabetes,3,uniform,240,0.005100929214918892,216636,0.002146200044080615,0
diabetes,3,uniform,360,0.00156545548524889,324728,0.0030643000500276685,0
diabetes,3,uniform,480,0.000543492545943991,432820,0.004029600007925183,0
diabetes,3,uniform,600,0.00019518736390011782,540912,0.004968400055076927,0
diabetes,3,uniform,720,7.044722660509706e-05,649004,0.006834100000560284,0
diabetes,3,uniform,840,3.167284206995191e-05,757096,0.008211700012907386,0
diabetes,3,uniform,960,1.3221076471836568e-05,865188,0.009123500029090792,0
diabetes,3,uniform,1080,5.33359057897087e-06,973280,0.010133700037840754,0
diabetes,3,uniform,1200,2.4391508191001776e-06,1081372,0.011037400050554425,0
diabetes,3,uniform,1320,1.0406420329900357e-06,1189464,0.011985900055151433,0
diabetes,3,uniform,1440,4.6679436138674646e-07,1297556,0.012884600029792637,0
diabetes,3,uniform,1560,3.4688972050389566e-07,1405648,0.013779900036752224,0
diabetes,3,uniform,1680,1.59569012225802e-07,1513740,0.01489760004915297,0
diabetes,3,uniform,1800,7.302391225039173e-08,1621832,0.015853600052651018,0
diabetes,3,uniform,1920,3.012546301306429e-08,1729924,0.01675270003033802,0
diabetes,3,uniform,2040,1.3768087114840455e-08,1838016,0.017649600049480796,0
diabetes,3,uniform,2160,5.090356580694788e-09,1946108,0.018702700035646558,0
diabetes,3,uniform,2280,1.9078356672252994e-09,2054200,0.019656200020108372,0
diabetes,3,uniform,2400,1.0716121323639527e-09,2162292,0.020557000010740012,0
diabetes,3,lipschitz,0,111.9433754500213,452,2.800021320581436e-06,0
diabetes,3,lipschitz,120,0.016078700607451424,108544,0.0018484999891370535,0
diabetes,3,lipschitz,240,0.005100929214918892,216636,0.002772799984086305,0
diabetes,3,lipschitz,360,0.00156545548524889,324728,0.003796999983023852,0
diabetes,3,lipschitz,480,0.000543492545943991,432820,0.004711700021289289,0
diabetes,3,lipschitz,600,0.00019518736390011782,540912,0.0057428000145591795,0
diabetes,3,lipschitz,720,7.044722660509706e-05,649004,0.006650600000284612,0
diabetes,3,lipschitz,840,3.167284206995191e-05,757096,0.007603999983984977,0
diabetes,3,lipschitz,960,1.3221076471836568e-05,865188,0.00850579998223111,0
diabetes,3,lipschitz,1080,5.33359057897087e-06,973280,0.009432599996216595,0
diabetes,3,lipschitz,1200,2.4391508191001776e-06,1081372,0.010503400000743568,0
diabetes,3,lipschitz,1320,1.0406420329900357e-06,1189464,0.011470999976154417,0
diabetes,3,lipschitz,1440,4.6679436138674646e-07,1297556,0.012385400012135506,0
diabetes,3,lipschitz,1560,3.4688972050389566e-07,1405648,0.013292799994815141,0
diabetes,3,lipschitz,1680,1.59569012225802e-07,1513740,0.01429750001989305,0
diabetes,3,lipschitz,1800,7.302391225039173e-08,1621832,0.015197500004433095,0
diabetes,3,lipschitz,1920,3.012546301306429e-08,1729924,0.01613900001393631,0
diabetes,3,lipschitz,2040,1.3768087114840455e-08,1838016,0.017054199997801334,0
diabetes,3,lipschitz,2160,5.090356580694788e-09,1946108,0.01817060000030324,0
diabetes,3,lipschitz,2280,1.9078356672252994e-09,2054200,0.019104200007859617,0
diabetes,3,lipschitz,2400,1.0716121323639527e-09,2162292,0.020045500015839934,0
diabetes,3,scheduled_gain,0,111.9433754500213,452,2.700020559132099e-06,0
diabetes,3,scheduled_gain,120,0.12343434388775165,117404,0.0009498000144958496,2
diabetes,3,scheduled_gain,240,0.07592946652404464,234356,0.001891499967314303,4
diabetes,3,scheduled_gain,360,0.05228793284109656,351308,0.00295880000339821,6
diabetes,3,scheduled_gain,480,0.03746692063414514,468260,0.003983200003858656,8
diabetes,3,scheduled_gain,600,0.025528018209939773,585212,0.004897599981632084,10
diabetes,3,scheduled_gain,720,0.018306965317577806,702164,0.005825100000947714,12
diabetes,3,scheduled_gain,840,0.015141102807405105,819116,0.00688649999210611,14
diabetes,3,scheduled_gain,960,0.011494636442321848,936068,0.007844400010071695,16
diabetes,3,scheduled_gain,1080,0.008563204965895466,1053020,0.008758499985560775,18
diabetes,3,scheduled_gain,1200,0.00712421020998022,1169972,0.009665599965956062,20
diabetes,3,scheduled_gain,1320,0.005582056826668236,1286924,0.010736799973528832,22
diabetes,3,scheduled_gain,1440,0.0036723362148762817,1403876,0.011658400006126612,24
diabetes,3,scheduled_gain,1560,0.0028728571707290484,1520828,0.012623699964024127,26
diabetes,3,scheduled_gain,1680,0.0023756828276617625,1637780,0.013537699996959418,28
diabetes,3,scheduled_gain,1800,0.001583866817213675,1754732,0.014597799978218973,30
diabetes,3,scheduled_gain,1920,0.0011364992293891873,1871684,0.015508599986787885,32
diabetes,3,scheduled_gain,2040,0.0008961074723998763,1988636,0.016468500019982457,34
diabetes,3,scheduled_gain,2160,0.0007081217447080235,2105588,0.017381199984811246,36
diabetes,3,scheduled_gain,2280,0.0006023857512644781,2222540,0.018285300000570714,38
diabetes,3,scheduled_gain,2400,0.00042548906040451584,2339492,0.01934840000467375,40
diabetes,3,triggered_gain,0,111.9433754500213,452,2.800021320581436e-06,0
diabetes,3,triggered_gain,120,0.1341619912545582,112974,0.0009728000150062144,1
diabetes,3,triggered_gain,240,0.10994211919339136,221066,0.0018675000173971057,1
diabetes,3,triggered_gain,360,0.09564429017414966,333588,0.0027683000080287457,2
diabetes,3,triggered_gain,480,0.07209494130334804,441680,0.003817100019659847,2
diabetes,3,triggered_gain,600,0.06444565860383022,549772,0.004764600016642362,2
diabetes,3,triggered_gain,720,0.04303836601729927,662294,0.005674500018358231,3
diabetes,3,triggered_gain,840,0.04235596325369784,770386,0.00656800001161173,3
diabetes,3,triggered_gain,960,0.033839529778589394,882908,0.007702099974267185,4
diabetes,3,triggered_gain,1080,0.031813328958008924,991000,0.008590699988417327,4
diabetes,3,triggered_gain,1200,0.025287607243015486,1103522,0.009551699971780181,5
diabetes,3,triggered_gain,1320,0.025044521474299586,1211614,0.010436600015964359,5
diabetes,3,triggered_gain,1440,0.01942053663832155,1324136,0.011332999973092228,6
diabetes,3,triggered_gain,1560,0.018737813857242713,1432228,0.012395699974149466,6
diabetes,3,triggered_gain,1680,0.016690779995258254,1544750,0.01334920001681894,7
diabetes,3,triggered_gain,1800,0.016689575881443375,1652842,0.014282400021329522,7
diabetes,3,triggered_gain,1920,0.013648186120931882,1765364,0.01518639997811988,8
diabetes,3,triggered_gain,2040,0.011707684378635008,1873456,0.016200900019612163,8
diabetes,3,triggered_gain,2160,0.008718048582124993,1981548,0.017187000019475818,8
diabetes,3,triggered_gain,2280,0.008560532491827644,2089640,0.01809039997169748,8
diabetes,3,triggered_gain,2400,0.007666398532705898,2202162,0.019030400027986616,9
diabetes,4,uniform,0,111.9433754500213,452,3.300025127828121e-06,0
diabetes,4,uniform,120,0.22186726515890598,108544,0.0010235999943688512,0
diabetes,4,uniform,240,0.059109175426669935,216636,0.001929700025357306,0
diabetes,4,uniform,360,0.016764101964014344,324728,0.0028433999978005886,0
diabetes,4,uniform,480,0.008860735266082997,432820,0.004032000026199967,0
diabetes,4,uniform,600,0.002947596557632437,540912,0.006698800018057227,0
diabetes,4,uniform,720,0.0013992693644269139,649004,0.007731700025033206,0
diabetes,4,uniform,840,0.0005344697892297745,757096,0.01067059999331832,0
diabetes,4,uniform,960,0.00032388264661165067,865188,0.012282300041988492,0
diabetes,4,uniform,1080,0.0001367324442185236,973280,0.013669700012542307,0
diabetes,4,uniform,1200,3.770138600600603e-05,1081372,0.014579900016542524,0
diabetes,4,uniform,1320,1.648084682415174e-05,1189464,0.015593000047374517,0
diabetes,4,uniform,1440,6.536126562650679e-06,1297556,0.01649320003343746,0
diabetes,4,uniform,1560,2.2960667678262325e-06,1405648,0.017448100028559566,0
diabetes,4,uniform,1680,1.0955513545241047e-06,1513740,0.018341200018767267,0
diabetes,4,uniform,1800,3.1633071273518e-07,1621832,0.019269100041128695,0
diabetes,4,uniform,1920,1.1328451421377395e-07,1729924,0.020491400035098195,0
diabetes,4,uniform,2040,5.577746264862071e-08,1838016,0.021436300012283027,0
diabetes,4,uniform,2160,2.0733182282128837e-08,1946108,0.022324200021103024,0
diabetes,4,uniform,2280,7.638675469934242e-09,2054200,0.02321509999455884,0
diabetes,4,uniform,2400,2.4095783146549365e-09,2162292,0.024462500005029142,0
diabetes,4,lipschitz,0,111.9433754500213,452,3.2999669201672077e-06,0
diabetes,4,lipschitz,120,0.22186726515890598,108544,0.0014066999428905547,0
diabetes,4,lipschitz,240,0.059109175426669935,216636,0.002394899958744645,0
diabetes,4,lipschitz,360,0.016764101964014344,324728,0.0034513999707996845,0
diabetes,4,lipschitz,480,0.008860735266082997,432820,0.00434699998004362,0
diabetes,4,lipschitz,600,0.002947596557632437,540912,0.0052964999922551215,0
diabetes,4,lipschitz,720,0.0013992693644269139,649004,0.006195199966896325,0
diabetes,4,lipschitz,840,0.0005344697892297745,757096,0.007087699952535331,0
diabetes,4,lipschitz,960,0.00032388264661165067,865188,0.00811629998497665,0
diabetes,4,lipschitz,1080,0.0001367324442185236,973280,0.009064699988812208,0
diabetes,4,lipschitz,1200,3.770138600600603e-05,1081372,0.009952799999155104,0
diabetes,4,lipschitz,1320,1.648084682415174e-05,1189464,0.010834699962288141,0
diabetes,4,lipschitz,1440,6.536126562650679e-06,1297556,0.012933699996210635,0
diabetes,4,lipschitz,1560,2.2960667678262325e-06,1405648,0.013857799989636987,0
diabetes,4,lipschitz,1680,1.0955513545241047e-06,1513740,0.014834299974609166,0
diabetes,4,lipschitz,1800,3.1633071273518e-07,1621832,0.016585999983362854,0
diabetes,4,lipschitz,1920,1.1328451421377395e-07,1729924,0.018258199968840927,0
diabetes,4,lipschitz,2040,5.577746264862071e-08,1838016,0.01940309995552525,0
diabetes,4,lipschitz,2160,2.0733182282128837e-08,1946108,0.020424899994395673,0
diabetes,4,lipschitz,2280,7.638675469934242e-09,2054200,0.021380399994086474,0
diabetes,4,lipschitz,2400,2.4095783146549365e-09,2162292,0.02227439999114722,0
diabetes,4,scheduled_gain,0,111.9433754500213,452,2.9999646358191967e-06,0
diabetes,4,scheduled_gain,120,0.052737005465459674,117404,0.0009509999654255807,2
diabetes,4,scheduled_gain,240,0.005471891794186945,234356,0.0020345000084489584,4
diabetes,4,scheduled_gain,360,0.0014955909992977467,351308,0.002963299979455769,6
diabetes,4,scheduled_gain,480,0.0006787194663218088,468260,0.003930100006982684,8
diabetes,4,scheduled_gain,600,0.0003961428970455927,585212,0.004842999973334372,10
diabetes,4,scheduled_gain,720,0.0002136723107923899,702164,0.007501100015360862,12
diabetes,4,scheduled_gain,840,0.0001202171880976266,819116,0.00959789997432381,14
diabetes,4,scheduled_gain,960,5.0261101250725915e-05,936068,0.010646599985193461,16
diabetes,4,scheduled_gain,1080,3.318672611385409e-05,1053020,0.013295500015374273,18
diabetes,4,scheduled_gain,1200,2.2117578154734474e-05,1169972,0.014548800012562424,20
diabetes,4,scheduled_gain,1320,1.5504859234738433e-05,1286924,0.01583399996161461,22
diabetes,4,scheduled_gain,1440,9.869336722090338e-06,1403876,0.016797999967820942,24
diabetes,4,scheduled_gain,1560,5.794691276150843e-06,1520828,0.01811429997906089,26
diabetes,4,scheduled_gain,1680,4.2444375054628836e-06,1637780,0.019054099975619465,28
diabetes,4,scheduled_gain,1800,3.1611316870794326e-06,1754732,0.0200685000163503,30
diabetes,4,scheduled_gain,1920,2.4477174633830145e-06,1871684,0.020990899996832013,32
diabetes,4,scheduled_gain,2040,1.7448981424195154e-06,1988636,0.022081499977502972,34
diabetes,4,scheduled_gain,2160,1.0795394587148621e-06,2105588,0.0230716000078246,36
diabetes,4,scheduled_gain,2280,8.057356950530448e-07,2222540,0.025811499974224716,38
diabetes,4,scheduled_gain,2400,6.743662197550293e-07,2339492,0.027016200008802116,40
diabetes,4,triggered_gain,0,111.9433754500213,452,1.2699980288743973e-05,0
diabetes,4,triggered_gain,120,0.035344812790881974,112974,0.0015485999756492674,1
diabetes,4,triggered_gain,240,0.002002111150403607,221066,0.004112399998120964,1
diabetes,4,triggered_gain,360,0.000621135925030103,333588,0.006467300001531839,2
diabetes,4,triggered_gain,480,0.00022143268220986556,446110,0.008616699953563511,3
diabetes,4,triggered_gain,600,0.0001879242573039619,558632,0.009557299956213683,4
diabetes,4,triggered_gain,720,0.00016370658671860383,671154,0.010487399995326996,5
diabetes,4,triggered_gain,840,0.00016352175710210304,779246,0.011393599968869239,5
diabetes,4,triggered_gain,960,0.0001234550174871174,891768,0.012312599981669337,6
diabetes,4,triggered_gain,1080,0.00012328075003154026,999860,0.013265699963085353,6
diabetes,4,triggered_gain,1200,0.00010414562441951603,1112382,0.014215799979865551,7
diabetes,4,triggered_gain,1320,0.00010363347915642862,1220474,0.01512269995873794,7
diabetes,4,triggered_gain,1440,5.974296686872549e-05,1332996,0.016043299983721226,8
diabetes,4,triggered_gain,1560,5.255681996629846e-05,1441088,0.017261600005440414,8
diabetes,4,triggered_gain,1680,2.444108598353978e-05,1553610,0.019831999961752445,9
diabetes,4,triggered_gain,1800,2.1663683796191435e-05,1661702,0.022248499968554825,9
diabetes,4,triggered_gain,1920,1.872950416270669e-05,1774224,0.02458119997754693,10
diabetes,4,triggered_gain,2040,1.5990737537663335e-05,1882316,0.02611049998085946,10
diabetes,4,triggered_gain,2160,1.2827660214043135e-05,1990408,0.027420500002335757,10
diabetes,4,triggered_gain,2280,1.2252414904878606e-05,2098500,0.028364599973428994,10
diabetes,4,triggered_gain,2400,1.0940294885131152e-05,2211022,0.0293076999951154,11
diabetes,5,uniform,0,111.9433754500213,452,3.2999669201672077e-06,0
diabetes,5,uniform,120,0.02791737768991709,108544,0.0009865000029094517,0
diabetes,5,uniform,240,0.006271374069314106,216636,0.001921699964441359,0
diabetes,5,uniform,360,0.0027284808368648328,324728,0.0028814999968744814,0
diabetes,5,uniform,480,0.0013503040238020958,432820,0.003901099960785359,0
diabetes,5,uniform,600,0.0006098676844743522,540912,0.005024299956858158,0
diabetes,5,uniform,720,0.0002826087032445912,649004,0.005913899978622794,0
diabetes,5,uniform,840,0.0001047532943942997,757096,0.006883099966216832,0
diabetes,5,uniform,960,3.481688223416768e-05,865188,0.007779299980029464,0
diabetes,5,uniform,1080,1.4633912883255107e-05,973280,0.008682699990458786,0
diabetes,5,uniform,1200,5.116131177373973e-06,1081372,0.009696799970697612,0
diabetes,5,uniform,1320,2.3438176839363223e-06,1189464,0.010658299957867712,0
diabetes,5,uniform,1440,1.1612448531650443e-06,1297556,0.011552799958735704,0
diabetes,5,uniform,1560,5.772040481133445e-07,1405648,0.012457599979825318,0
diabetes,5,uniform,1680,2.5420226279493363e-07,1513740,0.013631299952976406,0
diabetes,5,uniform,1800,1.1548733880317741e-07,1621832,0.014577800000552088,0
diabetes,5,uniform,1920,6.464583179877081e-08,1729924,0.015472899947781116,0
diabetes,5,uniform,2040,2.2958147383178584e-08,1838016,0.016400599968619645,0
diabetes,5,uniform,2160,6.577067779289791e-09,1946108,0.017432099964935333,0
diabetes,5,uniform,2280,2.851692215699586e-09,2054200,0.018357599969021976,0
diabetes,5,uniform,2400,1.3098855333737447e-09,2162292,0.019405199971515685,0
diabetes,5,lipschitz,0,111.9433754500213,452,3.3999676816165447e-06,0
diabetes,5,lipschitz,120,0.02791737768991709,108544,0.0009254000033251941,0
diabetes,5,lipschitz,240,0.006271374069314106,216636,0.001966400013770908,0
diabetes,5,lipschitz,360,0.0027284808368648328,324728,0.0031842999742366374,0
diabetes,5,lipschitz,480,0.0013503040238020958,432820,0.004583099973388016,0
diabetes,5,lipschitz,600,0.0006098676844743522,540912,0.005626800004392862,0
diabetes,5,lipschitz,720,0.0002826087032445912,649004,0.006694199983030558,0
diabetes,5,lipschitz,840,0.0001047532943942997,757096,0.00874449999537319,0
diabetes,5,lipschitz,960,3.481688223416768e-05,865188,0.010317499982193112,0
diabetes,5,lipschitz,1080,1.4633912883255107e-05,973280,0.011653999972622842,0
diabetes,5,lipschitz,1200,5.116131177373973e-06,1081372,0.012620499997865409,0
diabetes,5,lipschitz,1320,2.3438176839363223e-06,1189464,0.013569100003223866,0
diabetes,5,lipschitz,1440,1.1612448531650443e-06,1297556,0.014460999984294176,0
diabetes,5,lipschitz,1560,5.772040481133445e-07,1405648,0.01535669999429956,0
diabetes,5,lipschitz,1680,2.5420226279493363e-07,1513740,0.016638799977954477,0
diabetes,5,lipschitz,1800,1.1548733880317741e-07,1621832,0.018904199998360127,0
diabetes,5,lipschitz,1920,6.464583179877081e-08,1729924,0.02121199999237433,0
diabetes,5,lipschitz,2040,2.2958147383178584e-08,1838016,0.022963700001128018,0
diabetes,5,lipschitz,2160,6.577067779289791e-09,1946108,0.024355000001378357,0
diabetes,5,lipschitz,2280,2.851692215699586e-09,2054200,0.025425300002098083,0
diabetes,5,lipschitz,2400,1.3098855333737447e-09,2162292,0.02636389998951927,0
diabetes,5,scheduled_gain,0,111.9433754500213,452,3.0999653972685337e-06,0
diabetes,5,scheduled_gain,120,0.2725055758926942,117404,0.0009681999799795449,2
diabetes,5,scheduled_gain,240,0.013893773743930637,234356,0.0018863999866880476,4
diabetes,5,scheduled_gain,360,0.008161999912800866,351308,0.0027991999522782862,6
diabetes,5,scheduled_gain,480,0.004285742154522154,468260,0.0037041999748907983,8
diabetes,5,scheduled_gain,600,0.002698338447231663,585212,0.004613799974322319,10
diabetes,5,scheduled_gain,720,0.0013476078553935622,702164,0.0055176999885588884,12
diabetes,5,scheduled_gain,840,0.0005827042976704888,819116,0.006799399969168007,14
diabetes,5,scheduled_gain,960,0.00039818319520179557,936068,0.00864519999595359,16
diabetes,5,scheduled_gain,1080,0.00030951485923935707,1053020,0.01124239998171106,18
diabetes,5,scheduled_gain,1200,0.00019252872445463254,1169972,0.013376699993386865,20
diabetes,5,scheduled_gain,1320,0.00015006146071527837,1286924,0.014999399951193482,22
diabetes,5,scheduled_gain,1440,0.00010252864505844173,1403876,0.016151299991179258,24
diabetes,5,scheduled_gain,1560,8.450182369301729e-05,1520828,0.017188399971928447,26
diabetes,5,scheduled_gain,1680,7.204352519352142e-05,1637780,0.01809639995917678,28
diabetes,5,scheduled_gain,1800,6.116367481467933e-05,1754732,0.019014399964362383,30
diabetes,5,scheduled_gain,1920,4.3183486738485044e-05,1871684,0.019925299973692745,32
diabetes,5,scheduled_gain,2040,2.786477482175087e-05,1988636,0.020838099997490644,34
diabetes,5,scheduled_gain,2160,1.698086680335109e-05,2105588,0.02253819996258244,36
diabetes,5,scheduled_gain,2280,1.1864225029967201e-05,2222540,0.025416499993298203,38
diabetes,5,scheduled_gain,2400,8.35383913511123e-06,2339492,0.027786699996795505,40
diabetes,5,triggered_gain,0,111.9433754500213,452,1.1599971912801266e-05,0
diabetes,5,triggered_gain,120,3.5934510602329652,112974,0.0018471999792382121,1
diabetes,5,triggered_gain,240,3.5791601794637273,221066,0.0031410999945364892,1
diabetes,5,triggered_gain,360,0.6297135225403139,333588,0.0041594000067561865,2
diabetes,5,triggered_gain,480,0.46886236958904703,441680,0.005080699978861958,2
diabetes,5,triggered_gain,600,0.06251808953709315,554202,0.00599610002245754,3
diabetes,5,triggered_gain,720,0.04204852964498684,662294,0.006892799981869757,3
diabetes,5,triggered_gain,840,0.007184233666052364,774816,0.007795699988491833,4
diabetes,5,triggered_gain,960,0.00270490397140577,882908,0.00869270000839606,4
diabetes,5,triggered_gain,1080,0.0002629735512158504,995430,0.009602600010111928,5
diabetes,5,triggered_gain,1200,0.0002413648821715242,1103522,0.010500499978661537,5
diabetes,5,triggered_gain,1320,2.8815890019018298e-05,1216044,0.012014999985694885,6
diabetes,5,triggered_gain,1440,9.853650297486638e-06,1324136,0.012911300000268966,6
diabetes,5,triggered_gain,1560,6.007002724572885e-06,1436658,0.013819799991324544,7
diabetes,5,triggered_gain,1680,4.74748529200042e-06,1549180,0.014724400010891259,8
diabetes,5,triggered_gain,1800,4.1652856879181854e-06,1661702,0.015664100006688386,9
diabetes,5,triggered_gain,1920,3.1816718717436743e-06,1774224,0.016581100004259497,10
diabetes,5,triggered_gain,2040,3.1746113506869733e-06,1882316,0.017472899984568357,10
diabetes,5,triggered_gain,2160,2.8849175919276604e-06,1994838,0.018375399988144636,11
diabetes,5,triggered_gain,2280,2.4606618040934336e-06,2102930,0.019263399997726083,11
diabetes,5,triggered_gain,2400,2.0871772647979014e-06,2211022,0.020157599996309727,11
diabetes,6,uniform,0,111.9433754500213,452,3.200024366378784e-06,0
diabetes,6,uniform,120,0.007804815003424892,108544,0.0009409000049345195,0
diabetes,6,uniform,240,0.0003981211261390172,216636,0.0018913000239990652,0
diabetes,6,uniform,360,4.430461989102241e-05,324728,0.002786500030197203,0
diabetes,6,uniform,480,1.52057532005756e-05,432820,0.0036847000010311604,0
diabetes,6,uniform,600,5.098644052736745e-06,540912,0.00457960000494495,0
diabetes,6,uniform,720,1.7953460087483109e-06,649004,0.0067828000173904,0
diabetes,6,uniform,840,7.14434989390611e-07,757096,0.009316799987573177,0
diabetes,6,uniform,960,4.898287357946174e-07,865188,0.012449599977117032,0
diabetes,6,uniform,1080,2.4172530288524285e-07,973280,0.014626300020609051,0
diabetes,6,uniform,1200,9.546148760364304e-08,1081372,0.016217300028074533,0
diabetes,6,uniform,1320,3.721689267877082e-08,1189464,0.01735410001128912,0
diabetes,6,uniform,1440,1.9347496049704205e-08,1297556,0.018375799991190434,0
diabetes,6,uniform,1560,6.476355451923155e-09,1405648,0.019318400009069592,0
diabetes,6,uniform,1680,2.598369519546395e-09,1513740,0.020245400024577975,0
diabetes,6,uniform,1800,1.008601202556747e-09,1621832,0.02116489998297766,0
diabetes,6,uniform,1920,3.702353978951578e-10,1729924,0.022085300006438047,0
diabetes,6,uniform,2040,1.4496492894977564e-10,1838016,0.022998599975835532,0
diabetes,6,uniform,2160,4.774847184307873e-11,1946108,0.023908999981358647,0
diabetes,6,uniform,2280,2.1330492927518208e-11,2054200,0.024820799997542053,0
diabetes,6,uniform,2400,8.611777957412414e-12,2162292,0.025739000004250556,0
diabetes,6,lipschitz,0,111.9433754500213,452,3.1999661587178707e-06,0
diabetes,6,lipschitz,120,0.007804815003424892,108544,0.0009537999867461622,0
diabetes,6,lipschitz,240,0.0003981211261390172,216636,0.0018564999918453395,0
diabetes,6,lipschitz,360,4.430461989102241e-05,324728,0.00408469996182248,0
diabetes,6,lipschitz,480,1.52057532005756e-05,432820,0.006526299985125661,0
diabetes,6,lipschitz,600,5.098644052736745e-06,540912,0.008730400004424155,0
diabetes,6,lipschitz,720,1.7953460087483109e-06,649004,0.010883599985390902,0
diabetes,6,lipschitz,840,7.14434989390611e-07,757096,0.01236990001052618,0
diabetes,6,lipschitz,960,4.898287357946174e-07,865188,0.013555100013036281,0
diabetes,6,lipschitz,1080,2.4172530288524285e-07,973280,0.014563000004272908,0
diabetes,6,lipschitz,1200,9.546148760364304e-08,1081372,0.01557320001302287,0
diabetes,6,lipschitz,1320,3.721689267877082e-08,1189464,0.01651119999587536,0
diabetes,6,lipschitz,1440,1.9347496049704205e-08,1297556,0.01740010001230985,0
diabetes,6,lipschitz,1560,6.476355451923155e-09,1405648,0.01829649996943772,0
diabetes,6,lipschitz,1680,2.598369519546395e-09,1513740,0.01929199998266995,0
diabetes,6,lipschitz,1800,1.008601202556747e-09,1621832,0.020180399995297194,0
diabetes,6,lipschitz,1920,3.702353978951578e-10,1729924,0.021108699962496758,0
diabetes,6,lipschitz,2040,1.4496492894977564e-10,1838016,0.02200180001091212,0
diabetes,6,lipschitz,2160,4.774847184307873e-11,1946108,0.022916299989446998,0
diabetes,6,lipschitz,2280,2.1330492927518208e-11,2054200,0.023971399990841746,0
diabetes,6,lipschitz,2400,8.611777957412414e-12,2162292,0.024922899960074574,0
diabetes,6,scheduled_gain,0,111.9433754500213,452,3.0999653972685337e-06,0
diabetes,6,scheduled_gain,120,0.1516255351440634,117404,0.0009727999567985535,2
diabetes,6,scheduled_gain,240,0.09552141560249083,234356,0.0020312999840825796,4
diabetes,6,scheduled_gain,360,0.04891993142497597,351308,0.002956799988169223,6
diabetes,6,scheduled_gain,480,0.03824541837300899,468260,0.003920999995898455,8
diabetes,6,scheduled_gain,600,0.026075440942378236,585212,0.004830799996852875,10
diabetes,6,scheduled_gain,720,0.021885724152411967,702164,0.005767399969045073,12
diabetes,6,scheduled_gain,840,0.016667822952669553,819116,0.006897099956404418,14
diabetes,6,scheduled_gain,960,0.012451788204799641,936068,0.007851300004404038,16
diabetes,6,scheduled_gain,1080,0.008884405634461245,1053020,0.008753000001888722,18
diabetes,6,scheduled_gain,1200,0.0067377164927364674,1169972,0.009649999963585287,20
diabetes,6,scheduled_gain,1320,0.005400915137414586,1286924,0.010711000009905547,22
diabetes,6,scheduled_gain,1440,0.004451067689728916,1403876,0.011659299954771996,24
diabetes,6,scheduled_gain,1560,0.002559442241633292,1520828,0.012608899967744946,26
diabetes,6,scheduled_gain,1680,0.002008667166890632,1637780,0.013508000003639609,28
diabetes,6,scheduled_gain,1800,0.0016284432273181437,1754732,0.01451819995418191,30
diabetes,6,scheduled_gain,1920,0.0007556142792850551,1871684,0.015418499999213964,32
diabetes,6,scheduled_gain,2040,0.0005521072968690532,1988636,0.016382500005420297,34
diabetes,6,scheduled_gain,2160,0.0004626541659291661,2105588,0.01739569997880608,36
diabetes,6,scheduled_gain,2280,0.00040348470845685824,2222540,0.01834359997883439,38
diabetes,6,scheduled_gain,2400,0.00028749641917613644,2339492,0.019355299999006093,40
diabetes,6,triggered_gain,0,111.9433754500213,452,2.800021320581436e-06,0
diabetes,6,triggered_gain,120,0.17178730107779927,112974,0.0009780999971553683,1
diabetes,6,triggered_gain,240,0.12941460557829032,221066,0.0018739000079222023,1
diabetes,6,triggered_gain,360,0.08246889392965784,333588,0.0028120999922975898,2
diabetes,6,triggered_gain,480,0.059952358845222875,441680,0.003944600000977516,2
diabetes,6,triggered_gain,600,0.04591997430556205,554202,0.004926099965814501,3
diabetes,6,triggered_gain,720,0.04591992765766406,662294,0.005827300017699599,3
diabetes,6,triggered_gain,840,0.038920297818734184,774816,0.006762099976185709,4
diabetes,6,triggered_gain,960,0.03287767700192035,882908,0.007807600020896643,4
diabetes,6,triggered_gain,1080,0.03183905956881006,991000,0.008726899977773428,4
diabetes,6,triggered_gain,1200,0.02161856287885655,1103522,0.009703500021714717,5
diabetes,6,triggered_gain,1320,0.01941391484847088,1211614,0.010604000010062009,5
diabetes,6,triggered_gain,1440,0.016502003126959153,1324136,0.01162309997016564,6
diabetes,6,triggered_gain,1560,0.016457083951721074,1432228,0.012520099990069866,6
diabetes,6,triggered_gain,1680,0.014640068642663095,1544750,0.013465999974869192,7
diabetes,6,triggered_gain,1800,0.013469340019099718,1652842,0.014369199983775616,7
diabetes,6,triggered_gain,1920,0.011046333435388078,1760934,0.01528120000148192,7
diabetes,6,triggered_gain,2040,0.009757231572564251,1869026,0.016338900022674352,7
diabetes,6,triggered_gain,2160,0.009757025864715274,1977118,0.017299900006037205,7
diabetes,6,triggered_gain,2280,0.008513509730292412,2089640,0.01821639999980107,8
diabetes,6,triggered_gain,2400,0.00849608130482693,2197732,0.019113400019705296,8
diabetes,7,uniform,0,111.9433754500213,452,3.400025889277458e-06,0
diabetes,7,uniform,120,0.094890262221071,108544,0.0010667000315152109,0
diabetes,7,uniform,240,0.007696623281262305,216636,0.0019662000122480094,0
diabetes,7,uniform,360,0.002370571254445508,324728,0.0030092999804764986,0
diabetes,7,uniform,480,0.00087556159161295,432820,0.003934099979232997,0
diabetes,7,uniform,600,0.0003741249460773588,540912,0.004904599976725876,0
diabetes,7,uniform,720,0.0001706799612861687,649004,0.00580189999891445,0
diabetes,7,uniform,840,6.322169001293787e-05,757096,0.006727800006046891,0
diabetes,7,uniform,960,3.906263232522633e-05,865188,0.007843900006264448,0
diabetes,7,uniform,1080,1.321462656278527e-05,973280,0.009940400021150708,0
diabetes,7,uniform,1200,5.251226511404639e-06,1081372,0.01218459999654442,0
diabetes,7,uniform,1320,2.4108564105063124e-06,1189464,0.014526300015859306,0
diabetes,7,uniform,1440,1.1473201482203876e-06,1297556,0.01667859998997301,0
diabetes,7,uniform,1560,3.6697251459827385e-07,1405648,0.018227300024591386,0
diabetes,7,uniform,1680,1.806674703175304e-07,1513740,0.019450200023129582,0
diabetes,7,uniform,1800,7.679268776428216e-08,1621832,0.020422000030521303,0
diabetes,7,uniform,1920,3.0178114229784114e-08,1729924,0.021323000022675842,0
diabetes,7,uniform,2040,1.402696625518729e-08,1838016,0.02221070002997294,0
diabetes,7,uniform,2160,4.461981006897986e-09,1946108,0.023094500007573515,0
diabetes,7,uniform,2280,2.3281643279915443e-09,2054200,0.02397849998669699,0
diabetes,7,uniform,2400,1.3119887398715946e-09,2162292,0.024902000033762306,0
diabetes,7,lipschitz,0,111.9433754500213,452,2.800021320581436e-06,0
diabetes,7,lipschitz,120,0.094890262221071,108544,0.0009068000363186002,0
diabetes,7,lipschitz,240,0.007696623281262305,216636,0.0018266999977640808,0
diabetes,7,lipschitz,360,0.002370571254445508,324728,0.0027362999971956015,0
diabetes,7,lipschitz,480,0.00087556159161295,432820,0.0036306999973021448,0
diabetes,7,lipschitz,600,0.0003741249460773588,540912,0.004522800038103014,0
diabetes,7,lipschitz,720,0.0001706799612861687,649004,0.00541680003516376,0
diabetes,7,lipschitz,840,6.322169001293787e-05,757096,0.006343000044580549,0
diabetes,7,lipschitz,960,3.906263232522633e-05,865188,0.00724649999756366,0
diabetes,7,lipschitz,1080,1.321462656278527e-05,973280,0.008146500040311366,0
diabetes,7,lipschitz,1200,5.251226511404639e-06,1081372,0.009061200020369142,0
diabetes,7,lipschitz,1320,2.4108564105063124e-06,1189464,0.009952899999916553,0
diabetes,7,lipschitz,1440,1.1473201482203876e-06,1297556,0.010845300043001771,0
diabetes,7,lipschitz,1560,3.6697251459827385e-07,1405648,0.01173140003811568,0
diabetes,7,lipschitz,1680,1.806674703175304e-07,1513740,0.012618300039321184,0
diabetes,7,lipschitz,1800,7.679268776428216e-08,1621832,0.013497300038579851,0
diabetes,7,lipschitz,1920,3.0178114229784114e-08,1729924,0.014379900007043034,0
diabetes,7,lipschitz,2040,1.402696625518729e-08,1838016,0.015265399997588247,0
diabetes,7,lipschitz,2160,4.461981006897986e-09,1946108,0.01621640002122149,0
diabetes,7,lipschitz,2280,2.3281643279915443e-09,2054200,0.017096800031140447,0
diabetes,7,lipschitz,2400,1.3119887398715946e-09,2162292,0.018003600009251386,0
diabetes,7,scheduled_gain,0,111.9433754500213,452,2.900022082030773e-06,0
diabetes,7,scheduled_gain,120,0.10113739098146368,117404,0.0009657000191509724,2
diabetes,7,scheduled_gain,240,0.013169836967747983,234356,0.001883000019006431,4
diabetes,7,scheduled_gain,360,0.0018429390630103626,351308,0.002801200025714934,6
diabetes,7,scheduled_gain,480,0.0006095949460274142,468260,0.003713599988259375,8
diabetes,7,scheduled_gain,600,0.00018088190158493944,585212,0.0046236999914981425,10
diabetes,7,scheduled_gain,720,5.5284982096281965e-05,702164,0.0055339999962598085,12
diabetes,7,scheduled_gain,840,2.2013018138977714e-05,819116,0.006451299996115267,14
diabetes,7,scheduled_gain,960,1.365150986032404e-05,936068,0.009382800024468452,16
diabetes,7,scheduled_gain,1080,1.058272778209357e-05,1053020,0.01198330003535375,18
diabetes,7,scheduled_gain,1200,8.202225529885254e-06,1169972,0.015131400024984032,20
diabetes,7,scheduled_gain,1320,6.735654537237679e-06,1286924,0.01694200001657009,22
diabetes,7,scheduled_gain,1440,5.754654679890336e-06,1403876,0.018865999998524785,24
diabetes,7,scheduled_gain,1560,4.384454399541937e-06,1520828,0.020201000035740435,26
diabetes,7,scheduled_gain,1680,3.704600928244872e-06,1637780,0.021129900007508695,28
diabetes,7,scheduled_gain,1800,2.8764368096290127e-06,1754732,0.022719400003552437,30
diabetes,7,scheduled_gain,1920,2.4956433009037937e-06,1871684,0.025158500007819384,32
diabetes,7,scheduled_gain,2040,1.7246817378691048e-06,1988636,0.027033900027163327,34
diabetes,7,scheduled_gain,2160,1.3300507362146163e-06,2105588,0.028420399990864098,36
diabetes,7,scheduled_gain,2280,9.553310036380935e-07,2222540,0.030177800043020397,38
diabetes,7,scheduled_gain,2400,7.586442478668687e-07,2339492,0.03237120003905147,40
diabetes,7,triggered_gain,0,111.9433754500213,452,3.4999684430658817e-06,0
diabetes,7,triggered_gain,120,0.13658232424909045,112974,0.0011820999789051712,1
diabetes,7,triggered_gain,240,0.1329216063167138,221066,0.0024010000051930547,1
diabetes,7,triggered_gain,360,0.020243609538823648,333588,0.003341500007081777,2
diabetes,7,triggered_gain,480,0.01122604973380703,441680,0.004576999985147268,2
diabetes,7,triggered_gain,600,0.0015901052601634547,554202,0.006556899985298514,3
diabetes,7,triggered_gain,720,0.0010117274074588067,662294,0.007487399969249964,3
diabetes,7,triggered_gain,840,0.0002953088729782394,774816,0.009416299988515675,4
diabetes,7,triggered_gain,960,0.0002472160108055732,882908,0.011008000001311302,4
diabetes,7,triggered_gain,1080,0.00010528033432422035,995430,0.012185500003397465,5
diabetes,7,triggered_gain,1200,7.43170568853202e-05,1103522,0.014604399970266968,5
diabetes,7,triggered_gain,1320,3.549214622466934e-05,1216044,0.01723249995848164,6
diabetes,7,triggered_gain,1440,2.205362356733076e-05,1324136,0.0189064999576658,6
diabetes,7,triggered_gain,1560,1.6711725564277913e-05,1436658,0.01983859995380044,7
diabetes,7,triggered_gain,1680,9.483334736160032e-06,1549180,0.020842099969740957,8
diabetes,7,triggered_gain,1800,6.6272386334276234e-06,1657272,0.02177829999709502,8
diabetes,7,triggered_gain,1920,3.87445585658952e-06,1769794,0.02298259997041896,9
diabetes,7,triggered_gain,2040,3.6265276719404937e-06,1877886,0.024189799965824932,9
diabetes,7,triggered_gain,2160,2.570606412177767e-06,1990408,0.025252899969927967,10
diabetes,7,triggered_gain,2280,1.9604559753361173e-06,2098500,0.02627749997191131,10
diabetes,7,triggered_gain,2400,1.098213601835596e-06,2206592,0.027276899956632406,10
diabetes,8,uniform,0,111.9433754500213,452,3.600027412176132e-06,0
diabetes,8,uniform,120,0.031640389814270975,108544,0.0011478000087663531,0
diabetes,8,uniform,240,0.0029780050279129,216636,0.0021431000204756856,0
diabetes,8,uniform,360,0.0004149191066886715,324728,0.003071499988436699,0
diabetes,8,uniform,480,4.911058563550341e-05,432820,0.003999200009275228,0
diabetes,8,uniform,600,9.75921174983796e-06,540912,0.005057900038082153,0
diabetes,8,uniform,720,2.332596778842344e-06,649004,0.005979600013233721,0
diabetes,8,uniform,840,9.57778581778257e-07,757096,0.006941900006495416,0
diabetes,8,uniform,960,3.513331563453903e-07,865188,0.007840500038582832,0
diabetes,8,uniform,1080,1.9963223962804477e-07,973280,0.008841300033964217,0
diabetes,8,uniform,1200,6.74131115374621e-08,1081372,0.010514700028579682,0
diabetes,8,uniform,1320,2.8663166062870005e-08,1189464,0.012001199997030199,0
diabetes,8,uniform,1440,1.1445806080701004e-08,1297556,0.013844900007825345,0
diabetes,8,uniform,1560,4.553456278699741e-09,1405648,0.014871700026560575,0
diabetes,8,uniform,1680,1.4478871435130714e-09,1513740,0.01591529999859631,0
diabetes,8,uniform,1800,5.767617494711885e-10,1621832,0.01684160000877455,0
diabetes,8,uniform,1920,1.7975310129259015e-10,1729924,0.017742500000167638,0
diabetes,8,uniform,2040,5.547917680814862e-11,1838016,0.01863850001245737,0
diabetes,8,uniform,2160,1.9383605831535533e-11,1946108,0.019531099998857826,0
diabetes,8,uniform,2280,1.1681322575896047e-11,2054200,0.020467500027734786,0
diabetes,8,uniform,2400,4.206412995699793e-12,2162292,0.021378800040110946,0
diabetes,8,lipschitz,0,111.9433754500213,452,3.200024366378784e-06,0
diabetes,8,lipschitz,120,0.031640389814270975,108544,0.0009251000010408461,0
diabetes,8,lipschitz,240,0.0029780050279129,216636,0.0018274000030942261,0
diabetes,8,lipschitz,360,0.0004149191066886715,324728,0.0027353999903425574,0
diabetes,8,lipschitz,480,4.911058563550341e-05,432820,0.0036456999951042235,0
diabetes,8,lipschitz,600,9.75921174983796e-06,540912,0.005343500000890344,0
diabetes,8,lipschitz,720,2.332596778842344e-06,649004,0.00671759998658672,0
diabetes,8,lipschitz,840,9.57778581778257e-07,757096,0.007978400040883571,0
diabetes,8,lipschitz,960,3.513331563453903e-07,865188,0.008963600033894181,0
diabetes,8,lipschitz,1080,1.9963223962804477e-07,973280,0.010106700006872416,0
diabetes,8,lipschitz,1200,6.74131115374621e-08,1081372,0.011052999994717538,0
diabetes,8,lipschitz,1320,2.8663166062870005e-08,1189464,0.011997400026302785,0
diabetes,8,lipschitz,1440,1.1445806080701004e-08,1297556,0.012922200025059283,0
diabetes,8,lipschitz,1560,4.553456278699741e-09,1405648,0.013835399993695319,0
diabetes,8,lipschitz,1680,1.4478871435130714e-09,1513740,0.014732200012076646,0
diabetes,8,lipschitz,1800,5.767617494711885e-10,1621832,0.015628600027412176,0
diabetes,8,lipschitz,1920,1.7975310129259015e-10,1729924,0.01652140001533553,0
diabetes,8,lipschitz,2040,5.547917680814862e-11,1838016,0.017417200026102364,0
diabetes,8,lipschitz,2160,1.9383605831535533e-11,1946108,0.01830669998889789,0
diabetes,8,lipschitz,2280,1.1681322575896047e-11,2054200,0.019199900038074702,0
diabetes,8,lipschitz,2400,4.206412995699793e-12,2162292,0.02008749998640269,0
diabetes,8,scheduled_gain,0,111.9433754500213,452,2.8999638743698597e-06,0
diabetes,8,scheduled_gain,120,0.5989233256918993,117404,0.0009499999578110874,2
diabetes,8,scheduled_gain,240,0.20094037963140465,234356,0.0020756999729201198,4
diabetes,8,scheduled_gain,360,0.11205485787543523,351308,0.0030621999758295715,6
diabetes,8,scheduled_gain,480,0.07706162123366767,468260,0.004355099983513355,8
diabetes,8,scheduled_gain,600,0.05492871600748117,585212,0.005298500007484108,10
diabetes,8,scheduled_gain,720,0.043588468336295705,702164,0.006285199953708798,12
diabetes,8,scheduled_gain,840,0.027857028379116855,819116,0.0072030999581329525,14
diabetes,8,scheduled_gain,960,0.02246839122773281,936068,0.00823340000351891,16
diabetes,8,scheduled_gain,1080,0.013993503683167319,1053020,0.00914579996606335,18
diabetes,8,scheduled_gain,1200,0.010324627663891306,1169972,0.010105299996212125,20
diabetes,8,scheduled_gain,1320,0.0069855417852693336,1286924,0.011008999950718135,22
diabetes,8,scheduled_gain,1440,0.005807127569795512,1403876,0.011920599965378642,24
diabetes,8,scheduled_gain,1560,0.005022332005339081,1520828,0.012927699950523674,26
diabetes,8,scheduled_gain,1680,0.004400859164192639,1637780,0.013880199985578656,28
diabetes,8,scheduled_gain,1800,0.003574740478569538,1754732,0.014799099997617304,30
diabetes,8,scheduled_gain,1920,0.0027238847852828485,1871684,0.015700999996624887,32
diabetes,8,scheduled_gain,2040,0.0014185938473048054,1988636,0.016707599977962673,34
diabetes,8,scheduled_gain,2160,0.0009871882560901213,2105588,0.01761769998120144,36
diabetes,8,scheduled_gain,2280,0.0007633291620550153,2222540,0.019098499964457005,38
diabetes,8,scheduled_gain,2400,0.0006213030057438118,2339492,0.020399599976371974,40
diabetes,8,triggered_gain,0,111.9433754500213,452,3.1999661587178707e-06,0
diabetes,8,triggered_gain,120,3.698866774902939,112974,0.000986300001386553,1
diabetes,8,triggered_gain,240,0.2581387939107884,221066,0.002164799952879548,1
diabetes,8,triggered_gain,360,0.11967854326677241,333588,0.0031190000008791685,2
diabetes,8,triggered_gain,480,0.08445983902539922,446110,0.0040419999859295785,3
diabetes,8,triggered_gain,600,0.06844697305108127,558632,0.004957199969794601,4
diabetes,8,triggered_gain,720,0.061834571083437595,671154,0.006012799974996597,5
diabetes,8,triggered_gain,840,0.04708870359770856,783676,0.0069738999591208994,6
diabetes,8,triggered_gain,960,0.04362790491714463,891768,0.007882199948653579,6
diabetes,8,triggered_gain,1080,0.034734408739922173,1004290,0.008788299979642034,7
diabetes,8,triggered_gain,1200,0.03469569395710437,1112382,0.009710999962408096,7
diabetes,8,triggered_gain,1320,0.031099788057474598,1224904,0.01064959994982928,8
diabetes,8,triggered_gain,1440,0.024938941526841063,1332996,0.011548099981155246,8
diabetes,8,triggered_gain,1560,0.020282448650377205,1441088,0.012454599956981838,8
diabetes,8,triggered_gain,1680,0.01910657965808582,1549180,0.013356899959035218,8
diabetes,8,triggered_gain,1800,0.017190479691095106,1661702,0.014404199959244579,9
diabetes,8,triggered_gain,1920,0.015020010771365833,1769794,0.015322299965191633,9
diabetes,8,triggered_gain,2040,0.014864471297897808,1877886,0.017050699971150607,9
diabetes,8,triggered_gain,2160,0.012998529615643406,1990408,0.01941909996094182,10
diabetes,8,triggered_gain,2280,0.012632225503182326,2098500,0.021799799986183643,10
diabetes,8,triggered_gain,2400,0.011452328301302828,2211022,0.023787399986758828,11
diabetes,9,uniform,0,111.9433754500213,452,3.999972250312567e-06,0
diabetes,9,uniform,120,0.7826152634181653,108544,0.0010918999905698001,0
diabetes,9,uniform,240,0.031831820200650895,216636,0.0020007999846711755,0
diabetes,9,uniform,360,0.0025084733442071183,324728,0.002907999965827912,0
diabetes,9,uniform,480,0.0008347361718534785,432820,0.0038074000040069222,0
diabetes,9,uniform,600,0.0004369054452126875,540912,0.005367700010538101,0
diabetes,9,uniform,720,0.00016753513467904213,649004,0.007062299991957843,0
diabetes,9,uniform,840,7.085601997403046e-05,757096,0.008143300015944988,0
diabetes,9,uniform,960,2.375960671940902e-05,865188,0.009363899996969849,0
diabetes,9,uniform,1080,8.046180596466002e-06,973280,0.01123070000903681,0
diabetes,9,uniform,1200,3.6142919839221577e-06,1081372,0.012142399966251105,0
diabetes,9,uniform,1320,1.7430674432716842e-06,1189464,0.013108999992255121,0
diabetes,9,uniform,1440,7.226268934346081e-07,1297556,0.0140055000083521,0
diabetes,9,uniform,1560,3.2184030374082795e-07,1405648,0.015029900008812547,0
diabetes,9,uniform,1680,1.625705721153281e-07,1513740,0.015923700004350394,0
diabetes,9,uniform,1800,6.61802914692089e-08,1621832,0.016926600015722215,0
diabetes,9,uniform,1920,3.290558936441812e-08,1729924,0.017806299962103367,0
diabetes,9,uniform,2040,1.468617938371608e-08,1838016,0.018687999981921166,0
diabetes,9,uniform,2160,4.3438319607957965e-09,1946108,0.019725499965716153,0
diabetes,9,uniform,2280,2.2042883074391284e-09,2054200,0.020692499994765967,0
diabetes,9,uniform,2400,7.502478638343746e-10,2162292,0.021755399997346103,0
diabetes,9,lipschitz,0,111.9433754500213,452,3.0999653972685337e-06,0
diabetes,9,lipschitz,120,0.7826152634181653,108544,0.0009169999975711107,0
diabetes,9,lipschitz,240,0.031831820200650895,216636,0.0020111999474465847,0
diabetes,9,lipschitz,360,0.0025084733442071183,324728,0.0029646999901160598,0
diabetes,9,lipschitz,480,0.0008347361718534785,432820,0.0038485999684780836,0
diabetes,9,lipschitz,600,0.0004369054452126875,540912,0.0047351999673992395,0
diabetes,9,lipschitz,720,0.00016753513467904213,649004,0.005740900000091642,0
diabetes,9,lipschitz,840,7.085601997403046e-05,757096,0.0066837999620474875,0
diabetes,9,lipschitz,960,2.375960671940902e-05,865188,0.0075665999902412295,0
diabetes,9,lipschitz,1080,8.046180596466002e-06,973280,0.008454599999822676,0
diabetes,9,lipschitz,1200,3.6142919839221577e-06,1081372,0.009341199998743832,0
diabetes,9,lipschitz,1320,1.7430674432716842e-06,1189464,0.010403499996755272,0
diabetes,9,lipschitz,1440,7.226268934346081e-07,1297556,0.011348799976985902,0
diabetes,9,lipschitz,1560,3.2184030374082795e-07,1405648,0.012244399986229837,0
diabetes,9,lipschitz,1680,1.625705721153281e-07,1513740,0.013128799968399107,0
diabetes,9,lipschitz,1800,6.61802914692089e-08,1621832,0.014139399980194867,0
diabetes,9,lipschitz,1920,3.290558936441812e-08,1729924,0.015282899956218898,0
diabetes,9,lipschitz,2040,1.468617938371608e-08,1838016,0.016669999982696027,0
diabetes,9,lipschitz,2160,4.3438319607957965e-09,1946108,0.019080699945334345,0
diabetes,9,lipschitz,2280,2.2042883074391284e-09,2054200,0.021339799975976348,0
diabetes,9,lipschitz,2400,7.502478638343746e-10,2162292,0.023285899951588362,0
diabetes,9,scheduled_gain,0,111.9433754500213,452,5.600042641162872e-06,0
diabetes,9,scheduled_gain,120,0.012822264019504814,117404,0.0015852000215090811,2
diabetes,9,scheduled_gain,240,0.0006928215988608599,234356,0.0027203999925404787,4
diabetes,9,scheduled_gain,360,0.0003822967692030943,351308,0.0037075000000186265,6
diabetes,9,scheduled_gain,480,0.0001048707709401242,468260,0.00462860002880916,8
diabetes,9,scheduled_gain,600,3.4615963784290216e-05,585212,0.005544600018765777,10
diabetes,9,scheduled_gain,720,2.2589248743543067e-05,702164,0.006447500025387853,12
diabetes,9,scheduled_gain,840,1.3797221612321664e-05,819116,0.007392600004095584,14
diabetes,9,scheduled_gain,960,6.265599211019435e-06,936068,0.008294300001580268,16
diabetes,9,scheduled_gain,1080,4.826529433898941e-06,1053020,0.009247400041203946,18
diabetes,9,scheduled_gain,1200,3.5180148216795715e-06,1169972,0.010152200004085898,20
diabetes,9,scheduled_gain,1320,2.4131466176413596e-06,1286924,0.01131339999847114,22
diabetes,9,scheduled_gain,1440,1.7813330828175822e-06,1403876,0.012300800008233637,24
diabetes,9,scheduled_gain,1560,1.2033267751121457e-06,1520828,0.013210600009188056,26
diabetes,9,scheduled_gain,1680,9.827402038808941e-07,1637780,0.014120100007858127,28
diabetes,9,scheduled_gain,1800,7.547862992396404e-07,1754732,0.015211399993859231,30
diabetes,9,scheduled_gain,1920,6.036557209654347e-07,1871684,0.016136799997184426,32
diabetes,9,scheduled_gain,2040,4.907875847948162e-07,1988636,0.01713029999518767,34
diabetes,9,scheduled_gain,2160,4.0101079434862186e-07,2105588,0.018052300030831248,36
diabetes,9,scheduled_gain,2280,2.840480846089122e-07,2222540,0.01918400003341958,38
diabetes,9,scheduled_gain,2400,2.0533713041004376e-07,2339492,0.02009510004427284,40
diabetes,9,triggered_gain,0,111.9433754500213,452,2.6999623514711857e-06,0
diabetes,9,triggered_gain,120,0.013735448449324394,112974,0.0009120999602600932,1
diabetes,9,triggered_gain,240,0.0013805099754193861,221066,0.0018667999538592994,1
diabetes,9,triggered_gain,360,0.0009444566607754723,333588,0.002783699950668961,2
diabetes,9,triggered_gain,480,0.0006513686808204966,446110,0.004969599947798997,3
diabetes,9,triggered_gain,600,0.0003845426906252669,554202,0.005916900001466274,3
diabetes,9,triggered_gain,720,0.00026576731549710075,662294,0.006829999969340861,3
diabetes,9,triggered_gain,840,0.00015604973710026115,774816,0.007854199968278408,4
diabetes,9,triggered_gain,960,0.00011693627833153641,882908,0.008808499958831817,4
diabetes,9,triggered_gain,1080,9.539057654706085e-05,995430,0.009722899994812906,5
diabetes,9,triggered_gain,1200,8.79831428903799e-05,1103522,0.010628199961502105,5
diabetes,9,triggered_gain,1320,5.482869416084668e-05,1216044,0.011684799974318594,6
diabetes,9,triggered_gain,1440,3.372059434525454e-05,1324136,0.012628600001335144,6
diabetes,9,triggered_gain,1560,2.9520579545305736e-05,1432228,0.013527199975214899,6
diabetes,9,triggered_gain,1680,1.4712549813111764e-05,1544750,0.014463999948929995,7
diabetes,9,triggered_gain,1800,1.1219462066947017e-05,1652842,0.015537999977823347,7
diabetes,9,triggered_gain,1920,9.460923180881764e-06,1765364,0.016483499959576875,8
diabetes,9,triggered_gain,2040,7.466119825494388e-06,1873456,0.017477199959103018,8
diabetes,9,triggered_gain,2160,6.762893761447231e-06,1981548,0.018391499994322658,8
diabetes,9,triggered_gain,2280,5.830811758755772e-06,2094070,0.020171399984974414,9
diabetes,9,triggered_gain,2400,5.818748704200516e-06,2202162,0.02116909995675087,9
diabetes,10,uniform,0,111.9433754500213,452,3.400025889277458e-06,0
diabetes,10,uniform,120,0.0956444145231643,108544,0.0010971000301651657,0
diabetes,10,uniform,240,0.03771621248169765,216636,0.0020788999972864985,0
diabetes,10,uniform,360,0.01591171225122423,324728,0.002988699998240918,0
diabetes,10,uniform,480,0.007078068591695796,432820,0.003895800036843866,0
diabetes,10,uniform,600,0.002802959927763027,540912,0.004957200028002262,0
diabetes,10,uniform,720,0.0008869998513318933,649004,0.005871000001206994,0
diabetes,10,uniform,840,0.0004057341004539694,757096,0.006833999999798834,0
diabetes,10,uniform,960,0.0001759973047086305,865188,0.007750599994324148,0
diabetes,10,uniform,1080,8.887776012045379e-05,973280,0.00868810003157705,0
diabetes,10,uniform,1200,3.9218300983634435e-05,1081372,0.009851100039668381,0
diabetes,10,uniform,1320,1.5257868085427617e-05,1189464,0.01082170003792271,0
diabetes,10,uniform,1440,7.818811667448244e-06,1297556,0.011761800036765635,0
diabetes,10,uniform,1560,2.8457583738372705e-06,1405648,0.012725100037641823,0
diabetes,10,uniform,1680,1.1239858537237524e-06,1513740,0.016327999997884035,0
diabetes,10,uniform,1800,3.6712823714424303e-07,1621832,0.018696899991482496,0
diabetes,10,uniform,1920,1.3795221320833662e-07,1729924,0.021015400008764118,0
diabetes,10,uniform,2040,6.050153444903117e-08,1838016,0.022997200023382902,0
diabetes,10,uniform,2160,3.024932482276199e-08,1946108,0.024416500004008412,0
diabetes,10,uniform,2280,8.538506790500833e-09,2054200,0.025511000014375895,0
diabetes,10,uniform,2400,3.990280106336286e-09,2162292,0.026456099993083626,0
diabetes,10,lipschitz,0,111.9433754500213,452,2.8999638743698597e-06,0
diabetes,10,lipschitz,120,0.0956444145231643,108544,0.00090819998877123,0
diabetes,10,lipschitz,240,0.03771621248169765,216636,0.0024772000033408403,0
diabetes,10,lipschitz,360,0.01591171225122423,324728,0.0035287999780848622,0
diabetes,10,lipschitz,480,0.007078068591695796,432820,0.004487300000619143,0
diabetes,10,lipschitz,600,0.002802959927763027,540912,0.005814899981487542,0
diabetes,10,lipschitz,720,0.0008869998513318933,649004,0.0071844999911263585,0
diabetes,10,lipschitz,840,0.0004057341004539694,757096,0.0081961999530904,0
diabetes,10,lipschitz,960,0.0001759973047086305,865188,0.009136599954217672,0
diabetes,10,lipschitz,1080,8.887776012045379e-05,973280,0.010061299952212721,0
diabetes,10,lipschitz,1200,3.9218300983634435e-05,1081372,0.010984299995470792,0
diabetes,10,lipschitz,1320,1.5257868085427617e-05,1189464,0.012026499956846237,0
diabetes,10,lipschitz,1440,7.818811667448244e-06,1297556,0.012993399985134602,0
diabetes,10,lipschitz,1560,2.8457583738372705e-06,1405648,0.013898499950300902,0
diabetes,10,lipschitz,1680,1.1239858537237524e-06,1513740,0.014798999996855855,0
diabetes,10,lipschitz,1800,3.6712823714424303e-07,1621832,0.015806199982762337,0
diabetes,10,lipschitz,1920,1.3795221320833662e-07,1729924,0.01675089995842427,0
diabetes,10,lipschitz,2040,6.050153444903117e-08,1838016,0.018956099986098707,0
diabetes,10,lipschitz,2160,3.024932482276199e-08,1946108,0.020977199950721115,0
diabetes,10,lipschitz,2280,8.538506790500833e-09,2054200,0.021891699987463653,0
diabetes,10,lipschitz,2400,3.990280106336286e-09,2162292,0.022885099984705448,0
diabetes,10,scheduled_gain,0,111.9433754500213,452,2.800021320581436e-06,0
diabetes,10,scheduled_gain,120,0.8096009027989055,117404,0.0010654000216163695,2
diabetes,10,scheduled_gain,240,0.06599887802576632,234356,0.0020352000137791038,4
diabetes,10,scheduled_gain,360,0.018677192529438003,351308,0.0029443000094033778,6
diabetes,10,scheduled_gain,480,0.009419438922137147,468260,0.003855500021018088,8
diabetes,10,scheduled_gain,600,0.003596733986043432,585212,0.004917800019029528,10
diabetes,10,scheduled_gain,720,0.002987742950963934,702164,0.005876799987163395,12
diabetes,10,scheduled_gain,840,0.0019225640531743693,819116,0.006780900002922863,14
diabetes,10,scheduled_gain,960,0.0015106318484328085,936068,0.007689399993978441,16
diabetes,10,scheduled_gain,1080,0.0010333144914085324,1053020,0.008735999988857657,18
diabetes,10,scheduled_gain,1200,0.000807192427771497,1169972,0.00965560000622645,20
diabetes,10,scheduled_gain,1320,0.0005132706990167435,1286924,0.011037499993108213,22
diabetes,10,scheduled_gain,1440,0.00038671886933627775,1403876,0.011943100020289421,24
diabetes,10,scheduled_gain,1560,0.0002368437768751619,1520828,0.01306319999275729,26
diabetes,10,scheduled_gain,1680,0.00016232897384327316,1637780,0.01401879999320954,28
diabetes,10,scheduled_gain,1800,0.00013012537642964617,1754732,0.014926599978934973,30
diabetes,10,scheduled_gain,1920,9.740486090947797e-05,1871684,0.015827000024728477,32
diabetes,10,scheduled_gain,2040,6.568430610798259e-05,1988636,0.016759500023908913,34
diabetes,10,scheduled_gain,2160,5.3553121830418604e-05,2105588,0.017774200008716434,36
diabetes,10,scheduled_gain,2280,4.510867347562453e-05,2222540,0.01873930002329871,38
diabetes,10,scheduled_gain,2400,3.261337499793626e-05,2339492,0.019648700021207333,40
diabetes,10,triggered_gain,0,111.9433754500213,452,2.800021320581436e-06,0
diabetes,10,triggered_gain,120,0.14527381544804996,112974,0.0009490000084042549,1
diabetes,10,triggered_gain,240,0.136790717574911,221066,0.001988500007428229,1
diabetes,10,triggered_gain,360,0.020977425826643525,333588,0.002949099987745285,2
diabetes,10,triggered_gain,480,0.019116640434518217,441680,0.003846600011456758,2
diabetes,10,triggered_gain,600,0.008802065597777187,554202,0.004754800000227988,3
diabetes,10,triggered_gain,720,0.008791328476377203,662294,0.005895000009331852,3
diabetes,10,triggered_gain,840,0.006806225561149404,774816,0.0068938999902457,4
diabetes,10,triggered_gain,960,0.005930266097308845,882908,0.007780199986882508,4
diabetes,10,triggered_gain,1080,0.004645857836976575,995430,0.008680299972184002,5
diabetes,10,triggered_gain,1200,0.004197045731700655,1103522,0.009783199988305569,5
diabetes,10,triggered_gain,1320,0.0031488904750176516,1216044,0.010680600011255592,6
diabetes,10,triggered_gain,1440,0.0029731936643884183,1324136,0.011622500023804605,6
diabetes,10,triggered_gain,1560,0.0020806905309740387,1436658,0.012510799977462739,7
diabetes,10,triggered_gain,1680,0.0016851830444579718,1544750,0.013537799997720867,7
diabetes,10,triggered_gain,1800,0.0014554444514516263,1657272,0.014433300006203353,8
diabetes,10,triggered_gain,1920,0.001304052889267382,1765364,0.015370899986010045,8
diabetes,10,triggered_gain,2040,0.0011049718796982688,1873456,0.016255400027148426,8
diabetes,10,triggered_gain,2160,0.0011014737649333028,1981548,0.017146099999081343,8
diabetes,10,triggered_gain,2280,0.000996099564162023,2094070,0.018136699975002557,9
diabetes,10,triggered_gain,2400,0.0006997306082894283,2202162,0.019014700024854392,9
diabetes,11,uniform,0,111.9433754500213,452,3.200024366378784e-06,0
diabetes,11,uniform,120,0.36052227076665133,108544,0.0010915999882854521,0
diabetes,11,uniform,240,0.09039467824649705,216636,0.001990300021134317,0
diabetes,11,uniform,360,0.04089049851820903,324728,0.003691699996124953,0
diabetes,11,uniform,480,0.013592003642699524,432820,0.0062188999727368355,0
diabetes,11,uniform,600,0.004667736583016335,540912,0.008327400020789355,0
diabetes,11,uniform,720,0.0021109419517557626,649004,0.009790999989490956,0
diabetes,11,uniform,840,0.0009705824921724115,757096,0.01093270001001656,0
diabetes,11,uniform,960,0.00047424748427715713,865188,0.01184679998550564,0
diabetes,11,uniform,1080,0.00021375405559354022,973280,0.012790000007953495,0
diabetes,11,uniform,1200,0.00010508251034480054,1081372,0.013702599972020835,0
diabetes,11,uniform,1320,4.3245512131306896e-05,1189464,0.014606599987018853,0
diabetes,11,uniform,1440,1.492123544721835e-05,1297556,0.015517699997872114,0
diabetes,11,uniform,1560,8.436470238848415e-06,1405648,0.016427499998826534,0
diabetes,11,uniform,1680,2.695299315291777e-06,1513740,0.017335199983790517,0
diabetes,11,uniform,1800,1.3997650256669658e-06,1621832,0.018359199981205165,0
diabetes,11,uniform,1920,8.708102541277185e-07,1729924,0.019326600013300776,0
diabetes,11,uniform,2040,2.4866014314284257e-07,1838016,0.020226299995556474,0
diabetes,11,uniform,2160,8.736311940538144e-08,1946108,0.021125399973243475,0
diabetes,11,uniform,2280,2.3946086002979428e-08,2054200,0.02212639997014776,0
diabetes,11,uniform,2400,1.0029452823800966e-08,2162292,0.02306089998455718,0
diabetes,11,lipschitz,0,111.9433754500213,452,2.800021320581436e-06,0
diabetes,11,lipschitz,120,0.36052227076665133,108544,0.0009077000431716442,0
diabetes,11,lipschitz,240,0.09039467824649705,216636,0.0017923000268638134,0
diabetes,11,lipschitz,360,0.04089049851820903,324728,0.003008800034876913,0
diabetes,11,lipschitz,480,0.013592003642699524,432820,0.0039181000320240855,0
diabetes,11,lipschitz,600,0.004667736583016335,540912,0.004856200015638024,0
diabetes,11,lipschitz,720,0.0021109419517557626,649004,0.005752600030973554,0
diabetes,11,lipschitz,840,0.0009705824921724115,757096,0.006798500020522624,0
diabetes,11,lipschitz,960,0.00047424748427715713,865188,0.00769990001572296,0
diabetes,11,lipschitz,1080,0.00021375405559354022,973280,0.008658300037495792,0
diabetes,11,lipschitz,1200,0.00010508251034480054,1081372,0.00955190003151074,0
diabetes,11,lipschitz,1320,4.3245512131306896e-05,1189464,0.010478900047019124,0
diabetes,11,lipschitz,1440,1.492123544721835e-05,1297556,0.011540700041223317,0
diabetes,11,lipschitz,1560,8.436470238848415e-06,1405648,0.012514900008682162,0
diabetes,11,lipschitz,1680,2.695299315291777e-06,1513740,0.013423600001260638,0
diabetes,11,lipschitz,1800,1.3997650256669658e-06,1621832,0.014328500023111701,0
diabetes,11,lipschitz,1920,8.708102541277185e-07,1729924,0.015363600046839565,0
diabetes,11,lipschitz,2040,2.4866014314284257e-07,1838016,0.01626800000667572,0
diabetes,11,lipschitz,2160,8.736311940538144e-08,1946108,0.017224900017026812,0
diabetes,11,lipschitz,2280,2.3946086002979428e-08,2054200,0.018119200016371906,0
diabetes,11,lipschitz,2400,1.0029452823800966e-08,2162292,0.01913339999737218,0
diabetes,11,scheduled_gain,0,111.9433754500213,452,2.8999638743698597e-06,0
diabetes,11,scheduled_gain,120,0.34543767026204364,117404,0.0009720000089146197,2
diabetes,11,scheduled_gain,240,0.012271447259522006,234356,0.0019537999760359526,4
diabetes,11,scheduled_gain,360,0.00586157670623777,351308,0.0028803999884985387,6
diabetes,11,scheduled_gain,480,0.004342699011232298,468260,0.003792500006966293,8
diabetes,11,scheduled_gain,600,0.0035179430444429727,585212,0.004816400003619492,10
diabetes,11,scheduled_gain,720,0.002635288602647279,702164,0.005769499985035509,12
diabetes,11,scheduled_gain,840,0.0018542596415613843,819116,0.006737399962730706,14
diabetes,11,scheduled_gain,960,0.0015209088095247125,936068,0.007638299954123795,16
diabetes,11,scheduled_gain,1080,0.0012382860494142278,1053020,0.00866279995534569,18
diabetes,11,scheduled_gain,1200,0.0010286113151778409,1169972,0.009617900010198355,20
diabetes,11,scheduled_gain,1320,0.0008699168497230403,1286924,0.010514099965803325,22
diabetes,11,scheduled_gain,1440,0.0007343800553343272,1403876,0.011410099978093058,24
diabetes,11,scheduled_gain,1560,0.0005969518244626215,1520828,0.01242019998608157,26
diabetes,11,scheduled_gain,1680,0.000384542732092541,1637780,0.013306999986525625,28
diabetes,11,scheduled_gain,1800,0.0002463372585594925,1754732,0.01424399996176362,30
diabetes,11,scheduled_gain,1920,0.00014246001141771103,1871684,0.015139899973291904,32
diabetes,11,scheduled_gain,2040,0.00011101782051525788,1988636,0.016037699999287724,34
diabetes,11,scheduled_gain,2160,9.266624660142497e-05,2105588,0.01711099996464327,36
diabetes,11,scheduled_gain,2280,7.551039757913713e-05,2222540,0.01804599998285994,38
diabetes,11,scheduled_gain,2400,6.420494338499338e-05,2339492,0.018943300005048513,40
diabetes,11,triggered_gain,0,111.9433754500213,452,3.0999653972685337e-06,0
diabetes,11,triggered_gain,120,3.596839992931095,112974,0.000907899986486882,1
diabetes,11,triggered_gain,240,3.5876390400716645,221066,0.001967199961654842,1
diabetes,11,triggered_gain,360,0.3110072635598584,333588,0.0028808999923057854,2
diabetes,11,triggered_gain,480,0.18263114647477607,441680,0.0038379000034183264,2
diabetes,11,triggered_gain,600,0.04817821846154402,554202,0.004742899967823178,3
diabetes,11,triggered_gain,720,0.029193987647971653,662294,0.005773299955762923,3
diabetes,11,triggered_gain,840,0.010623774543972786,774816,0.006682500010356307,4
diabetes,11,triggered_gain,960,0.010364241177740041,882908,0.007627599989064038,4
diabetes,11,triggered_gain,1080,0.0068462172984311565,995430,0.008541099959984422,5
diabetes,11,triggered_gain,1200,0.00574450320218034,1103522,0.009460499975830317,5
diabetes,11,triggered_gain,1320,0.004872068842971089,1216044,0.010509399988222867,6
diabetes,11,triggered_gain,1440,0.004642451515408652,1324136,0.011456699983682483,6
diabetes,11,triggered_gain,1560,0.003213096440461527,1436658,0.012359799991827458,7
diabetes,11,triggered_gain,1680,0.002784667546535502,1544750,0.013253999990411103,7
diabetes,11,triggered_gain,1800,0.0015160286626638708,1657272,0.014301699993666261,8
diabetes,11,triggered_gain,1920,0.0014112806384645182,1765364,0.015231099969241768,8
diabetes,11,triggered_gain,2040,0.001096907416211934,1877886,0.01617759995860979,9
diabetes,11,triggered_gain,2160,0.0008574539825474403,1985978,0.017076599993743002,9
diabetes,11,triggered_gain,2280,0.0007461226948919375,2094070,0.01807719998760149,9
diabetes,11,triggered_gain,2400,0.000658537094736289,2206592,0.01897480001207441,10
